Num_Acc,an,mois,jour,hrmn,lum,agg,int,atm,col,com,adr,gps,lat,long,dep
201300000601,13,7,9,1530,1,2,3,1,6,222,"142, R DE VERDUN",M,4948216,0087430,760
201300000602,13,7,12,1430,1,1,2,1,3,020,,M,4944956,0088669,760
201300000603,13,12,17,1300,1,1,6,1,3,608,D64,M,4951470,0081708,760
201300000604,13,12,7,2000,5,1,1,1,2,020,"280, RTE DE BOURG ACHARD",M,4945428,0088745,760
201300000605,13,1,12,145,3,2,3,1,6,726,RTE D YPORT,M,4972830,0028037,760
201300000606,13,2,15,1615,1,1,2,7,3,302,,M,4963442,0033787,760
201300000607,13,4,1,1445,1,1,1,1,1,014,,M,4958491,0028394,760
201300000608,13,4,2,1545,1,1,1,1,1,143,,M,4966091,0035912,760
201300000609,13,4,7,200,3,1,1,1,6,224,,M,4964650,0030658,760
201300000610,13,4,18,1330,1,2,2,1,3,254,Intersection CD39-CD940,M,4970701,0020559,760
201300000611,13,6,8,1630,1,1,1,1,3,196,,M,4963094,0026078,760
201300000612,13,6,29,1930,1,2,1,1,6,254,R NOTRE DAME,M,4970784,0020884,760
201300000613,13,8,21,1515,1,1,1,1,3,716,,M,4961521,0023573,760
201300000614,13,10,8,715,5,2,3,1,6,196,RTE DE VERGETOT,M,4964160,0026744,760
201300000615,13,10,27,2015,5,2,2,2,6,254,R ADOLPHE BOISSAYE,M,4970860,0020319,760
201300000616,13,10,28,1830,3,1,1,2,6,196,,M,4962918,0026104,760
201300000617,13,2,8,715,2,1,1,8,3,715,,M,4959839,0059476,760
201300000618,13,4,14,2030,1,1,1,1,3,090,,M,4958546,0043952,760
201300000619,13,5,24,1845,1,1,2,3,3,182,,M,4968123,0065530,760
201300000620,13,9,23,2100,3,1,1,1,1,468,,M,4959497,0048424,760
201300000621,13,10,14,715,5,1,1,2,6,715,,M,4958201,0059817,760
201300000622,13,10,15,815,2,1,1,8,1,090,,M,4959846,0041873,760
201300000623,13,12,18,545,3,1,1,1,7,751,,M,4962755,0052575,760
201300000624,13,12,31,415,5,2,1,2,6,627,ROUTE DE LILLEBONNE,M,4953026,0048948,760
201300000625,13,1,5,1415,1,1,2,2,3,303,R DE LA BRULERIE,M,4955360,0035025,760
201300000626,13,1,10,1330,1,1,3,2,5,647,,M,4954264,0038573,760
201300000627,13,2,12,1030,2,1,1,3,6,533,RTE INDUSTRIELLE,M,4947915,0025980,760
201300000628,13,6,20,2345,3,1,1,2,5,647,,M,4952802,0033755,760
201300000629,13,7,8,1445,1,1,1,1,3,303,,M,4954373,0035387,760
201300000630,13,7,29,1315,1,2,1,1,6,647,"13, R DUBOIS",M,4953158,0035305,760
201300000631,13,9,8,1115,1,1,1,1,3,303,,M,4956093,0037468,760
201300000632,13,10,7,1700,1,2,6,1,3,303,D31/D80,M,4955452,0036336,760
201300000633,13,10,21,1715,1,1,2,1,3,684,,M,4947530,0045861,760
201300000634,13,11,3,500,3,1,1,2,6,657,,M,4948721,0031413,760
201300000635,13,12,13,415,3,1,2,2,6,563,,M,4952592,0033004,760
201300000636,13,7,9,1900,1,1,3,1,3,487,,M,4978283,0128404,760
201300000637,13,8,14,1630,1,1,1,1,1,262,,M,4978644,0150403,760
201300000638,13,10,24,1900,3,1,1,8,7,649,,M,4968095,0150275,760
201300000639,13,10,26,500,3,1,1,1,7,677,,M,4983659,0148866,760
201300000640,13,11,23,1545,1,2,1,1,6,462,ZONE INDUSTRIELLE,M,4972903,0143537,760
201300000641,13,11,30,700,3,1,1,9,1,427,,M,4975163,0140545,760
201300000642,13,12,20,1700,2,2,2,1,1,147,1170 ROUTE DE PARIS,M,4971267,0135133,760
201300000643,13,1,16,745,2,2,1,9,6,460,CD116,M,4990170,0166349,760
201300000644,13,4,3,1900,2,1,1,1,1,500,Hameau La Folie,M,4987516,0164312,760
201300000645,13,6,12,800,1,1,1,1,7,527,,M,4979760,0167397,760
201300000646,13,11,30,1715,2,2,1,1,6,278,R CHARLES DESJONQUIERES,M,4984997,0157007,760
201300000647,13,12,7,1645,2,1,2,2,5,372,,M,4974997,0161644,760
201300000648,13,5,30,1615,1,1,2,1,3,532,,M,4961613,0131610,760
201300000649,13,6,17,900,1,2,3,2,6,276,,M,4961090,0154667,760
201300000650,13,6,30,1800,1,1,4,1,1,532,,M,4961295,0132596,760
201300000651,13,8,5,1915,1,1,1,1,1,420,,M,4959320,0145016,760
201300000652,13,8,8,1400,1,2,3,1,3,276,"15 bis, R DE LA LIBERATI",M,4961239,0154790,760
201300000653,13,9,3,1315,1,1,1,1,1,578,,M,4965128,0142001,760
201300000654,13,11,8,1100,1,1,1,2,6,691,,M,4963499,0159125,760
201300000655,13,10,13,1900,3,1,1,3,1,345,,M,4958685,0168442,760
201300000656,13,12,16,645,2,1,1,1,6,648,,M,4965884,0124040,760
201300000657,13,12,12,1430,1,1,1,8,3,432,,M,4965646,0151941,760
201300000658,13,6,15,1915,1,1,1,1,1,067,,M,4946601,0162911,760
201300000659,13,10,11,1315,1,2,1,1,6,312,BD MONTMORENCY,M,4948058,0172358,760
201300000660,13,12,6,1745,3,1,4,1,6,229,,M,4949317,0167262,760
201300000661,13,12,6,2015,3,1,1,8,6,208,,M,4951014,0170788,760
201300000662,13,2,10,1500,1,1,1,4,1,718,,M,4961584,0070060,760
201300000663,13,3,8,2045,3,1,2,8,3,223,,M,4962081,0082471,760
201300000664,13,5,27,1430,1,1,3,1,3,718,,M,4962703,0073191,760
201300000665,13,9,29,1745,1,2,2,1,1,758,"45, R DES CHAMPS",M,4962439,0074998,760
201300000666,13,2,17,1500,1,1,1,1,3,057,,M,4955790,0094879,760
201300000667,13,3,19,1445,1,2,1,1,3,289,CD 20 PK 15+800,M,4957125,0083469,760
201300000668,13,3,23,2000,3,1,1,1,6,135,CD 22,M,4956391,0090674,760
201300000669,13,4,12,900,1,2,1,1,6,057,"60, AV ARISTIDE BRIAND",M,4954004,0095680,760
201300000670,13,5,22,1045,1,2,1,1,6,135,,M,4957271,0090497,760
201300000671,13,7,16,1345,1,2,3,1,3,057,AV VICTOR HUGO,M,4954695,0095248,760
201300000672,13,7,19,745,1,2,3,7,6,057,R DU GENERAL GIRAUD,M,4954554,0095316,760
201300000673,13,7,24,1630,1,2,1,1,6,495,RUE DE L HOSPICE,M,4956356,0095619,760
201300000674,13,8,3,1845,1,1,3,1,3,099,,M,4955183,0084948,760
201300000675,13,9,26,1000,1,2,3,2,1,057,R SAINT HELLIER,M,4954498,0095755,760
201300000676,13,9,26,1330,1,2,1,1,1,385,RTE DE YERVILLE,M,4961747,0092372,760
201300000677,13,11,21,1245,1,2,1,1,6,433,RD 6015,M,4959171,0087368,760
201300000678,13,1,13,1800,3,1,4,2,6,159,,M,4976637,0065415,760
201300000679,13,1,23,1430,1,1,1,1,3,664,,M,4978975,0067717,760
201300000680,13,6,1,200,5,2,1,1,6,655,,M,4986339,0072612,760
201300000681,13,8,31,15,3,1,2,1,1,365,,M,4981061,0078841,760
201300000682,13,1,1,1015,1,1,2,1,3,013,,M,4977716,0048766,760
201300000683,13,1,12,1230,1,1,2,1,3,755,,M,4967696,0051457,760
201300000684,13,4,5,1630,1,1,1,2,1,240,,M,4971738,0036646,760
201300000685,13,5,20,1900,2,1,1,2,6,068,,M,4971531,0042177,760
201300000686,13,6,2,1300,1,1,1,1,1,529,,M,4972065,0054248,760
201300000687,13,6,16,1530,1,2,1,1,6,680,RTE DU CHATEAU,M,4970411,0055243,760
201300000688,13,8,10,1015,1,1,2,1,3,291,,M,4971800,0034383,760
201300000689,13,10,1,1430,1,1,1,1,1,187,,M,4972054,0044544,760
201300000690,13,3,5,1915,2,1,3,1,5,456,,M,4964925,0085088,760
201300000691,13,8,2,1545,1,1,2,1,3,010,,M,4965444,0095894,760
201300000692,13,12,8,2000,3,1,2,1,6,385,,M,4962899,0090374,760
201300000693,13,4,25,1500,1,1,1,1,7,287,,M,4858400,0100099,270
201300000694,13,7,7,1845,1,1,1,1,7,238,,M,0000000,0000000,270
201300000695,13,7,8,915,1,2,2,1,3,099,1 route de louviers,M,0000000,0000000,270
201300000696,13,7,27,1845,1,1,1,1,7,165,,M,4857200,0056500,270
201300000697,13,9,3,1030,1,1,1,1,3,165,,M,0000000,0000000,270
201300000698,13,9,26,1915,2,1,1,1,3,504,,M,0000000,0000000,270
201300000699,13,10,8,2100,3,1,1,1,3,165,,M,0000000,0000000,270
201300000700,13,9,21,1000,1,2,1,1,1,165,,M,0000000,0000000,270
201300000701,13,2,12,815,1,2,1,2,6,507,rue de melleville,M,0000000,0000000,270
201300000702,13,4,26,1500,1,2,1,8,6,278,rue de l'ob?lisque D163,M,4891700,0140700,270
201300000703,13,5,4,1445,1,1,1,1,2,183,,M,4852400,0124300,270
201300000704,13,5,14,1715,1,2,2,1,3,507,rue de Quessigny,M,4891500,0127800,270
201300000705,13,7,14,315,3,1,1,1,6,183,,M,4888800,0140800,270
201300000706,13,8,6,1930,1,1,1,1,6,421,,M,0000000,0000000,270
201300000707,13,9,17,1815,1,1,2,2,3,027,,M,4891500,0124200,270
201300000708,13,9,25,1230,1,1,1,1,3,478,,M,4898800,0126300,270
201300000709,13,10,1,2200,3,2,1,2,6,144,Hameau d'Osmoy,M,4886700,0127300,270
201300000710,13,12,18,2030,3,1,1,1,1,183,,M,0000000,0000000,270
201300000711,13,1,14,2300,3,1,1,2,7,503,,M,4853200,0104200,270
201300000712,13,3,11,1700,1,1,1,4,5,293,,M,4851100,0102000,270
201300000713,13,7,23,1145,1,1,2,1,3,181,,M,4881000,0127100,270
201300000714,13,7,28,2000,1,1,1,2,3,438,,M,4877100,0122100,270
201300000715,13,10,4,1815,1,1,1,1,3,181,,M,4881700,0128000,270
201300000716,13,11,26,715,5,2,1,1,6,423,Rte de NONANCOURT - CD50,M,0000000,0000000,270
201300000717,13,11,29,700,5,2,3,1,3,198,route de verneuil,M,0000000,0000000,270
201300000718,13,6,8,2245,5,2,1,1,1,119,50 GRANDE RUE,M,4855500,0126200,270
201300000719,13,10,23,1900,5,2,1,1,3,448,rue isambard,M,0000000,0000000,270
201300000720,13,1,12,2115,3,1,1,1,7,508,,M,4850000,0040000,270
201300000721,13,2,3,15,3,1,1,1,2,108,,M,4844500,0047200,270
201300000722,13,4,5,1345,1,1,1,4,1,578,,M,4847200,0055200,270
201300000723,13,6,4,2200,2,2,1,1,7,643,c?te de verneuil,M,4845200,0103200,270
201300000724,13,6,10,1045,1,1,2,1,3,685,,M,4854500,0043500,270
201300000725,13,6,25,745,1,2,3,1,3,265,rue des trois ponts,M,4847400,0050400,270
201300000726,13,7,14,2300,2,1,1,1,7,643,,M,4879000,0101800,270
201300000727,13,7,13,615,2,1,1,1,6,679,,M,4872200,0092300,270
201300000728,13,9,10,1145,1,1,1,1,3,383,,M,4874900,0083300,270
201300000729,13,10,15,1515,1,1,1,1,6,481,,M,0000000,0000000,270
201300000730,13,12,28,1115,1,1,1,1,1,685,,M,4892400,0075000,270
201300000731,13,3,20,530,3,1,1,2,1,016,,M,4915100,0128200,270
201300000732,13,6,20,1445,1,1,1,1,7,016,,M,4919300,0131100,270
201300000733,13,9,3,1600,1,1,1,1,2,315,,M,0000000,0000000,270
201300000734,13,1,12,1315,1,1,1,2,6,122,,M,4912200,0135300,270
201300000735,13,2,23,2045,3,1,1,1,3,213,,M,4907500,0135500,270
201300000736,13,5,1,245,3,1,1,1,6,072,,M,4905400,0132500,270
201300000737,13,7,12,845,1,1,1,1,1,197,,M,4916900,0165300,270
201300000738,13,8,16,230,5,2,1,1,6,477,rue Harel,M,0000000,0000000,270
201300000739,13,8,16,2045,1,1,2,7,3,449,,M,4926600,0188000,270
201300000740,13,9,30,545,3,1,1,1,1,644,,M,0000000,0000000,270
201300000741,13,10,21,1730,1,1,1,1,3,128,,M,0000000,0000000,270
201300000742,13,12,7,1300,1,1,1,8,6,285,,M,0000000,0000000,270
201300000743,13,3,3,1900,3,1,2,1,3,214,,M,4918300,0123400,270
201300000744,13,6,16,1645,1,1,1,1,7,294,,M,0000000,0000000,270
201300000745,13,8,2,1100,1,1,1,1,6,454,,M,4925400,0122000,270
201300000746,13,9,1,715,1,2,1,1,1,151,grande rue,M,0000000,0000000,270
201300000747,13,9,18,730,1,1,1,2,3,366,,M,0000000,0000000,270
201300000748,13,10,6,1645,1,1,1,1,6,377,,M,0000000,0000000,270
201300000749,13,12,16,1745,3,1,1,1,6,487,,M,0000000,0000000,270
201300000750,13,5,5,245,3,1,1,1,6,533,,M,0000000,0000000,270
201300000751,13,7,13,1930,1,1,1,1,3,059,,M,0000000,0000000,270
201300000752,13,8,2,1800,1,1,1,1,6,392,,M,0000000,0000000,270
201300000753,13,9,4,1745,1,1,1,1,1,226,,M,0000000,0000000,270
201300000754,13,9,15,1545,1,1,1,1,6,437,,M,0000000,0000000,270
201300000755,13,10,8,2030,3,1,1,8,6,632,,M,0000000,0000000,270
201300000756,13,10,18,1315,1,1,2,1,3,372,,M,0000000,0000000,270
201300000757,13,12,10,1330,1,1,1,1,1,226,,M,0000000,0000000,270
201300000758,13,5,13,615,1,1,1,1,7,179,,M,4907100,0032500,270
201300000759,13,6,26,2145,1,1,1,1,6,149,,M,4912400,0044400,270
201300000760,13,3,24,600,3,1,1,1,6,296,,M,4902400,0039100,270
201300000761,13,5,8,1030,1,1,1,1,1,074,,M,4909100,0037500,270
201300000762,13,5,17,2030,1,1,2,2,1,433,,M,4911500,0036500,270
201300000763,13,5,20,2030,1,1,1,2,6,628,,M,4858100,0044200,270
201300000764,13,7,12,1615,1,1,1,1,7,095,,M,0000000,0000000,270
201300000765,13,7,25,1830,1,1,1,1,3,131,,M,4907500,0040100,270
201300000766,13,7,26,830,1,1,1,2,3,515,,M,4902500,0041000,270
201300000767,13,11,16,1015,4,1,1,5,6,444,,M,0000000,0000000,270
201300000768,13,4,7,1630,1,2,1,1,1,015,ROUTE DE MUIDS,M,4913500,0114400,270
201300000769,13,5,11,1000,1,1,1,1,6,003,,M,4909500,0109100,270
201300000770,13,6,8,1630,1,2,1,1,7,598,rue du foss? cav?,M,4914000,0113100,270
201300000771,13,7,5,1445,1,1,1,1,1,014,,M,0000000,0000000,270
201300000772,13,3,14,1815,2,1,1,1,6,517,,M,4907200,0118400,270
201300000773,13,6,18,2045,1,1,1,1,1,676,,M,4911500,0118000,270
201300000774,13,6,30,1200,1,1,1,1,1,517,,M,4908000,0118400,270
201300000775,13,10,9,1515,1,2,1,8,2,275,Avenue Mar?chal Leclerc,M,0000000,0000000,270
201300000776,13,12,6,1830,5,2,6,1,3,275,Avenue de l'europe,M,0000000,0000000,270
201300000777,13,12,7,1900,5,2,1,1,2,687,Route nationale 15,M,0000000,0000000,270
201300000778,13,3,3,1215,1,1,1,1,6,188,,M,4918000,0104499,270
201300000779,13,7,1,900,1,1,1,1,2,458,,M,0000000,0000000,270
201300000780,13,8,27,830,1,1,1,1,1,458,,M,4919300,0113000,270
201300000781,13,11,22,815,2,1,1,1,6,348,,M,0000000,0000000,270
201300000782,13,5,13,2100,2,1,1,1,7,654,,M,4913000,0053500,270
201300000783,13,5,17,1600,1,2,2,1,3,428,rue de la paix,M,4909000,0054100,270
201300000784,13,7,14,1845,1,1,1,1,6,185,,M,0000000,0000000,270
201300000785,13,6,28,1415,1,1,1,8,6,101,,M,4923200,0027300,270
201300000786,13,7,8,1815,1,1,1,1,2,518,,M,0000000,0000000,270
201300000787,13,7,14,1545,1,1,1,1,7,174,,M,0000000,0000000,270
201300000788,13,7,18,1530,1,2,1,1,1,467,Rue Saint Ulfrant,M,0000000,0000000,270
201300000789,13,7,27,1400,1,1,1,3,1,646,,M,4921100,0022200,270
201300000790,13,8,6,1630,1,1,2,1,3,597,,M,0000000,0000000,270
201300000791,13,9,17,1730,1,1,1,3,1,597,,M,0000000,0000000,270
201300000792,13,10,6,1245,1,2,1,1,6,107,place de la mairie,M,0000000,0000000,270
201300000793,13,10,11,815,1,1,1,2,3,174,,M,0000000,0000000,270
201300000794,13,11,23,1715,2,1,1,2,1,563,,M,0000000,0000000,270
201300000795,13,11,29,1145,1,2,1,1,6,107,Route de Trouville,M,0000000,0000000,270
201300000796,13,12,5,1900,5,2,1,2,3,467,90 route de Rouen,M,0000000,0000000,270
201300000797,13,1,2,1745,3,1,1,2,1,102,,M,4935700,0078900,270
201300000798,13,1,8,1730,2,1,1,8,1,105,,M,4928000,0088200,270
201300000799,13,4,14,1000,1,1,1,1,7,637,,M,4918500,0050400,270
201300000800,13,4,17,700,1,1,1,1,3,105,,M,4918400,0053300,270
201300000801,13,5,15,730,1,1,3,1,3,580,,M,4920500,0055400,270
201300000802,13,6,1,2345,5,1,1,2,7,102,,M,4921400,0046300,270
201300000803,13,6,3,1730,1,2,1,1,1,103,ROUTE DE ROUEN,M,4921200,0049100,270
201300000804,13,6,13,715,1,2,1,1,3,105,PLACE JACQUES RAFFIN,M,4917500,0055200,270
201300000805,13,6,29,1830,1,1,1,1,3,090,,M,4917400,0056100,270
201300000806,13,8,8,1715,1,1,9,1,1,105,,M,0000000,0000000,270
201300000807,13,8,9,1230,1,1,1,1,3,103,,M,4920400,0049200,270
201300000808,13,10,22,1000,1,1,1,1,1,103,,M,0000000,0000000,270
201300000809,13,10,30,1845,3,1,3,1,3,316,,M,0000000,0000000,270
201300000810,13,12,13,1445,1,1,2,8,3,062,,M,0000000,0000000,270
201300000811,13,3,17,1645,1,1,1,2,6,018,,M,4931500,0066100,270
201300000812,13,5,18,2015,1,1,2,2,3,269,,M,4920900,0049000,270
201300000813,13,7,24,1900,2,1,1,3,2,587,,M,0000000,0000000,270
201300000814,13,10,15,1345,1,2,1,1,1,170,rue torse rue,M,0000000,0000000,270
201300000815,13,8,9,400,3,2,6,1,6,047,D44 rond point,M,0000000,0000000,350
201300000816,13,9,25,1715,1,1,1,1,1,363,Chemin de la vigne,M,4801133,-171441,350
201300000817,13,10,9,1945,3,1,6,1,3,047,,M,4806204,-175527,350
201300000818,13,4,12,1330,1,2,1,1,6,326,Avenue Philippe de Volvi,M,4833251,-153555,350
201300000819,13,9,9,1500,3,1,1,1,6,195,,M,0000000,0000000,350
201300000820,13,11,1,1845,3,1,1,5,2,146,,M,4824646,-182123,350
201300000821,13,11,2,2015,3,1,1,8,6,355,,M,4834030,-147898,350
201300000822,13,12,20,1815,3,1,2,1,1,094,,M,4835400,-177800,350
201300000823,13,10,31,930,1,1,3,1,3,001,,M,0000000,0000000,350
201300000824,13,12,11,830,2,1,1,9,6,152,,M,4823988,-154692,350
201300000825,13,1,9,1530,1,1,1,2,3,234,,M,4822652,-217695,350
201300000826,13,9,28,600,3,1,1,1,7,184,,M,4818917,-203520,350
201300000827,13,12,23,1740,3,1,1,3,1,117,,M,4816006,-221174,350
201300000828,13,8,22,1610,1,1,1,1,3,223,,M,4800409,-208580,350
201300000829,13,9,21,1,5,2,1,1,6,223,LE GUE,M,4800600,-211000,350
201300000830,13,10,15,700,4,2,1,2,6,188,16 rue Saint Nicolas,M,4813783,-195399,350
201300000831,13,10,29,1630,1,2,9,7,6,188,Rue de Saint Nicolas,M,4814300,-195600,350
201300000832,13,3,19,1215,1,2,6,1,6,196,BARREAU EST,M,4807847,-183430,350
201300000833,13,4,13,1200,1,2,9,1,6,196,,M,4807116,-184938,350
201300000834,13,7,22,700,1,1,4,1,7,240,,M,4809853,-175770,350
201300000835,13,10,26,2330,3,1,1,3,2,240,,M,4809748,-175862,350
201300000836,13,11,13,1115,1,1,1,7,1,076,,M,4806375,-179052,350
201300000837,13,12,3,1945,3,1,1,1,1,240,,M,0000000,0000000,350
201300000838,13,1,12,1630,1,1,2,1,3,100,,M,4827713,-115117,350
201300000839,13,4,20,1430,1,1,3,1,6,137,Les Fontaines,M,4831125,-117900,350
201300000840,13,6,14,1845,1,1,1,1,1,243,,M,4835821,-124692,350
201300000841,13,6,25,1200,1,1,1,1,1,137,,M,4830619,-116874,350
201300000842,13,9,9,1415,1,1,1,1,6,163,,M,4828997,-115625,350
201300000843,13,1,29,1830,3,1,1,2,5,178,,M,4830884,-146887,350
201300000844,13,3,6,1430,1,1,1,2,3,267,,M,4837150,-132879,350
201300000845,13,4,14,1415,1,1,1,1,3,257,,M,4841597,-136058,350
201300000846,13,5,30,1145,1,1,1,3,7,178,,M,4827930,-142748,350
201300000847,13,6,26,1530,1,1,1,1,1,304,,M,4831289,-142958,350
201300000848,13,7,25,1300,1,2,1,1,3,257,rue Joseph Tronchot,M,4841086,-136642,350
201300000849,13,8,23,1730,1,1,2,1,3,293,,M,4830203,-135744,350
201300000850,13,8,30,1315,1,1,1,1,1,304,,M,4832035,-142812,350
201300000851,13,9,20,2045,3,1,2,1,3,253,,M,4825622,-141190,350
201300000852,13,9,27,45,5,1,1,1,7,253,,M,0000000,0000000,350
201300000853,13,10,23,1500,1,2,1,1,3,019,le lion d'or,M,0000000,0000000,350
201300000854,13,10,25,2000,3,1,1,1,6,282,,M,0000000,0000000,350
201300000855,13,10,27,915,2,1,1,1,6,242,,M,0000000,0000000,350
201300000856,13,12,2,945,1,1,1,1,7,191,,M,4845500,-129526,350
201300000857,13,12,23,1815,3,1,1,3,6,011,,M,4838337,-137412,350
201300000858,13,5,26,1900,1,2,1,1,6,064,Grande rue,M,4769800,-189376,350
201300000859,13,7,1,1045,1,1,2,1,3,237,,M,4771863,-197317,350
201300000860,13,7,6,1200,1,2,2,1,6,236,rue des douves,M,4765079,-208602,350
201300000861,13,8,30,2015,1,2,1,1,1,236,rue de cour?e,M,4767111,-208768,350
201300000862,13,10,14,1830,1,1,1,1,1,237,,M,4771531,-198002,350
201300000863,13,11,8,1730,1,1,2,3,5,013,,M,4770661,-205413,350
201300000864,13,3,18,1845,2,1,1,1,6,343,,M,0000000,0000000,350
201300000865,13,5,12,1800,1,1,1,1,5,322,,M,4790711,-159859,350
201300000866,13,5,13,1745,1,1,1,1,2,343,,M,4789249,-154332,350
201300000867,13,5,15,1730,1,1,1,1,6,249,,M,4774116,-181135,350
201300000868,13,6,16,2300,3,1,1,2,6,012,,M,4781961,-172390,350
201300000869,13,7,21,1200,1,2,1,7,1,012,rue sabin,M,0000000,0000000,350
201300000870,13,9,12,1745,1,1,4,1,2,321,,M,4791890,-157068,350
201300000871,13,11,6,2100,3,2,1,2,6,221,rue du sapin,M,4788782,-174654,350
201300000872,13,4,13,30,4,1,6,1,6,126,,M,4797401,-181377,350
201300000873,13,4,25,745,1,1,1,1,2,312,,M,4791044,-179525,350
201300000874,13,5,9,1515,1,1,1,1,1,312,,M,4791660,-180454,350
201300000875,13,6,25,715,1,1,2,1,1,123,,M,4803268,-181108,350
201300000876,13,9,3,1345,1,1,1,1,1,127,,M,4789070,-186935,350
201300000877,13,11,22,1445,1,2,9,1,3,126,D 131 - PONT REAN,M,0000000,0000000,350
201300000878,13,3,5,2115,5,1,1,1,6,160,,M,4793844,-208189,350
201300000879,13,6,2,1900,1,1,1,7,1,045,,M,4779562,-200788,350
201300000880,13,7,1,1630,1,1,1,1,6,155,,M,0000000,0000000,350
201300000881,13,6,25,430,3,1,1,1,3,328,,M,4777821,-206557,350
201300000882,13,7,16,1800,1,1,1,1,4,219,,M,,,350
201300000883,13,10,6,700,3,1,1,1,6,129,,M,4783629,-188310,350
201300000884,13,11,6,1815,2,1,2,2,3,160,,M,4794665,-206737,350
201300000885,13,11,8,700,3,1,1,3,6,168,,M,4792370,-207623,350
201300000886,13,12,12,1900,2,2,1,1,6,129,Avenue du port,M,0000000,0000000,350
201300000887,13,1,26,815,1,2,6,1,2,049,LES PETITES CROIX,M,4867837,-186029,350
201300000888,13,8,9,1800,1,1,4,1,1,122,Lieu dit Les Prous,M,4859056,-190430,350
201300000889,13,10,17,1415,1,2,1,1,3,255,28 rue du bord de mer,M,4861994,-185137,350
201300000890,13,1,12,1745,3,1,1,1,6,308,,M,0000000,0000000,350
201300000891,13,1,17,1815,5,2,1,1,3,085,Rue de la Lib?ration,M,4841600,-174500,350
201300000892,13,5,17,1845,1,1,1,1,1,225,,M,4843519,-194063,350
201300000893,13,2,12,930,1,1,1,1,7,247,,M,4859542,-160292,350
201300000894,13,4,6,1845,1,1,3,1,3,095,,M,4853695,-176586,350
201300000895,13,6,6,1045,1,1,2,1,3,246,,M,4853429,-180778,350
201300000896,13,6,23,1130,1,1,1,2,6,186,,M,4858713,-177873,350
201300000897,13,8,2,1900,1,1,1,7,3,247,,M,4859340,-159617,350
201300000898,13,10,17,900,1,2,1,1,1,186,Crois? Juin,M,4857140,-176069,350
201300000899,13,11,14,2000,3,1,1,2,6,029,,M,0000000,0000000,350
201300000900,13,12,3,1900,3,1,1,1,3,009,,M,0000000,0000000,350
201300000901,13,12,15,1315,1,1,1,1,1,246,,M,0000000,0000000,350
201300000902,13,3,27,1500,1,1,1,1,1,228,,M,4861296,-206530,350
201300000903,13,9,25,1815,1,1,1,1,3,228,,M,0000000,0000000,350
201300000904,13,3,9,1630,1,1,1,1,5,105,,M,4811052,-111572,350
201300000905,13,5,24,1115,1,2,1,2,6,192,,M,4824705,-122398,350
201300000906,13,6,5,1500,1,2,1,1,3,109,RD 777,M,4808911,-123405,350
201300000907,13,8,2,2045,1,2,1,1,6,360,rue de Redon,M,0000000,0000000,350
201300000908,13,8,5,2000,1,1,1,1,7,194,,M,4814776,-122007,350
201300000909,13,9,22,815,1,2,1,7,2,006,la croix perrault,M,4805611,-113177,350
201300000910,13,9,25,645,2,1,2,1,1,119,,M,4802290,-113775,350
201300000911,13,9,29,2000,3,1,2,1,2,141,,M,4816319,-127483,350
201300000912,13,10,5,1745,1,1,1,1,3,360,,M,4809739,-119010,350
201300000913,13,10,10,1200,1,1,2,1,4,072,,M,4821858,-116964,350
201300000914,13,11,15,1715,2,2,1,1,2,360,rue de la Guerche,M,4811300,-120800,350
201300000915,13,1,1,1730,2,2,1,2,3,069,CD 463 26 rue de Rennes,M,4805476,-151540,350
201300000916,13,3,22,1115,1,1,2,1,5,204,,M,4804374,-154411,350
201300000917,13,4,1,1315,1,1,2,7,3,069,,M,4801799,-150650,350
201300000918,13,4,28,1700,1,1,1,1,7,327,,M,4810231,-144439,350