Num_Acc,an,mois,jour,hrmn,lum,agg,int,atm,col,com,adr,gps,lat,long,dep
201300000919,13,8,27,1930,1,1,2,1,1,204,,M,4804369,-154409,350
201300000920,13,12,6,1715,1,2,1,1,1,283,rue de rennes,M,0000000,0000000,350
201300000921,13,12,15,1845,3,1,1,2,3,204,,M,0000000,0000000,350
201300000922,13,2,2,1700,1,2,1,7,6,239,rue Mal De Lattre,M,4791403,-137856,350
201300000923,13,4,30,1215,1,1,2,1,3,167,,M,4783175,-132844,350
201300000924,13,6,28,1415,1,1,1,1,6,167,,M,4781563,-129391,350
201300000925,13,8,18,2030,1,2,1,1,7,167,Avenue F?lix BROCHET,M,4783700,-132000,350
201300000926,13,11,23,1815,3,1,1,1,5,167,,M,4787598,-135133,350
201300000927,13,1,4,1200,1,1,1,1,1,220,,M,4801298,-143747,350
201300000928,13,2,1,1115,1,2,1,2,6,136,25 rue de Villoutreys,M,4796178,-150147,350
201300000929,13,3,7,1600,1,2,1,1,6,136,8 rue de villoutreys,M,4796026,-150079,350
201300000930,13,3,9,1745,1,1,1,1,7,002,,M,0000000,0000000,350
201300000931,13,4,14,2145,3,1,1,1,6,082,,M,4786683,-139504,350
201300000932,13,5,30,1900,1,1,2,1,3,220,Le Vaubrault,M,4803295,-142664,350
201300000933,13,6,15,1715,1,1,2,1,2,136,,M,4794832,-149762,350
201300000934,13,6,22,915,1,1,1,8,1,262,,M,4789012,-143787,350
201300000935,13,9,22,2000,1,1,1,1,7,002,La Touche Neron,M,4797988,-146456,350
201300000936,13,11,20,730,2,1,1,9,1,136,,M,4795300,-152000,350
201300000937,13,12,5,1715,2,2,1,1,7,136,15 rue de villoutrey,M,4796070,-150102,350
201300000938,13,12,8,1915,3,1,1,1,1,198,,M,4797500,-132300,350
201300000939,13,10,3,2115,3,1,1,1,1,182,,M,0000000,0000000,220
201300000940,13,7,25,1330,1,2,3,1,7,047,rue de la Gare,M,4831912,-305643,220
201300000941,13,8,29,1445,1,1,1,1,1,107,HAUT KERRAULT,M,4823686,-316251,220
201300000942,13,10,21,2100,5,2,1,8,6,074,,M,4832300,-306600,220
201300000943,13,5,5,1800,1,1,1,1,7,063,,M,0000000,0000000,220
201300000944,13,7,16,1500,1,1,2,1,5,377,,M,4866400,-287700,220
201300000945,13,8,24,1230,1,2,1,1,6,178,rue de la Goelette,M,0000000,0000000,220
201300000946,13,2,4,745,2,1,2,2,3,142,LA SUETTE,M,4844805,-255382,220
201300000947,13,2,8,730,2,1,1,2,1,142,KER AN ROCK,M,4843077,-250893,220
201300000948,13,3,9,1730,1,1,2,1,3,093,l'etang,M,4842812,-250824,220
201300000949,13,7,11,2300,3,2,1,1,7,140,Route de Lamballe,M,0000000,0000000,220
201300000950,13,8,10,1745,1,1,1,1,1,002,,M,4850150,-251908,220
201300000951,13,9,22,1800,1,1,1,1,1,326,RUE DE LA CROIX VERTE,M,4844035,-241986,220
201300000952,13,9,30,1315,1,2,9,1,7,093,Rue de la ville es lan,M,4846787,-254509,220
201300000953,13,11,9,1100,1,1,1,8,7,355,,M,4846142,-240166,220
201300000954,13,11,13,715,5,1,1,1,6,044,10 rue des Landes,M,4848016,-258259,220
201300000955,13,12,9,1130,1,1,1,1,1,093,,M,4847896,-249894,220
201300000956,13,12,31,1415,1,1,1,1,1,093,PAS DOS GEO,M,4845186,-254212,220
201300000957,13,4,9,900,1,1,1,1,1,079,LES QUATRE VENTS,M,0000000,0000000,220
201300000958,13,4,10,1900,1,1,1,2,1,203,LA BELLE ETOILE,M,4834887,-272875,220
201300000959,13,4,24,1600,1,2,9,1,6,203,Rue Butter,M,4834752,-275691,220
201300000960,13,5,10,1615,1,1,1,1,3,203,,M,4834959,-272552,220
201300000961,13,8,19,1845,1,1,1,1,3,184,,M,0000000,0000000,220
201300000962,13,10,1,1315,1,1,1,8,6,080,,M,4836778,-287736,220
201300000963,13,12,2,715,3,1,2,1,3,281,La Croix Cabaret,M,4841175,-274345,220
201300000964,13,3,25,1745,1,1,2,1,1,376,QUENEHA,M,4821206,-277692,220
201300000965,13,6,6,1745,1,2,6,1,3,136,Bd H. CASTEL/LE BRAS,M,4818568,-276134,220
201300000966,13,9,15,1715,1,1,2,1,3,384,LE PAS TRANCHANT,M,4827901,-283115,220
201300000967,13,10,12,1930,5,2,1,1,6,136,rue de la trinit?,M,4818300,-275500,220
201300000968,13,11,2,2230,3,1,1,9,6,136,,M,4817650,-270927,220
201300000969,13,11,7,1730,4,2,1,2,6,136,Boulevard de  Penthi�vre,M,4818347,-275678,220
201300000970,13,1,5,1745,3,1,1,1,6,086,,M,4874560,-303802,220
201300000971,13,2,21,745,2,2,1,1,6,162,rue de poulgo?c,M,0000000,0000000,220
201300000972,13,6,14,1545,1,1,1,1,6,016,,M,4884500,-300300,220
201300000973,13,6,20,2045,1,1,1,1,3,162,Chemin de GUILBEN,M,4878099,-301484,220
201300000974,13,6,29,1945,1,1,1,1,1,086,,M,4873259,-302773,220
201300000975,13,9,22,630,3,1,1,5,6,214,,M,0000000,0000000,220
201300000976,13,10,13,1415,1,1,1,1,7,162,,M,4876724,-306507,220
201300000977,13,11,22,1445,1,2,1,8,7,162,Quay morand,M,4878027,-304460,220
201300000978,13,1,26,1130,1,1,1,1,3,242,,M,0000000,0000000,220
201300000979,13,3,23,1445,1,1,6,1,3,186,Rd Pt de BIEN ASSIS,M,4858729,-250207,220
201300000980,13,4,18,2200,3,1,1,1,6,173,,M,4856000,-257800,220
201300000981,13,5,15,1145,1,2,1,1,6,389,rue de penthi�vre,M,4848234,-267447,220
201300000982,13,6,17,945,1,1,2,1,3,186,LE PEHOUET,M,4858457,-252508,220
201300000983,13,7,16,1815,1,2,1,1,5,273,CD786 RUE DE TOURNEMINE,M,0000000,0000000,220
201300000984,13,8,28,1730,1,1,1,1,6,389,,M,0000000,0000000,220
201300000985,13,8,29,2045,3,1,1,1,1,054,,M,0000000,0000000,220
201300000986,13,11,23,1345,1,2,4,1,3,173,rue des ponts neufs,M,4853137,-257695,220
201300000987,13,4,11,1330,1,1,1,1,3,277,,M,0000000,0000000,220
201300000988,13,4,12,1900,1,2,3,1,7,176,rue du 8 mai 1945,M,4844462,-274042,220
201300000989,13,6,10,1645,1,2,1,1,6,262,Rue des Crois Jarrots,M,4840806,-290718,220
201300000990,13,8,6,1130,1,1,1,1,4,277,LANVIA,M,4838952,-283188,220
201300000991,13,9,15,1345,1,1,1,1,1,171,,M,4841700,-282200,220
201300000992,13,11,20,800,2,1,1,8,1,171,,M,4840077,-278829,220
201300000993,13,1,23,1145,1,1,4,1,3,008,LA VILLE ORIA,M,4841388,-210924,220
201300000994,13,1,24,1615,1,2,1,1,3,259,rue de L'aublette,M,4844761,-208343,220
201300000995,13,2,7,800,1,1,1,1,1,306,Le Bois de la Garde,M,4835462,-196861,220
201300000996,13,2,18,1545,1,1,1,1,7,317,La Ville Auffret,M,4842585,-225618,220
201300000997,13,2,19,1745,1,1,2,1,3,299,,M,4848219,-196166,220
201300000998,13,3,1,1745,1,1,2,1,3,208,LA DELECHE,M,4833741,-196369,220
201300000999,13,3,21,1815,1,2,1,2,2,339,La Mereil,M,4846800,-206006,220
201300001000,13,6,30,1,3,2,1,1,6,306,Le Bourg,M,4836700,-195400,220
201300001001,13,7,10,745,1,2,1,7,6,259,Avenue de l'Aublette,M,0000000,0000000,220
201300001002,13,7,12,1115,1,2,1,1,2,123,Rue de la Cochais,M,4843562,-206788,220
201300001003,13,7,27,1630,1,1,1,3,7,118,BELLEVUE,M,4844378,-201968,220
201300001004,13,8,1,2300,3,1,1,1,6,308,,M,4838500,-204199,220
201300001005,13,9,4,1600,1,1,2,1,3,197,LA VILLE REGNIER,M,4850954,-193314,220
201300001006,13,9,30,1815,1,2,9,7,6,050,rue de brest,M,4845800,-205200,220
201300001007,13,11,16,900,1,2,1,7,6,263,lieu dit la busardi�re,M,4835201,-199980,220
201300001008,13,12,20,1115,1,2,2,7,3,050,Rue de BrestPAS DOS GEO,M,4845295,-205663,220
201300001009,13,12,30,1930,5,2,1,8,6,259,D 795 - CC PAS DOS GEO,M,4844760,-207423,220
201300001010,13,6,3,1930,1,1,1,1,1,185,,M,4837258,-237755,220
201300001011,13,11,24,2115,5,2,1,1,6,012,rue de l'Auge,M,4857401,-243371,220
201300001012,13,4,10,1445,1,1,1,3,1,077,La Ville Moussard,M,4853624,-244355,220
201300001013,13,5,6,1930,1,2,1,1,6,143,Rue du Heume,M,4859639,-229542,220
201300001014,13,6,10,2000,1,1,1,1,6,143,LA BROCHARDINE,M,4861828,-228797,220
201300001015,13,6,16,1445,1,1,1,1,1,282,,M,4860306,-224464,220
201300001016,13,6,24,1500,1,2,1,1,1,200,rue pierre Heuze,M,4848942,-232126,220
201300001017,13,7,18,330,5,2,1,1,6,282,"Rue des nouettes, 69",M,4863493,-227048,220
201300001018,13,7,21,545,2,1,1,1,6,237,,M,4850500,-228600,220
201300001019,13,9,3,1845,1,1,1,1,7,200,LE FEMULON,M,4849773,-232474,220
201300001020,13,2,5,1815,1,1,3,1,3,062,LA CROIX DU TALOIR,M,4819859,-248308,220
201300001021,13,2,11,830,1,1,1,9,1,241,LE BOIS COURTEL,M,4811700,-260667,220
201300001022,13,7,16,1330,1,1,1,1,7,066,,M,4831500,-251400,220
201300001023,13,8,29,2215,5,1,1,1,3,147,,M,0000000,0000000,220
201300001024,13,10,7,945,1,1,1,1,3,066,,M,4834300,-247800,220
201300001025,13,10,18,1530,1,1,2,1,1,183,,M,4818300,-261000,220
201300001026,13,11,10,830,2,1,1,2,6,147,,M,4819900,-238200,220
201300001027,13,9,30,1730,1,1,1,1,7,172,,M,0000000,0000000,220
201300001028,13,10,17,830,2,2,1,8,6,180,13 rue des rouairies,M,4843500,-221600,220
201300001029,13,10,17,615,3,1,1,1,1,014,,M,4845100,-228500,220
201300001030,13,11,9,1115,1,1,1,1,3,048,,M,4850108,-222799,220
201300001031,13,11,10,500,3,2,7,3,6,237,les troix croix,M,4853300,-229500,220
201300001032,13,11,16,1415,1,2,1,7,2,097,la tombe,M,4843016,-217760,220
201300001033,13,12,13,715,3,1,1,2,7,190,,M,4853564,-206806,220
201300001034,13,2,15,1015,1,2,1,1,6,070,venelle de Traouzac'h,M,4856345,-315720,220
201300001035,13,6,30,1830,1,2,1,1,6,225,RUE DE PARC ROUZES,M,4854163,-313285,220
201300001036,13,10,6,1145,1,2,6,1,6,161,rond point du croissant,M,4857600,-314600,220
201300001037,13,12,26,1300,1,2,3,1,7,225,Place du centrePAS GEO,M,4854477,-313209,220
201300001038,13,8,23,1700,1,1,1,1,7,013,SAINT JUDE,M,4844949,-314424,220
201300001039,13,12,2,715,3,1,1,1,6,005,PAS DOS GEO,M,4855400,-338100,220
201300001040,13,5,25,1930,1,1,1,1,6,061,,M,4825656,-343627,220
201300001041,13,7,3,900,1,1,3,2,4,137,L'Enseigne,M,4829353,-344279,220
201300001042,13,8,6,815,1,1,1,8,2,061,Keranflec'h,M,4825733,-339956,220
201300001043,13,3,5,1100,1,1,1,1,1,194,,M,4864552,-365621,220
201300001044,13,4,18,1900,1,1,1,1,7,194,KERDAVID,M,4862425,-364284,220
201300001045,13,4,18,2015,1,1,1,1,2,226,Traou ar pont,M,4869386,-352360,220
201300001046,13,6,16,915,1,1,1,2,7,119,Goas Arou,M,4862735,-354567,220
201300001047,13,12,10,745,2,1,3,1,3,265,dogmaelpas dos geo,M,4873093,-340664,220
201300001048,13,12,8,1515,1,2,3,7,3,194,rue St Roch,M,4865849,-362833,220
201300001049,13,12,10,1745,1,2,1,1,6,207,F. m luzelpas dos geo,M,4861088,-347282,220
201300001050,13,3,21,745,1,1,3,8,3,134,,M,4878195,-339029,220
201300001051,13,7,10,1500,1,2,4,1,1,379,RUES TREGUIER/ST GUENOLE,M,4881359,-333619,220
201300001052,13,8,18,1745,1,2,4,1,1,134,RD 6/Professeur Lesne,M,4879557,-341988,220
201300001053,13,8,24,500,5,2,1,8,7,343,RUE DE LAN AR KLEIS,M,0000000,0000000,220
201300001054,13,10,4,1030,1,2,1,1,6,343,rue de lan ar cleiz,M,0000000,0000000,220
201300001055,13,2,8,650,3,1,2,2,3,226,SAINT JEAN,M,4869645,-354168,220
201300001056,13,8,14,1945,2,1,3,7,3,194,LE GRAND ROCHER,M,4867058,-358521,220
201300001057,13,8,21,1900,1,1,3,1,2,340,Kerdouca Huellan,M,4864845,-342165,220
201300001058,13,1,27,1030,1,1,1,6,2,152,,M,4877000,-328000,220
201300001059,13,2,12,1830,5,1,6,1,7,152,Rd Pt du Pont Losquet,M,4876012,-329411,220
201300001060,13,3,5,645,3,1,6,1,7,152,Rd Pt de Penity,M,4875242,-326139,220
201300001061,13,3,24,315,3,2,1,8,6,166,rue Poulpiquet,M,0000000,0000000,220
201300001062,13,3,23,2130,3,2,1,1,7,221,LA ROCHE JAUNE,M,4882444,-320957,220
201300001063,13,5,9,945,1,1,1,2,6,347,,M,0000000,0000000,220
201300001064,13,8,10,15,5,2,6,1,2,247,D8,M,4873187,-324393,220
201300001065,13,9,6,1000,1,2,1,7,6,362,RUE DE LA CORDERIE,M,4878005,-323951,220
201300001066,13,10,6,1045,1,2,1,1,2,221,rue des ?coles,M,4880100,-324000,220
201300001067,13,10,24,1745,1,1,2,1,3,254,,M,0000000,0000000,220
201300001068,13,5,7,1330,1,1,1,1,2,216,,M,4799386,-419119,290
201300001069,13,5,12,1745,1,2,1,1,3,003,4bis rue Emile COMBES,M,4802368,-454593,290
201300001070,13,7,12,1600,1,2,9,1,2,215,91b route d'Audierne,M,4799146,-443373,290
201300001071,13,8,1,530,3,1,1,5,3,065,,M,4802958,-427215,290
201300001072,13,9,22,530,3,1,1,5,6,145,,M,4803871,-448722,290
201300001073,13,10,1,1000,1,2,6,1,3,173,,M,4801615,-420843,290
201300001074,13,10,1,1100,1,2,1,1,6,225,rue de la mer,M,4794906,-436929,290
201300001075,13,10,25,800,3,1,1,1,5,216,,M,4795831,-416639,290
201300001076,13,1,21,1900,3,1,1,2,1,226,L'ESPERANCE,M,4806237,-436428,290
201300001077,13,5,25,1845,1,1,1,1,6,087,,M,4806386,-428347,290
201300001078,13,7,1,2115,1,1,1,1,1,169,,M,4808360,-419400,290
201300001079,13,8,12,1515,1,1,1,1,1,046,,M,4806728,-429205,290
201300001080,13,11,10,815,1,2,1,1,6,046,Bd du Gal De Gaulle,M,4808521,-433229,290
201300001081,13,1,11,2015,5,2,1,1,6,057,36 RUE DE BEG MENEZ,M,4790753,-394780,290
201300001082,13,1,21,1630,1,2,6,1,3,058,giratoire de Kerneveleck,M,4789065,-401419,290
201300001083,13,3,21,645,3,1,1,2,1,032,,M,4788775,-409905,290
201300001084,13,5,15,1900,1,1,1,1,3,161,,M,4789425,-403918,290
201300001085,13,6,9,1815,1,1,1,1,7,057,,M,4791672,-397107,290
201300001086,13,6,24,1715,1,2,1,1,3,247,CROAS AN INTRON,M,4793989,-401496,290
201300001087,13,7,6,1300,1,1,1,1,3,006,,M,4788594,-405725,290
201300001088,13,8,8,130,3,1,1,1,6,032,,M,4788630,-411453,290
201300001089,13,9,1,1700,1,2,1,1,1,058,descente du cap,M,4789376,-400029,290
201300001090,13,11,16,1015,1,2,6,1,6,006,ROUTE DE QUIMPER,M,4788124,-410528,290
201300001091,13,12,4,800,3,1,1,2,3,161,,M,4792442,-407218,290
201300001092,13,12,14,30,3,1,1,2,7,161,,M,4790767,-407497,290
201300001093,13,3,12,1045,1,1,1,1,6,174,,M,4787193,-423927,290
201300001094,13,8,9,1230,1,1,1,1,1,170,,M,4796904,-412693,290
201300001095,13,8,21,2100,1,1,1,1,7,171,,M,4784593,-426850,290
201300001096,13,9,7,1900,1,1,2,7,3,158,,M,4781494,-435276,290
201300001097,13,11,22,415,3,1,1,1,7,174,,M,4788296,-429237,290
201300001098,13,12,29,230,5,2,1,1,6,220,LOUIS BRAILLE,M,4786691,-422229,290
201300001099,13,1,8,1700,2,2,1,8,3,075,boulevard de Coataudon,M,4841314,-445061,290
201300001100,13,1,18,1345,1,2,1,8,3,075,1 BOULEVARD COATAUDON,M,4841308,-445115,290
201300001101,13,2,5,1800,1,2,1,8,2,235,RUE LAMARTINE,M,4840083,-441931,290
201300001102,13,5,13,1800,1,2,1,1,1,245,bourg,M,4845484,-433537,290
201300001103,13,5,27,1430,1,1,1,1,1,075,,M,4841330,-441629,290
201300001104,13,6,6,715,1,2,6,1,3,061,rue du crann,M,4845716,-446556,290
201300001105,13,10,10,1745,1,2,1,9,6,235,,M,4840798,-439986,290
201300001106,13,3,11,1530,1,2,1,2,6,103,RUE CLAUDE BERNARD,M,4845197,-426295,290
201300001107,13,5,17,2115,1,1,1,1,6,181,,M,4845902,-423830,290
201300001108,13,10,3,1745,1,1,1,1,3,237,,M,4846670,-420824,290
201300001109,13,11,12,1730,2,2,1,1,6,103,rue francois pengam,M,4845410,-425204,290
201300001110,13,12,8,1700,1,1,1,1,3,237,,M,4847581,-420180,290
201300001111,13,12,9,2015,3,1,1,1,1,237,,M,4846636,-421140,290
201300001112,13,8,18,1900,1,1,1,1,2,124,,M,4856926,-431700,290
201300001113,13,10,4,230,4,2,1,1,7,124,le parcou,M,4856172,-432066,290
201300001114,13,1,29,745,3,2,1,1,3,117,RUE DE TREGLONOU,M,4856583,-452476,290
201300001115,13,2,11,1800,1,1,1,1,1,160,,M,4851768,-443262,290
201300001116,13,3,9,1530,1,1,1,1,1,015,,M,4852138,-450292,290
201300001117,13,4,30,1300,1,1,1,1,7,160,,M,4861840,-438422,290
201300001118,13,6,24,1645,1,1,1,1,3,209,,M,4852971,-446575,290
201300001119,13,10,9,145,3,1,1,1,6,095,,M,4846959,-437272,290
201300001120,13,12,12,1815,3,1,1,8,6,126,,M,4855711,-440099,290
201300001121,13,2,20,1430,1,1,1,1,3,149,,M,4849077,-457450,290
201300001122,13,4,9,1800,1,2,1,8,6,260,Place l?on Cheminant,M,4843376,-462193,290
201300001123,13,7,4,1830,1,2,1,1,3,221,rue de l'europe,M,4851524,-476357,290
201300001124,13,8,1,2130,1,2,1,1,3,178,chemin des dunes,M,4856814,-468689,290
201300001125,13,10,7,1700,1,1,1,1,2,119,,M,4849643,-469424,290
201300001126,13,12,13,1345,1,1,1,3,1,119,,M,4845851,-463032,290
201300001127,13,3,25,1530,1,2,1,1,1,025,27 rue Poul Ar Saf,M,4815227,-414227,290
201300001128,13,4,15,2030,1,1,1,1,1,172,,M,4816013,-363386,290
201300001129,13,7,10,1715,1,2,1,1,3,222,rue du docteur cozanet,M,4821577,-407118,290
201300001130,13,7,17,1700,1,1,1,1,2,263,,M,4822241,-407330,290
201300001131,13,9,3,1945,1,1,1,7,6,176,Trochoadour,M,4814879,-421214,290
201300001132,13,9,4,1815,1,2,1,9,6,026,quai Charles De Gaulle,M,4819792,-408822,290
201300001133,13,12,1,445,3,1,1,1,6,026,,M,4820138,-408434,290
201300001134,13,12,6,1615,1,2,1,1,3,026,RUE DE QUIMPER,M,4819299,-409630,290
201300001135,13,12,7,1115,1,1,1,1,1,025,,M,4815796,-413911,290
201300001136,13,5,3,1645,1,1,1,1,6,054,,M,4838870,-386727,290
201300001137,13,7,22,1245,1,1,1,1,2,054,,M,4838936,-385804,290
201300001138,13,8,5,1100,1,1,1,2,1,205,,M,4830693,-361092,290
201300001139,13,8,5,1515,1,1,2,1,1,211,,M,4834100,-376241,290
201300001140,13,3,26,1415,1,1,1,1,2,162,,M,4823840,-396319,290
201300001141,13,5,9,1030,1,2,1,1,1,175,rue des fr?res floch,M,4824813,-382198,290
201300001142,13,10,25,2100,3,1,1,1,6,048,,M,4808551,-397134,290
201300001143,13,12,1,1830,5,2,1,1,3,162,RUE DE QUIMPER,M,4822538,-397047,290
201300001144,13,6,23,630,2,1,1,1,3,001,,M,4822565,-431329,290
201300001145,13,8,20,1130,1,2,1,1,1,022,18 rue du toulinguet,M,4827965,-460559,290
201300001146,13,9,27,830,1,2,1,1,6,001,route de Pont Lorbic,M,4824722,-431148,290
201300001147,13,4,5,2100,3,1,1,1,6,034,,M,4847680,-382448,290
201300001148,13,4,6,100,3,1,1,8,7,113,,M,4865515,-372566,290
201300001149,13,4,25,1930,1,2,1,1,3,067,30 Rue Even Charuel,M,4851586,-359412,290
201300001150,13,5,28,1700,1,2,1,1,1,113,RUE DES QUATRES VENTS,M,4864328,-371826,290
201300001151,13,8,17,315,3,1,1,1,1,188,,M,0000000,0000000,290
201300001152,13,10,16,1715,1,1,1,1,3,114,,M,4848931,-366240,290
201300001153,13,10,21,1315,1,1,1,1,6,182,,M,4861663,-368247,290
201300001154,13,11,12,1800,3,2,1,8,3,113,route de locquirec,M,4865320,-372035,290
201300001155,13,11,16,1745,2,2,6,1,1,207,ZA de Kersody,M,4853481,-379048,290
201300001156,13,12,13,1645,1,1,1,2,3,207,,M,4853339,-378838,290
201300001157,13,1,10,1200,1,2,6,3,3,097,,M,4849400,-404681,290
201300001158,13,5,19,200,3,1,1,1,6,105,,M,4849976,-406057,290
201300001159,13,6,21,1800,1,1,1,8,1,038,,M,4841950,-393899,290
201300001160,13,8,11,1245,1,1,1,2,3,204,,M,4848867,-416197,290
201300001161,13,9,29,1,3,1,1,2,6,127,,M,4846668,-397182,290
201300001162,13,1,5,2130,3,1,1,1,6,210,,M,4859344,-405110,290
201300001163,13,1,17,1830,5,2,1,1,3,213,rue du pont j?gu,M,4866031,-409757,290
201300001164,13,2,19,845,1,2,1,7,3,184,ROCADE DES CHENES,M,4867064,-398703,290
201300001165,13,5,6,1730,1,1,1,1,7,184,,M,4863292,-398897,290
201300001166,13,7,14,545,2,2,1,1,1,213,Rue de BREST,M,4859620,-411367,290
201300001167,13,8,21,1700,1,1,1,1,3,273,,M,4868964,-402880,290
201300001168,13,8,26,415,3,1,1,1,6,068,,M,4857797,-396771,290
201300001169,13,10,6,2030,5,2,1,1,7,259,chemin du Paradis,M,4868825,-396930,290
201300001170,13,12,18,1545,1,1,1,3,5,259,,M,4865014,-395951,290
201300001171,13,7,28,1700,1,1,1,1,6,157,,M,0000000,0000000,560
201300001172,13,8,3,1800,1,1,2,1,3,157,,M,0000000,0000000,560
201300001173,13,8,5,15,3,1,1,1,1,003,,M,0000000,0000000,560
201300001174,13,8,13,1815,1,1,3,1,3,008,,M,0000000,0000000,560
201300001175,13,9,18,1630,1,1,1,1,3,042,,M,0000000,0000000,560
201300001176,13,9,21,115,3,1,1,1,2,067,,M,0000000,0000000,560
201300001177,13,9,30,2045,3,1,1,1,6,042,,M,0000000,0000000,560
201300001178,13,10,7,730,2,2,1,1,6,067,rue du Genaral de Gaulle,M,0000000,0000000,560
201300001179,13,11,6,1815,3,1,3,2,3,158,,M,0000000,0000000,560
201300001180,13,12,22,1745,2,1,1,8,6,067,,M,0000000,0000000,560
201300001181,13,1,13,130,3,1,1,5,6,221,,M,4767010,-221448,560
201300001182,13,1,12,1015,1,1,1,7,6,229,,M,0000000,0000000,560
201300001183,13,6,1,1615,1,1,2,1,3,001,,M,4763474,-215367,560
201300001184,13,6,7,815,1,1,1,1,3,229,,M,0000000,0000000,560
201300001185,13,7,11,2015,1,2,1,1,3,221,rue sainte Anne,M,4768473,-221710,560
201300001186,13,8,7,2115,1,2,1,2,7,229,centre bourg,M,0000000,0000000,560
201300001187,13,8,9,1430,1,1,1,1,7,001,,M,0000000,0000000,560
201300001188,13,8,13,1730,1,1,1,1,7,001,,M,0000000,0000000,560
201300001189,13,9,20,1715,1,1,1,1,6,001,,M,4763542,-218169,560
201300001190,13,10,10,1745,1,2,1,7,3,061,08 RUE DE L HOTEL DE VIL,M,4776630,-213481,560
201300001191,13,11,19,1945,5,2,3,2,3,232,rue du clos ressac,M,4767336,-210669,560
201300001192,13,1,7,1415,1,1,1,8,6,143,,M,0000000,0000000,560
201300001193,13,7,14,1045,2,1,1,1,1,155,,M,4746700,-247700,560
201300001194,13,11,28,1415,1,2,1,1,7,052,route de Muzillac,M,0000000,0000000,560
201300001195,13,2,11,1845,1,1,1,1,1,053,,M,0000000,0000000,560
201300001196,13,2,14,1800,1,1,1,1,7,135,,M,0000000,0000000,560
201300001197,13,2,22,745,2,1,2,1,3,053,,M,0000000,0000000,560
201300001198,13,3,20,1700,1,2,1,1,6,159,rue de paris,M,0000000,0000000,560
201300001199,13,4,14,1815,1,1,1,1,6,053,,M,0000000,0000000,560
201300001200,13,5,24,1130,1,1,2,1,3,261,,M,4769648,-254107,560
201300001201,13,6,14,545,2,1,1,1,6,184,,M,4766186,-243965,560
201300001202,13,8,17,1745,1,1,1,1,6,255,,M,0000000,0000000,560
201300001203,13,9,6,1845,1,2,1,1,3,184,rue de la gare,M,0000000,0000000,560
201300001204,13,11,20,1615,1,1,1,2,5,171,,M,0000000,0000000,560
201300001205,13,1,19,2230,3,1,1,8,1,023,,M,0000000,0000000,560
201300001206,13,1,25,1830,5,2,1,3,6,007,rue Philippe LE GALL,M,4767188,-299534,560
201300001207,13,3,14,1000,1,1,1,1,3,046,,M,4763461,-301535,560
201300001208,13,3,30,1745,1,2,1,1,6,007,41 rue  Joseph MARTIN,M,4765883,-297967,560
201300001209,13,4,11,930,1,1,1,1,1,176,,M,4769272,-293320,560
201300001210,13,6,18,1700,1,2,1,1,1,007,rue colonel manceau,M,4766345,-299715,560
201300001211,13,7,2,1630,1,1,1,1,3,023,,M,4768650,-301350,560
201300001212,13,7,10,2245,5,1,2,1,3,167,,M,0000000,0000000,560
201300001213,13,8,24,1130,1,2,1,1,6,007,Rue du lait,M,4766670,-298509,560
201300001214,13,9,14,1600,1,2,1,1,6,007,rue du lait,M,4766703,-298606,560
201300001215,13,4,25,1615,1,1,1,1,1,241,,M,0000000,0000000,560
201300001216,13,3,7,1515,1,2,1,1,3,258,cour des quais,M,4758721,-302914,560
201300001217,13,4,20,100,3,1,1,1,7,116,,M,4756051,-296462,560
201300001218,13,5,4,300,3,1,1,1,6,034,,M,0000000,0000000,560
201300001219,13,5,26,930,5,2,1,1,6,034,43 avenue des druides,M,4757361,-307655,560