Num_Acc,an,mois,jour,hrmn,lum,agg,int,atm,col,com,adr,gps,lat,long,dep
201300001220,13,6,14,1845,1,2,6,1,6,186,25 AV DU G. de Gaulle,M,4749020,-312126,560
201300001221,13,7,10,900,1,1,1,1,1,116,,M,0000000,0000000,560
201300001222,13,7,19,1445,1,2,3,1,3,034,Avenue de Port en Dro,M,4757161,-307601,560
201300001223,13,8,1,2230,3,1,1,1,1,034,,M,0000000,0000000,560
201300001224,13,8,17,1430,1,2,1,1,7,234,Avenue des druides,M,4751579,-313190,560
201300001225,13,8,24,530,3,1,1,1,6,034,,M,4762563,-309886,560
201300001226,13,9,5,1145,1,1,1,1,3,116,,M,4758115,-297468,560
201300001227,13,9,27,2345,3,1,1,1,2,034,,M,0000000,0000000,560
201300001228,13,10,10,1800,1,1,1,1,3,233,,M,4757210,-300829,560
201300001229,13,8,19,1115,1,2,1,1,3,069,route des plages,M,0000000,0000000,560
201300001230,13,6,7,1115,1,2,6,3,6,013,Rond point 4 chemins,M,4767565,-317139,560
201300001231,13,7,11,900,1,1,1,1,3,161,,M,0000000,0000000,560
201300001232,13,8,14,1300,1,2,1,1,1,181,avenue de la cote rouge,M,0000000,0000000,560
201300001233,13,9,22,1400,1,2,2,1,3,054,Rue TENAT ER VELIN,M,0000000,0000000,560
201300001234,13,12,11,1145,1,1,1,1,5,193,,M,0000000,0000000,560
201300001235,13,12,24,1615,1,1,1,8,3,013,,M,4767347,-314124,560
201300001236,13,12,29,2115,4,1,1,1,6,169,,M,0000000,0000000,560
201300001237,13,1,11,2015,3,1,1,1,6,165,,M,4790253,-237383,560
201300001238,13,3,7,1730,1,1,1,2,7,080,,M,0000000,0000000,560
201300001239,13,4,5,1715,1,1,1,8,6,165,,M,0000000,0000000,560
201300001240,13,6,8,700,2,2,1,2,6,080,RUE DE PERHAN D.13,M,0000000,0000000,560
201300001241,13,8,9,1915,1,2,1,1,1,249,Avenue du porhoet,M,0000000,0000000,560
201300001242,13,8,29,745,1,1,1,5,7,129,,M,0000000,0000000,560
201300001243,13,9,9,1145,1,1,1,1,7,032,,M,0000000,0000000,560
201300001244,13,9,14,1730,1,2,6,1,3,165,Giratoire R & L GUILLOIS,M,4793052,-239302,560
201300001245,13,9,27,1315,1,1,1,1,3,032,,M,0000000,0000000,560
201300001246,13,9,27,1730,1,2,1,1,3,165,Rue Monseigneur GUILLOUX,M,4793537,-240082,560
201300001247,13,11,16,1130,1,2,1,1,6,037,rue de la liberation,M,0000000,0000000,560
201300001248,13,11,30,1215,1,1,1,1,1,080,,M,0000000,0000000,560
201300001249,13,12,20,1000,1,2,7,2,6,165,Place du senechal Perret,M,4793331,-239922,560
201300001250,13,1,2,1915,3,1,1,8,3,020,,M,0000000,0000000,560
201300001251,13,6,18,2115,2,1,1,1,6,219,,M,0000000,0000000,560
201300001252,13,8,1,1615,1,1,3,7,3,244,,M,0000000,0000000,560
201300001253,13,8,11,1600,1,1,2,1,5,230,,M,0000000,0000000,560
201300001254,13,9,3,800,1,1,1,7,6,075,,M,4794606,-215802,560
201300001255,13,9,4,1630,1,2,6,1,3,124,rue de la mennais,M,4781005,-238716,560
201300001256,13,9,23,620,3,1,1,5,6,200,,M,0000000,0000000,560
201300001257,13,9,29,1845,1,1,1,1,6,244,,M,0000000,0000000,560
201300001258,13,10,7,1900,1,2,1,1,3,124,Rue du Bois Solon,M,4780775,-238873,560
201300001259,13,11,22,1745,5,2,1,2,3,075,40 rue de saint cyr,M,0000000,0000000,560
201300001260,13,1,19,15,3,1,1,5,6,047,,M,0000000,0000000,560
201300001261,13,6,2,1000,1,2,1,1,1,172,D126,M,0000000,0000000,560
201300001262,13,6,5,2315,3,1,1,1,6,172,,M,0000000,0000000,560
201300001263,13,6,2,2315,3,1,1,1,7,024,,M,0000000,0000000,560
201300001264,13,7,29,2300,3,1,1,1,6,047,,M,0000000,0000000,560
201300001265,13,9,7,2000,2,1,1,1,3,019,,M,0000000,0000000,560
201300001266,13,10,28,1245,1,1,3,7,3,017,,M,0000000,0000000,560
201300001267,13,11,11,1115,1,1,1,2,3,172,,M,0000000,0000000,560
201300001268,13,12,1,2240,4,1,1,1,6,236,,M,0000000,0000000,560
201300001269,13,12,30,1100,1,1,1,2,6,079,,M,4791469,-243995,560
201300001270,13,1,16,1930,5,2,1,1,2,178,rue du pont - recollets,M,4806899,-296719,560
201300001271,13,2,5,1030,1,2,1,2,6,178,rue Francois Mitterand,M,4806493,-296709,560
201300001272,13,2,14,1545,1,1,1,1,5,151,,M,0000000,0000000,560
201300001273,13,5,4,2000,1,2,6,1,3,213,route de COET NOSTRA,M,4810787,-289336,560
201300001274,13,7,10,900,1,2,1,1,6,178,11 quai niemen,M,4806643,-296826,560
201300001275,13,7,25,230,5,2,1,1,3,178,Quai Plessis PONTIVY,M,0000000,0000000,560
201300001276,13,11,5,1730,2,1,1,8,1,146,,M,0000000,0000000,560
201300001277,13,12,7,1815,4,2,1,1,6,073,Rue Mathurin et Fortune,M,0000000,0000000,560
201300001278,13,4,18,1045,1,2,1,1,6,010,rue de la mairie,M,0000000,0000000,560
201300001279,13,6,29,2345,3,1,1,1,6,140,,M,0000000,0000000,560
201300001280,13,7,17,1600,1,1,1,1,6,140,,M,0000000,0000000,560
201300001281,13,8,5,1730,1,2,1,1,3,010,Route d'Auray,M,4786848,-302277,560
201300001282,13,9,20,1745,1,1,1,7,3,144,,M,0000000,0000000,560
201300001283,13,10,1,1545,1,1,1,3,6,074,,M,0000000,0000000,560
201300001284,13,11,13,830,1,1,1,1,4,140,,M,0000000,0000000,560
201300001285,13,12,13,1345,1,1,1,3,7,074,,M,0000000,0000000,560
201300001286,13,12,14,930,1,1,1,1,6,173,,M,4795875,-297515,560
201300001287,13,1,10,1745,1,1,1,1,1,199,,M,0000000,0000000,560
201300001288,13,1,27,2330,3,1,1,2,6,182,,M,0000000,0000000,560
201300001289,13,4,8,715,2,1,1,5,2,014,,M,0000000,0000000,560
201300001290,13,6,15,45,3,1,1,3,3,100,,M,0000000,0000000,560
201300001291,13,7,31,1815,1,1,1,1,1,081,,M,4804929,-364776,560
201300001292,13,8,17,2215,3,1,2,1,3,131,,M,0000000,0000000,560
201300001293,13,11,2,1600,2,1,1,3,6,081,,M,0000000,0000000,560
201300001294,13,4,23,1815,1,1,2,1,3,228,CD 404-CD 83 DOUVRES,M,4928380,-040855,140
201300001295,13,7,7,1915,1,2,1,1,5,354,Route de Luc,M,0000000,0000000,140
201300001296,13,7,27,30,3,1,1,1,1,015,,M,0000000,0000000,140
201300001297,13,7,31,1700,1,1,1,1,7,228,,M,0000000,0000000,140
201300001298,13,8,4,1515,1,1,3,7,3,066,,M,0000000,0000000,140
201300001299,13,11,18,1730,2,1,2,1,3,015,,M,0000000,0000000,140
201300001300,13,1,20,130,3,1,1,1,7,721,,,,,140
201300001301,13,2,2,1400,1,1,1,6,1,249,,M,4911220,-048506,140
201300001302,13,2,3,1930,3,1,1,2,3,274,,,,,140
201300001303,13,4,24,1845,1,1,1,7,3,592,RD36B STE HONORINE DU FA,M,4907210,-051393,140
201300001304,13,6,4,1745,1,2,1,1,7,042,LIEU DIT TOURMEAUVILLE,M,4913050,-049896,140
201300001305,13,10,9,1245,1,2,9,2,7,738,ALLEE JACQUES PREVERT,M,0000000,0000000,140
201300001306,13,10,13,1200,1,1,1,8,2,747,,M,0000000,0000000,140
201300001307,13,10,14,1315,1,1,1,3,1,288,,M,0000000,0000000,140
201300001308,13,10,30,945,1,2,3,1,3,123,rd22,M,0000000,0000000,140
201300001309,13,11,7,1700,1,1,1,3,7,266,,M,0000000,0000000,140
201300001310,13,12,18,1830,3,1,1,6,1,747,,M,0000000,0000000,140
201300001311,13,2,18,745,2,1,1,1,1,277,,,,,140
201300001312,13,3,13,1745,1,1,1,8,1,119,,M,4915620,-028227,140
201300001313,13,4,14,1250,1,1,1,6,1,268,FIERVILLE BRAY,M,4905060,-017440,140
201300001314,13,7,12,1700,1,1,1,1,4,057,,M,4913500,-022200,140
201300001315,13,8,20,1345,1,2,1,1,1,623,route d'harcourt,M,4911900,-037300,140
201300001316,13,9,8,1030,1,1,1,1,2,100,,M,4906400,-031000,140
201300001317,13,10,13,130,3,2,1,1,6,408,Rue St Andr?,M,4911100,-037800,140
201300001318,13,10,2,1600,1,2,1,1,2,290,Intersection D238C-D238B,M,0000000,0000000,140
201300001319,13,12,5,1730,3,1,1,1,1,057,,M,4913800,-020100,140
201300001320,13,1,22,1145,1,2,6,2,6,495,RUE DU TEMPLE,M,4925800,-034440,140
201300001321,13,6,7,2030,2,2,7,7,6,166,RUE PORTE MORIN,,,,140
201300001322,13,8,5,1630,1,2,9,1,3,488,Route de Caen,M,0000000,0000000,140
201300001323,13,9,3,1700,1,2,1,7,1,076,rue G?n?ral LECLERC,M,0000000,0000000,140
201300001324,13,10,15,900,1,2,2,1,3,488,24 BLD WINSTON CHURCHILL,M,0000000,0000000,140
201300001325,13,12,28,1315,1,1,1,1,6,060,,M,0000000,0000000,140
201300001326,13,5,19,2230,3,1,1,8,1,684,LA PEPINERIE,M,4915530,-057007,140
201300001327,13,9,7,1445,1,2,1,1,3,336,route de Caumont,M,0000000,0000000,140
201300001328,13,10,5,745,2,1,1,8,2,143,,M,0000000,0000000,140
201300001329,13,10,12,1615,1,1,1,1,1,348,,M,4965800,-062900,140
201300001330,13,11,24,645,3,1,1,3,1,046,,M,0000000,0000000,140
201300001331,13,12,3,2215,3,1,1,2,6,046,,M,0000000,0000000,140
201300001332,13,3,26,930,1,1,2,1,3,680,,M,4929910,-073166,140
201300001333,13,5,12,1900,1,1,1,1,3,130,,,,,140
201300001334,13,7,9,945,1,2,1,1,6,047,Rue Saint Patrice,M,0000000,0000000,140
201300001335,13,9,21,215,5,2,1,1,6,047,Rue Marcel Dassault,M,0000000,0000000,140
201300001336,13,12,2,1830,3,1,1,1,6,663,,M,4930500,-068500,140
201300001337,13,12,9,1515,5,2,1,1,3,663,Rue Kennedy,M,0000000,0000000,140
201300001338,13,2,19,1700,1,1,1,1,1,298,,,,,140
201300001339,13,4,10,2245,3,2,1,8,7,462,ROUTE DE CASTILLY,,,,140
201300001340,13,4,17,800,1,1,3,1,1,272,LA FOLIE 14710,M,4925700,-096821,140
201300001341,13,8,9,1745,1,1,1,1,7,462,,M,0000000,0000000,140
201300001342,13,9,28,1215,1,1,1,2,7,716,,M,0000000,0000000,140
201300001343,13,11,11,1845,3,1,1,1,2,272,,M,0000000,0000000,140
201300001344,13,11,18,1715,1,1,1,1,3,551,,M,0000000,0000000,140
201300001345,13,11,26,645,2,1,1,8,6,586,,M,0000000,0000000,140
201300001346,13,12,31,2015,5,1,1,2,3,737,,M,0000000,0000000,140
201300001347,13,2,18,1740,1,2,1,1,1,088,"""LE HAUT DU BONS""",M,4895830,-023735,140
201300001348,13,2,24,745,1,1,1,4,7,759,,,,,140
201300001349,13,3,22,1200,1,1,1,1,7,258,,,,,140
201300001350,13,6,17,1545,1,1,1,1,6,332,LIEU DIT LE BOSQ D658,M,4883780,-015099,140
201300001351,13,8,29,100,5,2,1,1,6,258,77 rue Aristide Briand,M,0000000,0000000,140
201300001352,13,9,2,2015,1,1,1,1,3,025,,M,0000000,0000000,140
201300001353,13,11,30,1915,3,1,1,1,6,244,,M,0000000,0000000,140
201300001354,13,1,21,1415,1,1,1,4,1,162,,M,4892110,-049870,140
201300001355,13,2,10,1100,1,1,2,2,3,749,,M,4904830,-011112,140
201300001356,13,2,21,910,1,2,3,7,3,654,BOULEVARD COLLAS,M,4902030,-003478,140
201300001357,13,4,12,1830,1,1,3,1,3,208,BISSI?RES 14730,M,4910120,-009483,140
201300001358,13,7,30,745,2,1,1,1,6,081,,M,0000000,0000000,140
201300001359,13,8,5,1915,1,2,1,1,6,489,voie communale 24,M,0000000,0000000,140
201300001360,13,8,26,1945,1,1,2,1,3,749,,M,0000000,0000000,140
201300001361,13,9,10,1215,1,2,1,1,2,654,Lieu dit CAREL,M,0000000,0000000,140
201300001362,13,9,20,945,1,1,1,1,6,697,,M,4905000,0000200,140
201300001363,13,12,2,700,5,2,1,1,1,431,,M,0000000,0000000,140
201300001364,13,12,27,1900,3,1,1,3,5,435,,M,0000000,0000000,140
201300001365,13,3,23,1530,1,1,1,1,2,270,,M,4914410,0032450,140
201300001366,13,1,9,1130,1,1,1,2,6,514,,M,4926210,0017390,140
201300001367,13,1,15,1900,5,1,2,2,3,578,CARREFOUR DE LA VIERGE,M,4935530,0017072,140
201300001368,13,6,17,1715,1,1,1,1,6,161,LA CROIX AUX AUBERTS,M,4923250,0013019,140
201300001369,13,8,3,1900,1,1,1,1,1,492,,M,0000000,0000000,140
201300001370,13,8,20,1500,1,2,1,1,1,578,CD 74,M,0000000,0000000,140
201300001371,13,8,21,1430,1,1,1,1,6,578,,M,0000000,0000000,140
201300001372,13,11,9,1545,1,2,1,2,1,286,,M,0000000,0000000,140
201300001373,13,12,11,1445,1,2,1,1,6,514,Rue Hamelin,M,0000000,0000000,140
201300001374,13,12,19,1115,1,1,9,1,3,514,,M,0000000,0000000,140
201300001375,13,2,24,315,3,1,1,4,6,398,,M,4918290,0016975,140
201300001376,13,4,18,1415,1,1,1,1,6,474,NOTRE DAME D'ESTREES,M,4913690,-000562,140
201300001377,13,4,25,430,3,1,1,5,3,473,D613 NOTRE DAME DE LIVAY,M,4911430,0004820,140
201300001378,13,4,24,1145,1,1,1,1,2,494,RD400 PERIERS EN AUGE,M,4927270,-010254,140
201300001379,13,5,26,515,2,2,8,1,6,754,CD 118 AVENUE DE LA GARE,M,4931730,0001141,140
201300001380,13,11,22,1615,1,1,1,1,3,494,,M,0000000,0000000,140
201300001381,13,12,26,845,2,1,1,1,2,474,,M,0000000,0000000,140
201300001382,13,3,6,1330,1,1,2,2,3,545,,M,4883200,-086475,140
201300001383,13,3,28,830,1,2,1,1,1,762,RUE DE L'ARTISANAT,,,,140
201300001384,13,4,21,1545,1,1,1,7,2,762,ST MARTIN DE TALLEVENDE,M,4884470,-091371,140
201300001385,13,6,29,1515,1,2,1,1,6,762,RUE EMILE CHESNEL,M,4883500,-088719,140
201300001386,13,6,30,745,1,1,1,1,6,762,,,,,140
201300001387,13,8,7,1700,1,1,1,3,2,658,,M,0000000,0000000,140
201300001388,13,8,23,1230,1,1,1,1,5,717,,M,0000000,0000000,140
201300001389,13,11,8,1045,1,2,1,2,2,762,rue ancienne brasserie,M,0000000,0000000,140
201300001390,13,11,9,1600,1,1,2,2,3,127,,M,0000000,0000000,140
201300001391,13,12,30,1500,1,1,3,1,3,412,,M,0000000,0000000,140
201300001392,13,1,15,1445,1,1,1,4,6,579,,,,,140
201300001393,13,4,14,1730,1,1,1,1,6,027,AUNAY SUR ODON,M,4900430,-061881,140
201300001394,13,6,1,1915,1,1,1,1,6,655,(LA VAUTELIEREDDD),M,4895430,-079480,140
201300001395,13,7,18,1915,1,2,1,1,1,027,le petit hamel,M,4902100,-064600,140
201300001396,13,8,16,845,1,1,1,1,6,632,,M,0000000,0000000,140
201300001397,13,9,12,815,1,1,1,1,1,027,,M,4902400,-060700,140
201300001398,13,4,24,1000,1,1,1,1,1,442,RD56 MONTCHAMP,M,4891810,-076319,140
201300001399,13,6,4,1745,1,1,3,1,1,065,L'EPINE MOTTE,M,4882880,-076118,140
201300001400,13,7,5,1845,1,1,9,1,3,746,,M,0000000,0000000,140
201300001401,13,7,8,1130,1,2,1,1,5,746,LA MERCERIE,M,0000000,0000000,140
201300001402,13,12,26,1745,2,1,1,1,2,572,,M,0000000,0000000,140
201300001403,13,7,14,1545,1,1,1,1,7,470,LES LANDES,M,4923250,-127687,500
201300001404,13,7,23,1630,1,2,1,1,1,470,RUE DES BOHONS,M,4925360,-127337,500
201300001405,13,2,7,1915,3,1,1,1,2,606,HAMEAU SAINT MARTIN,M,4919750,-123842,500
201300001406,13,2,26,1700,3,1,2,1,3,119,,M,4918260,-122989,500
201300001407,13,7,27,1730,1,2,1,1,6,110,RUE DES HALLES,M,4919360,-093588,500
201300001408,13,9,22,645,2,1,1,2,6,248,LA TERETTE,M,4918980,-120044,500
201300001409,13,11,22,1215,1,2,1,8,6,292,RUE DU 13 JUIN 1944,M,4909860,-123988,500
201300001410,13,2,10,2110,5,1,1,2,6,054,RUE MARYSE HILSZ,M,4873080,0236251,940
201300001411,13,2,11,1140,1,1,1,2,6,054,RUE DE ROME,M,,,940
201300001412,13,3,24,1810,1,1,1,1,6,054,RUE DES TRANSPORTEURS,,,,940
201300001413,13,3,18,1215,1,1,1,2,6,054,RUE DE LA CHAPELLE,M,4873770,0237305,940
201300001414,13,5,14,2055,1,1,1,1,6,054,AVE DE L'UNION,M,4872880,0236411,940
201300001415,13,5,17,1815,1,1,1,1,6,054,VOIE DE SECOURS OUEST,M,4873020,0236038,940
201300001416,13,4,29,2000,1,1,1,1,7,224,LE SAUSSEY,M,4898240,-095640,500
201300001417,13,5,23,2315,5,1,1,8,6,054,AV LOUIS BLERIOT,M,4874040,0236051,940
201300001418,13,5,27,2000,1,2,1,1,1,139,LA HUE DE LOUP,M,4907660,-103170,500
201300001419,13,7,9,1500,1,1,1,1,7,054,AV DE L'AEROPORT,M,4873640,0236474,940
201300001420,13,7,10,1550,1,1,3,1,3,054,ROME/FABRE,M,4872950,0236370,940
201300001421,13,7,17,1725,1,1,1,1,2,054,AV DE PARIS,M,4873030,0236953,940
201300001422,13,7,31,2025,1,1,1,1,4,054,AV DE PARIS,M,4873750,0236482,940
201300001423,13,7,7,1115,1,1,1,1,1,075,ROUTE DES ROCHES DU HAM,M,4902160,-103480,500
201300001424,13,9,27,1440,1,1,1,1,1,054,R M ALBERT,M,4874400,0236484,940
201300001425,13,9,29,1455,1,1,1,1,2,054,AV DE PARIS,M,4873670,0236516,940
201300001426,13,10,18,910,1,1,1,5,6,054,RUE DES TRANSPORTEURS,M,4872880,0235982,940
201300001427,13,11,2,1530,1,1,1,1,7,054,AV JACQUELINE AURIOL,M,4874240,0235941,940
201300001428,13,11,7,1815,5,1,1,2,6,054,PARKING P0,M,4872870,0236188,940
201300001429,13,11,19,1410,1,1,1,8,6,054,RUE DU MUSEE,M,4873080,0236861,940
201300001430,13,11,24,1545,1,1,3,8,3,054,RUE CLEMENT ADER,M,4873190,0236571,940
201300001431,13,11,27,1050,1,1,1,8,6,054,RUE DU MUSEE,M,4873070,0236850,940
201300001432,13,12,19,1340,1,1,1,1,6,054,PARKING P5,M,4873120,0236318,940
201300001433,13,4,7,1745,1,1,2,1,3,612,,M,4867460,-140968,500
201300001434,13,6,18,345,3,1,1,1,6,584,LE BOIS DES MONTS,M,4873420,-134889,500
201300001435,13,8,2,1600,1,1,1,1,3,554,RUE JEANNE PAISNEL,M,4867980,-127819,500
201300001436,13,8,12,745,1,1,1,7,2,554,RUE JEANNE PAISNEL,M,4867880,-129047,500
201300001437,13,9,4,900,1,2,1,7,6,025,BOULEVARD FOCH,M,4868280,-135984,500
201300001438,13,9,20,1115,1,1,3,1,1,597,LE CHENE AU LOUP,M,4870900,-131988,500
201300001439,13,10,26,230,5,2,9,1,6,025,,M,4868930,-136135,500
201300001440,13,12,8,2015,3,1,1,1,6,516,ROUTE DES M,M,4866280,-135340,500
201300001441,13,1,26,2100,3,1,1,2,2,540,LE CHATEAU,M,4878250,-149902,500
201300001442,13,4,22,2030,1,1,1,1,6,282,LA MEDECINIERE,M,4876200,-133012,500
201300001443,13,5,26,330,3,1,1,1,6,038,VILLAGE AU MONNIER,M,4882910,-138052,500
201300001444,13,5,31,745,1,1,1,1,1,009,L'HOTELLERIE,M,4874760,-148451,500
201300001445,13,6,22,2215,2,1,1,8,2,565,LA VILLE,M,4877370,-148625,500
201300001446,13,8,11,1315,1,1,2,1,3,237,ROUTE DE LA PICHARDIERE,M,4880400,-137041,500
201300001447,13,8,22,1500,1,2,4,1,2,102,CHEMIN DES PECHEURS,M,4875940,-156696,500
201300001448,13,10,13,1230,1,2,1,1,6,102,ROUTE DE LA PLAGE,M,4875930,-156693,500
201300001449,13,10,26,1845,2,1,1,8,7,282,LE PERRON,M,4876570,-133798,500
201300001450,13,10,31,1730,2,1,2,1,3,540,LE CHATEAU,M,4878500,-150273,500
201300001451,13,11,11,1000,1,2,1,7,6,237,RUE DES ABRINCATES,M,4879400,-139642,500
201300001452,13,2,21,1730,1,2,1,1,6,443,RUE SAINT THOMAS,M,4850940,-145045,500
201300001453,13,3,30,1100,1,1,1,1,3,337,LA GARDINIERE,M,4845760,-138579,500
201300001454,13,4,9,2100,3,1,1,2,7,487,HAMEAU LES LANDES,M,4853780,-138137,500
201300001455,13,5,23,1945,2,1,2,1,3,019,,M,4853490,-148875,500
201300001456,13,8,23,1030,1,1,1,1,3,168,MORTRIE,M,4860510,-127593,500
201300001457,13,11,3,230,3,1,1,1,1,448,LE HERISSAIS,M,4857010,-129726,500
201300001458,13,11,3,1000,1,1,3,1,3,543,,M,4864680,-135244,500
201300001459,13,1,28,1445,1,1,1,8,4,495,LE MERCERIE,M,4877800,-118705,500
201300001460,13,3,28,1945,2,1,1,1,7,060,RUE DE LA VIERGE,M,4886800,-124871,500
201300001461,13,5,17,2000,1,1,2,1,3,130,,M,4879180,-119632,500
201300001462,13,6,6,1630,1,1,2,1,1,130,,M,4879180,-119632,500
201300001463,13,10,26,1200,1,2,3,1,5,639,RUE JEAN DEVE,M,4883400,-122620,500
201300001464,13,11,1,945,1,2,7,1,7,074,PLACE DE L'EGLISE,M,4872500,-116616,500
201300001465,13,1,11,1045,1,1,3,1,2,187,,M,4960250,-173339,500
201300001466,13,2,16,1715,1,1,1,1,6,386,LA CROIX DU TOURP,M,4969090,-183901,500
201300001467,13,2,19,1930,3,1,1,1,6,599,LA LONGUE CHASSE,M,4959480,-160803,500
201300001468,13,7,8,1515,1,1,1,1,3,057,,M,4962270,-182277,500
201300001469,13,7,9,1815,1,1,2,7,3,416,LA RIVIERE,M,4966870,-171654,500
201300001470,13,7,22,1830,1,2,3,1,3,057,LE MOITIER,M,4962330,-182568,500
201300001471,13,1,22,1700,2,2,2,2,3,082,RUE PIERRE MARIE,M,4947000,-164118,500
201300001472,13,2,20,815,1,1,1,9,1,646,LA HELLETERIE,M,4945040,-169400,500
201300001473,13,4,14,1645,1,1,2,1,1,369,LA CROX JACOB,M,4951690,-155924,500
201300001474,13,6,1,315,3,1,1,1,6,572,LE BECQUET,M,4942710,-178883,500
201300001475,13,6,8,1315,1,1,1,1,1,160,,M,4931450,-168118,500
201300001476,13,6,22,1145,1,1,2,2,3,082,LA RAMEE,M,4946520,-165899,500
201300001477,13,7,30,2330,3,1,1,1,1,418,,M,4949150,-169014,500
201300001478,13,9,8,1545,1,1,1,2,1,240,ESTOUVILLE,M,4956730,-177557,500
201300001479,13,9,18,1045,1,1,1,1,1,082,LE BAS DE CATIGNY,M,4947760,-165877,500
201300001480,13,9,18,1045,1,2,1,1,3,031,RUE HAUVET,M,4938070,-175342,500
201300001481,13,9,27,745,2,1,1,1,3,240,,M,4955380,-179512,500
201300001482,13,2,5,745,5,2,3,2,6,551,R LEMARINEL/RTE BRICQUEC,M,4938730,-153013,500
201300001483,13,6,7,1915,1,1,1,1,7,587,HAMEAU LA BARRE,M,4936670,-157304,500
201300001484,13,7,21,700,1,1,1,1,1,049,HAMEAU VASSELIN,M,4936610,-161537,500
201300001485,13,10,5,1300,1,1,2,1,3,467,LE MESNILDOT,M,4949770,-136087,500
201300001486,13,1,25,1830,5,2,1,1,6,615,BOULEVARD FELIX BUHOT,M,4951100,-147658,500
201300001487,13,2,6,2215,3,1,1,1,6,433,RUE DU GENERAL DE GAULLE,M,4961490,-125946,500
201300001488,13,2,25,1300,1,1,1,1,1,087,ROUTE DU MONT FANU,M,4956000,-161698,500
201300001489,13,5,18,1030,1,2,1,1,6,615,RUE DES ORMES,M,4950160,-147987,500
201300001490,13,6,4,1730,1,1,1,1,7,150,LE BAS DE CRASVILLE,M,4955100,-131775,500
201300001491,13,6,6,1430,1,1,2,1,1,077,LES FOSSES A TERRE,M,4964250,-151712,500
201300001492,13,7,18,845,1,2,1,1,3,087,ROUTE DES HAGUENEES,M,4956370,-158180,500
201300001493,13,7,21,1630,1,1,3,1,3,562,ROUTE DE REVILLE,M,4959830,-126335,500
201300001494,13,9,5,800,1,2,3,1,3,162,LE DOUET PICOT,M,4964230,-152656,500
201300001495,13,10,17,1630,1,1,1,1,6,595,LA FILATURE,M,4961770,-145183,500
201300001496,13,12,6,1615,1,1,2,1,5,595,ROUTE DE SAINT PIERRE,,,,500
201300001497,13,12,17,1745,5,2,1,2,6,615,BOULEVARD DE VERDUN,M,4950760,-146613,500
201300001498,13,12,19,1830,3,1,1,2,3,209,LES AULNAYS,M,4963010,-144860,500
201300001499,13,3,21,1215,1,1,1,2,1,279,LA BILLARDIERE,M,4910240,-133633,500
201300001500,13,3,29,2045,3,1,1,1,6,464,CHANTERAINE,M,4900740,-139776,500
201300001501,13,5,18,1845,1,1,2,1,3,092,LE MERIOTEL,M,4908760,-139052,500
201300001502,13,12,31,1845,3,1,1,1,6,109,LA FAVERIE,M,4890500,-148325,500
201300001503,13,5,18,1830,1,1,1,1,6,266,LA FONTAINE,M,4893610,-138102,500
201300001504,13,8,15,1800,1,1,2,1,3,605,LES HAUTS VENTS,M,4896470,-140166,500
201300001505,13,8,18,1,3,2,1,1,6,228,RUE DE LA GARE,M,4894700,-126965,500
201300001506,13,8,31,700,2,1,1,8,1,320,L'ARCHERIE,M,4886130,-138729,500
201300001507,13,9,23,800,1,1,3,1,4,143,VILLAGE FLEURY,M,4887810,-153266,500
201300001508,13,9,30,800,2,1,1,1,1,015,,M,4896460,-153716,500
201300001509,13,10,20,1930,3,1,1,1,1,143,LE VICQUET,M,4887530,-153469,500
201300001510,13,11,14,1830,3,1,1,9,6,336,LA FOUBERDIERE,M,4890020,-126199,500
201300001511,13,11,18,2030,3,1,1,3,5,349,LES VIEUX CHEMINS.,M,4900250,-152048,500
201300001512,13,2,16,1845,2,1,3,1,1,340,,M,4912080,-136168,500
201300001513,13,5,8,1300,1,1,1,1,5,267,,M,4922650,-156489,500
201300001514,13,5,18,345,3,1,1,1,6,364,LE HAUT BINGARD,M,4913520,-150503,500
201300001515,13,5,25,1930,1,1,1,1,7,198,LA BARBOTERIE,M,4913140,-157376,500
201300001516,13,6,13,1515,1,1,2,1,1,166,,M,4933520,-153328,500
201300001517,13,6,19,1830,1,1,2,1,3,151,,M,4919020,-157198,500
201300001518,13,6,24,1915,1,2,2,1,3,617,PLACE FRANCIS ENAULT,M,4933700,-149635,500
201300001519,13,6,30,1745,1,1,1,1,6,438,,M,4913640,-143318,500