Num_Acc,an,mois,jour,hrmn,lum,agg,int,atm,col,com,adr,gps,lat,long,dep
201300002116,13,8,26,1800,1,1,1,1,1,360,,M,0000000,0000000,720
201300002117,13,8,31,915,1,1,1,1,5,253,,M,0000000,0000000,720
201300002118,13,9,24,1930,1,1,1,1,6,096,,M,0000000,0000000,720
201300002119,13,10,11,730,4,1,2,2,3,168,,M,4802600,-014700,720
201300002120,13,11,10,2045,3,1,1,1,6,381,,M,0000000,0000000,720
201300002121,13,11,18,1745,2,1,1,1,3,073,,M,0000000,0000000,720
201300002122,13,11,29,1215,1,1,1,1,3,344,,M,0000000,0000000,720
201300002123,13,11,30,1000,1,1,1,1,3,360,,M,0000000,0000000,720
201300002124,13,12,5,745,2,1,1,1,3,344,,M,4794200,0011900,720
201300002125,13,12,9,1645,1,1,1,7,2,253,,M,4789600,0005300,720
201300002126,13,12,18,1245,1,1,1,1,1,381,,M,0000000,0000000,720
201300002127,13,1,24,715,2,2,6,1,2,154,rond point m?daill?s mil,M,4770200,-008600,720
201300002128,13,1,29,1930,5,2,1,2,6,154,rue rhin et danube,M,4770500,-008800,720
201300002129,13,5,18,1800,1,1,1,3,7,154,,M,4771000,-004800,720
201300002130,13,7,15,1200,1,2,1,1,1,154,estournelles de constant,M,0000000,0000000,720
201300002131,13,8,14,1530,1,2,2,1,3,154,avenue chippenham,M,4769000,-006400,720
201300002132,13,10,19,1230,1,2,1,1,2,154,rue de la Tour d'Auvergn,M,4770700,-005400,720
201300002133,13,12,3,815,2,2,6,5,2,154,ROND POINT DE LA GARE,M,4770200,-006900,720
201300002134,13,12,7,1945,3,1,1,1,5,154,,M,4769500,-014800,720
201300002135,13,12,16,1545,1,1,1,1,6,154,,M,0000000,0000000,720
201300002136,13,5,26,1115,1,2,1,1,6,071,12 rue des alisiers,M,4769900,0040900,720
201300002137,13,8,3,2300,3,1,1,1,7,115,,M,0000000,0000000,720
201300002138,13,1,1,115,3,1,1,2,1,021,,M,0000000,0000000,720
201300002139,13,2,1,1045,1,2,1,2,1,223,Rue du Mar?chal Foch,M,4786900,-010000,720
201300002140,13,4,25,2100,2,1,1,1,7,312,,M,4794200,-014300,720
201300002141,13,6,13,1615,1,1,1,1,1,223,,M,4785700,-014000,720
201300002142,13,7,19,1830,1,1,1,1,3,022,,M,4777000,-019100,720
201300002143,13,7,28,415,3,1,1,1,6,021,,M,0000000,0000000,720
201300002144,13,8,2,1800,1,1,1,1,1,184,,M,4798400,-017300,720
201300002145,13,9,2,1045,1,1,1,1,5,022,,M,4777000,-019000,720
201300002146,13,9,14,930,1,1,1,3,1,223,,M,0000000,0000000,720
201300002147,13,9,26,1545,1,1,1,1,1,239,,M,0000000,0000000,720
201300002148,13,11,18,1830,3,1,1,1,6,050,,M,4798100,-022400,720
201300002149,13,1,11,1800,1,1,1,1,6,191,,M,4777000,0030700,720
201300002150,13,1,11,1800,5,2,1,8,6,175,7 rue de la fleche,M,4770900,0006900,720
201300002151,13,6,25,930,1,1,1,1,3,243,,M,4775800,0019300,720
201300002152,13,7,8,1645,1,2,1,1,3,283,,M,4763000,0028100,720
201300002153,13,9,7,1100,1,1,1,1,6,160,,M,4769300,0035600,720
201300002154,13,10,25,1600,1,1,1,2,1,160,,M,4771900,0032900,720
201300002155,13,2,15,1715,1,1,1,1,6,151,,M,0000000,0000000,720
201300002156,13,2,19,1945,5,2,2,1,1,264,rue G?n?ral Leclerc,M,0000000,0000000,720
201300002157,13,3,19,30,3,1,1,1,6,264,,M,0000000,0000000,720
201300002158,13,8,2,1600,1,2,6,1,3,264,Place du Champ de Foire,M,0000000,0000000,720
201300002159,13,8,6,400,3,1,1,1,7,151,,M,0000000,0000000,720
201300002160,13,8,30,1745,1,1,1,7,1,244,,M,0000000,0000000,720
201300002161,13,10,14,645,5,1,1,8,3,343,LA CLOSERAIE DU BOIS,M,0000000,0000000,720
201300002162,13,3,16,645,2,1,2,1,3,112,,M,0000000,0000000,720
201300002163,13,4,18,2000,1,1,1,3,3,189,,M,0000000,0000000,720
201300002164,13,5,8,1030,1,2,1,1,7,180,2 place Carnot,M,0000000,0000000,720
201300002165,13,6,7,1245,1,1,1,1,3,180,,M,0000000,0000000,720
201300002166,13,7,10,745,1,1,1,1,1,086,,M,0000000,0000000,720
201300002167,13,8,18,2130,4,1,1,1,6,039,,M,0000000,0000000,720
201300002168,13,8,23,1045,1,1,1,1,3,259,,M,0000000,0000000,720
201300002169,13,9,17,1415,1,1,1,2,6,039,,M,0000000,0000000,720
201300002170,13,10,4,1600,1,1,3,1,3,317,,M,0000000,0000000,720
201300002171,13,10,16,1700,1,1,2,7,1,276,,M,0000000,0000000,720
201300002172,13,10,20,1715,1,1,1,1,6,295,,M,0000000,0000000,720
201300002173,13,11,7,1730,3,1,2,3,3,372,,M,4836317,0028991,720
201300002174,13,11,29,1930,3,1,1,1,1,295,,M,0000000,0000000,720
201300002175,13,12,10,1000,1,2,1,1,6,189,rue de BONNETABLE,M,4825159,0031645,720
201300002176,13,3,16,1945,3,1,1,1,6,041,,M,0000000,0000000,720
201300002177,13,6,30,1800,1,1,1,7,1,093,,M,0000000,0000000,720
201300002178,13,7,11,1930,1,1,1,9,7,132,,M,0000000,0000000,720
201300002179,13,7,12,1815,1,1,1,1,7,193,,M,4810400,0083200,720
201300002180,13,7,14,1115,1,2,1,1,1,363,"01 ""les perrieres""",M,0000000,0000000,720
201300002181,13,9,14,1030,1,2,1,2,6,132,RUE PIERRE BRULE,M,0000000,0000000,720
201300002182,13,10,27,1845,2,2,1,1,6,132,Avenue Georges Desnos,M,0000000,0000000,720
201300002183,13,1,5,815,3,1,1,1,6,284,,M,0000000,0000000,720
201300002184,13,4,29,1500,1,1,1,1,6,137,,M,4841100,0020100,720
201300002185,13,9,1,1800,1,1,1,1,7,212,,M,0000000,0000000,720
201300002186,13,9,5,230,3,1,1,1,6,137,,M,4843000,0025300,720
201300002187,13,11,24,1430,1,1,1,8,6,318,,M,4839900,0016700,720
201300002188,13,12,22,1745,2,2,3,1,3,006,,M,4841100,0008800,720
201300002189,13,2,3,1945,3,2,2,1,4,036,D60 / D949,M,0000000,0000000,850
201300002190,13,3,16,1130,1,2,1,1,5,135,20 RUE DE LA BOULAYE,M,0000000,0000000,850
201300002191,13,5,25,1800,1,1,1,1,5,213,SAINTE EUGENE,M,0000000,0000000,850
201300002192,13,6,9,1700,1,1,1,2,2,073,LE GRAND BEAUMONT,M,0000000,0000000,850
201300002193,13,7,6,2000,1,2,1,1,3,175,LE CARREFOUR,M,0000000,0000000,850
201300002194,13,7,10,1630,1,1,1,1,6,157,,M,0000000,0000000,850
201300002195,13,7,30,2030,1,1,1,1,1,036,LA GARE,M,0000000,0000000,850
201300002196,13,9,9,1315,1,2,1,2,1,073,61 RUE DE MAINCLAYE,M,0000000,0000000,850
201300002197,13,9,22,1745,1,1,1,1,2,046,CARREFOUR DE LA MICHENOT,M,4666603,-127549,850
201300002198,13,12,12,1200,1,2,1,2,2,069,19 RUE  LA GRENOUILLERE,M,0000000,0000000,850
201300002199,13,12,31,530,3,1,1,3,6,008,LA BIGAUDIERE,M,0000000,0000000,850
201300002200,13,1,21,1500,1,2,2,1,3,266,RUE DE L'OCEAN,M,0000000,0000000,850
201300002201,13,1,28,1130,1,1,1,1,6,051,LE PONT CHARRAULT,M,0000000,0000000,850
201300002202,13,3,9,1845,1,2,1,1,1,220,9 RUE DE LA METAIRIE,M,4671949,-102411,850
201300002203,13,4,3,830,1,2,1,1,6,212,6 RUE DU GRAND LOGIS,M,0000000,0000000,850
201300002204,13,7,11,1730,1,1,1,1,1,282,CHASSAIS,M,0000000,0000000,850
201300002205,13,8,18,600,5,2,1,1,1,165,RUE NATIONALE,M,0000000,0000000,850
201300002206,13,8,25,1015,1,2,1,8,2,089,95 RUE NATIONALE,M,0000000,0000000,850
201300002207,13,9,20,645,3,2,1,1,1,089,RUE DU CHATEAU D'EAU,M,0000000,0000000,850
201300002208,13,10,6,230,3,2,1,1,6,084,RUE DU ROULIN,M,0000000,0000000,850
201300002209,13,10,6,1500,1,2,1,1,3,246,RUE SAINTE AGATHE,M,0000000,0000000,850
201300002210,13,10,31,1830,2,1,1,1,6,034,PONT-BRIQUET,M,0000000,0000000,850
201300002211,13,11,4,1845,3,1,1,8,3,202,LA FORTIERE,M,0000000,0000000,850
201300002212,13,12,6,1545,1,2,1,1,1,089,RUE DU CHATEAU,M,0000000,0000000,850
201300002213,13,1,26,1615,1,2,1,1,3,109,PARKING LECLERC,M,4685799,-101452,850
201300002214,13,2,13,415,3,2,1,1,6,109,RUE DES PECHERS,M,0000000,0000000,850
201300002215,13,3,20,2130,5,1,9,1,7,109,,M,0000000,0000000,850
201300002216,13,4,1,1845,1,1,1,1,7,038,LA DURANDERIE,M,0000000,0000000,850
201300002217,13,5,19,1815,1,2,1,8,6,109,AVENUE DE LA MAINE,M,0000000,0000000,850
201300002218,13,6,6,1645,1,1,2,1,3,153,BELLEVUE,M,0000000,0000000,850
201300002219,13,7,8,1830,1,1,1,1,2,242,LA TRAVERSIERE,M,0000000,0000000,850
201300002220,13,7,25,1700,1,1,1,1,3,153,GRAVEREAU,M,0000000,0000000,850
201300002221,13,8,9,2130,2,1,1,1,5,242,LA TRAVERSERIE,M,0000000,0000000,850
201300002222,13,8,26,1815,1,2,1,1,1,153,RUE DE L'OUEST,M,4677969,-106342,850
201300002223,13,10,9,2100,5,2,1,1,3,109,AVENUE DES SABLES,M,0000000,0000000,850
201300002224,13,11,17,345,3,1,1,8,6,109,2 LES HAUTES BARROUERES,M,4688222,-107985,850
201300002225,13,11,18,1845,5,2,1,1,1,109,ROUTE DES SABLES,M,0000000,0000000,850
201300002226,13,12,4,1300,1,1,1,1,1,215,LA LERANDIERE,M,0000000,0000000,850
201300002227,13,12,11,700,3,1,1,5,1,064,LA SERVANTIERE,M,0000000,0000000,850
201300002228,13,12,12,630,3,1,1,9,6,215,LA CRABOTEE,M,0000000,0000000,850
201300002229,13,1,21,645,2,2,6,8,2,027,PORTE DE BOUFFERE,M,0000000,0000000,850
201300002230,13,3,9,1630,1,1,1,1,3,272,LA BERNERIE,M,0000000,0000000,850
201300002231,13,3,12,1130,1,1,1,1,7,107,LE FOSSE NEUF,M,0000000,0000000,850
201300002232,13,3,16,1600,1,2,1,1,3,295,3 RUE JEAN MOULIN,M,4698389,-123777,850
201300002233,13,3,21,1145,1,1,1,2,6,262,,M,0000000,0000000,850
201300002234,13,4,20,1030,1,1,1,1,5,039,LES ETONNELIERES,M,0000000,0000000,850
201300002235,13,4,21,2230,3,1,1,1,2,197,LA CHAGNAIS,M,0000000,0000000,850
201300002236,13,4,29,1445,1,1,1,1,3,039,LE PAVILLON,M,0000000,0000000,850
201300002237,13,5,17,1830,1,1,1,1,6,224,,M,0000000,0000000,850
201300002238,13,5,24,2030,1,1,1,3,1,217,,M,0000000,0000000,850
201300002239,13,6,16,715,1,1,1,1,1,027,,M,0000000,0000000,850
201300002240,13,7,13,1,3,1,1,1,6,025,,M,0000000,0000000,850
201300002241,13,7,18,1330,1,1,1,1,6,025,LA LIGNEE,M,0000000,0000000,850
201300002242,13,8,7,345,3,1,1,1,6,217,LA FAUBRETIERE,M,0000000,0000000,850
201300002243,13,8,23,1830,1,1,1,1,6,039,LA BROSSE,M,0000000,0000000,850
201300002244,13,9,1,1845,1,1,1,1,1,224,,M,0000000,0000000,850
201300002245,13,9,4,1945,2,1,1,1,3,224,LA GRANDE BERNERIE,M,0000000,0000000,850
201300002246,13,12,27,200,3,1,2,2,3,262,LA HAUTE FAVRIE,M,0000000,0000000,850
201300002247,13,2,8,1630,1,1,1,1,1,151,LA RIGAUDIERE,M,0000000,0000000,850
201300002248,13,2,22,2200,3,1,1,1,7,151,,M,0000000,0000000,850
201300002249,13,7,17,1130,1,1,9,7,3,097,,M,0000000,0000000,850
201300002250,13,7,19,1500,1,1,1,1,1,247,,M,0000000,0000000,850
201300002251,13,8,17,1100,1,1,1,1,5,302,LA MAMINIERE,M,0000000,0000000,850
201300002252,13,10,19,1400,1,2,1,1,3,097,RUE DES ALOUETTES,M,0000000,0000000,850
201300002253,13,11,24,715,3,1,1,1,6,119,,M,0000000,0000000,850
201300002254,13,1,9,1445,1,1,1,1,6,019,,M,0000000,0000000,850
201300002255,13,1,25,1945,3,1,1,1,6,178,LES AJONNETS,M,0000000,0000000,850
201300002256,13,2,1,1845,3,1,1,2,2,019,,M,0000000,0000000,850
201300002257,13,5,1,345,3,1,1,2,7,191,LA JAUSINIERE,M,0000000,0000000,850
201300002258,13,6,5,1100,1,1,2,7,3,178,LA MAUMARNIERE,M,0000000,0000000,850
201300002259,13,7,20,1430,1,1,1,1,6,300,BELLEVUE,M,0000000,0000000,850
201300002260,13,9,9,900,1,2,6,2,6,003,RUE DE L'HOTEL DE VILLE,M,4673975,-160765,850
201300002261,13,9,26,1145,1,2,1,2,3,208,RUE GEORGES CLEMENCEAU,M,0000000,0000000,850
201300002262,13,10,1,1745,1,1,1,8,7,178,124 MOULIN DES ORANGES,M,4673705,-144459,850
201300002263,13,11,8,930,1,1,1,2,7,019,,M,0000000,0000000,850
201300002264,13,1,8,730,2,2,6,1,1,092,BD DU CHAIL,M,0000000,0000000,850
201300002265,13,3,12,800,1,1,1,1,3,177,LA MOUZINIERE,M,0000000,0000000,850
201300002266,13,3,15,1715,1,2,1,1,6,092,23 RUE AMAND BUJARD,M,4646573,-081991,850
201300002267,13,4,9,1400,1,2,2,1,3,092,RUE DE LA REPUBLIQUE,M,0000000,0000000,850
201300002268,13,5,20,1200,1,2,1,1,6,092,21 RUE DU PORT,M,4646413,-080294,850
201300002269,13,7,12,745,1,1,1,1,1,092,,M,0000000,0000000,850
201300002270,13,7,18,1845,1,2,1,1,3,092,AV. FRANCOIS MITTERRAND,M,0000000,0000000,850
201300002271,13,8,14,2015,1,1,2,1,3,167,BADORIT-ROUTE DE MERITE,M,0000000,0000000,850
201300002272,13,8,29,715,1,1,1,1,1,092,,M,0000000,0000000,850
201300002273,13,11,10,1830,3,1,1,1,4,256,,M,0000000,0000000,850
201300002274,13,1,7,915,1,2,1,2,6,128,RUE DU PDT DE GAULLE,M,0000000,0000000,850
201300002275,13,4,26,1900,1,1,1,1,1,255,ROUTE DE SAINT-DENIS,M,0000000,0000000,850
201300002276,13,5,5,945,1,1,1,1,3,267,L'ESSART,M,0000000,0000000,850
201300002277,13,7,19,1215,1,1,1,1,1,267,PONT DU BRAULT,M,0000000,0000000,850
201300002278,13,8,6,2045,1,2,1,1,3,131,ROUTE DU SABLEAU,M,0000000,0000000,850
201300002279,13,9,14,1400,1,1,1,2,1,128,LA ROULIERE,M,0000000,0000000,850
201300002280,13,9,29,1830,1,1,1,1,1,128,CHEMIN DU BOIS MOCQUA,M,0000000,0000000,850
201300002281,13,12,11,1130,1,2,1,9,5,058,RUE GEORGES CLEMENCEAU,M,0000000,0000000,850
201300002282,13,1,15,1300,1,1,4,1,1,132,CARREFOUR DE SAINT-ROMAN,M,0000000,0000000,850
201300002283,13,7,16,1715,1,1,1,1,1,306,LA TABAC,M,0000000,0000000,850
201300002284,13,10,2,2130,3,1,1,1,1,020,,M,0000000,0000000,850
201300002285,13,1,28,830,1,1,1,9,1,031,LA PELISSONNIERE,M,0000000,0000000,850
201300002286,13,3,23,1600,1,2,1,1,1,141,CHEMIN DU LEVAN,M,4673134,-071079,850
201300002287,13,5,3,1900,1,1,3,1,3,264,LA GOURMAUDIERE,M,0000000,0000000,850
201300002288,13,5,9,2315,3,1,1,1,6,059,LA CORMENERIE,M,0000000,0000000,850
201300002289,13,5,30,1230,1,1,1,3,1,264,LA GRATTELIERE,M,4668911,-073947,850
201300002290,13,7,19,1930,1,1,1,1,3,257,,M,0000000,0000000,850
201300002291,13,8,23,1430,1,2,3,1,3,059,27 RUE DES JACOBINS,M,4665151,-073981,850
201300002292,13,9,19,845,1,1,3,7,3,182,LA COCULIERE,M,0000000,0000000,850
201300002293,13,9,22,915,1,1,1,1,6,125,RETE,M,0000000,0000000,850
201300002294,13,10,11,245,3,1,1,1,3,031,LE MOULIN AUX DRAPS,M,0000000,0000000,850
201300002295,13,10,29,1730,2,1,2,1,3,257,LA BONNELIERE,M,0000000,0000000,850
201300002296,13,11,30,145,3,1,2,2,3,251,BOURGNEUF,M,0000000,0000000,850
201300002297,13,3,10,1615,1,1,1,1,6,174,CLOUPINOT,M,0000000,0000000,850
201300002298,13,6,26,2345,3,1,1,1,1,188,,M,0000000,0000000,850
201300002299,13,10,27,1645,1,1,1,1,7,223,LE MOULIN DE LA LOURIE,M,0000000,0000000,850
201300002300,13,5,3,1645,1,1,1,1,7,047,SORTIE LA BLOIRE,M,0000000,0000000,850
201300002301,13,5,10,1700,1,1,1,1,1,095,LA BOURIERE,M,0000000,0000000,850
201300002302,13,6,4,1715,1,1,1,1,3,210,CARREFOUR DE LA BOUTIERE,M,0000000,0000000,850
201300002303,13,6,25,1730,1,1,2,1,3,280,,M,0000000,0000000,850
201300002304,13,7,14,1215,1,1,1,1,3,280,,M,0000000,0000000,850
201300002305,13,7,23,2130,2,2,1,1,6,047,40 BOULEVARD JEAN YOLE,M,4683914,-187531,850
201300002306,13,7,24,1015,1,1,1,1,3,280,LES MORANDIERES,M,0000000,0000000,850
201300002307,13,8,2,2215,3,1,1,1,6,047,CHEMIN DES VIGNES,M,4680846,-186934,850
201300002308,13,9,1,1230,1,1,1,1,6,096,LE PLATEAU DE JUCHEPIE,M,0000000,0000000,850
201300002309,13,9,6,845,1,2,1,1,1,047,RUE DES PLANTES,M,4684921,-187360,850
201300002310,13,9,21,2130,3,1,1,1,6,096,LA RICHARDIERE,M,0000000,0000000,850
201300002311,13,10,23,1015,1,1,1,1,3,047,MON RIVAGE,M,4684511,-181518,850
201300002312,13,11,7,1115,1,1,1,1,6,086,LA CARTERON,M,0000000,0000000,850
201300002313,13,11,12,830,1,1,4,2,3,096,LA ROMAZIERE,M,0000000,0000000,850
201300002314,13,12,7,130,3,1,1,1,7,096,,M,0000000,0000000,850
201300002315,13,12,11,745,1,1,1,9,6,006,LE PETIT BOURG,M,0000000,0000000,850
201300002316,13,12,13,1715,5,2,1,2,6,047,Route des Sables,M,0000000,0000000,850
201300002317,13,7,18,1430,1,2,1,1,3,113,RUE DE LA MEULE,M,4669950,-234791,850
201300002318,13,2,17,615,3,1,1,8,7,118,LA GROLLE,M,0000000,0000000,850
201300002319,13,5,9,1315,1,2,3,1,3,118,RUE NICOLON DES ABBAYES,M,0000000,0000000,850
201300002320,13,5,15,1500,1,1,1,1,1,112,LA GIRARDIERE,M,0000000,0000000,850
201300002321,13,7,27,1430,1,1,1,6,2,052,,M,0000000,0000000,850
201300002322,13,8,18,15,3,1,1,1,6,016,LA GUERINIERE,M,0000000,0000000,850
201300002323,13,10,20,2145,3,1,1,1,1,218,MARIE ROSES,M,0000000,0000000,850
201300002324,13,11,18,715,5,2,1,1,6,112,38 RUE DE LA VERTONNE,M,0000000,0000000,850
201300002325,13,11,23,30,3,1,1,1,6,214,LES PORTES D'OLONNE,M,0000000,0000000,850
201300002326,13,1,10,1930,3,1,3,8,3,071,LE MOULIN A VENT,M,0000000,0000000,850
201300002327,13,2,16,1545,1,2,1,1,6,226,158 AvLA PELLE A PORTEAU,M,4669616,-196004,850
201300002328,13,3,26,1500,1,1,1,1,1,226,ROUTE DE SOULLANS,M,0000000,0000000,850
201300002329,13,4,26,1545,1,1,1,1,3,071,LA GARSILLIERE,M,0000000,0000000,850
201300002330,13,4,30,1245,1,1,1,2,1,268,SAINT-BENOIST,M,0000000,0000000,850
201300002331,13,5,18,1515,1,2,1,1,3,222,QUAI GORIN,M,0000000,0000000,850
201300002332,13,7,18,815,1,2,1,1,2,002,RUE GEORGES CLEMENCEAU,M,0000000,0000000,850
201300002333,13,8,7,1900,1,1,1,1,7,071,GAS JEAN,M,0000000,0000000,850
201300002334,13,8,9,1630,1,2,9,1,3,222,semi rapide face station,M,0000000,0000000,850
201300002335,13,9,7,1530,1,2,1,1,2,222,91 ROUTE DES SABLES,M,0000000,0000000,850
201300002336,13,9,14,1745,1,2,1,3,6,070,RUE DES VIGNES,M,4669877,-176026,850
201300002337,13,9,24,1845,1,1,1,1,3,088,CHEMIN DU GRAND FIEF,M,4670559,-189449,850
201300002338,13,12,16,1745,1,2,1,1,6,222,22 QUAI DE LA REPUBLIQUE,M,0000000,0000000,850
201300002339,13,1,4,1715,1,1,1,1,3,012,,M,0000000,0000000,850
201300002340,13,2,6,945,1,1,4,1,1,284,Carrefour MASSOTE,M,0000000,0000000,850
201300002341,13,2,12,1000,1,2,1,1,6,234,15 BOULEVARD Mal LECLERC,M,4679072,-205671,850
201300002342,13,2,8,1030,1,1,1,1,7,018,,M,0000000,0000000,850
201300002343,13,3,30,945,1,1,1,8,6,029,RUE DU PORT,M,0000000,0000000,850
201300002344,13,4,14,1845,1,1,1,1,5,164,RUE DE LA BARRE,M,0000000,0000000,850
201300002345,13,5,11,1230,1,1,1,1,1,234,RUE DE NOTRE DAME,M,0000000,0000000,850
201300002346,13,6,21,1545,1,2,1,1,1,172,CHEMIN DE LA CHAPELLERIE,M,4681517,-199240,850
201300002347,13,6,23,2245,3,1,1,1,7,018,LE MARAIS BUOR,M,0000000,0000000,850
201300002348,13,7,17,830,1,1,2,1,3,284,CHEMIN DU GRAND LAY,M,0000000,0000000,850
201300002349,13,7,24,1815,1,1,1,1,6,273,,M,0000000,0000000,850
201300002350,13,7,26,845,1,2,6,1,3,234,R-POINT DES FONTENELLES,M,0000000,0000000,850
201300002351,13,8,27,1115,1,2,1,1,6,234,BOULEVARD DE LA MER,M,4678552,-207645,850
201300002352,13,9,6,1445,1,2,1,1,6,164,37 AVENUE DE LA MER,M,4683092,-213415,850
201300002353,13,9,24,1845,1,2,1,1,6,018,RUE DU 11 NOVEMBRE,M,4691528,-204044,850
201300002354,13,9,25,1530,1,1,1,1,2,012,LA FORTINIERE,M,0000000,0000000,850
201300002355,13,12,13,1345,1,1,1,1,1,029,,M,0000000,0000000,850
201300002356,13,12,16,1600,1,1,1,7,2,234,59 ROUTE DE LA PIBOLE,M,4679674,-203160,850
201300002357,13,2,23,2030,3,1,1,1,5,026,LA POIRAUDIERE,M,0000000,0000000,850
201300002358,13,3,8,1730,1,1,1,1,1,294,,M,4635098,-144830,850
201300002359,13,4,20,1700,1,2,1,1,6,307,61 AVENUE DE LA PLAGE,M,4633253,-132347,850
201300002360,13,4,28,1600,1,2,1,1,6,127,CHEMIN GRANDES PLANTES,M,4640330,-150048,850
201300002361,13,5,18,1945,1,1,1,1,5,288,AVENUE DE L'ATLANTIQUE,M,0000000,0000000,850
201300002362,13,5,27,1315,1,1,1,1,6,010,L'ISABELLIERE,M,0000000,0000000,850
201300002363,13,6,19,1815,1,1,1,1,1,026,RUE DE LA PETITE CROIX,M,4656790,-145797,850
201300002364,13,7,1,1045,1,2,1,1,3,127,4 BD DU 8 MAI 1945,M,4642202,-149175,850
201300002365,13,7,3,1845,1,1,1,1,1,294,,M,0000000,0000000,850
201300002366,13,7,8,1000,1,2,6,1,6,294,ROND-POINT DES JONCS,M,0000000,0000000,850
201300002367,13,7,13,715,1,1,2,1,3,022,,M,0000000,0000000,850
201300002368,13,8,15,2345,5,2,1,1,6,288,AVENUE DU MOULIN,M,4644861,-166887,850
201300002369,13,8,23,600,3,1,1,5,6,127,,M,0000000,0000000,850
201300002370,13,9,2,715,2,1,1,1,1,026,LE MOULIN CASSE,M,0000000,0000000,850
201300002371,13,9,14,1430,1,1,2,3,3,101,CHAMP DU CHENE,M,0000000,0000000,850
201300002372,13,9,29,1745,2,2,1,7,5,294,RUE DU PHARE,M,4634340,-144570,850
201300002373,13,10,17,1815,2,1,1,1,7,288,LA MARZELLE,M,4650670,-157881,850
201300002374,13,12,21,515,2,1,1,1,1,103,LES BARBIERES,M,0000000,0000000,850
201300002375,13,3,19,1745,1,1,1,1,3,436,,M,0000000,0000000,330
201300002376,13,4,14,1715,1,1,1,1,3,436,,M,0000000,0000000,330
201300002377,13,5,17,2000,2,2,2,3,3,498,rue va au champ,M,4455400,-086900,330
201300002378,13,7,14,900,1,1,1,1,1,042,,M,4452800,-080000,330
201300002379,13,8,4,1615,1,2,1,1,1,029,Avenue des Pyr?n?es,M,0000000,0000000,330
201300002380,13,10,22,1700,1,1,1,2,1,029,,M,0000000,0000000,330
201300002381,13,1,26,1815,1,2,1,1,3,019,rue de Bordeaux,M,4469600,-098900,330
201300002382,13,3,15,1530,1,1,1,1,2,019,,M,4468400,-101000,330
201300002383,13,3,24,1945,2,1,1,2,7,555,,M,4471400,-082200,330
201300002384,13,3,28,1330,1,1,1,1,2,284,,M,4460300,-093900,330
201300002385,13,4,14,2230,3,1,1,1,1,284,,M,4456200,-098100,330
201300002386,13,4,13,1130,1,1,1,1,6,555,,M,4471400,-082300,330
201300002387,13,7,11,1700,1,2,1,1,1,019,37 rue ernest de boissie,M,4469200,-101899,330
201300002388,13,12,16,1800,5,2,1,1,6,284,RUE DE TESTAROUCH,M,0000000,0000000,330
201300002389,13,3,2,1115,1,2,1,1,6,056,rue jeanne d'arc,M,0000000,0000000,330
201300002390,13,3,16,1800,1,1,1,2,6,056,,M,0000000,0000000,330
201300002391,13,4,6,30,3,1,1,1,3,519,,M,0000000,0000000,330
201300002392,13,4,24,1845,1,2,1,1,1,519,49 Rue du stade,M,0000000,0000000,330
201300002393,13,9,27,700,2,1,2,1,3,519,,M,0000000,0000000,330
201300002394,13,10,8,900,1,2,1,7,6,519,13 avenue de la boetie,M,0000000,0000000,330
201300002395,13,10,21,815,1,2,1,1,6,056,rue de guyenne,M,0000000,0000000,330
201300002396,13,11,19,1300,1,1,1,2,1,056,,M,0000000,0000000,330
201300002397,13,4,29,930,1,1,1,1,1,236,,M,0000000,0000000,330
201300002398,13,5,4,600,5,2,1,5,6,011,76 avenue Gnl de Gaulle,M,0000000,0000000,330
201300002399,13,5,26,1230,1,2,1,1,3,236,"int. D106, rte truc vert",M,0000000,0000000,330
201300002400,13,6,27,830,1,2,1,1,3,236,ROUTE DU CAP FERRET,M,0000000,0000000,330
201300002401,13,7,15,230,5,1,1,1,1,236,,M,0000000,0000000,330
201300002402,13,12,26,945,1,1,1,3,6,236,,M,4473500,-119600,330
201300002403,13,7,6,1500,1,2,1,1,5,422,691 avenue du las,M,0000000,0000000,330
201300002404,13,3,28,1745,1,1,1,1,1,449,,M,0000000,0000000,330
201300002405,13,4,14,1745,1,2,1,1,1,449,avenue Descartes,M,0000000,0000000,330
201300002406,13,5,28,1630,1,2,1,1,3,449,RUE CLEMENT DESSALLES,M,0000000,0000000,330