Num_Acc,an,mois,jour,hrmn,lum,agg,int,atm,col,com,adr,gps,lat,long,dep
201300003026,13,9,27,2015,3,1,1,1,1,177,,M,0000000,0000000,860
201300003027,13,7,24,1745,1,1,1,1,5,276,,M,0000000,0000000,860
201300003028,13,7,15,900,1,2,1,1,3,100,67 bis route de  Poitier,M,4654700,0027800,860
201300003029,13,10,18,1255,1,1,1,1,1,050,Rte de la Thibaudi�re,M,4665500,0003000,860
201300003030,13,11,19,1815,5,2,1,1,1,166,Rue de la F?e M?lusine,M,4655900,0013900,860
201300003031,13,6,6,1215,1,1,1,7,3,174,,M,4677700,0051000,860
201300003032,13,3,24,1725,1,1,2,1,3,096,,M,0000000,0000000,860
201300003033,13,4,10,715,2,1,1,1,1,127,,M,4692800,0048100,860
201300003034,13,5,19,530,2,1,1,1,6,272,,M,0000000,0000000,860
201300003035,13,7,12,1100,1,1,1,1,1,096,,M,4681500,0032100,860
201300003036,13,8,1,1800,1,1,1,1,6,265,vc les tuileries,M,4688200,0035400,860
201300003037,13,9,11,800,1,1,1,7,1,258,,M,4681800,0042300,860
201300003038,13,11,5,830,1,1,3,3,3,224,,M,4692300,0044100,860
201300003039,13,11,10,200,3,1,1,3,6,272,,M,0000000,0000000,860
201300003040,13,12,1,245,3,1,1,1,6,272,,M,4683200,0047100,860
201300003041,13,12,15,930,1,1,1,7,6,272,,M,4686100,0046600,860
201300003042,13,6,11,2230,3,1,1,1,6,161,,M,0000000,0000000,860
201300003043,13,10,11,930,1,1,2,1,3,137,Intersection D47/D147,M,0000000,0000000,860
201300003044,13,11,22,1745,2,1,2,1,3,049,,M,0000000,0000000,860
201300003045,13,12,8,1430,1,1,2,1,3,137,,M,0000000,0000000,860
201300003046,13,3,23,1645,1,1,1,1,7,086,,M,0000000,0000000,860
201300003047,13,4,11,630,2,1,1,3,1,298,,M,0000000,0000000,860
201300003048,13,12,14,745,2,1,1,9,6,014,,M,0000000,0000000,860
201300003049,13,4,2,2115,3,2,1,1,6,167,RUE DE LA CHAMBAUDIERE,M,4692700,0020900,860
201300003050,13,4,20,1645,1,1,2,1,3,075,,M,4681700,0017300,860
201300003051,13,10,2,1215,1,1,1,1,3,161,,M,4690300,0002300,860
201300003052,13,2,20,1800,2,1,1,1,1,034,,M,0000000,0000000,860
201300003053,13,4,14,630,2,1,1,9,6,140,,M,0000000,0000000,860
201300003054,13,8,2,2145,3,1,9,3,3,170,,M,0000000,0000000,860
201300003055,13,9,24,1500,1,1,8,1,1,254,,M,0000000,0000000,860
201300003056,13,1,7,1830,5,2,1,8,6,070,"54, route de POITIERS",M,4657300,0063900,860
201300003057,13,2,15,1015,1,1,1,1,1,226,,M,4656400,0049100,860
201300003058,13,6,13,1815,1,1,1,2,3,070,,M,4653300,0072600,860
201300003059,13,6,17,845,1,1,1,1,5,114,,M,0000000,0000000,860
201300003060,13,6,28,900,1,1,1,2,7,028,,M,4660100,0046200,860
201300003061,13,9,9,1800,1,1,2,2,3,070,,M,4662300,0065000,860
201300003062,13,9,18,730,2,1,1,2,1,268,,M,4652300,0053200,860
201300003063,13,11,10,645,3,1,1,8,6,226,,M,4656400,0047000,860
201300003064,13,11,14,1845,5,2,1,2,6,226,36 route de Chauvigny,M,0000000,0000000,860
201300003065,13,1,27,1545,1,1,1,3,7,061,,M,0000000,0000000,860
201300003066,13,3,4,1315,1,1,1,1,3,078,,M,4615000,0030300,860
201300003067,13,4,6,1745,1,1,1,1,7,255,,M,4620400,0031600,860
201300003068,13,6,16,1545,1,1,2,1,3,029,,M,0000000,0000000,860
201300003069,13,11,3,1845,3,1,1,2,1,029,,M,0000000,0000000,860
201300003070,13,1,20,1315,1,1,1,1,7,234,,M,4622800,0053000,860
201300003071,13,1,23,815,1,1,1,9,1,159,,M,4623200,0073300,860
201300003072,13,11,17,15,3,1,1,1,6,001,,M,4623500,0080900,860
201300003073,13,11,14,2000,5,2,1,8,6,246,RUE NATIONALE,M,4657000,0086800,860
201300003074,13,3,26,1500,1,1,1,1,3,118,,M,4645000,0097300,860
201300003075,13,1,2,1000,1,1,1,5,4,061,Quartier de la Loge,M,4570406,0026595,160
201300003076,13,5,31,1930,1,1,6,1,7,078,Le Mauvais Pas,M,4569094,0019378,160
201300003077,13,6,26,900,1,1,1,1,7,078,Chez Sureau,M,4569004,0021056,160
201300003078,13,7,31,2045,2,1,1,1,2,146,La Grand-Font,M,4561964,0026703,160
201300003079,13,8,3,1030,1,1,9,1,2,078,rue le l'Aretier,M,4569315,0017987,160
201300003080,13,8,28,2045,2,1,1,1,6,061,Camp de la Braconne,M,4572002,0029661,160
201300003081,13,10,2,1245,1,2,1,1,6,385,route de Bois Blanc,M,4566153,0026037,160
201300003082,13,11,16,1600,1,1,9,1,2,061,,M,4572091,0026634,160
201300003083,13,1,11,2030,3,1,2,1,6,119,pointe du Chemin rouge,M,4553912,-027383,160
201300003084,13,11,14,1730,3,1,1,2,1,120,,M,4560111,0026429,160
201300003085,13,4,27,845,1,1,2,1,3,230,Le poteau de St Cybard,M,4542412,0014889,160
201300003086,13,6,6,2230,3,2,1,1,1,073,La pointe des Groix,M,4526957,0005414,160
201300003087,13,6,13,2245,3,1,1,1,3,227,Les Petites Loges,M,4534277,0021024,160
201300003088,13,7,7,930,1,1,1,1,6,424,Le Retouble,M,4525069,-003971,160
201300003089,13,7,21,1115,1,2,1,1,6,073,"33, avenue de la gare",M,4527198,0004302,160
201300003090,13,8,10,1530,1,2,1,1,3,230,rue henry Dunant,M,4539758,0012859,160
201300003091,13,5,2,1145,1,1,1,1,1,097,,M,4575024,-030094,160
201300003092,13,5,10,745,1,1,1,1,1,169,Roumillac,M,4569788,-036888,160
201300003093,13,8,8,1430,1,1,1,1,7,193,Fraingant,M,4571676,-039033,160
201300003094,13,11,8,1445,1,2,1,1,6,169,Chemin de Saint-Remy,M,4570333,-036232,160
201300003095,13,5,7,1415,1,1,3,1,1,380,Les Landes du Moulin,M,4538910,0020113,160
201300003096,13,6,6,2130,2,1,1,1,7,053,La Gassouille,M,4534554,-020841,160
201300003097,13,6,7,1415,1,1,1,1,1,030,Chez Dauve,M,4548160,-023172,160
201300003098,13,6,21,2130,1,1,2,1,3,030,,M,4549247,-019735,160
201300003099,13,7,10,1200,1,1,1,1,1,380,Chez Landreau,M,4539410,-021046,160
201300003100,13,7,14,1115,1,2,6,1,2,099,Toutvent,M,4536136,-008408,160
201300003101,13,7,28,700,2,1,1,1,6,160,Le Bois de Guimps,M,4545396,-025241,160
201300003102,13,8,2,1745,1,1,1,1,2,160,La Roche,M,4545126,-026061,160
201300003103,13,8,11,2115,4,2,1,1,6,028,Rue Pierre Mendes France,M,4547415,-014981,160
201300003104,13,8,25,1945,1,1,2,1,3,251,,M,4536199,-012992,160
201300003105,13,10,14,600,3,1,1,3,6,303,le Maine de la republiqu,M,4545790,-008594,160
201300003106,13,11,12,1815,2,1,1,1,6,160,Le Mancou,M,4545729,-024270,160
201300003107,13,4,2,2200,3,1,1,1,7,171,L'Echalotte,M,4559943,-028904,160
201300003108,13,4,20,1345,1,1,1,1,7,145,Les Rocs,M,4572070,-011483,160
201300003109,13,3,4,1645,1,1,1,1,6,164,,M,4603303,0058160,160
201300003110,13,6,14,1400,1,2,1,1,2,070,La Broussauderie,M,4587814,0072642,160
201300003111,13,7,4,1830,1,1,3,1,1,134,Chez Vouivet,M,4589262,0064677,160
201300003112,13,7,9,1715,1,1,1,1,7,132,La Faye,M,4588123,0079514,160
201300003113,13,8,6,1700,1,2,1,8,6,106,4 rue de l'Ouillette,M,4609940,0065716,160
201300003114,13,8,9,1030,1,1,3,1,1,164,Les Cavailles,M,4605237,0057838,160
201300003115,13,10,4,1400,1,1,1,8,6,065,Aunac,M,4607919,0076689,160
201300003116,13,11,12,1115,1,1,1,2,6,001,,M,4609007,0070497,160
201300003117,13,11,24,345,4,1,1,1,6,009,,M,4598669,0052907,160
201300003118,13,11,24,445,3,1,1,1,6,134,Lafachie,M,4598669,0066963,160
201300003119,13,12,30,1015,1,2,1,1,6,259,Route d'exideuil,M,4588334,0062006,160
201300003120,13,1,9,1815,5,2,3,2,3,336,Agglo d'Artenac,M,4584116,0033625,160
201300003121,13,4,5,1745,1,2,1,1,3,329,,M,4594174,0047900,160
201300003122,13,5,4,2345,4,2,1,1,6,085,avenue de la Republique,M,4582771,0045351,160
201300003123,13,7,20,1615,1,1,1,1,6,085,Chez Berton,M,4579997,0045022,160
201300003124,13,8,6,700,1,1,1,2,7,192,Le Beau des Mineurs,M,4587900,0056545,160
201300003125,13,8,11,1930,1,1,3,1,3,308,La Teille,M,4590144,0045782,160
201300003126,13,8,30,745,1,1,1,1,5,375,La casse de Bord,M,4583998,0048847,160
201300003127,13,9,15,130,3,1,1,1,6,096,,M,4581883,0057157,160
201300003128,13,9,12,1500,1,2,1,8,3,308,Place Sadi Carnot,M,4589399,0046609,160
201300003129,13,10,9,1630,1,1,1,8,1,245,,M,4586533,0053218,160
201300003130,13,10,13,1100,1,1,1,8,6,085,Les Versennes,M,4579807,0043528,160
201300003131,13,11,6,2015,5,1,1,1,1,192,Les F�raux,M,4587314,0055488,160
201300003132,13,11,22,1645,1,1,1,1,7,068,Chez Jollet,M,4591230,0038669,160
201300003133,13,4,19,1600,1,1,1,1,3,253,Les Grandes Groies,M,4601140,0000773,160
201300003134,13,4,28,1715,1,1,2,1,3,378,,M,4606864,0023637,160
201300003135,13,5,7,1915,1,1,1,1,6,114,Le Lac de Bouton,M,4593537,0030603,160
201300003136,13,6,6,1545,1,1,1,1,6,002,,M,4607997,0019101,160
201300003137,13,6,7,1900,1,1,1,1,1,110,Les Gros Chirons,M,4598043,0014065,160
201300003138,13,6,7,1900,1,2,1,1,7,292,Bd du Portal,M,4603047,0019942,160
201300003139,13,7,23,1730,1,1,1,1,2,002,Les Bois de la Ronde,M,4608776,0019086,160
201300003140,13,1,6,1000,1,2,1,1,1,234,Agglom�ration Malvieille,M,4567550,-002892,160
201300003141,13,2,28,1215,1,1,3,1,3,019,Le Cerisier,M,4571074,0007725,160
201300003142,13,7,25,715,1,1,1,1,3,348,La Croix du Fils,M,4567049,0002499,160
201300003143,13,9,1,915,1,2,1,1,6,138,La cotede Sainte Barbe,M,4567397,0010576,160
201300003144,13,10,25,1000,1,2,1,2,6,187,Chez Siret,M,4564982,0007687,160
201300003145,13,11,25,745,2,2,1,1,3,163,CHEMIN DU PARC,M,4567320,0000542,160
201300003146,13,2,10,100,4,2,1,5,7,206,La Gagnarderie,M,4588040,0018235,160
201300003147,13,2,12,815,1,1,1,4,1,272,Les Moli�res,M,4587754,0023896,160
201300003148,13,3,17,1445,1,1,1,1,7,068,Les Pins,M,4589275,0033801,160
201300003149,13,6,22,1945,1,1,1,2,6,140,Les Coirards,M,4589301,0019528,160
201300003150,13,10,21,1145,1,1,2,6,3,383,Coeur Joyeux,M,4580389,-021689,160
201300003151,13,12,15,1045,1,1,1,9,6,318,Les Grands Genets,M,4590431,0026720,160
201300003152,13,1,3,1330,1,2,1,1,3,406,LE PANISSAUD,M,4567709,0040683,160
201300003153,13,5,22,415,3,1,1,2,6,137,La petite Motte Chateau,M,4560570,0048287,160
201300003154,13,11,11,1645,1,1,2,1,3,372,,M,4561105,0050256,160
201300003155,13,1,30,1845,3,1,2,1,3,122,La Font des marais,M,4594902,0004715,160
201300003156,13,5,27,1115,1,1,1,1,1,221,45.87168,M,4587168,-001252,160
201300003157,13,7,1,1345,1,1,2,1,3,390,Le Magnou,M,4592947,0007896,160
201300003158,13,8,8,200,3,1,1,1,7,194,Les Marais des Gours,M,4594583,-006428,160
201300003159,13,8,10,1630,1,1,3,1,3,194,l'Ager,M,4594360,-085530,160
201300003160,13,5,18,1845,1,1,1,3,1,193,,M,4610949,-108428,170
201300003161,13,6,6,730,1,1,1,1,3,109,,M,4613650,-101574,170
201300003162,13,7,9,1945,1,1,2,1,3,194,,M,4613556,-100941,170
201300003163,13,8,16,1230,1,1,1,1,3,094,,M,4609197,-109928,170
201300003164,13,12,23,1915,3,1,1,6,5,315,,M,4613607,-093745,170
201300003165,13,2,18,1245,1,1,1,1,1,267,,M,4623200,-091700,170
201300003166,13,7,18,1400,1,1,1,1,5,091,,M,4627371,-106787,170
201300003167,13,8,1,1845,1,1,1,1,6,439,,M,4633610,-082553,170
201300003168,13,9,22,1000,1,1,1,1,5,439,,M,4632200,-083600,170
201300003169,13,10,9,800,3,1,1,1,6,267,,M,4622637,-090685,170
201300003170,13,10,10,1345,1,1,2,1,3,322,,M,4625700,-083500,170
201300003171,13,5,3,745,1,1,1,1,5,121,,M,4619872,-142535,170
201300003172,13,5,29,945,1,2,1,1,1,161,rue de la touche,M,4618989,-133838,170
201300003173,13,6,28,1400,1,1,2,1,3,121,,M,4619798,-142726,170
201300003174,13,7,9,200,3,1,1,1,6,360,,M,4616449,-135181,170
201300003175,13,8,1,1000,1,2,1,1,3,369,avenue des Corsaires,M,4620097,-135280,170
201300003176,13,8,3,130,3,1,1,1,6,019,,M,4620603,-152028,170
201300003177,13,9,28,1130,1,1,1,8,7,318,,M,4623756,-154453,170
201300003178,13,10,30,1900,3,1,1,1,2,019,,M,4620202,-148459,170
201300003179,13,11,7,1930,3,1,1,1,3,161,,M,4618485,-130415,170
201300003180,13,12,11,800,2,1,1,1,6,051,,M,4617582,-137823,170
201300003181,13,12,12,845,1,1,1,8,5,051,,M,4619100,-136800,170
201300003182,13,3,10,1030,1,1,1,1,2,204,,M,4538248,-033991,170
201300003183,13,5,7,1945,1,2,1,1,1,197,13 avenue gal De gaulle,M,4544082,-043786,170
201300003184,13,7,18,930,1,1,1,1,5,192,,M,4555874,-038169,170
201300003185,13,8,4,1730,1,1,2,1,3,339,,M,4548617,-041647,170
201300003186,13,8,15,2000,1,1,1,1,2,403,,M,4539595,-045168,170
201300003187,13,10,7,1730,1,2,1,1,6,197,Avenue Gambetta,M,0000000,0000000,170
201300003188,13,11,12,1030,1,1,1,2,7,016,,M,4552496,-030899,170
201300003189,13,2,2,1030,1,1,1,1,3,250,,M,4550210,-052461,170
201300003190,13,4,13,2030,3,1,1,1,7,331,,M,4548673,-058499,170
201300003191,13,4,20,1900,1,1,1,1,7,210,,M,4547843,-067369,170
201300003192,13,4,21,1500,1,1,1,1,1,210,,M,4546707,-067587,170
201300003193,13,4,24,1015,1,1,1,1,1,129,,M,4532620,-048249,170
201300003194,13,5,13,815,1,1,9,1,6,362,,M,4536356,-059745,170
201300003195,13,9,1,215,3,1,1,1,6,250,,M,4549648,-051782,170
201300003196,13,9,25,1615,1,1,1,1,3,405,,M,4537405,-069164,170
201300003197,13,10,13,1615,1,2,9,1,6,331,Avenue de Bordeaux D 137,M,4547727,-056980,170
201300003198,13,12,6,2230,3,1,1,5,6,111,,M,4546228,-050125,170
201300003199,13,1,18,1815,5,2,1,3,6,240,Boulevard de la R?publiq,M,4528460,-040621,170
201300003200,13,5,1,2030,1,1,1,1,6,243,,M,4524543,-028127,170
201300003201,13,6,19,745,1,1,1,1,1,282,,M,4532905,-035448,170
201300003202,13,6,25,2145,2,1,1,1,6,287,,M,4526150,-025792,170
201300003203,13,7,16,1600,1,1,1,1,6,038,,M,4517200,-033600,170
201300003204,13,3,17,1430,1,1,1,1,6,351,,M,4580781,-099048,170
201300003205,13,7,6,1445,1,1,1,1,1,351,,M,4582210,-107640,170
201300003206,13,8,13,1100,1,1,3,1,3,219,,M,4583100,-111496,170
201300003207,13,8,16,1830,1,1,1,1,3,219,,M,4583363,-109438,170
201300003208,13,9,12,1445,1,1,9,1,6,219,,M,4580500,-113700,170
201300003209,13,10,27,1745,2,1,1,1,1,351,,M,4582274,-106994,170
201300003210,13,10,31,1630,2,1,3,1,5,406,,M,4576327,-097965,170
201300003211,13,11,8,1815,5,2,1,2,2,219,La Chainade,M,4583283,-112593,170
201300003212,13,7,5,1830,1,1,1,1,1,308,,M,4585485,-097989,170
201300003213,13,10,29,1645,1,1,1,1,3,348,,M,4583412,-094187,170
201300003214,13,11,3,1800,3,1,1,3,3,348,,M,4583750,-094519,170
201300003215,13,5,11,1015,1,2,1,1,6,337,508 rue de la giberti?re,M,4597112,-129475,170
201300003216,13,5,16,900,1,2,6,8,3,093,D734,M,4588786,-120026,170
201300003217,13,5,31,2200,3,2,1,1,1,385,,M,4593705,-135687,170
201300003218,13,6,12,2245,3,1,1,1,7,385,,M,4592437,-129978,170
201300003219,13,6,14,300,5,2,1,1,6,385,avenue des pins,M,4592047,-133889,170
201300003220,13,7,5,600,2,1,1,1,3,385,,M,4592696,-128366,170
201300003221,13,8,5,1230,1,1,1,8,3,323,,M,4604105,-139144,170
201300003222,13,8,12,30,5,1,1,1,7,140,,M,4590283,-125081,170
201300003223,13,8,28,800,3,1,1,1,6,385,,M,4594021,-128520,170
201300003224,13,8,29,1800,1,1,2,1,3,093,,M,4586521,-119989,170
201300003225,13,9,6,2215,5,2,1,1,6,323,PLACE DU MOULIN,M,4602985,-137861,170
201300003226,13,9,13,1900,1,2,1,1,3,411,avenue des bouillats,M,4585011,-121631,170
201300003227,13,9,26,1415,1,2,1,1,3,385,19 ROUTE DES CHATELIERS,M,4593334,-132543,170
201300003228,13,11,10,1100,1,1,1,8,7,486,,M,4602064,-136188,170
201300003229,13,12,31,1600,1,1,1,3,6,385,,M,4591609,-129911,170
201300003230,13,1,7,1900,5,2,1,2,3,155,rue charles herv?,M,4573210,-109889,170
201300003231,13,1,22,1715,1,1,1,2,3,409,,M,4568740,-100796,170
201300003232,13,4,30,1445,1,1,1,2,1,021,,M,4574300,-113400,170
201300003233,13,4,30,1600,1,1,1,2,1,409,,M,4568500,-099200,170
201300003234,13,6,14,1630,1,1,1,1,7,225,,M,4572600,-122600,170
201300003235,13,6,16,1530,1,1,1,1,6,452,,M,4578970,-120657,170
201300003236,13,6,22,2345,5,2,1,1,3,452,Av du G?n?ral de Gaulle,M,4578481,-115695,170
201300003237,13,7,7,1630,1,1,1,1,5,225,,M,4568495,-116558,170
201300003238,13,7,31,1000,1,1,1,1,3,225,,M,4570200,-120000,170
201300003239,13,7,31,1400,1,1,1,1,2,409,,M,4569500,-102400,170
201300003240,13,8,4,1015,1,1,1,1,7,452,,M,4576483,-121275,170
201300003241,13,9,4,1530,1,1,1,1,5,064,,M,4569585,-104647,170
201300003242,13,9,5,1630,1,1,1,1,3,452,,M,4578546,-115803,170
201300003243,13,9,24,1830,1,2,1,1,6,155,Avenue SORIGNET,M,4574300,-110600,170
201300003244,13,10,24,1930,5,2,1,2,1,021,18 AVENUE DE L'ETRADE,M,4575600,-113700,170
201300003245,13,11,9,315,3,1,1,3,7,409,,M,4568797,-101065,170
201300003246,13,12,8,1045,1,1,2,1,3,452,avenue de l'Etrade,M,4576122,-114172,170
201300003247,13,12,11,645,4,2,1,9,6,021,,M,4575133,-112697,170
201300003248,13,1,2,915,3,1,1,1,1,346,,M,4591930,-088562,170
201300003249,13,11,9,1700,2,1,9,2,3,353,,M,4599117,-103756,170
201300003250,13,11,24,2230,3,1,1,1,7,320,,M,4594973,-079112,170
201300003251,13,12,15,2000,3,1,1,1,1,320,,M,4596007,-078842,170
201300003252,13,1,2,1700,1,1,1,7,3,338,,M,4616220,-073874,170
201300003253,13,1,24,2300,5,2,2,1,3,434,24 rue Olivier Brillouet,M,4620290,-075259,170
201300003254,13,1,26,2145,3,1,1,1,6,057,,M,4615728,-086173,170
201300003255,13,2,3,700,3,2,1,1,6,018,,M,4605796,-088990,170
201300003256,13,2,19,1830,2,2,2,1,3,434,,M,4610753,-075047,170
201300003257,13,4,11,1400,1,1,1,2,1,003,,M,4610537,-097924,170
201300003258,13,4,15,2115,4,1,6,1,6,447,,M,4609573,-094163,170
201300003259,13,4,20,615,1,1,9,1,2,107,,M,4602538,-094471,170
201300003260,13,5,16,30,3,1,1,1,7,107,,M,4603010,-094372,170
201300003261,13,5,17,1945,2,1,1,1,3,482,,M,4613509,-078953,170
201300003262,13,6,3,645,1,1,1,1,5,340,,M,4607216,-078741,170
201300003263,13,6,8,1715,1,1,2,1,3,057,,M,4614364,-085647,170
201300003264,13,6,16,1030,1,1,1,1,6,447,,M,4606724,-093951,170
201300003265,13,7,15,1,5,2,1,1,5,166,CD939,M,4610115,-091132,170
201300003266,13,8,1,1100,1,2,9,1,7,480,9 rue du pas de clerc,M,4614282,-089695,170
201300003267,13,7,29,2315,3,2,1,1,6,447,Rue du champ de foire,M,4608442,-091745,170
201300003268,13,8,9,1645,1,1,2,2,3,394,,M,4614710,-064315,170
201300003269,13,9,1,2000,1,1,1,1,7,447,,M,4606569,-093599,170
201300003270,13,9,21,1315,1,2,1,1,6,434,rue Jean Philippe Rameau,M,4611040,-074054,170
201300003271,13,9,26,1715,1,1,1,1,1,107,,M,4606269,-093951,170
201300003272,13,10,9,1530,1,1,1,1,2,447,,M,4607900,-093800,170
201300003273,13,10,26,500,5,2,1,8,6,434,avenue amiral courbet,M,4611600,-074500,170
201300003274,13,11,4,2145,3,1,1,3,6,080,,M,4610317,-084476,170
201300003275,13,11,12,745,2,1,2,5,3,063,,M,4606653,-067845,170
201300003276,13,12,6,1930,5,2,1,1,6,457,D107 / rue Boulangerie,M,4606200,-076600,170
201300003277,13,1,5,1715,1,1,1,1,6,444,,M,4570300,-064200,170
201300003278,13,1,21,700,2,1,1,1,5,086,,M,4573360,-053762,170
201300003279,13,1,23,245,3,2,1,8,6,453,Rue de la Renaissance,M,4590600,-092300,170
201300003280,13,2,14,945,1,1,2,8,3,045,,M,4587357,-086233,170
201300003281,13,4,10,1530,1,1,1,2,1,179,,M,4568390,-061028,170
201300003282,13,4,16,1845,1,2,6,1,3,284,rue du chemin vert,M,4582909,-086526,170
201300003283,13,7,11,1130,1,1,1,1,2,164,,M,4575351,-059545,170
201300003284,13,8,13,1245,1,1,2,1,1,143,,M,4581000,-058000,170
201300003285,13,8,29,1145,1,1,1,1,1,171,,M,4585750,-075946,170
201300003286,13,9,2,1715,1,1,1,1,5,330,,M,4575315,-092768,170
201300003287,13,10,2,730,1,2,3,1,3,086,lieu dit chez P?rineau,M,4572473,-057271,170
201300003288,13,10,5,615,3,1,1,1,6,086,,M,4573641,-053902,170
201300003289,13,12,3,1200,1,1,1,1,1,330,,M,4575228,-094693,170
201300003290,13,12,5,830,1,2,1,1,1,089,D131,M,4576400,-054200,170
201300003291,13,12,6,1645,1,1,1,1,6,164,,M,4577077,-061787,170
201300003292,13,12,9,1400,1,1,2,1,3,141,,M,4571700,-047100,170
201300003293,13,12,20,2115,5,1,1,1,6,330,,M,4578300,-088700,170
201300003294,13,12,24,1715,3,1,1,3,6,100,,M,4572596,-041927,170
201300003295,13,12,30,930,3,1,1,1,1,045,,M,4587395,-086451,170
201300003296,13,1,21,1100,1,1,1,1,1,172,,M,4555680,-068731,170
201300003297,13,2,8,800,1,2,1,2,6,404,route de la coudaignerie,M,4561330,-069727,170
201300003298,13,4,8,900,1,1,1,1,7,425,,M,4557581,-089337,170
201300003299,13,4,24,2030,2,1,1,1,7,244,,M,4563879,-077151,170
201300003300,13,5,22,1730,1,2,1,1,1,131,boulevard des Dandonneau,M,4558455,-083543,170
201300003301,13,7,22,1100,1,2,1,1,6,131,Route de Royan,M,4558266,-083423,170
201300003302,13,8,31,1130,1,2,3,1,3,172,Intersection D732 / D248,M,4557684,-068187,170
201300003303,13,9,17,1215,1,1,1,8,2,425,,M,4560263,-090643,170
201300003304,13,11,6,2045,3,1,1,2,1,131,,M,4557959,-083718,170
201300003305,13,11,30,1745,2,2,1,1,6,152,Les Gorces - D730,M,4556418,-080398,170
201300003306,13,3,5,1045,1,1,1,1,4,283,,M,4560111,-055539,170
201300003307,13,4,19,130,3,1,1,1,1,283,,M,4554571,-055801,170
201300003308,13,8,13,45,3,1,1,1,7,242,,M,4567986,-053589,170
201300003309,13,10,19,600,3,1,1,1,1,056,,M,4560096,-050136,170
201300003310,13,10,20,1030,1,1,1,1,1,283,,M,4557700,-058500,170
201300003311,13,10,31,1800,3,1,1,2,3,078,,M,4554600,-043500,170
201300003312,13,1,2,2130,3,1,1,1,2,421,,M,4568080,-091429,170
201300003313,13,2,22,415,3,1,1,1,6,421,,M,4566760,-093780,170
201300003314,13,4,7,245,3,1,1,1,6,421,,M,4569396,-097289,170
201300003315,13,4,14,1545,1,1,1,1,3,228,,M,4566228,-094636,170
201300003316,13,8,3,1430,1,2,1,1,1,421,,M,4567745,-091025,170
201300003317,13,9,10,1200,1,1,1,1,7,393,,M,4568268,-087805,170
201300003318,13,9,12,2300,3,1,1,1,7,393,,M,4569011,-083235,170
201300003319,13,1,18,1045,1,1,1,4,6,344,,M,4585147,-052960,170
201300003320,13,6,28,1530,1,1,1,1,7,294,,M,4602402,-068004,170
201300003321,13,8,1,1815,1,1,1,1,3,347,,M,4593521,-052518,170
201300003322,13,8,19,900,1,1,1,1,6,352,,M,4603203,-069873,170
201300003323,13,9,17,900,2,1,1,2,3,347,,M,4595565,-051520,170
201300003324,13,9,29,245,5,2,2,2,3,347,av Ali?nor d'Aquitaine,M,4593427,-052644,170
201300003325,13,10,9,2030,2,1,1,1,2,344,,M,4583841,-053640,170
201300003326,13,11,22,1430,1,1,2,1,3,459,,M,4590878,-042473,170
201300003327,13,12,28,615,5,1,1,2,6,046,,M,4593353,-061140,170
201300003328,13,12,28,1130,1,1,3,1,3,252,,M,4587446,-070669,170
201300003329,13,2,8,1845,2,1,1,1,7,024,,M,4600095,-030261,170
201300003330,13,5,18,115,3,2,1,1,1,139,rue du Stade,M,4612796,-054017,170
201300003331,13,6,5,1200,1,1,1,1,1,139,,M,4612132,-053001,170
201300003332,13,9,10,1730,1,1,1,1,1,234,,M,4607865,-057224,170
201300003333,13,10,12,2045,3,1,3,1,6,327,,M,4609819,-064570,170
201300003334,13,10,18,730,2,1,1,1,7,422,,M,4596429,-019741,170