Num_Acc,an,mois,jour,hrmn,lum,agg,int,atm,col,com,adr,gps,lat,long,dep
201300003639,13,10,16,1645,1,1,1,1,6,264,,M,0000000,0000000,310
201300003640,13,11,12,815,1,1,3,2,3,442,,M,0000000,0000000,310
201300003641,13,11,21,2245,3,1,1,4,6,100,,M,0000000,0000000,310
201300003642,13,1,1,1500,1,1,1,8,3,416,,M,4332493,0118966,310
201300003643,13,5,3,1230,1,1,1,1,1,107,,M,4329046,0121649,310
201300003644,13,5,7,845,1,2,1,1,1,052,avenue de la L�ze,M,0000000,0000000,310
201300003645,13,6,15,1815,1,1,1,7,6,303,,M,0000000,0000000,310
201300003646,13,7,20,1045,1,1,1,1,1,104,,M,4333910,0127457,310
201300003647,13,8,26,1230,1,2,2,1,3,107,Place ferry/rue gambetta,M,4329404,0122660,310
201300003648,13,9,11,1300,1,1,1,1,3,455,34 route de la mor�re,M,4324430,0118565,310
201300003649,13,10,30,1500,1,1,1,7,2,107,CD 627,M,4332130,0122148,310
201300003650,13,11,9,300,3,1,1,1,7,287,,M,0000000,0000000,310
201300003651,13,11,26,1730,1,1,1,1,5,334,,M,0000000,0000000,310
201300003652,13,12,29,1600,1,1,2,1,3,084,ave pyr�n�es/c�te lanne,M,0000000,0000000,310
201300003653,13,1,16,730,2,1,1,3,1,499,route de saint clar,M,0000000,0000000,310
201300003654,13,1,27,430,3,1,6,5,7,188,,M,4356895,0119902,310
201300003655,13,4,25,1915,1,2,1,1,3,424,47 avenue montaigne,M,0000000,0000000,310
201300003656,13,5,14,715,1,1,1,7,1,187,,M,0000000,0000000,310
201300003657,13,6,5,1530,1,1,1,1,3,499,route de fontenilles,M,4352407,0118170,310
201300003658,13,7,9,745,1,2,2,1,3,187,rte de tarbes/rue �glise,M,4353883,0123404,310
201300003659,13,7,10,1930,1,1,1,1,7,424,route de frouzins,M,4354037,0130006,310
201300003660,13,7,16,800,1,2,2,1,3,424,rue acacias/rue bordiers,M,4356952,0129185,310
201300003661,13,8,11,2315,5,2,4,1,3,187,RTE DE TARBES/RTE BRAGOT,M,4354016,0123628,310
201300003662,13,9,15,1845,1,2,1,1,6,424,39 route de Toulouse,M,4357199,0131226,310
201300003663,13,10,1,1730,1,2,6,1,1,526,F. Mitterrand,M,4357730,0127252,310
201300003664,13,10,16,1915,3,1,1,2,3,187,route de tarbes,M,4354213,0124035,310
201300003665,13,11,6,1830,5,2,1,1,3,424,72 rue de la Hille,M,4356727,0127494,310
201300003666,13,1,7,1815,5,2,1,5,6,585,,M,4312100,0066700,310
201300003667,13,2,2,330,3,1,1,3,6,372,,M,0000000,0000000,310
201300003668,13,3,3,2115,4,2,1,1,6,323,1 avenue de luchon,M,4307877,0064052,310
201300003669,13,5,22,1130,1,1,1,2,4,556,,M,0000000,0000000,310
201300003670,13,6,11,1200,1,1,1,1,1,274,,M,0000000,0000000,310
201300003671,13,7,12,1515,1,2,1,7,7,158,RD 34 D,M,4309970,0053627,310
201300003672,13,7,21,1015,1,2,1,7,1,585,route voie romaine,M,4313240,0069149,310
201300003673,13,8,20,1000,1,2,1,1,6,585,Chemin du Garros Naou,M,4312700,0067400,310
201300003674,13,9,7,45,3,1,1,2,6,585,,M,4310622,0068687,310
201300003675,13,9,17,1900,1,2,1,1,6,586,RD39,M,0000000,0000000,310
201300003676,13,9,29,645,5,2,1,2,2,031,RD 817,M,4309050,0058165,310
201300003677,13,10,20,500,3,1,1,1,6,305,,M,4315500,0057700,310
201300003678,13,11,3,200,3,1,1,3,7,586,,M,0000000,0000000,310
201300003679,13,12,20,1545,1,1,1,1,1,308,,M,0000000,0000000,310
201300003680,13,12,21,230,3,1,1,1,1,536,,M,0000000,0000000,310
201300003681,13,1,5,1200,1,2,1,1,6,471,Avenue Gallieni,M,0000000,0000000,310
201300003682,13,5,10,1145,1,1,1,1,5,190,,M,0000000,0000000,310
201300003683,13,5,25,1400,1,2,1,1,1,042,22 All�es d'Etigny,M,4278872,0059239,310
201300003684,13,7,16,315,5,2,1,1,6,042,rue Pierre Baysse,M,0000000,0000000,310
201300003685,13,9,22,1045,1,1,1,1,3,176,,M,4293925,0064512,310
201300003686,13,12,15,300,3,1,1,1,1,144,,M,0000000,0000000,310
201300003687,13,12,15,1030,1,2,1,1,1,471,rue de l'Anglade - RN125,M,0000000,0000000,310
201300003688,13,12,29,245,3,1,1,9,6,404,,M,4279954,0051048,310
201300003689,13,2,14,900,1,1,1,2,7,080,,M,0000000,0000000,310
201300003690,13,3,31,1115,1,1,1,8,6,080,,M,0000000,0000000,310
201300003691,13,3,30,1215,1,2,1,1,3,080,38 RUE porte de dessus,M,4328985,0064495,310
201300003692,13,5,18,945,1,1,1,1,3,178,,M,0000000,0000000,310
201300003693,13,6,9,1330,1,1,1,3,7,347,,M,0000000,0000000,310
201300003694,13,6,15,1900,1,1,1,1,7,001,,M,0000000,0000000,310
201300003695,13,7,20,2200,3,1,1,1,6,443,,M,0000000,0000000,310
201300003696,13,8,5,1445,1,1,1,1,3,468,,M,0000000,0000000,310
201300003697,13,8,11,1345,1,1,1,1,6,386,,M,0000000,0000000,310
201300003698,13,9,4,1730,1,1,1,1,1,218,,M,0000000,0000000,310
201300003699,13,11,12,1130,1,1,3,2,3,307,,M,0000000,0000000,310
201300003700,13,9,25,1645,1,1,1,1,2,114,,M,0000000,0000000,310
201300003701,13,9,26,715,5,2,1,1,6,523,route de St Girons,M,0000000,0000000,310
201300003702,13,12,8,300,5,1,1,5,7,059,,M,0000000,0000000,310
201300003703,13,1,22,630,3,1,1,9,6,560,,M,0000000,0000000,310
201300003704,13,3,2,1730,1,1,1,1,1,331,,M,4352216,0172583,310
201300003705,13,6,4,915,1,1,3,1,1,582,,M,4339730,0170445,310
201300003706,13,7,3,815,1,1,2,2,3,571,RD11/RD826,M,0000000,0000000,310
201300003707,13,7,5,1645,1,1,1,1,3,374,�cluse de N�gra,M,4342810,0161711,310
201300003708,13,7,18,515,5,1,1,1,1,582,,M,4340050,0171268,310
201300003709,13,7,29,2000,1,1,1,1,3,037,,M,0000000,0000000,310
201300003710,13,8,22,1345,1,1,2,7,2,054,,M,0000000,0000000,310
201300003711,13,9,15,130,3,1,1,1,1,137,,M,4376200,0123300,310
201300003712,13,11,29,2145,3,1,1,2,1,328,,M,0000000,0000000,310
201300003713,13,12,11,830,1,1,1,1,6,026,,M,0000000,0000000,310
201300003714,13,12,23,1730,2,1,1,2,6,054,,M,0000000,0000000,310
201300003715,13,1,1,1600,1,1,1,2,3,451,,M,0000000,0000000,310
201300003716,13,1,9,745,3,1,2,8,3,451,route de toulouse,M,0000000,0000000,310
201300003717,13,2,4,1315,1,1,1,2,3,451,,M,0000000,0000000,310
201300003718,13,5,26,2130,2,1,1,1,7,463,,M,0000000,0000000,310
201300003719,13,10,15,1645,1,1,1,1,1,478,,M,4344887,0191626,310
201300003720,13,10,2,1815,1,1,1,1,6,293,,M,4298321,0150356,090
201300003721,13,10,27,1415,1,1,1,1,7,224,,M,4308354,0143490,090
201300003722,13,1,16,1215,1,2,6,2,6,160,avenue jean jaures,M,0000000,0000000,090
201300003723,13,2,2,1800,3,1,1,4,6,093,,M,4292923,0170514,090
201300003724,13,3,2,1500,1,2,1,1,2,106,Route de MIREPOIX,M,4294630,0185858,090
201300003725,13,4,15,2030,2,2,1,1,6,047,Lieu dit Laborie,M,4291083,0195447,090
201300003726,13,4,16,815,1,1,1,1,7,215,,M,4291344,0177510,090
201300003727,13,5,18,1245,1,1,1,1,3,206,,M,4291454,0179391,090
201300003728,13,6,19,1445,1,2,1,1,6,160,Avenue Jean JAURES,M,4293138,0184613,090
201300003729,13,7,9,1415,1,1,1,1,1,047,,M,4291123,0195997,090
201300003730,13,7,10,1915,1,1,1,1,1,157,,M,4297110,0183554,090
201300003731,13,7,27,1415,1,1,1,1,6,160,,M,4293449,0184928,090
201300003732,13,9,7,2030,1,1,1,2,6,215,,M,4291220,0178347,090
201300003733,13,2,7,215,3,1,1,4,6,188,,M,4288336,0162307,090
201300003734,13,4,6,2045,3,1,1,3,6,306,,M,4285229,0158927,090
201300003735,13,4,20,2045,1,1,6,1,2,306,,M,4291820,0164047,090
201300003736,13,4,14,2230,5,2,1,1,1,238,CD119,M,4309311,0172434,090
201300003737,13,4,17,845,1,2,2,1,3,265,Intersection D11/D11E,M,4308108,0162401,090
201300003738,13,4,26,300,3,1,1,1,6,116,,M,4312957,0155206,090
201300003739,13,6,21,1200,1,1,1,1,5,264,,M,4303380,0162086,090
201300003740,13,10,23,1030,1,1,1,1,1,332,,M,4306175,0164648,090
201300003741,13,12,15,1245,1,2,1,1,3,265,rue Jules Guesdes,M,4308500,0162500,090
201300003742,13,2,12,1830,5,2,1,2,6,167,Avenue de Toulouse,M,4327926,0134737,090
201300003743,13,1,3,1115,1,1,3,1,5,178,,M,4310398,0191690,090
201300003744,13,12,4,730,2,1,1,9,3,074,,M,4302987,0194433,090
201300003745,13,3,3,30,3,1,1,1,1,076,,M,4327042,0155163,090
201300003746,13,5,31,745,1,1,1,3,3,282,,M,4320802,0155942,090
201300003747,13,6,12,30,3,1,1,1,6,315,,M,4315533,0170709,090
201300003748,13,6,24,645,1,2,1,1,6,185,ROUTE DE MOLANDIER,M,4325303,0168211,090
201300003749,13,7,28,30,3,1,1,1,7,199,,M,4318292,0170330,090
201300003750,13,8,8,1845,1,1,2,1,1,282,,M,4324068,0158563,090
201300003751,13,8,20,1800,1,1,1,1,1,282,,M,0000000,0000000,090
201300003752,13,10,27,1445,1,1,2,1,3,199,,M,4318493,0164030,090
201300003753,13,10,31,2000,3,2,2,2,3,282,Route de Toulouse,M,4323914,0157288,090
201300003754,13,12,5,930,3,1,1,1,6,282,,M,4323062,0160080,090
201300003755,13,1,7,545,3,1,1,9,7,111,,M,4294301,0103832,090
201300003756,13,5,1,530,3,1,1,1,6,082,,M,0000000,0000000,090
201300003757,13,6,28,900,1,2,1,1,6,261,rue du bourg,M,4298421,0114471,090
201300003758,13,7,6,830,1,1,1,1,6,014,,M,4293201,0098542,090
201300003759,13,12,12,1745,1,2,1,7,6,261,Bvd G?n?ral de Gaulle,M,0000000,0000000,090
201300003760,13,12,14,500,4,2,1,3,2,261,avenue aristide berges,M,4299285,0113728,090
201300003761,13,5,6,1915,1,1,1,1,7,065,,M,4290629,0142809,090
201300003762,13,9,17,1530,1,1,1,1,3,223,,M,4288331,0121542,090
201300003763,13,10,20,715,1,2,1,1,1,086,cd117,M,4303400,0108400,090
201300003764,13,5,17,2251,5,2,1,8,7,168,"17, LEON LHERMITTE (RUE)",M,4905141,0340437,020
201300003765,13,5,19,405,3,1,1,3,7,168,SOISSONS (ROUTE DE) D1,,,,020
201300003766,13,6,14,1400,1,2,7,1,6,168,MARECHAL LECLERC (PLACE,M,4904218,0340348,020
201300003767,13,6,27,1830,1,2,6,1,4,168,"10, JULES LEFEBVRE (AVEN",M,4904296,0339244,020
201300003768,13,8,17,1645,1,2,6,1,3,168,"face N 5, JEAN DE LA FON",M,4904451,0340314,020
201300003769,13,9,3,1710,1,2,2,1,3,168,"3-5, Q. ROOSEVELT (RUE)",,,,020
201300003770,13,10,28,1445,1,1,1,1,6,168,D1,,,,020
201300003771,13,12,6,1300,1,2,1,1,3,168,"0, JULES LEFEBVRE (AVENU",M,4904414,0340111,020
201300003772,13,12,7,1008,1,2,6,2,2,168,PAUL DOUMER (PLACE),M,4904019,0340470,020
201300003773,13,12,16,1830,4,2,3,1,6,168,"32, SOISSONS (AVENUE DE)",M,4904734,0339851,020
201300003774,13,3,22,1630,1,1,1,1,3,188,,M,4427300,0279200,120
201300003775,13,7,19,1530,1,2,1,1,6,133,24 avenue de Toulouse,M,0000000,0000000,120
201300003776,13,8,18,1800,1,2,1,1,1,056,AVENUE DU STADE,M,4427600,0243000,120
201300003777,13,11,25,1800,5,2,1,1,6,056,156 avenue du centre,M,0000000,0000000,120
201300003778,13,2,1,2130,3,1,1,3,6,046,,M,4415900,0233400,120
201300003779,13,3,4,45,3,1,1,1,6,015,,M,4413000,0260000,120
201300003780,13,3,10,1500,1,1,1,4,6,043,,M,4428400,0255000,120
201300003781,13,3,14,1200,1,1,1,1,5,276,,M,0000000,0000000,120
201300003782,13,3,29,745,1,1,1,5,1,234,,M,4424400,0250300,120
201300003783,13,4,1,45,3,1,1,1,6,046,,M,4420600,0240500,120
201300003784,13,5,11,1800,1,1,1,8,7,197,,M,4399800,0255800,120
201300003785,13,7,2,1345,1,1,1,1,5,046,,M,4420100,0239100,120
201300003786,13,7,5,1930,1,2,1,1,3,197,rue du d?put? laurens,M,4403700,0253500,120
201300003787,13,7,29,2330,3,1,1,1,6,057,,M,4417600,0252000,120
201300003788,13,8,14,1930,1,1,1,1,3,043,,M,4428200,0254900,120
201300003789,13,9,8,1645,1,1,1,1,6,057,,M,0000000,0000000,120
201300003790,13,9,18,830,1,1,1,2,1,065,,M,4417300,0243400,120
201300003791,13,10,9,1745,1,1,1,1,7,197,,M,4402800,0254000,120
201300003792,13,11,6,1800,5,2,1,8,3,197,Boulevard Vicomte Cadars,M,4403800,0253500,120
201300003793,13,11,11,1800,2,1,1,1,6,043,,M,4426700,0254300,120
201300003794,13,11,22,1815,3,1,1,4,1,267,,M,4413600,0254100,120
201300003795,13,12,5,1015,1,1,1,5,1,065,,M,4417300,0243400,120
201300003796,13,1,14,945,1,1,1,4,1,142,,M,0000000,0000000,120
201300003797,13,4,30,915,1,1,1,2,3,138,,M,0000000,0000000,120
201300003798,13,5,5,600,4,1,1,1,6,008,,M,0000000,0000000,120
201300003799,13,5,21,1745,2,1,1,2,3,254,,M,0000000,0000000,120
201300003800,13,9,1,1900,1,1,1,1,3,254,,M,0000000,0000000,120
201300003801,13,11,4,945,1,1,1,3,5,288,,M,4444800,0243900,120
201300003802,13,11,9,2130,3,1,1,3,4,016,,M,0000000,0000000,120
201300003803,13,11,18,1445,1,1,1,2,3,288,,M,0000000,0000000,120
201300003804,13,8,29,1400,1,1,1,1,1,290,,M,4443700,0219400,120
201300003805,13,6,16,1545,1,1,1,1,6,177,,M,4441000,0285600,120
201300003806,13,9,22,500,3,1,1,1,3,033,,M,0000000,0000000,120
201300003807,13,8,19,1300,1,1,1,2,6,088,,M,4465700,0285100,120
201300003808,13,10,5,930,1,1,1,2,1,112,,M,0000000,0000000,120
201300003809,13,8,13,1830,1,1,1,1,7,280,,M,0000000,0000000,120
201300003810,13,8,21,1830,1,2,1,1,6,094,"1, quai notre dame",M,0000000,0000000,120
201300003811,13,10,11,1000,1,2,1,1,6,094,Rue de la poste,M,0000000,0000000,120
201300003812,13,1,11,1515,1,2,1,1,1,219,La Montberte,M,0000000,0000000,120
201300003813,13,5,13,1130,1,2,1,1,6,224,PLACE DU GENERAL DE GAUL,M,0000000,0000000,120
201300003814,13,1,2,1530,1,1,1,7,3,168,,M,4402300,0334300,120
201300003815,13,6,22,1445,1,2,1,1,6,200,Route des Gorges du Tarn,M,0000000,0000000,120
201300003816,13,6,26,900,3,1,1,1,1,145,,M,0000000,0000000,120
201300003817,13,7,25,1930,1,2,1,1,7,160,Route d?partementale 907,M,0000000,0000000,120
201300003818,13,8,18,1745,1,1,9,1,3,204,,M,0000000,0000000,120
201300003819,13,8,26,1030,1,1,1,1,3,160,,M,0000000,0000000,120
201300003820,13,9,18,1715,1,1,1,2,6,168,,M,0000000,0000000,120
201300003821,13,10,3,1230,1,1,1,1,1,260,,M,0000000,0000000,120
201300003822,13,10,10,1400,1,1,1,8,7,145,,M,0000000,0000000,120
201300003823,13,10,11,1630,1,1,1,1,6,225,,M,0000000,0000000,120
201300003824,13,10,20,1200,1,1,1,8,7,204,,M,0000000,0000000,120
201300003825,13,11,15,1630,1,1,1,1,6,178,,M,4414800,0310700,120
201300003826,13,2,19,1815,1,1,1,1,6,006,,M,0000000,0000000,120
201300003827,13,5,9,1700,1,1,1,3,7,213,,M,0000000,0000000,120
201300003828,13,8,2,1130,1,1,1,1,4,213,,M,4418100,0300900,120
201300003829,13,7,19,1345,1,2,1,1,3,237,Canet d'Olt,M,0000000,0000000,120
201300003830,13,7,26,1945,1,1,1,1,1,247,,M,0000000,0000000,120
201300003831,13,7,29,1900,1,1,1,1,6,237,,M,0000000,0000000,120
201300003832,13,12,31,1645,2,1,1,1,1,284,,M,4408200,0273300,120
201300003833,13,5,25,1300,1,2,1,8,3,208,Boulevard Emile BOREL,M,4395900,0289400,120
201300003834,13,8,31,1930,1,1,1,1,7,077,,M,4390500,0317500,120
201300003835,13,9,3,1630,1,1,1,1,2,286,,M,4392200,0282500,120
201300003836,13,9,10,1945,1,2,1,1,6,208,333 avenue Jean Jaur?s,M,4395600,0289500,120
201300003837,13,9,14,1915,1,1,1,1,6,244,,M,4406200,0290100,120
201300003838,13,9,16,1515,1,1,1,1,1,286,,M,4394800,0282600,120
201300003839,13,10,11,1645,1,1,1,1,2,155,,M,4387700,0311800,120
201300003840,13,6,7,730,1,1,1,1,3,044,,M,4384000,0284900,120
201300003841,13,1,3,1830,3,1,1,1,3,136,,M,0000000,0000000,120
201300003842,13,3,7,1530,1,2,1,1,6,300,2 all?es Aristide briand,M,0000000,0000000,120
201300003843,13,7,13,945,1,2,1,1,7,300,ROUTE DE LAURIERE,M,0000000,0000000,120
201300003844,13,9,14,915,1,2,7,1,6,300,,M,0000000,0000000,120
201300003845,13,11,28,1545,1,1,1,1,6,136,,M,0000000,0000000,120
201300003846,13,12,7,1745,3,1,1,1,1,300,,M,0000000,0000000,120
201300003847,13,3,5,1545,1,2,1,1,6,052,Rue Ars?ne Lugan,M,4458000,0208500,120
201300003848,13,6,6,1515,1,1,1,1,2,052,,M,4455800,0208500,120
201300003849,13,6,22,2230,3,1,1,1,3,257,,M,4454200,0198100,120
201300003850,13,10,16,1300,1,1,1,1,3,052,,M,4456200,0203200,120
201300003851,13,12,10,1215,1,1,1,1,1,003,,M,0000000,0000000,120
201300003852,13,8,11,1000,1,1,1,1,6,259,,M,4428500,0201700,120
201300003853,13,8,21,1900,1,1,1,1,3,167,,M,4422700,0200500,120
201300003854,13,8,24,1645,1,1,1,3,7,189,,M,4426600,0226400,120
201300003855,13,11,10,1730,2,2,1,1,7,198,axe RD 612 LD Feni?s,M,4430900,0221700,120
201300003856,13,12,15,1700,1,1,1,1,6,150,,M,4427300,0198000,120
201300003857,13,3,2,1630,1,1,1,1,1,029,,M,4363830,0047686,320
201300003858,13,5,18,1315,1,1,1,8,6,117,NASQUES CHEMIN CABANDE,M,4367950,0056192,320
201300003859,13,5,30,820,1,1,1,2,1,381,,M,4356680,0053255,320
201300003860,13,7,2,1500,1,1,1,1,7,207,LD EMMARRE,M,4366180,0065286,320
201300003861,13,7,9,1700,1,1,1,1,7,300,LD LA BRANA,M,4355500,0061048,320
201300003862,13,8,7,1245,1,1,1,1,6,312,LD LE CROS,M,4361690,0067579,320
201300003863,13,10,11,1315,1,1,1,1,1,117,,M,4367330,0054396,320
201300003864,13,12,13,2145,5,2,1,3,6,312,ROUTE D AUCH,M,4362080,0064687,320
201300003865,13,12,29,215,3,1,1,2,1,312,,M,0000000,0000000,320
201300003866,13,1,23,1630,1,1,1,8,3,249,,M,4374370,0087239,320
201300003867,13,4,17,1415,1,1,1,1,1,288,,M,4357990,0086875,320
201300003868,13,6,9,415,3,1,1,1,6,147,,M,4362310,0090811,320
201300003869,13,8,6,2030,1,1,1,1,7,165,,M,4359570,0081864,320
201300003870,13,10,31,1615,1,1,1,1,1,147,,M,4362500,0091200,320
201300003871,13,1,1,1830,3,1,1,2,1,160,,M,4364180,0105432,320
201300003872,13,3,30,600,3,1,1,2,6,377,,M,0000000,0000000,320
201300003873,13,6,7,1645,1,2,3,1,2,160,,M,4362220,0110699,320
201300003874,13,6,24,800,1,1,1,1,6,210,,M,4356120,0112799,320
201300003875,13,7,27,1115,1,1,1,1,3,268,,M,4360300,0100678,320
201300003876,13,7,29,1730,1,1,6,1,7,160,,M,0000000,0000000,320
201300003877,13,9,19,715,2,1,1,8,5,268,,M,4360850,0096868,320
201300003878,13,9,22,2015,5,1,6,1,6,160,,M,4362470,0111421,320
201300003879,13,12,13,1730,2,1,1,1,7,016,,M,4357740,0104964,320
201300003880,13,1,11,2230,3,1,1,1,7,051,,M,4351790,0089413,320
201300003881,13,1,16,1445,1,1,1,6,6,321,,M,4352090,0087312,320
201300003882,13,3,22,2230,3,2,1,2,6,356,AU VILLAGE,M,4356230,0085643,320
201300003883,13,5,4,1845,1,2,3,1,3,410,RTE LOMBEZ/CHEM ESQUIRON,M,4348940,0092755,320
201300003884,13,6,30,1030,1,2,4,1,3,213,la ramondere,M,0000000,0000000,320
201300003885,13,8,15,1830,1,1,1,1,6,261,,M,4344500,0100040,320
201300003886,13,8,17,2015,1,2,1,7,6,213,BOULEVARD DES PYRENEES,M,4347560,0091160,320
201300003887,13,8,27,1230,1,1,1,1,1,410,,M,4349860,0088463,320
201300003888,13,12,31,2345,3,1,1,1,7,462,,M,4376100,0033500,320
201300003889,13,1,13,2330,3,1,1,1,6,462,,M,4377200,0026500,320
201300003890,13,2,8,900,1,2,1,1,6,462,,M,4375810,0030038,320
201300003891,13,2,14,1515,1,1,1,1,1,301,,M,4371500,0044300,320
201300003892,13,4,21,500,3,1,1,1,7,384,,M,4371770,0050172,320
201300003893,13,6,11,1730,1,1,1,1,7,301,,M,4370830,0044497,320
201300003894,13,6,21,845,1,2,3,2,6,462,PLACE CRESPIN,M,4375790,0029926,320
201300003895,13,7,12,1800,1,1,1,1,6,462,LD GIMAT,M,4377070,0030248,320
201300003896,13,7,13,1045,1,1,1,1,6,462,,M,4373320,0030887,320
201300003897,13,9,29,1700,1,1,1,8,7,301,LA HUMADE,M,4371220,0043619,320
201300003898,13,10,16,815,2,1,1,2,6,054,LD LA HUMADE,M,4371370,0042979,320
201300003899,13,11,24,545,3,1,1,1,6,054,,M,4369100,0038900,320
201300003900,13,1,16,1900,3,1,1,3,1,044,,M,4393230,0040049,320
201300003901,13,2,22,1145,1,1,2,1,3,402,,M,4378710,0037702,320
201300003902,13,3,26,1245,1,1,1,1,6,079,,M,4391510,0009523,320
201300003903,13,4,2,545,3,1,1,1,6,083,,M,0000000,0000000,320
201300003904,13,5,8,1815,1,2,1,8,5,107,RUE DE LA REPUBLIQUE,M,4395590,0036619,320
201300003905,13,5,18,1015,1,1,1,1,6,107,,M,4396850,0030281,320
201300003906,13,6,4,930,1,1,2,7,3,352,,M,4381210,0038630,320
201300003907,13,6,29,15,3,1,1,1,6,404,,M,4387750,0045600,320
201300003908,13,7,16,930,1,2,1,1,6,133,CD114/PLACE A. FALLIERES,M,4399280,0022979,320
201300003909,13,7,16,1545,1,1,1,1,7,197,LD LA BOURDETTE,M,4397170,0029841,320
201300003910,13,9,5,2215,5,2,1,1,6,107,AVENUE DES MOUSQUETAIRES,M,4395460,0036420,320
201300003911,13,10,16,1630,1,1,1,8,3,107,,M,4392860,0035528,320
201300003912,13,10,27,1415,1,1,1,1,6,459,,M,4386680,0035990,320
201300003913,13,1,2,1815,3,1,1,1,7,119,,M,4389510,0009528,320
201300003914,13,5,5,2230,3,1,1,1,6,264,,M,4393650,-012406,320
201300003915,13,6,26,1830,1,1,3,1,1,096,,M,4393590,-008598,320
201300003916,13,7,19,1130,1,1,2,1,1,296,,M,4375430,-004825,320
201300003917,13,7,30,900,1,1,1,1,1,264,,M,4393180,-011313,320
201300003918,13,8,16,1130,1,2,1,1,6,119,BD G?N?RAL BALLON,M,4386050,0009903,320
201300003919,13,12,11,500,3,1,1,1,6,119,,M,4384890,0013039,320
201300003920,13,2,27,1445,1,1,4,1,6,208,,M,4395370,0065104,320
201300003921,13,3,27,1745,1,1,3,1,3,208,,M,4391780,0062677,320
201300003922,13,4,3,1200,1,1,3,1,1,286,,M,4380400,0064185,320
201300003923,13,4,5,800,1,1,4,1,3,208,,M,4392400,0062361,320
201300003924,13,5,6,1715,1,1,1,1,6,241,,M,4389640,0054098,320
201300003925,13,5,13,630,1,1,1,1,6,208,,M,4395200,0061177,320
201300003926,13,5,23,1900,1,2,1,1,1,208,RN.21 - ROUTE D'AGEN,M,4393600,0064260,320
201300003927,13,6,8,2300,3,1,1,2,6,208,LD BOURDIEU DE COMBARRAU,M,4397460,0063934,320
201300003928,13,6,16,1515,1,1,1,1,7,208,,M,4394150,0059847,320
201300003929,13,8,9,1830,1,1,1,1,6,132,LD PERISSE,M,4385020,0064262,320
201300003930,13,8,22,1100,1,1,1,1,3,047,LD LES CLAUS,M,4401750,0053657,320
201300003931,13,8,27,1200,1,1,1,1,6,239,LD CAUBOUE,M,4393650,0051700,320
201300003932,13,9,4,1730,1,1,1,1,6,132,LD MARIDAT,M,4386400,0063294,320
201300003933,13,10,3,1115,1,2,1,2,3,132,,M,4385830,0066077,320
201300003934,13,11,13,1430,1,1,1,1,1,208,,M,4393000,0058114,320
201300003935,13,9,28,2045,3,1,1,1,7,405,LD EN RAU,M,4385180,0060500,320
201300003936,13,10,15,615,3,1,1,1,7,208,LD BIDON,M,4396190,0069834,320
201300003937,13,1,11,2100,3,1,1,1,7,397,,M,4345150,0041009,320
201300003938,13,1,17,800,2,2,1,1,6,256,RUE DES CLARISSES,M,4351580,0040639,320
201300003939,13,1,28,745,5,2,1,8,6,426,AV GENERAL DE GAULLE,M,4349580,0059377,320
201300003940,13,2,6,1615,1,2,3,3,3,185,CD228,M,4334350,0065294,320
201300003941,13,2,27,1830,1,1,1,1,1,122,LE MOUN?T?,M,4342350,0056078,320
201300003942,13,5,18,1345,1,1,1,2,6,053,,M,4337800,0061636,320
201300003943,13,5,22,1115,1,1,1,3,5,254,LD LE RAT,M,4354530,0046951,320
201300003944,13,6,9,1700,1,1,1,2,1,254,,M,4354520,0046945,320
201300003945,13,7,16,1715,1,1,3,2,2,254,LD SAHUQUET,M,4353720,0044522,320
201300003946,13,9,22,130,3,1,1,1,6,397,LD CHRISTAU,M,4344770,0041470,320
201300003947,13,10,26,45,3,1,1,1,2,256,,M,4351600,0060200,320
201300003948,13,11,14,930,1,1,1,1,1,254,,M,0000000,0000000,320
201300003949,13,1,21,1645,1,1,1,8,7,446,,M,4348720,0026182,320
201300003950,13,3,3,645,1,1,1,1,6,373,,M,4340580,0039581,320