Num_Acc,an,mois,jour,hrmn,lum,agg,int,atm,col,com,adr,gps,lat,long,dep
201300003951,13,3,6,1130,1,1,1,1,6,278,RTE DE SAUVIAC,M,4340000,0043855,320
201300003952,13,5,26,1030,1,1,1,7,6,205,,M,0000000,0000000,320
201300003953,13,7,3,545,2,1,1,1,6,159,,M,0000000,0000000,320
201300003954,13,9,28,945,1,1,1,8,7,252,,M,4342800,0029700,320
201300003955,13,10,11,1615,1,1,4,1,1,030,,M,4351000,0028345,320
201300003956,13,10,25,1445,1,2,7,1,6,252,PLACE JEAN SENAC,M,4342960,0030762,320
201300003957,13,12,8,1805,3,1,1,1,1,273,,M,4349990,0023378,320
201300003958,13,2,1,1700,1,1,1,1,6,245,,M,4360410,-008238,320
201300003959,13,3,11,1430,1,1,1,1,6,235,,M,0000000,0000000,320
201300003960,13,3,29,745,1,2,2,1,3,344,RUE DE LA MENOUE,M,4365350,-008799,320
201300003961,13,5,7,1945,1,1,1,1,1,046,,M,4366900,-022796,320
201300003962,13,8,3,1445,2,1,1,1,1,414,,M,0000000,0000000,320
201300003963,13,8,13,1045,1,2,1,1,3,344,ROUTE D'AQUITAINE,M,4366810,-007953,320
201300003964,13,1,31,2115,3,1,1,1,2,109,,M,4434091,0150022,460
201300003965,13,3,2,145,3,1,1,1,2,202,,M,0000000,0000000,460
201300003966,13,6,28,1545,1,1,1,1,2,323,,M,4460700,0150134,460
201300003967,13,8,15,1245,1,1,1,1,6,210,,M,4456391,0151327,460
201300003968,13,1,4,1645,1,1,1,8,6,329,,M,4432534,0163708,460
201300003969,13,2,2,530,3,1,1,8,6,329,,M,4433608,0164180,460
201300003970,13,2,16,545,3,1,1,1,6,202,,M,4430500,0147200,460
201300003971,13,7,21,830,1,1,1,1,3,262,,M,4431518,0128800,460
201300003972,13,11,18,1715,2,1,1,2,6,137,,M,4440392,0141641,460
201300003973,13,11,19,1815,3,1,1,1,6,201,,M,4432174,0117801,460
201300003974,13,1,12,1245,1,1,1,2,1,335,,M,4440407,0133800,460
201300003975,13,2,10,1115,1,1,1,2,6,184,,M,4465666,0115381,460
201300003976,13,4,20,1745,1,1,1,1,6,126,,M,4457523,0120423,460
201300003977,13,4,25,2100,3,1,1,1,6,062,,M,0000000,0000000,460
201300003978,13,4,26,1845,1,1,1,2,1,335,,M,4438773,0132951,460
201300003979,13,5,1,2245,3,1,1,1,6,114,,M,4457152,0114538,460
201300003980,13,9,3,915,1,1,1,1,1,184,,M,4466425,0119707,460
201300003981,13,9,8,1015,1,1,1,3,6,089,,M,4451433,0106599,460
201300003982,13,12,23,1930,5,2,1,1,2,307,le bourg,M,4448903,0101801,460
201300003983,13,1,15,1145,1,1,1,4,6,100,,M,4456266,0202568,460
201300003984,13,3,22,1600,1,2,1,1,2,015,avenue Joseph Canteloube,M,4466806,0215905,460
201300003985,13,4,16,1615,1,1,1,1,6,221,,M,4464152,0204288,460
201300003986,13,4,25,930,1,1,1,1,1,015,,M,4464589,0215540,460
201300003987,13,4,29,1900,1,2,1,1,6,102,07 av du P G. Pompidou,M,4460673,0202405,460
201300003988,13,5,27,1730,1,2,1,1,3,102,Avenue Casimir Marcenac,M,4461072,0202937,460
201300003989,13,6,26,830,1,1,1,1,1,108,,M,4467698,0194616,460
201300003990,13,9,6,1915,1,2,1,1,3,102,,M,4459953,0201552,460
201300003991,13,10,5,1000,1,1,1,2,5,015,,M,4465633,0213317,460
201300003992,13,11,15,900,3,1,1,1,5,108,,M,4465389,0198019,460
201300003993,13,1,31,1845,3,1,1,2,1,132,,M,4425700,0130200,460
201300003994,13,6,2,830,1,1,1,1,1,045,,M,4450557,0186216,460
201300003995,13,6,13,1815,1,1,1,1,7,051,,M,4462850,0190936,460
201300003996,13,7,6,1430,1,1,1,1,7,021,,M,4458523,0196080,460
201300003997,13,7,9,830,1,1,1,1,1,319,,M,4473392,0185114,460
201300003998,13,7,22,1915,1,1,1,1,6,034,,M,4471316,0191090,460
201300003999,13,7,28,130,3,1,1,1,6,133,,M,4457726,0129965,460
201300004000,13,8,21,1515,1,1,1,1,7,143,,M,4473131,0194224,460
201300004001,13,11,5,1245,1,1,1,3,7,012,,M,4479970,0183955,460
201300004002,13,11,15,1345,1,1,1,2,6,034,,M,4469687,0192081,460
201300004003,13,12,26,415,3,1,3,2,6,143,,M,4473911,0192257,460
201300004004,13,1,11,1645,1,2,1,1,6,229,les prats sud,M,4492183,0177827,460
201300004005,13,1,14,1400,1,1,1,8,3,229,,M,4491202,0179306,460
201300004006,13,1,24,1200,1,2,1,1,1,251,avenue victor hugo,M,4485784,0189340,460
201300004007,13,6,25,1645,1,1,1,8,2,284,,M,4489722,0185866,460
201300004008,13,7,6,1230,1,1,1,1,1,124,,M,4491957,0186147,460
201300004009,13,8,1,930,1,2,2,1,3,029,AVENUE DE LA REPUBLIQUE,M,4493192,0184874,460
201300004010,13,8,5,1815,1,1,1,1,3,282,,M,0000000,0000000,460
201300004011,13,8,5,1930,1,1,1,1,1,177,,M,4483612,0181297,460
201300004012,13,9,20,1415,1,1,3,1,3,251,,M,4485566,0189333,460
201300004013,13,11,27,930,1,2,1,1,3,229,Route Nationale,M,4491692,0177331,460
201300004014,13,12,12,900,1,2,1,1,2,038,71 impasse SAINT MARTIN,M,0000000,0000000,460
201300004015,13,2,1,1030,1,1,1,1,6,334,,M,4474343,0145856,460
201300004016,13,3,5,1930,3,1,1,1,6,127,,M,4473900,0135500,460
201300004017,13,5,26,1745,1,2,1,1,1,216,RD 47 PK 11+700,M,4475855,0135195,460
201300004018,13,10,25,1545,1,1,1,1,3,216,,M,4475682,0136383,460
201300004019,13,11,7,1715,1,1,1,1,7,169,,M,4471048,0130196,460
201300004020,13,2,21,1530,2,2,1,7,3,138,7 route de Gramat,M,4464947,0157134,460
201300004021,13,4,28,1115,1,1,1,1,6,240,,M,4481899,0165993,460
201300004022,13,4,29,1600,1,1,1,1,3,078,,M,4476495,0164974,460
201300004023,13,5,21,1700,1,1,1,2,3,240,,M,4480581,0161381,460
201300004024,13,6,12,1930,1,2,1,1,6,128,45 Avenue Louis CONTE,M,4478110,0172129,460
201300004025,13,7,6,1300,1,1,2,1,3,240,,M,4482067,0165737,460
201300004026,13,8,20,1015,1,2,9,1,6,138,16 PLACE DE LA MAIRIE,M,,,460
201300004027,13,1,12,615,3,1,8,2,1,298,,M,4501573,0161358,460
201300004028,13,6,7,1745,1,2,1,1,6,145,71 route de martel,M,4490600,0148100,460
201300004029,13,7,2,1945,1,1,1,1,6,185,,M,4493631,0160354,460
201300004030,13,8,10,2300,3,1,3,1,3,208,,M,4489578,0162099,460
201300004031,13,12,12,1315,1,1,1,1,3,185,,M,4494700,0159600,460
201300004032,13,12,15,1400,1,1,1,1,1,298,,M,4501623,0161377,460
201300004033,13,1,31,1745,2,1,1,1,6,048,,M,4331111,0009731,650
201300004034,13,6,10,2245,3,1,1,1,7,257,,M,4316051,-001538,650
201300004035,13,8,2,1245,1,2,1,1,7,062,,M,4319981,0011098,650
201300004036,13,8,17,1645,1,1,1,1,3,002,,M,4315685,-001981,650
201300004037,13,10,8,830,1,1,1,1,3,257,LANNE/N21,M,4316130,-001430,650
201300004038,13,11,20,1,3,1,1,2,6,422,,M,4331660,-011024,650
201300004039,13,12,3,1815,5,2,1,1,6,002,route de Lourdes,M,4313254,-002705,650
201300004040,13,12,13,45,3,1,1,1,5,002,,M,4315724,-001950,650
201300004041,13,1,12,2000,3,1,1,2,3,184,,M,4317098,0039879,650
201300004042,13,8,6,730,2,2,1,1,6,452,Route de Mi?lan,M,4332685,0036202,650
201300004043,13,7,7,730,1,2,1,1,6,303,"D5, PR 014+200",M,0000000,0000000,650
201300004044,13,7,20,2000,1,1,1,1,3,303,D 817,M,4319582,0016889,650
201300004045,13,9,14,1930,2,1,1,1,7,409,,M,4338647,0012061,650
201300004046,13,11,11,1645,1,2,1,1,6,457,D 8,M,4333746,0009823,650
201300004047,13,4,10,1030,1,2,1,1,6,362,2 route de CAUTERETS,M,4296130,-007903,650
201300004048,13,8,28,530,2,1,1,1,7,168,PONT DE PESCADERE,M,4288538,-001595,650
201300004049,13,1,29,1900,5,2,3,1,3,059,place G. Cl�menceau,M,4306671,0014894,650
201300004050,13,6,24,630,1,2,2,1,3,198,Carrefour RD 8 / RD 208,M,4305419,0016121,650
201300004051,13,6,25,1515,1,1,1,1,2,123,,M,4292475,0019815,650
201300004052,13,10,30,1030,1,2,3,1,1,370,POUZAC/AV. DE LA MONGIE,M,4308220,0013824,650
201300004053,13,1,12,1915,3,1,1,4,1,258,,M,4310527,0040171,650
201300004054,13,2,5,1730,2,1,1,2,7,307,,M,4308991,0052790,650
201300004055,13,3,10,1115,1,2,1,1,6,363,CENTRE VILLAGE,M,4311627,0043381,650
201300004056,13,5,6,1200,1,1,1,1,7,455,,M,4306964,0045419,650
201300004057,13,7,9,1400,1,2,1,1,1,394,CHEMIN DE SANTAFE,M,4307682,0051066,650
201300004058,13,7,25,1215,1,1,1,1,1,305,,M,4294617,0056733,650
201300004059,13,8,11,630,2,1,1,1,7,389,,M,4309597,0049084,650
201300004060,13,9,16,715,2,2,6,1,3,258,giratoire de pinaouet,M,4312246,0038787,650
201300004061,13,10,25,1745,1,1,1,1,5,125,CAMPISTROUS,M,4311540,0036528,650
201300004062,13,10,30,2200,5,2,1,1,1,258,LANNEMEZAN/74 RUE THIERS,M,4312460,0038377,650
201300004063,13,11,23,1515,1,1,1,8,3,363,,M,4312655,0043685,650
201300004064,13,1,13,1745,2,1,1,6,7,283,,M,4279997,0045530,650
201300004065,13,3,30,445,3,1,1,1,6,199,STATION DE PEYRAGUDES,M,4279427,0044241,650
201300004066,13,6,5,1630,1,1,1,1,6,388,,M,4281231,0031745,650
201300004067,13,6,30,1730,1,1,1,1,6,212,,M,4286934,0033657,650
201300004068,13,8,16,300,5,1,1,1,7,017,LIEU DIT CHAUBERE,M,4278021,0019662,650
201300004069,13,11,4,2000,3,1,1,3,2,211,,M,4283954,0034307,650
201300004070,13,11,6,930,1,1,1,8,1,408,,M,4298057,0037490,650
201300004071,13,3,11,1830,2,2,6,3,3,101,RD 988 - PK 23 + 500,M,4401170,0215873,810
201300004072,13,5,22,700,1,1,1,2,6,291,,M,4401000,0212300,810
201300004073,13,10,6,1745,1,1,1,1,2,063,,M,4395200,0211800,810
201300004074,13,12,10,1015,1,1,1,1,6,048,,M,0000000,0000000,810
201300004075,13,1,22,630,3,1,1,8,1,218,,M,4388860,0216502,810
201300004076,13,3,29,830,1,1,1,1,3,147,,M,4381570,0216782,810
201300004077,13,11,30,1930,3,1,1,1,5,079,,M,4384100,0218800,810
201300004078,13,3,27,1230,1,1,1,1,2,277,,M,4401300,0224700,810
201300004079,13,7,31,645,2,1,1,7,7,186,,M,0000000,0000000,810
201300004080,13,11,7,1400,1,1,1,1,1,230,,M,4403600,0218700,810
201300004081,13,3,10,1845,1,1,1,1,3,074,,M,0000000,0000000,810
201300004082,13,4,14,1845,1,1,1,1,6,317,,M,4388550,0233291,810
201300004083,13,4,22,1430,1,1,1,1,1,003,,M,4388790,0245121,810
201300004084,13,6,22,1845,1,1,1,1,1,203,,M,4388500,0239789,810
201300004085,13,7,20,1930,1,1,1,1,7,295,,M,4386400,0233800,810
201300004086,13,10,20,915,1,1,1,1,4,096,,M,4390000,0241700,810
201300004087,13,12,15,745,2,1,1,1,6,003,,M,4389200,0245600,810
201300004088,13,2,16,900,1,2,1,7,7,105,AVENUE RHIN ET DANUBE,M,4376050,0197185,810
201300004089,13,5,15,1615,1,2,1,3,2,105,ROUTE DE LAVAUR,M,4376400,0196600,810
201300004090,13,6,28,1615,1,2,1,1,1,039,route du saout,M,4375600,0190600,810
201300004091,13,7,4,1900,1,1,2,1,3,105,,M,4374200,0203399,810
201300004092,13,8,21,1600,1,1,1,1,1,105,,M,4374100,0203700,810
201300004093,13,9,10,1400,1,2,1,1,3,124,RUE ANDRE THERON,M,0000000,0000000,810
201300004094,13,9,20,1845,1,1,2,1,3,031,,M,4361200,0246500,810
201300004095,13,1,19,2100,5,2,1,3,6,140,RUE DE L'HOPITAL,M,4370050,0181827,810
201300004096,13,7,5,1615,1,1,1,1,6,104,,M,4376900,0177000,810
201300004097,13,7,17,900,1,1,1,1,6,324,,M,0000000,0000000,810
201300004098,13,7,17,1315,1,1,1,1,7,324,,M,0000000,0000000,810
201300004099,13,9,21,115,5,2,1,1,7,271,81 route de roqueseriere,M,0000000,0000000,810
201300004100,13,9,28,130,3,1,1,1,6,298,,M,0000000,0000000,810
201300004101,13,10,25,2015,3,1,1,1,1,271,,M,0000000,0000000,810
201300004102,13,12,8,1230,1,2,1,1,6,140,Avenue Raymond CAYRE,M,0000000,0000000,810
201300004103,13,3,8,900,2,1,1,1,1,177,,M,4370010,0221260,810
201300004104,13,3,30,1045,1,1,1,2,1,221,,M,4378850,0242607,810
201300004105,13,3,31,900,1,1,1,8,6,268,,M,4378630,0261963,810
201300004106,13,6,30,1130,2,1,1,8,1,177,,M,0000000,0000000,810
201300004107,13,6,30,1515,1,1,2,1,3,252,,M,4366900,0223200,810
201300004108,13,8,15,1700,1,2,1,1,6,182,Av des Docteurs Lavergne,M,4372300,0233400,810
201300004109,13,5,6,815,1,1,1,1,3,098,,M,0000000,0000000,810
201300004110,13,6,21,1700,1,1,1,1,1,040,,M,0000000,0000000,810
201300004111,13,7,20,2015,1,1,1,1,1,281,,M,0000000,0000000,810
201300004112,13,8,2,1300,1,1,1,1,1,266,,M,4365000,0198700,810
201300004113,13,8,10,1430,1,1,1,1,1,159,,M,0000000,0000000,810
201300004114,13,10,26,1115,1,1,1,1,6,139,,M,0000000,0000000,810
201300004115,13,10,27,1530,1,2,1,1,6,132,rue des jardins,M,0000000,0000000,810
201300004116,13,3,21,2115,3,1,1,1,6,046,,M,4385590,0197374,810
201300004117,13,3,24,545,3,1,1,1,6,131,,M,4390600,0201399,810
201300004118,13,4,26,1845,2,1,1,2,6,041,,M,4395900,0187500,810
201300004119,13,5,6,1840,1,2,2,1,3,099,av M pagnol ch poujoular,M,4390800,0189700,810
201300004120,13,6,1,45,3,1,1,1,7,099,,M,4391400,0186500,810
201300004121,13,6,26,1645,1,2,1,1,3,225,RD 21,M,4391900,0196300,810
201300004122,13,9,21,1730,1,1,1,1,1,099,,M,4391200,0190600,810
201300004123,13,9,25,2030,3,1,1,1,3,038,,M,4388400,0190900,810
201300004124,13,10,21,1745,1,1,2,1,3,099,,M,4392300,0196800,810
201300004125,13,10,31,1730,1,1,1,1,1,029,,M,4395900,0199300,810
201300004126,13,11,18,1645,1,1,1,2,1,099,,M,0000000,0000000,810
201300004127,13,1,17,745,1,2,1,1,3,089,Av. du chater/Taffignon,M,4572800,0478100,690
201300004128,13,1,23,1415,1,2,2,1,5,069,rue centrale,M,0000000,0000000,690
201300004129,13,5,17,1845,1,2,1,1,7,205,rue des usclards,M,4576500,0473300,690
201300004130,13,7,24,1100,1,2,1,1,6,069,Pl. Andr?e Marie PERRIN,M,0000000,0000000,690
201300004131,13,12,10,830,2,2,1,8,3,089,Avenue de Taffignon,M,4573900,0476600,690
201300004132,13,3,9,1125,1,2,1,1,6,408,"0, ROMANETTE (RUELLE)",M,4955338,0360670,020
201300004133,13,4,2,1812,1,2,1,1,6,408,"1, LUCIE AUBRAC (RUE)",M,4957122,0363553,020
201300004134,13,4,3,1822,1,2,1,1,6,408,"1, BRIMBEUF (RUE ARMAND)",M,4958730,0364441,020
201300004135,13,4,11,1525,1,2,1,1,6,157,RUE JEAN JAURES,M,4958695,0364954,020
201300004136,13,4,29,1615,1,1,4,1,3,408,RD 1044,,,,020
201300004137,13,5,26,424,5,2,1,2,6,408,"34BIS, GAMBETTA (AVENUE)",M,4956661,0363130,020
201300004138,13,5,27,1025,1,2,1,1,3,408,"61, MENDES-FRANCE (AVENU",M,4957375,0363549,020
201300004139,13,6,4,2110,1,1,1,1,6,408,faubourg de leuilly,M,4953930,0360425,020
201300004140,13,4,14,110,4,2,1,1,6,408,8 boulevard de lyon,M,4956956,0362477,020
201300004141,13,5,30,1625,1,2,6,1,3,408,DE GAULLE (AVENUE CHARLE,M,4956871,0364709,020
201300004142,13,6,9,1830,1,2,6,2,3,408,BRIAND (AVENUE ARISTIDE),M,4956831,0362400,020
201300004143,13,6,9,1935,1,1,6,2,1,408,RN2,,,,020
201300004144,13,6,14,1525,1,1,6,1,3,408,,,,,020
201300004145,13,7,4,2145,5,2,3,1,3,408,rue fernand christ,M,4957200,0360134,020
201300004146,13,7,5,1850,1,1,1,1,1,408,,M,4957190,0360119,020
201300004147,13,7,18,750,1,2,1,1,6,408,"01, ARDON A LEUILLY (CHE",M,4954885,0362237,020
201300004148,13,7,19,1450,1,1,4,1,3,408,RD 1044,,,,020
201300004149,13,7,23,1055,1,2,1,1,6,408,"18, CARNOT (AVENUE)",M,4956942,0362421,020
201300004150,13,7,29,915,1,1,6,1,1,408,ARDON (CHEMIN D'),M,4954656,0361654,020
201300004151,13,8,23,1730,1,1,2,1,3,408,D 1044,,,,020
201300004152,13,8,29,2210,2,2,1,1,6,408,"2, DOUMER (RUE PAUL)",M,4956433,0362104,020
201300004153,13,9,30,1300,1,2,6,1,3,408,DROITS DE L'HOMME (PLACE,,,,020
201300004154,13,9,30,1645,1,2,1,1,2,408,"34, TARPIN (RUE DANIEL)",M,4956796,0359922,020
201300004155,13,10,10,2044,5,2,6,3,3,408,HUGO (PLACE VICTOR),M,4957002,0363383,020
201300004156,13,10,21,755,2,2,1,1,6,408,"113, BROSSOLETTE (BOULEV",M,4956934,0361866,020
201300004157,13,11,6,1200,1,2,1,2,1,408,pont de vaux,M,4957052,0363544,020
201300004158,13,12,12,1100,1,2,6,8,2,408,DE GAULLE (AVENUE CHARLE,M,4956997,0363815,020
201300004159,13,12,16,1715,5,2,1,1,6,408,Place robert Aumont,M,4956190,0361155,020
201300004160,13,4,26,1800,1,1,1,1,1,064,,M,4395500,0182300,810
201300004161,13,9,22,1445,1,1,1,1,3,206,,M,0000000,0000000,810
201300004162,13,1,18,1530,1,1,2,1,3,276,,M,4391440,0169264,810
201300004163,13,2,16,630,3,1,1,1,6,171,,M,4383970,0185168,810
201300004164,13,3,16,1045,1,2,2,1,3,220,26 AVENUE DE TOULOUSE,M,4381930,0171860,810
201300004165,13,6,1,1345,1,1,1,1,3,208,,M,4384000,0186700,810
201300004166,13,8,10,1445,1,1,1,1,7,276,,M,4391300,0168600,810
201300004167,13,10,4,1430,1,1,1,3,3,145,,M,4385700,0180500,810
201300004168,13,12,12,1215,1,1,1,1,7,220,,M,4389100,0177500,810
201300004169,13,12,13,815,1,1,1,1,3,145,,M,4386400,0181100,810
201300004170,13,1,11,1815,3,1,1,1,1,002,,M,4349490,0233933,810
201300004171,13,6,12,1615,1,1,1,1,1,204,,M,4356300,0232600,810
201300004172,13,7,30,900,1,2,1,1,6,120,Avenue du 8 mai 1945,M,0000000,0000000,810
201300004173,13,11,10,1600,1,1,1,1,6,312,,M,0000000,0000000,810
201300004174,13,3,10,220,3,1,1,1,6,127,,M,4356670,0192903,810
201300004175,13,3,10,1600,1,1,1,1,2,251,,M,4355790,0206928,810
201300004176,13,4,13,1745,1,1,2,1,3,100,,M,4348280,0199554,810
201300004177,13,6,20,1715,1,2,1,1,7,179,"lieu dit la c?te, C.V 18",M,4351700,0193200,810
201300004178,13,7,2,1130,1,1,1,1,1,143,,M,4353500,0210100,810
201300004179,13,7,31,1800,1,1,1,1,3,050,,M,4358000,0186000,810
201300004180,13,11,6,1230,1,1,1,1,6,219,,M,4357800,0202599,810
201300004181,13,12,16,1900,3,1,1,1,6,219,,M,4355600,0202800,810
201300004182,13,2,6,1045,1,1,1,2,3,087,,M,0000000,0000000,820
201300004183,13,2,27,800,1,2,1,5,6,087,D20 - route de Moli?res,M,0000000,0000000,820
201300004184,13,3,9,1930,2,1,1,1,1,087,,M,0000000,0000000,820
201300004185,13,3,21,915,1,1,1,1,6,126,,M,4416640,0156682,820
201300004186,13,4,4,1415,1,1,1,3,6,144,,M,0000000,0000000,820
201300004187,13,5,4,1,3,1,1,1,6,144,,M,0000000,0000000,820
201300004188,13,5,10,1430,1,1,1,1,1,039,,M,0000000,0000000,820
201300004189,13,5,13,845,1,1,1,1,5,119,,M,0000000,0000000,820
201300004190,13,6,5,945,1,2,2,1,3,179,Cours Sady Carnot,M,0000000,0000000,820
201300004191,13,6,2,1145,1,1,1,1,7,076,,M,0000000,0000000,820
201300004192,13,6,21,330,3,1,1,1,6,087,,M,0000000,0000000,820
201300004193,13,6,25,1200,1,1,1,1,6,131,,M,0000000,0000000,820
201300004194,13,6,29,945,1,2,1,1,6,037,58 rue Dr OLIVE,M,0000000,0000000,820
201300004195,13,7,13,1330,1,1,1,1,1,037,,M,0000000,0000000,820
201300004196,13,7,13,1315,1,1,1,1,7,149,,M,0000000,0000000,820
201300004197,13,7,13,2115,2,1,1,1,6,087,,M,0000000,0000000,820
201300004198,13,8,5,1530,1,1,1,1,6,037,,M,0000000,0000000,820
201300004199,13,8,13,1930,1,1,1,1,1,076,,M,0000000,0000000,820
201300004200,13,8,16,330,3,1,1,1,6,144,,M,0000000,0000000,820
201300004201,13,10,2,715,2,1,2,1,1,039,,M,0000000,0000000,820
201300004202,13,10,14,745,2,1,1,8,7,037,,M,0000000,0000000,820
201300004203,13,10,31,1030,1,1,2,5,3,037,,M,0000000,0000000,820
201300004204,13,12,8,915,1,1,1,9,6,179,,M,0000000,0000000,820
201300004205,13,12,31,1345,1,1,1,1,7,176,,M,4396600,0152800,820
201300004206,13,6,16,1600,1,1,1,1,6,098,,M,0000000,0000000,820
201300004207,13,7,6,2115,2,1,2,1,1,192,,M,0000000,0000000,820
201300004208,13,8,16,1545,1,1,1,1,3,192,,M,0000000,0000000,820
201300004209,13,12,9,1945,3,1,1,9,7,026,,M,0000000,0000000,820
201300004210,13,4,25,1800,1,2,1,1,6,172,SAILLAGOL,M,0000000,0000000,820
201300004211,13,6,1,1300,1,1,1,1,6,187,,M,0000000,0000000,820
201300004212,13,7,11,1845,1,1,1,1,6,038,,M,0000000,0000000,820
201300004213,13,7,16,1100,1,1,3,7,3,137,,M,4427300,0185700,820
201300004214,13,7,16,1645,1,1,1,7,6,147,,M,4430100,0187400,820
201300004215,13,8,22,1015,1,1,6,1,6,038,,M,0000000,0000000,820
201300004216,13,9,23,1130,1,1,1,1,6,191,,M,0000000,0000000,820
201300004217,13,8,1,1615,1,1,3,1,3,102,,M,0000000,0000000,820
201300004218,13,9,4,830,1,1,1,1,1,055,,M,4390800,0096100,820
201300004219,13,9,22,2015,2,1,1,1,6,013,,M,0000000,0000000,820
201300004220,13,11,21,45,3,2,1,2,6,093,RD 928,M,0000000,0000000,820
201300004221,13,1,22,915,1,2,1,9,6,075,rue de la paix,M,0000000,0000000,820
201300004222,13,2,24,600,3,1,1,1,6,075,,M,4384300,0129300,820
201300004223,13,6,10,1415,1,1,1,1,6,188,,M,4393800,0148900,820
201300004224,13,8,4,400,3,1,1,1,7,027,,M,4389600,0133400,820
201300004225,13,8,17,1345,1,1,1,1,6,075,,M,0000000,0000000,820
201300004226,13,9,19,830,1,1,1,1,6,079,,M,0000000,0000000,820
201300004227,13,10,11,2345,5,2,1,1,6,048,Route de Toulouse,M,0000000,0000000,820
201300004228,13,11,8,900,1,1,2,5,3,079,,M,4391600,0133100,820
201300004229,13,12,16,1800,3,1,1,1,6,048,,M,0000000,0000000,820
201300004230,13,8,21,1700,1,1,1,1,6,094,,M,4427000,0114600,820
201300004231,13,9,11,1000,1,1,1,1,1,117,,M,4433300,0103000,820
201300004232,13,11,6,1915,3,1,1,1,1,154,,M,4422100,0114000,820
201300004233,13,12,10,1800,3,1,1,1,6,151,,M,0000000,0000000,820
201300004234,13,1,25,1845,3,1,1,1,3,112,,M,0000000,0000000,820
201300004235,13,2,7,1215,1,2,1,1,1,112,avenue du sarlac,M,0000000,0000000,820
201300004236,13,3,9,1930,3,1,1,1,3,112,,M,4409570,0105419,820
201300004237,13,4,27,1930,1,2,1,1,6,112,,M,0000000,0000000,820
201300004238,13,7,22,2330,3,1,1,1,1,112,,M,4408400,0109200,820
201300004239,13,7,24,2330,3,1,1,1,6,080,,M,4407000,0118400,820
201300004240,13,8,3,1615,1,1,1,1,1,031,,M,4404000,0103899,820
201300004241,13,8,14,1045,1,2,1,1,3,112,Bd Camille Delthil,M,4410700,0108700,820
201300004242,13,8,17,1545,1,1,1,1,6,108,,M,4409300,0120800,820
201300004243,13,9,5,1815,1,1,1,1,1,112,,M,0000000,0000000,820
201300004244,13,10,5,1515,1,1,1,1,7,112,,M,4410000,0108900,820
201300004245,13,10,8,1215,1,1,1,1,6,112,,M,4409800,0105500,820
201300004246,13,10,27,300,3,1,8,1,3,112,,M,0000000,0000000,820
201300004247,13,10,31,1500,1,2,1,1,6,112,BD CAMILLE DELTHIL,M,0000000,0000000,820
201300004248,13,1,11,1925,3,1,1,1,1,023,"Lieu-dit ""la sudre""",M,4394700,0114000,820
201300004249,13,1,11,1900,3,1,1,1,1,020,"Lieu-dit ""d�re"" VC 12",M,0000000,0000000,820
201300004250,13,1,22,1615,1,1,1,1,6,124,,M,0000000,0000000,820
201300004251,13,1,23,1245,1,2,1,1,6,125,1248 route de montauban,M,4396440,0125242,820
201300004252,13,2,13,745,2,2,1,1,3,125,boulevard R?publique,M,0000000,0000000,820
201300004253,13,2,17,1445,1,1,1,7,3,171,,M,0000000,0000000,820
201300004254,13,7,12,1700,1,1,6,1,3,123,,M,0000000,0000000,820
201300004255,13,7,24,845,1,1,2,1,3,171,,M,0000000,0000000,820
201300004256,13,7,28,2330,3,1,1,1,1,190,,M,0000000,0000000,820
201300004257,13,8,15,145,5,2,1,1,7,125,Route d'Escatalens,M,0000000,0000000,820
201300004258,13,8,25,1500,1,2,1,1,4,125,Faubourg Saint Blaise,M,0000000,0000000,820
201300004259,13,9,1,1300,1,1,1,1,3,062,,M,0000000,0000000,820
201300004260,13,10,10,630,3,1,1,1,1,125,,M,0000000,0000000,820
201300004261,13,10,27,15,5,2,1,1,6,062,RD813  PK 10,M,0000000,0000000,820
201300004262,13,10,26,600,3,1,1,1,6,085,,M,0000000,0000000,820