Num_Acc,an,mois,jour,hrmn,lum,agg,int,atm,col,com,adr,gps,lat,long,dep
201300004875,13,9,20,1735,1,2,1,1,6,738,GAMBETTA (BOULEVARD),M,4965454,0329469,020
201300004876,13,10,15,1725,1,2,2,7,6,738,"1, HOCHE",M,4965372,0329211,020
201300004877,13,8,8,1015,1,1,1,2,1,312,,M,0000000,0000000,380
201300004878,13,10,19,1445,1,2,1,1,3,269,la festini?re,M,0000000,0000000,380
201300004879,13,10,26,1015,1,2,1,1,6,304,4 route de la barri?re,M,4495500,0575800,380
201300004880,13,4,12,1600,1,1,1,1,3,243,,M,4478500,0564600,380
201300004881,13,8,7,1130,1,1,1,2,6,424,,M,4477600,0566200,380
201300004882,13,8,27,1045,1,1,1,1,1,204,,M,4474200,0567900,380
201300004883,13,8,31,1500,1,2,1,1,6,226,Sortie Mens - rd66,M,4481800,0575100,380
201300004884,13,1,18,1645,1,1,1,1,3,212,,M,4506670,0586952,380
201300004885,13,2,23,2300,5,2,9,2,6,200,AV DU GENERAL DELESTRAIN,M,4509760,0574683,380
201300004886,13,6,6,830,1,2,6,1,3,529,URIAGE,M,4507600,0591100,380
201300004887,13,7,5,900,1,1,1,1,1,277,,M,0000000,0000000,380
201300004888,13,7,17,1245,1,1,1,1,3,279,,M,0000000,0000000,380
201300004889,13,7,26,1845,1,1,1,1,6,562,LE PEAGE DE VIZILLE,M,4505030,0578336,380
201300004890,13,9,14,1430,1,2,1,1,1,529,454 ROUTE DE LA GORGE,M,0000000,0000000,380
201300004891,13,10,2,1400,1,1,1,1,1,562,,M,0000000,0000000,380
201300004892,13,10,16,1630,1,2,1,1,1,279,Lieu dit Le Troussier,M,0000000,0000000,380
201300004893,13,10,22,1745,1,2,1,1,1,279,,M,0000000,0000000,380
201300004894,13,12,6,2230,3,1,1,1,6,279,RTE DU CONNEX,M,4506330,0576069,380
201300004895,13,12,17,1415,1,2,1,1,3,071,la Cheneraie,M,4508400,0572800,380
201300004896,13,2,24,1930,3,1,1,1,5,095,,M,4513600,0529590,380
201300004897,13,5,7,1445,1,1,1,1,3,410,,M,0000000,0000000,380
201300004898,13,6,15,1300,1,2,1,1,6,495,,M,0000000,0000000,380
201300004899,13,7,21,45,3,1,1,1,7,095,AV DU VERCORS,M,4512550,0527650,380
201300004900,13,7,25,1930,1,1,1,1,1,394,,M,4508400,0525300,380
201300004901,13,10,18,1730,1,1,3,1,3,409,,M,4506600,0528100,380
201300004902,13,11,1,745,1,1,1,1,6,409,,M,4509500,0529800,380
201300004903,13,12,21,600,3,1,1,1,7,095,RTE CX NOIRE BAS-GERVAN,M,4512630,0530360,380
201300004904,13,3,25,1545,1,1,1,1,6,505,,M,0000000,0000000,380
201300004905,13,4,13,1830,1,1,1,1,7,457,,M,4530500,0526900,380
201300004906,13,5,18,530,2,1,2,1,3,218,,M,0000000,0000000,380
201300004907,13,6,1,1730,1,1,1,1,6,387,,M,4532100,0533800,380
201300004908,13,9,7,1200,1,1,1,1,1,221,,M,4528600,0526400,380
201300004909,13,9,9,715,1,1,2,1,3,058,R DES MARGUETS/SABLIERES,M,4535660,0530605,380
201300004910,13,9,21,600,4,2,1,1,6,440,Route du village,M,4531900,0528800,380
201300004911,13,10,1,800,1,2,1,1,6,058,route de la c?te,M,4535300,0530700,380
201300004912,13,10,26,1230,1,1,1,1,5,171,,M,4530500,0541000,380
201300004913,13,1,11,1515,1,1,4,2,6,500,RTE DES SIGNAUX,M,4518790,0537795,380
201300004914,13,2,3,1130,1,1,1,1,6,074,,M,4525040,0545451,380
201300004915,13,3,9,1230,1,1,1,1,6,338,,M,4523100,0549800,380
201300004916,13,3,17,845,1,1,1,3,6,117,,M,0000000,0000000,380
201300004917,13,4,23,1930,1,2,3,1,3,004,RD1092 - RD35,M,4522700,0543900,380
201300004918,13,6,23,230,3,1,1,1,7,310,,M,4526700,0546900,380
201300004919,13,6,23,1630,1,1,1,1,5,500,,M,0000000,0000000,380
201300004920,13,7,4,1745,1,2,1,1,1,517,Rue du G?n?ral De Gaulle,M,4530300,0548500,380
201300004921,13,7,26,1345,1,1,1,7,1,338,,M,4525000,0551400,380
201300004922,13,8,2,1130,1,1,1,1,1,450,,M,0000000,0000000,380
201300004923,13,8,7,900,1,1,1,3,5,450,,M,4529360,0558654,380
201300004924,13,8,20,1800,1,2,1,1,5,517,17 route de renage,M,4531400,0549200,380
201300004925,13,12,1,1645,1,1,1,1,1,450,,M,0000000,0000000,380
201300004926,13,12,24,30,3,1,1,1,7,074,,M,0000000,0000000,380
201300004927,13,2,3,1800,3,1,4,1,6,348,D1006/CH DE COUERE,M,4558320,0532284,380
201300004928,13,3,4,830,1,1,1,1,1,415,,M,0000000,0000000,380
201300004929,13,5,24,1700,1,2,1,1,6,467,853 CHEMIN DES SABLES,M,0000000,0000000,380
201300004930,13,5,26,900,1,1,1,1,1,455,,M,0000000,0000000,380
201300004931,13,6,24,715,1,1,1,3,2,374,,M,0000000,0000000,380
201300004932,13,10,15,815,1,1,1,2,6,415,,M,0000000,0000000,380
201300004933,13,10,15,1315,1,1,1,8,1,498,,M,0000000,0000000,380
201300004934,13,10,30,815,3,1,1,1,6,415,,M,0000000,0000000,380
201300004935,13,11,4,1815,5,2,1,2,6,348,33 rue du lavaizin,M,0000000,0000000,380
201300004936,13,12,8,1215,1,1,1,1,1,230,,M,0000000,0000000,380
201300004937,13,12,19,815,1,1,1,2,5,374,,M,0000000,0000000,380
201300004938,13,12,21,1045,1,2,1,7,6,276,route de Lyon,M,0000000,0000000,380
201300004939,13,2,28,2130,3,2,1,1,6,176,chemin des marais,M,0000000,0000000,380
201300004940,13,5,24,1645,5,2,1,1,6,542,ROUTE DE MORAS,M,4568400,0521800,380
201300004941,13,7,6,1630,1,1,1,1,6,176,,M,4564000,0520600,380
201300004942,13,10,4,100,3,1,1,1,7,451,,M,0000000,0000000,380
201300004943,13,11,13,815,1,2,1,1,6,515,route de Cr?mieu,M,0000000,0000000,380
201300004944,13,12,1,245,3,1,6,1,6,190,,M,0000000,0000000,380
201300004945,13,12,20,730,2,1,1,2,3,451,,M,4574900,0522800,380
201300004946,13,4,11,1900,1,1,1,1,6,046,,M,0000000,0000000,380
201300004947,13,7,25,1545,1,2,1,1,3,046,,M,0000000,0000000,380
201300004948,13,8,23,1500,1,1,1,1,3,063,,M,0000000,0000000,380
201300004949,13,9,13,745,1,1,6,1,1,013,,M,0000000,0000000,380
201300004950,13,9,24,1730,1,1,1,1,3,042,,M,0000000,0000000,380
201300004951,13,12,13,1915,3,1,1,4,6,063,,M,4542600,0542600,380
201300004952,13,12,15,345,3,1,1,8,6,305,,M,0000000,0000000,380
201300004953,13,3,11,1630,1,1,1,1,3,135,,M,0000000,0000000,380
201300004954,13,8,11,1530,1,1,1,1,3,365,,M,4578900,0534800,380
201300004955,13,9,3,2345,5,1,1,1,3,320,,M,0000000,0000000,380
201300004956,13,11,6,1915,3,1,1,2,1,054,,M,0000000,0000000,380
201300004957,13,6,23,1730,1,1,1,1,7,541,,M,0000000,0000000,380
201300004958,13,7,2,1530,1,1,1,1,1,124,,M,0000000,0000000,380
201300004959,13,8,3,1645,1,1,1,7,6,297,,M,0000000,0000000,380
201300004960,13,9,1,530,2,2,1,1,6,012,Route des charmilles,M,0000000,0000000,380
201300004961,13,10,13,545,3,1,1,1,6,541,,M,0000000,0000000,380
201300004962,13,10,25,430,5,1,1,1,1,543,,,,,380
201300004963,13,1,4,1015,1,1,1,1,6,357,,M,4554600,0551658,380
201300004964,13,2,28,1030,3,2,8,1,6,357,passage ? niveau d 1006,M,0000000,0000000,380
201300004965,13,3,20,1145,1,2,1,2,6,315,ROUTE DE BELLEY,M,0000000,0000000,380
201300004966,13,5,21,1115,1,1,1,2,1,315,,M,0000000,0000000,380
201300004967,13,6,7,1915,1,2,1,2,1,357,,M,0000000,0000000,380
201300004968,13,6,16,1715,1,1,1,1,3,001,,M,0000000,0000000,380
201300004969,13,7,3,1815,1,1,1,1,5,165,,M,0000000,0000000,380
201300004970,13,8,11,830,1,2,1,1,3,315,roue de la Folati?re,M,0000000,0000000,380
201300004971,13,8,23,1845,1,2,1,7,6,315,91 ROUTE DE LYON,,,,380
201300004972,13,9,8,1830,1,1,1,3,1,028,,M,0000000,0000000,380
201300004973,13,10,5,1345,1,1,1,1,1,323,,M,0000000,0000000,380
201300004974,13,10,10,1830,2,1,1,8,5,420,,M,0000000,0000000,380
201300004975,13,12,30,1900,5,2,1,1,1,315,AV DE LA FOLATIERE / CH,M,4553620,0564992,380
201300004976,13,2,9,745,1,1,1,2,1,369,,M,4555430,0542921,380
201300004977,13,2,27,1430,1,2,3,1,3,401,ROUTE DE LA BOURBRE,M,4556490,0543066,380
201300004978,13,8,17,545,5,2,1,1,3,064,Place du pl?tre,M,4557200,0537500,380
201300004979,13,8,28,1645,1,2,1,1,6,377,RUE RENE DUCHAMP,M,0000000,0000000,380
201300004980,13,8,29,1330,1,2,1,1,4,064,Route de Lyon,M,4557200,0537000,380
201300004981,13,9,13,2000,3,2,1,1,2,064,Hameau de COIRANNE,M,4557300,0535700,380
201300004982,13,9,16,2115,3,1,1,3,1,064,,M,0000000,0000000,380
201300004983,13,10,4,2030,3,2,3,3,7,464,749 ROUTE DE DOISSIN,M,4553830,0540789,380
201300004984,13,10,5,945,1,1,1,1,1,250,,M,0000000,0000000,380
201300004985,13,10,7,1845,1,2,1,1,3,162,Route du Fer ? Cheval,M,4559500,0552700,380
201300004986,13,10,25,1815,2,1,1,1,1,509,,M,0000000,0000000,380
201300004987,13,11,29,1630,2,2,1,3,4,509,Avenue de SAVOIE,M,0000000,0000000,380
201300004988,13,11,30,1915,3,1,1,1,1,341,,M,0000000,0000000,380
201300004989,13,12,16,1545,1,1,1,1,1,377,,M,4557200,0545800,380
201300004990,13,2,18,1715,1,2,4,1,3,209,cd49,M,4733400,-160700,440
201300004991,13,4,11,1645,1,2,1,3,6,035,Rue Martin Luther King,M,0000000,0000000,440
201300004992,13,4,12,2330,5,2,6,1,3,066,place de l eglise,M,0000000,0000000,440
201300004993,13,6,19,1715,1,2,6,1,3,035,place de la giliere,M,0000000,0000000,440
201300004994,13,8,31,1800,1,2,9,1,3,035,boulevard du Gesvre,M,4728500,-155000,440
201300004995,13,11,13,1815,5,2,6,1,6,035,boulevard du gesvre 4424,M,4727200,-155100,440
201300004996,13,12,12,1145,1,1,1,2,7,066,,M,0000000,0000000,440
201300004997,13,12,25,1115,1,2,6,2,3,035,place de la r?publique,M,0000000,0000000,440
201300004998,13,2,22,45,5,1,1,1,6,215,R DE ST JUST CHALEYSSIN,M,4558440,0497636,380
201300004999,13,4,19,1230,1,1,1,2,1,336,,M,0000000,0000000,380
201300005000,13,8,6,1830,1,2,1,1,7,160,,M,0000000,0000000,380
201300005001,13,8,25,2130,3,1,1,1,1,157,,M,4550500,0495300,380
201300005002,13,10,5,1345,1,2,1,1,6,087,avenue fr?d?ric mistral,M,0000000,0000000,380
201300005003,13,11,17,600,3,1,1,1,6,131,,M,4547100,0490600,380
201300005004,13,12,10,545,3,1,1,5,7,160,,M,4549700,0499800,380
201300005005,13,12,12,1900,3,1,1,5,6,215,,M,4560800,0498300,380
201300005006,13,1,31,815,1,1,1,8,3,069,,M,4546640,0529323,380
201300005007,13,3,7,330,3,2,1,2,1,479,RD 518,M,0000000,0000000,380
201300005008,13,3,10,1715,3,1,1,2,6,016,,M,0000000,0000000,380
201300005009,13,3,21,900,1,2,1,7,6,130,rue tourtain,M,0000000,0000000,380
201300005010,13,4,8,530,2,1,1,1,7,274,,M,0000000,0000000,380
201300005011,13,6,15,1530,1,2,1,1,3,335,RD 538 L'Embranchement,M,0000000,0000000,380
201300005012,13,6,13,1915,1,2,1,1,1,300,route des burettes,M,0000000,0000000,380
201300005013,13,8,1,1615,1,1,1,1,3,284,,M,0000000,0000000,380
201300005014,13,8,21,1530,1,1,1,1,3,034,,M,0000000,0000000,380
201300005015,13,9,19,1215,1,1,2,1,3,037,BATAILLOUSE,M,4535640,0495360,380
201300005016,13,10,19,715,2,2,1,1,1,130,Avenue Aristide Briand,M,0000000,0000000,380
201300005017,13,11,30,2100,5,1,1,1,2,025,,M,0000000,0000000,380
201300005018,13,12,11,1130,1,2,1,1,2,130,59 avenue jongkind,M,0000000,0000000,380
201300005019,13,12,18,1045,1,1,1,1,3,037,,M,0000000,0000000,380
201300005020,13,1,23,1800,3,1,2,1,1,519,RTE DE LYON/CH LA COMBE,M,4561320,0500461,380
201300005021,13,3,9,1500,1,1,1,1,6,399,,M,0000000,0000000,380
201300005022,13,3,15,1630,1,2,1,1,6,389,Chemin de la froide,M,4556500,0509700,380
201300005023,13,4,2,1745,2,1,1,2,7,351,,M,0000000,0000000,380
201300005024,13,4,3,2100,3,1,1,1,6,189,LE PLATRE,M,4561800,0505746,380
201300005025,13,7,2,830,1,1,1,1,7,389,,M,0000000,0000000,380
201300005026,13,7,6,930,1,1,1,1,4,389,,M,0000000,0000000,380
201300005027,13,10,4,1915,2,1,1,3,6,015,,M,0000000,0000000,380
201300005028,13,11,19,1400,1,1,6,3,6,144,,M,0000000,0000000,380
201300005029,13,12,18,1730,1,1,1,1,1,288,,M,4558400,0504500,380
201300005030,13,3,10,1630,1,2,1,1,7,507,Rue de l'Eglise,M,0000000,0000000,380
201300005031,13,6,17,1600,1,2,1,1,6,507,rue des ardennes,M,0000000,0000000,380
201300005032,13,7,26,45,3,1,1,1,5,197,D517 PR3+000,M,4575840,0512863,380
201300005033,13,9,13,2145,3,1,1,8,6,085,RTE DE VIENNE,M,4573370,0515832,380
201300005034,13,10,19,1400,3,1,1,1,1,085,,M,0000000,0000000,380
201300005035,13,2,2,800,1,2,4,1,6,344,L'ESCALE,M,4536860,0479943,380
201300005036,13,1,28,2030,5,2,1,1,3,468,RTE DE VALENCE,M,4535320,0480218,380
201300005037,13,2,1,2015,5,2,2,8,3,298,7 R J PREVERT,M,4537170,0480077,380
201300005038,13,2,15,1000,1,2,1,1,6,298,D1007B R DE LA REPUBLIQU,M,4537240,0479866,380
201300005039,13,3,16,500,2,1,1,1,1,468,,M,0000000,0000000,380
201300005040,13,3,30,1530,1,1,1,2,5,072,,M,0000000,0000000,380
201300005041,13,4,17,1745,1,2,2,1,3,344,rue gaston monmousseau,M,0000000,0000000,380
201300005042,13,4,23,1700,1,1,1,1,1,344,MONTEE DE LOUZE,M,4539430,0480637,380
201300005043,13,4,26,1830,1,1,1,1,3,003,,M,0000000,0000000,380
201300005044,13,5,25,2115,2,2,2,8,3,344,avenue Jacques Pr?vert,M,0000000,0000000,380
201300005045,13,5,31,1445,1,2,1,2,1,344,Champ Peyraud Sud,M,0000000,0000000,380
201300005046,13,6,6,1530,1,2,1,1,2,349,42 ROUTE DES ALPES,M,0000000,0000000,380
201300005047,13,6,25,1445,1,1,1,1,2,468,,M,0000000,0000000,380
201300005048,13,7,29,1400,1,1,1,1,1,349,,M,0000000,0000000,380
201300005049,13,9,21,1830,1,2,1,1,6,003,49 route du stade,M,0000000,0000000,380
201300005050,13,10,25,600,1,1,1,1,1,072,,M,0000000,0000000,380
201300005051,13,11,15,1215,1,1,1,1,5,344,,M,0000000,0000000,380
201300005052,13,11,20,900,1,1,1,4,3,344,,M,0000000,0000000,380
201300005053,13,12,22,1400,1,1,1,1,7,468,,M,0000000,0000000,380
201300005054,13,7,30,1915,1,1,1,7,1,449,,M,0000000,0000000,380
201300005055,13,8,21,845,1,2,1,1,1,537,Rue Fran?ois Frandaz,M,0000000,0000000,380
201300005056,13,12,5,1430,1,1,1,1,5,449,,M,0000000,0000000,380
201300005057,13,12,25,1800,3,1,6,3,3,449,,M,0000000,0000000,380
201300005058,13,4,13,1115,1,1,1,1,1,067,,M,4534856,0460550,420
201300005059,13,5,1,1645,1,2,1,7,6,139,1 route de SAINT GENEST,M,4528391,0439505,420
201300005060,13,6,4,1630,1,1,1,1,1,329,,M,4532068,0452298,420
201300005061,13,1,31,1000,1,1,1,1,1,096,,M,4554420,0444633,420
201300005062,13,4,17,1615,1,1,1,1,3,208,,M,4554420,0446084,420
201300005063,13,5,9,1515,1,1,1,1,1,208,,M,4555296,0449120,420
201300005064,13,8,31,745,1,2,1,1,1,097,Avenue jean faure,M,4551031,0430254,420
201300005065,13,9,6,1730,1,1,1,1,1,097,,M,4550828,0429012,420
201300005066,13,9,5,945,3,1,6,1,3,097,,M,4552239,0429349,420
201300005067,13,9,25,915,3,1,1,1,6,234,,M,4551368,0437659,420
201300005068,13,12,6,1830,5,2,6,2,1,302,rue Jean Berthon,M,4547803,0444342,420
201300005069,13,2,11,1315,1,1,1,1,1,285,,M,4555944,0414778,420
201300005070,13,6,17,1700,1,2,1,1,6,147,7 RUE D'ESTIALLET,M,4560715,0405178,420
201300005071,13,7,16,2015,1,1,1,1,3,179,,M,4566191,0404511,420
201300005072,13,7,19,1315,1,1,1,1,1,180,,M,4558253,0417061,420
201300005073,13,10,22,1345,1,1,1,1,1,285,,M,4557410,0412073,420
201300005074,13,10,25,1730,1,2,1,1,2,147,avenue paul cezanne,M,4561234,0405562,420
201300005075,13,11,16,1845,3,1,1,1,3,147,,M,4559071,0408988,420
201300005076,13,12,9,745,1,2,1,1,6,147,Rue de Beauregard,M,4560965,0405863,420
201300005077,13,12,9,1800,5,2,1,1,2,147,Avenue d'Allard,M,4501200,0409800,420
201300005078,13,12,14,800,1,1,1,9,6,299,,M,4563992,0409930,420
201300005079,13,2,19,1900,5,2,1,1,3,304,Route de la devalla,M,4554173,0417751,420
201300005080,13,4,7,345,3,2,1,1,6,075,CHEMIN DE LA LIVOTTE,M,4558462,0422941,420
201300005081,13,4,7,1645,1,1,1,1,6,022,,M,4552582,0422914,420
201300005082,13,5,11,1900,1,2,1,1,1,304,rue Gambetta,M,4554400,0418300,420
201300005083,13,5,17,1445,1,2,1,3,1,022,avenue de st rambert,M,4551795,0422424,420
201300005084,13,6,17,830,1,2,6,1,6,005,AVENUE DE SAINT ETIENNE,M,4552617,0427016,420
201300005085,13,7,4,845,1,2,1,1,3,005,AVENUE BENOIT FOURNEYRON,M,0000000,0000000,420
201300005086,13,8,18,2130,5,2,1,1,6,005,avenue Helene Boucher,M,4553878,0428629,420
201300005087,13,8,20,1645,1,2,1,1,3,022,9 avenue de ST RAMBERT,M,4551953,0422129,420
201300005088,13,9,6,700,1,2,1,1,6,022,14 av de St Rambert,M,4552185,0421666,420
201300005089,13,9,9,545,3,2,1,1,3,005,CD 100,M,4553492,0430523,420
201300005090,13,9,10,1445,1,2,1,1,6,022,RD8 avenue de st rambert,M,4552181,0421710,420
201300005091,13,9,8,1530,1,1,9,3,1,075,,M,4558283,0424387,420
201300005092,13,9,13,1530,1,1,1,1,5,304,,M,4553226,0415428,420
201300005093,13,10,17,1345,1,2,1,1,2,304,route de Sanzieux,M,4555699,0418433,420
201300005094,13,12,26,945,1,2,1,1,6,022,Place du 11 novembre,M,4552257,0421509,420
201300005095,13,12,31,2015,3,1,1,1,6,039,,M,4570908,0386356,420
201300005096,13,7,3,1000,1,1,1,1,3,136,,M,4571172,0403245,420
201300005097,13,7,21,1145,1,2,1,1,1,019,Rue de la plan?te,M,4575361,0401177,420
201300005098,13,7,23,1830,1,2,9,1,1,288,LA FABRIQUE,M,4575343,0397868,420
201300005099,13,7,28,1545,1,2,1,1,1,019,La Fabrique,M,4575290,0398481,420
201300005100,13,8,4,1045,1,2,1,1,3,109,LA GARE,M,4577725,0392954,420
201300005101,13,8,31,1400,1,1,1,1,6,019,,M,4575111,0402460,420
201300005102,13,9,11,1400,1,2,1,1,2,288,La fabrique RD1089/D6,M,4575328,0397848,420
201300005103,13,10,1,800,2,1,1,8,1,288,,M,4576165,0395549,420
201300005104,13,10,13,1315,1,1,2,1,3,205,,M,4507100,0353000,420
201300005105,13,6,25,1730,1,1,2,1,3,335,,M,4565344,0436859,420
201300005106,13,1,20,1945,3,1,1,2,5,094,,M,4574166,0419931,420
201300005107,13,1,23,1830,3,1,1,1,1,297,,M,4577141,0426025,420
201300005108,13,2,2,1900,3,1,1,2,1,296,,M,4572817,0429023,420
201300005109,13,2,28,1230,1,1,1,1,2,065,,M,4576975,0421603,420
201300005110,13,5,14,1745,1,1,1,1,6,088,,M,4577731,0421399,420
201300005111,13,6,14,1230,1,1,1,1,7,088,,M,4579022,0421040,420
201300005112,13,7,18,1430,1,2,1,1,1,155,Carrefour D1 / D112,M,4580608,0415613,420
201300005113,13,8,3,30,3,1,1,1,7,214,,M,4566714,0427514,420
201300005114,13,9,7,1815,1,1,1,3,4,094,,M,4573967,0425609,420
201300005115,13,11,9,930,1,1,1,1,1,065,,M,4575948,0423416,420
201300005116,13,11,15,900,1,1,1,2,1,065,,M,4576010,0423531,420
201300005117,13,11,30,915,1,1,1,4,6,148,,M,4583638,0432542,420
201300005118,13,12,19,1545,1,1,1,3,3,090,,M,4576054,0434216,420
201300005119,13,2,5,815,1,1,1,5,3,262,,M,4539530,0418072,420
201300005120,13,5,16,1915,1,1,1,2,6,137,,M,0000000,0000000,420
201300005121,13,9,17,1230,1,1,1,1,7,142,,M,4535275,0403613,420
201300005122,13,10,26,2330,3,2,1,1,1,021,lieu dit Lucenol,M,4550244,0414090,420
201300005123,13,6,11,1415,1,2,1,1,3,222,Rue Dame Noire,M,4558622,0431140,420
201300005124,13,6,14,1400,1,1,1,1,4,323,,M,4554672,0430577,420
201300005125,13,9,5,915,1,1,1,1,3,206,,M,4553607,0431964,420
201300005126,13,9,22,1345,1,1,1,1,3,013,,M,4564394,0433908,420
201300005127,13,10,26,1230,1,2,3,1,3,010,D11 lieu dit le duret,M,4556220,0437999,420
201300005128,13,11,20,1945,5,2,2,4,3,323,carrefour rue des vernes,M,4556961,0429239,420
201300005129,13,12,5,1830,5,2,1,1,3,149,route de roanne,M,4565185,0423077,420
201300005130,13,12,14,2015,5,2,1,1,1,081,,M,4560655,0425916,420
201300005131,13,12,15,1500,1,1,1,1,3,013,,M,4564694,0430574,420
201300005132,13,12,17,1530,1,1,1,1,2,081,,M,4560158,0428307,420
201300005133,13,12,20,1400,1,1,1,1,1,059,,M,4563241,0440726,420
201300005134,13,2,15,1900,5,2,1,1,3,168,rue des prairies,M,4542254,0467356,420
201300005135,13,5,24,2015,1,1,1,1,1,272,,M,4538230,0473043,420
201300005136,13,6,6,2100,2,2,1,1,6,056,route du Chirat,M,4540805,0473667,420
201300005137,13,6,9,1000,1,2,1,1,7,124,route de maclas cd 503,M,4537437,0470771,420
201300005138,13,10,26,1945,5,2,1,1,6,168,21 rue antoine eyraud,M,4541752,0468048,420
201300005139,13,1,29,715,2,1,9,1,7,068,,M,4603161,0426307,420
201300005140,13,5,30,1315,1,1,3,8,3,120,,M,4598459,0396162,420
201300005141,13,6,3,1830,1,2,1,1,7,145,rue de la republique,M,4603275,0423482,420
201300005142,13,7,18,1215,1,1,1,2,6,294,,M,4601629,0410988,420
201300005143,13,7,26,615,2,1,1,1,6,145,,M,4604497,0421956,420
201300005144,13,8,16,1000,1,1,1,1,3,069,,M,4598837,0406081,420
201300005145,13,8,23,945,1,1,1,1,7,145,,M,4603558,0420941,420
201300005146,13,9,30,1530,1,2,6,1,7,332,Rue Jean Moulin,M,4599572,0403393,420
201300005147,13,11,24,115,3,1,1,1,6,166,,M,4600319,0410025,420
201300005148,13,6,4,815,1,1,1,1,2,254,,M,4584597,0419872,420
201300005149,13,6,9,1215,1,1,1,1,7,171,,M,4586849,0412225,420
201300005150,13,6,26,15,3,2,1,1,6,181,le four ? chaux,M,4598533,0421120,420
201300005151,13,6,26,930,1,1,1,1,7,063,,M,4590596,0431194,420
201300005152,13,8,23,1200,1,1,1,1,5,254,,M,4587256,0420210,420
201300005153,13,9,2,1545,1,1,1,1,4,249,,M,4588460,0422373,420
201300005154,13,9,15,845,1,1,1,1,6,156,,M,4589362,0417330,420
201300005155,13,9,22,1245,1,1,1,1,1,077,Ratille,M,4591585,0421821,420
201300005156,13,12,13,1330,1,1,1,1,1,063,,M,4594190,0429141,420
201300005157,13,12,25,1000,1,1,1,2,6,029,,M,4582791,0425572,420
201300005158,13,5,10,1145,1,1,1,1,6,229,,M,4618095,0438297,420
201300005159,13,5,19,1715,1,2,1,2,6,079,LE BOURG,M,4612810,0426073,420
201300005160,13,5,23,1615,1,1,1,1,6,300,,M,4610237,0430441,420
201300005161,13,6,9,2300,3,1,1,1,7,152,,M,4609853,0417453,420
201300005162,13,6,29,2215,3,1,1,1,1,052,,M,4617400,0420000,420
201300005163,13,7,2,1645,1,1,1,1,1,152,,M,4608704,0416981,420
201300005164,13,9,7,900,1,1,1,2,1,141,,M,4613857,0425664,420
201300005165,13,9,29,900,1,2,1,1,6,177,410 route de Briennon,M,4614656,0410382,420
201300005166,13,11,29,900,1,2,1,1,6,177,889 rue de la R?publique,M,4613818,0410852,420
201300005167,13,1,12,1500,1,1,1,5,6,226,,M,4584967,0412312,420
201300005168,13,2,5,1715,2,1,1,4,6,230,,M,4582617,0402851,420
201300005169,13,4,21,1600,1,2,1,1,1,230,rue de baffy,M,4583142,0400250,420
201300005170,13,4,26,1500,1,1,1,3,6,230,,M,4582884,0402179,420
201300005171,13,5,7,1430,1,1,1,1,7,248,,M,4591504,0384182,420
201300005172,13,5,25,1900,1,1,1,1,3,230,,M,4583895,0401513,420
201300005173,13,7,13,1545,1,1,1,1,1,314,,M,4594154,0379305,420
201300005174,13,7,20,930,1,1,1,1,3,106,,M,4586909,0393080,420
201300005175,13,8,21,1645,1,1,1,1,1,004,,M,4589682,0402142,420
201300005176,13,9,1,845,3,2,1,1,7,255,Place de l'?glise,M,4587281,0388509,420
201300005177,13,11,18,1500,1,1,1,2,6,276,,M,4596360,0374366,420
201300005178,13,5,23,1400,1,1,2,8,3,288,Rue du Tillet,M,4561533,0592371,730
201300005179,13,7,22,100,3,1,1,1,6,288,,M,4562298,0593129,730
201300005180,13,8,18,1515,1,2,1,1,1,098,Lieu-dit le Mas,M,4562372,0600729,730