Num_Acc,an,mois,jour,hrmn,lum,agg,int,atm,col,com,adr,gps,lat,long,dep
201300005181,13,9,23,1530,1,1,2,1,3,288,,M,4562480,0591210,730
201300005182,13,4,21,530,3,1,1,1,1,238,,M,4577299,0586757,730
201300005183,13,10,13,900,1,1,1,8,3,263,,M,4573220,0500450,730
201300005184,13,11,23,1730,3,2,1,1,3,030,,M,4557318,0597649,730
201300005185,13,7,12,1415,1,1,1,1,7,005,,M,4566481,0609879,730
201300005186,13,7,26,1645,1,1,4,1,4,005,,M,4566999,0609529,730
201300005187,13,6,22,1730,1,2,1,1,6,073,PORTOUT,M,4581057,0581724,730
201300005188,13,2,4,1230,1,1,1,1,7,171,,M,4549838,0604317,730
201300005189,13,2,28,1915,3,1,1,9,5,118,,M,4550618,0602908,730
201300005190,13,4,29,615,2,1,1,1,7,018,,M,4550580,0607775,730
201300005191,13,5,11,1915,1,1,1,1,1,151,,M,4549630,0599795,730
201300005192,13,7,15,1300,1,1,1,1,2,118,,M,4550237,0603498,730
201300005193,13,7,24,1500,1,1,1,1,4,084,,M,4550770,0602162,730
201300005194,13,10,9,915,1,1,1,1,3,151,,M,4550730,0599540,730
201300005195,13,12,18,1100,1,1,1,1,6,159,Notre dame la Sallette,M,4556530,0606410,730
201300005196,13,1,30,1000,1,2,3,1,3,179,rue jocelyn,M,4560118,0587199,730
201300005197,13,4,12,1730,1,1,1,8,1,330,,M,4570214,0579180,730
201300005198,13,6,2,1715,1,1,1,1,7,050,,M,4568077,0585049,730
201300005199,13,10,30,1700,1,1,2,1,3,051,,M,4564790,0586470,730
201300005200,13,7,6,2015,1,1,2,1,3,229,,M,4545529,0577345,730
201300005201,13,7,13,1300,1,1,1,1,3,229,,M,4545338,0576995,730
201300005202,13,8,10,1745,1,2,9,1,6,058,Passage niveau n 029,M,4554241,0576059,730
201300005203,13,8,28,1230,1,1,1,1,7,070,,M,4563465,0565591,730
201300005204,13,8,29,200,3,1,1,1,6,219,,M,4555537,0578590,730
201300005205,13,9,26,1215,1,1,1,1,3,236,,M,4560775,0564428,730
201300005206,13,4,7,530,4,1,1,1,1,079,,M,4555781,0618086,730
201300005207,13,7,1,645,1,2,1,7,3,133,les pepins D202,M,4553457,0618337,730
201300005208,13,10,30,1730,3,1,1,1,1,089,,M,4553860,0613210,730
201300005209,13,7,19,915,1,2,1,1,1,032,,M,4562806,0644678,730
201300005210,13,7,20,1815,1,1,1,1,3,124,,M,4565302,0635634,730
201300005211,13,8,3,915,1,1,1,1,1,114,,M,4583880,0650785,730
201300005212,13,9,24,1645,1,1,1,1,6,153,,M,0000000,0000000,730
201300005213,13,10,7,200,3,1,1,1,7,262,,M,0000000,0000000,730
201300005214,13,8,13,1030,1,2,1,1,1,150,Route du plan bois,M,4555747,0669259,730
201300005215,13,2,6,1200,1,1,1,4,7,034,,M,4571242,0657187,730
201300005216,13,5,28,1630,1,1,1,3,7,317,,M,4573224,0652211,730
201300005217,13,7,5,1830,1,1,3,1,3,034,,M,4571974,0656734,730
201300005218,13,8,17,1,3,1,1,1,7,211,,M,4570430,0643065,730
201300005219,13,11,20,1615,1,2,1,4,3,034,avenue des sports,M,4561533,0676894,730
201300005220,13,12,11,1615,1,1,1,4,6,211,,M,4571780,0645390,730
201300005221,13,12,27,2015,3,2,1,8,7,317,Marandaz,M,4572660,0654380,730
201300005222,13,2,23,930,1,1,1,1,6,054,,M,4561936,0677233,730
201300005223,13,4,22,2300,3,2,1,2,1,054,Arcs 1800,M,4557358,0677627,730
201300005224,13,5,25,745,1,1,1,4,1,232,,M,4558000,0688387,730
201300005225,13,6,1,2315,3,2,1,1,6,054,129 Avenue du M. Leclerc,M,4561831,0677087,730
201300005226,13,6,14,1845,1,2,1,1,6,285,Rue C lestin Freppaz,M,4562274,0679977,730
201300005227,13,6,22,15,5,2,1,1,3,054,Avenue du Stade - RD1090,M,4562188,0677494,730
201300005228,13,7,3,1330,1,1,1,8,7,054,,M,4560246,0677470,730
201300005229,13,7,10,1415,1,1,4,1,3,232,,M,4554308,0690930,730
201300005230,13,7,29,1900,1,2,1,2,6,054,Arc 1800 route des Espag,M,4556274,0677272,730
201300005231,13,9,6,1800,1,1,1,1,1,054,,M,4559970,0675180,730
201300005232,13,11,8,830,1,1,1,1,1,232,,M,4559607,0688072,730
201300005233,13,11,20,1115,1,2,1,4,6,054,Avenue Marechal Leclerc,M,4561535,0676893,730
201300005234,13,3,22,2245,5,2,1,1,6,227,,M,4543415,0662596,730
201300005235,13,8,8,1115,1,2,9,1,6,071,ancienne route de BOZEL,M,4545503,0669536,730
201300005236,13,9,7,2230,5,2,1,2,7,071,RD91B,M,4545359,0669259,730
201300005237,13,12,12,1000,1,2,1,1,6,055,rue emile machet,M,4544280,0664220,730
201300005238,13,5,28,730,1,2,4,1,2,187,RD 990,M,4551947,0648718,730
201300005239,13,6,3,645,1,1,1,1,7,115,,M,4545230,0650475,730
201300005240,13,6,17,1145,1,2,1,1,2,248,RUE PARC DE LA VANOISE,M,4527004,0636027,730
201300005241,13,7,21,2045,2,1,6,1,3,248,,M,4529413,0635469,730
201300005242,13,11,6,1245,1,1,1,8,6,261,,M,4521442,0647649,730
201300005243,13,10,27,530,1,1,1,1,1,068,,M,4556900,0622050,730
201300005244,13,1,18,1830,3,1,1,1,1,040,,M,4531586,0698392,730
201300005245,13,4,28,630,1,1,4,1,6,040,,M,4530836,0697618,730
201300005246,13,5,24,1400,1,2,1,1,6,287,Lieu-dit le Fonder,M,4526859,0681471,730
201300005247,13,7,23,1145,1,2,1,1,1,040,Rue du SAINT ESPRIT,M,0000000,0000000,730
201300005248,13,1,14,815,1,1,1,4,5,119,,M,4519848,0661268,730
201300005249,13,3,19,1130,1,1,1,1,6,026,,M,4520661,0673564,730
201300005250,13,7,23,1315,1,1,1,1,7,117,,M,4519102,0663993,730
201300005251,13,7,31,1000,1,1,1,1,4,157,,M,4520450,0668490,730
201300005252,13,8,20,1745,1,2,6,1,6,157,Carfour Terres Blanches,M,4520220,0667110,730
201300005253,13,8,24,1545,1,1,1,2,6,223,,M,4520026,0662487,730
201300005254,13,1,8,745,2,1,1,1,3,267,,M,0000000,0000000,740
201300005255,13,4,2,1430,1,1,1,1,7,108,Piste cyclable,M,0000000,0000000,740
201300005256,13,4,7,1,3,1,1,1,6,275,ECHARVINES,M,0000000,0000000,740
201300005257,13,5,10,1300,1,1,1,1,7,167,,M,0000000,0000000,740
201300005258,13,6,13,1315,1,2,6,1,3,242,route de la tire,M,0000000,0000000,740
201300005259,13,7,5,1530,1,2,1,1,1,267,RD 1508,M,0000000,0000000,740
201300005260,13,7,19,2200,5,2,1,1,6,104,ROUTE DE L'ARCALOD,M,0000000,0000000,740
201300005261,13,7,30,700,1,1,2,1,3,135,,M,0000000,0000000,740
201300005262,13,8,1,1000,1,1,1,1,1,275,BALMETTE,M,0000000,0000000,740
201300005263,13,8,10,815,1,2,2,1,1,242,ROUTE DES PECHEURS,M,0000000,0000000,740
201300005264,13,8,31,2245,3,1,1,1,7,147,CHEMIN DE LA BORNETTE,M,0000000,0000000,740
201300005265,13,9,8,2230,3,2,1,2,7,104,,M,0000000,0000000,740
201300005266,13,9,15,130,5,2,1,2,6,267,1980 ROUTE D'ALBERTVILLE,M,0000000,0000000,740
201300005267,13,9,19,1600,1,2,1,1,1,275,BALMETTE,M,0000000,0000000,740
201300005268,13,1,11,1715,3,1,1,2,6,002,,M,0000000,0000000,740
201300005269,13,7,11,2045,2,1,1,1,6,117,ROUTE D'ETERCY,M,4590100,0599600,740
201300005270,13,7,21,315,4,1,1,1,6,142,LA VOITURAZ,M,0000000,0000000,740
201300005271,13,10,5,300,3,1,1,3,7,289,,M,0000000,0000000,740
201300005272,13,10,12,1445,1,2,1,2,3,225,BOULEVARD DE L'EUROPE,M,0000000,0000000,740
201300005273,13,10,17,1800,1,2,1,1,3,225,11 RUE RENE CASSIN,M,0000000,0000000,740
201300005274,13,12,8,1030,1,1,1,1,6,255,,M,0000000,0000000,740
201300005275,13,10,31,30,5,2,1,1,6,280,LE GRAND BORNAND,M,0000000,0000000,740
201300005276,13,11,24,130,3,2,1,1,6,080,,M,0000000,0000000,740
201300005277,13,2,9,100,5,1,1,8,2,042,,M,0000000,0000000,740
201300005278,13,4,2,1715,1,2,1,1,1,212,CD 12 - Tour du Bargy,M,0000000,0000000,740
201300005279,13,4,27,1830,1,1,1,3,6,042,,M,0000000,0000000,740
201300005280,13,5,16,1415,1,1,1,1,7,042,,M,4611700,0636000,740
201300005281,13,5,17,1100,1,1,1,8,2,042,,M,4607800,0641700,740
201300005282,13,6,13,1230,1,1,1,1,1,042,,M,0000000,0000000,740
201300005283,13,6,21,1845,1,2,1,1,6,042,2 AVENUE DES GLIERES,M,0000000,0000000,740
201300005284,13,7,12,1130,1,2,6,1,3,042,ROND POINT IUFM,M,4608500,0639600,740
201300005285,13,7,20,1530,1,1,1,1,6,042,,M,0000000,0000000,740
201300005286,13,7,20,2115,2,2,3,1,3,087,RD 1205 / BLANCHARD,M,0000000,0000000,740
201300005287,13,8,14,1145,1,1,1,1,3,212,LA VILLE,M,4596900,0638600,740
201300005288,13,10,2,2100,5,1,1,1,3,024,,M,0000000,0000000,740
201300005289,13,10,15,2245,5,2,1,2,2,042,78 AVENUE DE PONTCHY,M,0000000,0000000,740
201300005290,13,11,10,1100,1,2,1,1,6,042,PLACE DE L'HOTEL DE VILL,M,4608400,0640700,740
201300005291,13,6,30,1500,1,1,1,1,7,056,,M,0000000,0000000,740
201300005292,13,7,7,2245,3,1,1,1,3,056,CHEMIN DES TISSIERES,M,0000000,0000000,740
201300005293,13,8,5,1015,1,2,1,1,6,056,909  ROUTE DES PELERINS,M,0000000,0000000,740
201300005294,13,10,2,1600,1,2,1,1,6,290,LES LIERRES,M,0000000,0000000,740
201300005295,13,11,5,1915,5,2,1,2,6,056,ALLEE RECTEUR PAYOT,M,0000000,0000000,740
201300005296,13,1,25,1030,1,1,1,1,6,083,ROUTE DE LA BARME,M,0000000,0000000,740
201300005297,13,4,1,850,1,2,1,1,3,215,route de megeve,M,0000000,0000000,740
201300005298,13,7,8,1900,1,1,1,3,7,236,CHEMIN DES CHEVREUILS,M,0000000,0000000,740
201300005299,13,10,17,1830,2,1,1,9,1,236,,M,0000000,0000000,740
201300005300,13,12,18,1315,1,2,1,1,2,173,721 Route Nationale,M,0000000,0000000,740
201300005301,13,2,16,2200,5,1,1,1,1,007,,M,0000000,0000000,740
201300005302,13,2,18,1630,1,2,6,1,6,224,Rond point candello,M,0000000,0000000,740
201300005303,13,3,16,415,3,1,3,1,5,250,,M,0000000,0000000,740
201300005304,13,4,17,900,1,2,1,1,6,224,Avenue de la Gare,M,0000000,0000000,740
201300005305,13,6,18,900,1,1,1,1,3,007,Route de Bonneville,M,0000000,0000000,740
201300005306,13,6,22,2000,1,2,1,1,3,250,476 rue de Blansin,M,0000000,0000000,740
201300005307,13,6,21,1830,1,2,3,1,1,224,FBG ST MARTIN/BERGERIE,M,0000000,0000000,740
201300005308,13,7,20,1600,1,2,3,1,3,244,ROUTE ANCIENNE POSTE,M,0000000,0000000,740
201300005309,13,11,19,930,1,2,1,8,3,250,1101 rue des crets,M,0000000,0000000,740
201300005310,13,5,2,1430,1,2,6,1,1,256,carrefour de l'Europe,M,0000000,0000000,740
201300005311,13,6,14,1715,1,2,1,1,1,256,AVENUE ALBERT GRUFFAT,M,0000000,0000000,740
201300005312,13,6,22,945,1,2,9,1,3,256,1420 AV ANDRE LASQUI,M,0000000,0000000,740
201300005313,13,8,21,1515,1,2,3,1,3,256,RUE DES ANCIENS COM AFDN,M,0000000,0000000,740
201300005314,13,9,8,2015,5,1,6,3,1,256,,M,0000000,0000000,740
201300005315,13,11,27,1245,1,1,1,1,1,208,,M,0000000,0000000,740
201300005316,13,12,23,1400,1,2,1,1,2,256,ANCIENNE ROUTE IMPERIALE,M,0000000,0000000,740
201300005317,13,3,18,1230,1,1,1,2,7,183,,M,4612100,0655200,740
201300005318,13,4,8,2115,3,1,1,1,2,276,,M,4610300,0664800,740
201300005319,13,6,15,1415,1,1,1,1,1,276,,M,4612800,0662300,740
201300005320,13,6,29,1815,1,1,1,3,5,223,,M,4610900,0662300,740
201300005321,13,7,12,1630,1,1,1,1,1,183,,M,4617200,0649600,740
201300005322,13,8,24,500,3,1,1,1,6,276,,M,4612600,0662000,740
201300005323,13,8,23,1700,1,1,1,1,7,183,,M,4611600,0655700,740
201300005324,13,8,26,1945,1,1,1,1,7,273,,M,4606200,0675200,740
201300005325,13,1,7,2345,5,2,2,1,6,243,avenue louis armand,M,4614500,0608100,740
201300005326,13,10,6,1215,1,2,2,1,3,243,,M,0000000,0000000,740
201300005327,13,10,4,715,2,1,3,3,3,243,,M,4614700,0610700,740
201300005328,13,10,21,1530,1,2,1,1,7,201,chemin rural de  Creuse,M,4612500,0610200,740
201300005329,13,2,18,915,1,2,3,1,3,021,,M,0000000,0000000,740
201300005330,13,4,21,730,1,1,1,1,1,094,,M,0000000,0000000,740
201300005331,13,7,3,1515,1,2,1,8,3,128,PONT DE FILLINGES,M,0000000,0000000,740
201300005332,13,7,8,1145,1,1,1,1,7,220,,M,0000000,0000000,740
201300005333,13,7,25,815,2,1,1,1,1,229,,M,0000000,0000000,740
201300005334,13,7,28,230,3,1,1,1,1,094,,M,0000000,0000000,740
201300005335,13,8,2,45,3,1,3,1,3,015,456 ROUTE CHEZ LE MAGNIN,M,0000000,0000000,740
201300005336,13,9,20,1600,1,2,3,1,6,220,IMPASSE DU BREVENT,M,0000000,0000000,740
201300005337,13,11,20,645,3,1,1,4,6,211,,M,0000000,0000000,740
201300005338,13,11,29,2245,3,1,1,1,6,211,1951 ROUTE D'ARBUSIGNY,M,0000000,0000000,740
201300005339,13,12,1,500,3,1,1,1,2,094,,M,0000000,0000000,740
201300005340,13,1,10,915,1,1,1,5,3,009,,M,0000000,0000000,740
201300005341,13,6,19,1745,1,2,1,1,3,052,,M,4607700,0602700,740
201300005342,13,7,17,1500,1,1,1,1,5,309,,M,0000000,0000000,740
201300005343,13,8,27,1200,1,2,1,1,6,314,,M,0000000,0000000,740
201300005344,13,10,15,645,2,1,1,1,1,309,,M,4614600,0600900,740
201300005345,13,10,12,2215,5,1,2,3,3,069,,M,0000000,0000000,740
201300005346,13,10,28,1745,1,1,1,1,4,309,,M,0000000,0000000,740
201300005347,13,12,11,1900,3,1,1,1,3,088,,M,0000000,0000000,740
201300005348,13,12,27,45,5,2,1,1,3,009,Lieu-dit Jussy,M,0000000,0000000,740
201300005349,13,9,17,1545,1,1,1,3,3,068,,M,0000000,0000000,740
201300005350,13,11,16,1530,1,2,1,1,6,269,RUE DE SAVOIE,M,0000000,0000000,740
201300005351,13,12,8,1515,1,1,1,1,7,269,,M,0000000,0000000,740
201300005352,13,12,8,1630,1,1,1,9,1,269,,M,0000000,0000000,740
201300005353,13,1,5,2200,3,2,1,1,6,063,LE CLOS DE LA TOUR,M,4627100,0683600,740
201300005354,13,1,10,1800,5,2,1,4,1,058,,M,0000000,0000000,740
201300005355,13,1,25,1215,1,1,1,1,7,073,,M,4633900,0664000,740
201300005356,13,1,28,1145,1,1,1,1,1,001,,M,4628600,0673000,740
201300005357,13,3,28,745,1,1,1,1,1,001,lieu-dit Richebourg,M,4629400,0675000,740
201300005358,13,4,2,1630,1,2,1,1,6,001,Richebourg,M,4629400,0675300,740
201300005359,13,4,28,1630,1,1,1,8,1,001,,M,0000000,0000000,740
201300005360,13,6,16,2130,2,1,1,1,7,286,,M,4633100,0667000,740
201300005361,13,11,10,2130,4,2,1,4,1,063,ROUTE DE VONNES,M,0000000,0000000,740
201300005362,13,11,27,1815,3,2,1,1,6,001,Chef lieu ABONDANCE,M,4628600,0672400,740
201300005363,13,11,30,1500,1,1,1,4,3,286,,M,4632500,0667300,740
201300005364,13,12,30,1145,1,1,1,7,1,041,,M,4630600,0667500,740
201300005365,13,7,4,1730,1,1,1,1,6,301,,M,0000000,0000000,740
201300005366,13,10,5,845,1,1,1,1,5,226,,M,0000000,0000000,740
201300005367,13,10,19,300,1,1,1,1,6,038,,M,0000000,0000000,740
201300005368,13,11,17,745,2,1,1,1,6,226,,M,0000000,0000000,740
201300005369,13,10,30,900,1,1,1,1,6,293,2525 ROUTE DES VOIRONS,M,4627300,0628100,740
201300005370,13,1,5,1815,3,1,1,1,6,166,,M,0000000,0000000,740
201300005371,13,2,24,215,3,1,1,4,6,249,D.52 lieu-dit La Beunaz,M,4637400,0664800,740
201300005372,13,7,9,715,1,2,1,1,1,249,LIEU DIT LYONNET,M,0000000,0000000,740
201300005373,13,8,26,1800,1,1,1,1,6,146,CRE BOUCHE,M,0000000,0000000,740
201300005374,13,9,3,800,1,2,4,1,3,166,CD32,M,0000000,0000000,740
201300005375,13,12,18,1200,1,2,1,5,1,218,1460 route du Gavot,M,0000000,0000000,740
201300005376,13,2,27,845,1,1,1,1,3,307,,M,0000000,0000000,630
201300005377,13,3,24,2300,3,2,1,1,6,042,Route de Nohanent,M,0000000,0000000,630
201300005378,13,6,14,1930,1,1,1,1,3,141,,M,4578795,0305220,630
201300005379,13,12,3,1730,3,1,1,1,6,307,,M,0000000,0000000,630
201300005380,13,2,19,1630,1,1,1,1,6,168,,M,4572857,0335536,630
201300005381,13,5,24,1630,1,2,1,1,6,040,chemin de la planchette,M,4573200,0334800,630
201300005382,13,5,30,1500,1,1,1,2,7,239,,M,4568900,0334700,630
201300005383,13,6,7,845,1,1,1,1,1,273,,M,4574200,0323000,630
201300005384,13,6,23,1145,1,1,1,1,1,040,,M,0000000,0000000,630
201300005385,13,8,6,1215,1,1,2,1,3,438,,M,4571700,0346600,630
201300005386,13,8,16,1315,1,1,1,1,5,096,,M,4572500,0330100,630
201300005387,13,8,29,745,1,1,1,1,6,226,,M,4576000,0323600,630
201300005388,13,9,7,745,1,1,1,2,6,453,,M,0000000,0000000,630
201300005389,13,9,26,1345,1,1,1,1,3,273,,M,4573300,0321800,630
201300005390,13,9,28,1715,1,1,1,1,3,368,,M,4570800,0331200,630
201300005391,13,10,19,745,1,2,7,1,6,106,place Lafayette,M,4575500,0328100,630
201300005392,13,11,27,1015,1,1,1,9,6,334,,M,4567600,0348600,630
201300005393,13,12,16,500,3,1,1,1,6,146,,M,0000000,0000000,630
201300005394,13,12,18,2115,3,1,1,6,1,273,,M,4573200,0323900,630
201300005395,13,12,23,1345,1,1,1,1,7,168,,M,0000000,0000000,630
201300005396,13,1,29,1000,1,1,1,3,7,279,,M,0000000,0000000,630
201300005397,13,2,17,800,2,2,1,7,6,192,D645,M,0000000,0000000,630
201300005398,13,8,16,1730,1,1,1,1,3,397,,M,0000000,0000000,630
201300005399,13,5,28,1615,1,2,9,1,3,263,route des domes,M,0000000,0000000,630
201300005400,13,6,15,1700,1,2,1,7,6,263,route du Puy de D?me,M,0000000,0000000,630
201300005401,13,9,3,1915,1,1,1,1,3,307,,M,0000000,0000000,630
201300005402,13,10,29,1500,1,1,1,2,6,263,,M,4578600,0303600,630
201300005403,13,1,17,1830,3,1,1,1,7,204,,M,0000000,0000000,630
201300005404,13,1,30,1900,5,2,1,1,1,284,avenue de lyon,M,4579600,0326400,630
201300005405,13,2,21,1815,2,1,1,1,4,284,,M,0000000,0000000,630
201300005406,13,4,15,1700,3,2,1,1,6,284,57 avenue  de riom,M,4580615,0324473,630
201300005407,13,4,23,1715,1,1,1,1,3,133,,M,4577902,0324854,630
201300005408,13,6,5,2030,1,2,1,1,1,133,RUE  DE PONT DU CHATEAU,M,0000000,0000000,630
201300005409,13,6,10,1700,1,2,1,1,1,284,CHEMIN DES PALISSES,M,0000000,0000000,630
201300005410,13,6,27,1915,1,2,1,1,3,284,av roger coulon/clermont,M,0000000,0000000,630
201300005411,13,9,21,1900,2,1,1,1,5,213,,M,0000000,0000000,630
201300005412,13,10,7,1530,1,2,1,1,2,284,AVENUE DE CLERMONT,M,0000000,0000000,630
201300005413,13,10,11,1215,1,2,1,1,3,284,,M,0000000,0000000,630
201300005414,13,12,3,1800,5,2,1,1,6,284,41 avenue de lyon,M,4579069,0326381,630
201300005415,13,3,6,815,1,2,1,2,6,305,Place de la fontaine,M,4568417,0280478,630
201300005416,13,3,31,115,3,2,1,4,6,326,"Lieu-dit ""Villejacques""",M,4571900,0286300,630
201300005417,13,4,30,1600,1,1,1,1,6,305,,M,0000000,0000000,630
201300005418,13,1,12,330,4,2,1,1,7,227,Rue du champ de la reine,M,0000000,0000000,630
201300005419,13,1,31,1200,1,1,1,1,3,214,,M,0000000,0000000,630
201300005420,13,2,11,515,3,1,1,2,7,457,,M,4565300,0325200,630
201300005421,13,7,12,915,1,1,1,1,6,280,,M,4564500,0330000,630
201300005422,13,7,12,645,2,1,3,1,3,315,,M,0000000,0000000,630
201300005423,13,10,22,1215,1,1,1,1,3,302,,M,0000000,0000000,630
201300005424,13,10,27,1845,4,1,1,1,1,306,,M,0000000,0000000,630
201300005425,13,11,4,630,3,2,1,1,7,282,CD 978,M,0000000,0000000,630
201300005426,13,11,17,445,3,1,1,1,6,425,,M,0000000,0000000,630
201300005427,13,11,21,1615,2,1,1,4,6,205,,M,0000000,0000000,630
201300005428,13,12,18,545,3,1,1,1,3,126,,M,4567600,0313800,630
201300005429,13,1,7,1700,1,1,1,8,6,256,,M,0000000,0000000,630
201300005430,13,3,31,600,5,2,1,5,6,179,Le bourg,M,0000000,0000000,630
201300005431,13,5,15,1300,1,2,9,3,1,003,CD 906 PK 25+400,M,0000000,0000000,630
201300005432,13,5,19,1745,1,1,1,2,7,211,,M,0000000,0000000,630
201300005433,13,5,29,1530,1,1,1,1,6,081,,M,4552600,0371500,630
201300005434,13,6,4,1445,1,1,1,1,6,179,,M,4563800,0374000,630
201300005435,13,6,9,1515,1,1,1,1,6,003,,M,4558300,0373800,630
201300005436,13,6,10,1615,1,2,1,1,3,003,AVENUE DE LYON,M,4555300,0374300,630
201300005437,13,6,21,1145,1,2,1,1,1,003,,M,0000000,0000000,630
201300005438,13,8,6,1630,1,2,1,3,1,010,Lieu-dit LOUMAS,M,4541800,0372000,630
201300005439,13,8,18,730,2,1,1,5,6,010,,M,0000000,0000000,630
201300005440,13,8,21,145,5,2,1,1,6,003,Avenue du Dr CHASSAING,M,0000000,0000000,630
201300005441,13,9,13,1715,1,1,1,1,6,003,,M,4554000,0378500,630
201300005442,13,12,17,800,2,2,1,9,6,003,Boulevard de l'Europe,M,0000000,0000000,630
201300005443,13,3,22,1830,1,1,3,1,3,023,,M,0000000,0000000,630
201300005444,13,6,15,1800,1,2,3,1,1,454,CD268A,M,0000000,0000000,630
201300005445,13,6,30,1515,1,1,1,1,6,023,,M,0000000,0000000,630
201300005446,13,10,25,1700,1,2,1,1,1,258,RD 906,M,0000000,0000000,630
201300005447,13,2,23,1700,1,1,1,4,6,122,,M,0000000,0000000,630
201300005448,13,4,24,1630,1,2,1,1,6,275,rue du chateau,M,0000000,0000000,630
201300005449,13,6,14,1245,1,1,1,1,6,403,,M,0000000,0000000,630
201300005450,13,6,19,1015,1,1,2,2,3,380,,M,0000000,0000000,630
201300005451,13,6,21,1345,1,2,1,1,6,178,CD 716,M,4552600,0325200,630
201300005452,13,7,25,2030,2,1,1,1,7,178,,M,0000000,0000000,630
201300005453,13,9,1,545,3,1,1,1,6,321,,M,0000000,0000000,630
201300005454,13,10,4,1030,1,2,1,3,7,178,36 route de Parentignat,M,4554213,0326077,630
201300005455,13,11,7,1745,3,1,1,1,1,222,,M,0000000,0000000,630
201300005456,13,12,3,1030,1,2,1,9,6,178,bld de la Sous-Prefectur,M,4554139,0324863,630
201300005457,13,4,14,1545,1,1,1,1,3,077,,M,0000000,0000000,630
201300005458,13,4,14,1815,1,1,1,1,6,077,,M,0000000,0000000,630
201300005459,13,6,25,1545,1,1,1,8,7,117,,M,0000000,0000000,630
201300005460,13,7,2,2000,2,1,1,1,7,144,,M,0000000,0000000,630
201300005461,13,7,21,1800,1,1,1,1,6,038,,M,0000000,0000000,630
201300005462,13,7,26,1430,1,1,1,1,7,279,,M,0000000,0000000,630
201300005463,13,6,23,1645,1,1,1,1,6,448,,M,4548100,0344500,630
201300005464,13,8,21,1015,1,1,1,1,3,287,,M,4552900,0329300,630
201300005465,13,2,18,1530,1,1,1,1,6,209,,M,4549000,0316000,630
201300005466,13,6,13,1630,1,1,1,3,3,052,,M,4547800,0326300,630
201300005467,13,7,1,700,1,1,1,7,1,313,,M,4539300,0299000,630
201300005468,13,8,26,715,1,1,1,1,3,052,,M,0000000,0000000,630
201300005469,13,10,18,2015,5,2,1,1,3,352,Route d'Ardes,M,0000000,0000000,630
201300005470,13,4,24,1700,1,2,1,1,1,099,RUE ANTOINE LANNES,M,0000000,0000000,630
201300005471,13,7,31,830,1,1,1,1,6,470,,M,0000000,0000000,630
201300005472,13,9,7,1845,1,1,1,2,1,470,,M,0000000,0000000,630
201300005473,13,9,14,1700,1,1,1,2,7,470,,M,4587800,0300400,630
201300005474,13,9,20,1830,1,1,1,1,4,092,,M,0000000,0000000,630
201300005475,13,9,24,1715,1,1,9,1,6,470,,M,4593700,0302000,630
201300005476,13,10,12,1430,1,1,2,2,3,042,,M,0000000,0000000,630
201300005477,13,11,13,645,2,1,1,1,5,470,,M,4587200,0303200,630
201300005478,13,12,5,845,1,2,1,1,3,099,13 rue de C?bazat,M,4584837,0309271,630
201300005479,13,1,14,430,4,1,1,4,7,001,,M,0000000,0000000,630
201300005480,13,5,25,1630,1,1,1,1,7,295,,M,0000000,0000000,630
201300005481,13,6,16,2015,1,1,8,1,1,295,,M,4601174,0336395,630
201300005482,13,7,11,1430,1,1,1,1,6,332,,M,0000000,0000000,630
201300005483,13,7,18,1000,1,1,2,1,1,148,,M,0000000,0000000,630
201300005484,13,7,31,1045,1,1,3,1,3,112,,M,4593700,0323300,630
201300005485,13,8,2,2045,1,1,1,1,7,362,,M,4592700,0324500,630
201300005486,13,8,30,100,3,1,1,1,6,112,,M,4592000,0318700,630
201300005487,13,9,14,2045,5,2,1,2,3,295,22 AVENUE DE VICHY,M,4602072,0335483,630