Num_Acc,an,mois,jour,hrmn,lum,agg,int,atm,col,com,adr,gps,lat,long,dep
201300005488,13,10,4,1800,1,2,1,3,1,400,Beauvezet,M,0000000,0000000,630
201300005489,13,12,5,1100,1,1,6,8,3,322,,M,0000000,0000000,630
201300005490,13,12,8,1645,2,1,1,8,1,332,,M,4599700,0327900,630
201300005491,13,12,15,1600,1,1,1,7,1,400,,M,4606600,0340600,630
201300005492,13,11,22,2145,3,1,1,4,7,055,,M,4582000,0283700,630
201300005493,13,1,8,900,1,1,1,5,5,011,,M,0000000,0000000,630
201300005494,13,3,9,930,1,1,1,1,6,338,,M,0000000,0000000,630
201300005495,13,5,3,1500,1,1,1,1,1,223,,M,0000000,0000000,630
201300005496,13,9,8,1645,1,1,1,2,3,338,,M,0000000,0000000,630
201300005497,13,10,6,15,3,1,1,1,6,223,,M,0000000,0000000,630
201300005498,13,10,9,1115,1,1,1,1,6,233,,M,0000000,0000000,630
201300005499,13,11,5,1800,5,2,1,2,5,430,06 Avenue de la Gare,M,4586011,0354499,630
201300005500,13,11,19,1615,1,1,1,3,1,151,,M,0000000,0000000,630
201300005501,13,1,26,1445,1,1,1,1,6,195,,M,0000000,0000000,630
201300005502,13,2,5,1000,1,1,1,1,2,125,,M,0000000,0000000,630
201300005503,13,4,5,1800,1,2,1,1,5,364,D2089 - lieu dit la Mais,M,4586400,0351600,630
201300005504,13,10,19,1800,2,1,1,1,6,469,,M,4580100,0360800,630
201300005505,13,10,19,2345,4,2,2,1,3,195,RD 2089 - rue St Martin,M,4582900,0338800,630
201300005506,13,11,10,1330,1,1,1,2,6,265,,M,0000000,0000000,630
201300005507,13,11,9,1000,1,1,1,1,5,195,,M,0000000,0000000,630
201300005508,13,4,11,2100,3,2,1,2,6,102,Rue de l'Olli?re,M,4598000,0352000,630
201300005509,13,5,27,200,3,2,1,1,7,180,D1093,M,4587600,0330500,630
201300005510,13,6,30,1845,1,1,1,1,6,102,,M,4599300,0353600,630
201300005511,13,9,15,645,2,2,1,2,1,210,Les Goslards,M,4592200,0335200,630
201300005512,13,9,26,1830,1,1,1,7,7,128,,M,0000000,0000000,630
201300005513,13,10,30,1645,1,1,1,7,3,291,,M,0000000,0000000,630
201300005514,13,11,21,1200,1,1,1,4,6,128,,M,0000000,0000000,630
201300005515,13,3,15,1415,1,1,1,1,6,015,,M,0000000,0000000,030
201300005516,13,5,2,2145,3,1,1,2,3,316,,M,0000000,0000000,030
201300005517,13,5,25,1915,1,1,1,1,3,121,,M,0000000,0000000,030
201300005518,13,8,10,2145,3,1,1,1,1,286,,M,0000000,0000000,030
201300005519,13,8,15,30,3,1,1,1,3,286,,M,0000000,0000000,030
201300005520,13,9,10,1930,2,1,1,1,7,286,,M,0000000,0000000,030
201300005521,13,1,12,1345,1,1,1,2,7,036,,M,4654600,0302300,030
201300005522,13,6,26,600,1,1,1,1,1,046,,M,0000000,0000000,030
201300005523,13,8,14,1945,2,1,1,1,2,198,,M,4674700,0296700,030
201300005524,13,10,25,1930,3,1,1,1,7,251,,M,0000000,0000000,030
201300005525,13,12,19,1645,1,2,1,1,7,036,,M,0000000,0000000,030
201300005526,13,1,10,245,3,1,1,2,1,102,,M,0000000,0000000,030
201300005527,13,1,18,2230,3,1,1,9,1,173,,M,0000000,0000000,030
201300005528,13,7,5,1230,1,1,1,1,2,265,,M,4645300,0374500,030
201300005529,13,9,29,745,2,2,1,8,3,102,carrefour RD480 RD779,M,4652500,0368200,030
201300005530,13,11,21,515,3,1,1,2,7,086,,M,0000000,0000000,030
201300005531,13,12,9,1230,1,1,9,1,1,173,,M,4646000,0392000,030
201300005532,13,1,2,1415,1,1,1,1,1,283,,M,4653800,0359700,030
201300005533,13,1,8,730,3,1,1,1,6,203,,M,4663200,0361500,030
201300005534,13,5,2,1645,1,2,1,1,1,197,24 chemin de la P?pie,M,4646600,0341900,030
201300005535,13,7,27,800,1,1,1,1,6,283,,M,4653000,0354900,030
201300005536,13,8,30,1900,1,1,1,1,3,197,,M,4652600,0348800,030
201300005537,13,9,9,1215,1,1,1,1,1,283,,M,4655900,0361600,030
201300005538,13,10,14,215,3,1,1,1,1,180,,M,4651600,0345500,030
201300005539,13,11,4,530,3,1,1,1,6,283,,M,4654000,0355000,030
201300005540,13,12,23,900,1,1,1,1,3,263,,M,4641900,0351200,030
201300005541,13,1,25,1815,2,2,1,1,6,053,rue de la mont suzette,M,4624000,0315300,030
201300005542,13,2,12,1900,3,1,3,2,3,059,,M,0000000,0000000,030
201300005543,13,5,20,1930,1,2,1,8,6,227,Route de Vichy,M,4622900,0334400,030
201300005544,13,7,16,1715,1,2,1,1,1,254,57 boulevard ledru rolli,M,4631300,0329000,030
201300005545,13,10,20,630,5,2,6,1,3,254,rue de la moutte,M,0000000,0000000,030
201300005546,13,11,20,1545,2,2,1,8,6,254,Pont Charles DE GAULLE,M,0000000,0000000,030
201300005547,13,1,18,2015,3,2,1,4,5,183,laly,M,4641300,0304900,030
201300005548,13,1,30,115,3,1,1,8,6,247,,M,4660000,0311700,030
201300005549,13,3,21,1800,1,1,1,1,6,170,,M,4652600,0310400,030
201300005550,13,6,8,1445,1,1,1,1,6,026,,M,4650300,0324800,030
201300005551,13,7,13,1445,1,1,1,1,1,002,,M,4660200,0315700,030
201300005552,13,10,31,1530,1,2,2,1,3,292,route de treban,M,4642400,0307300,030
201300005553,13,1,8,845,2,1,1,5,5,217,,M,4637600,0269500,030
201300005554,13,2,21,1630,1,2,1,1,7,128,25 Grand Rue 03380 HURIE,M,0000000,0000000,030
201300005555,13,3,16,1200,1,1,1,1,3,301,,M,4644000,0259300,030
201300005556,13,4,29,1430,1,1,1,1,6,217,,M,4635900,0268900,030
201300005557,13,6,6,800,1,1,1,1,1,055,,M,0000000,0000000,030
201300005558,13,6,16,1815,1,1,2,1,3,128,,M,0000000,0000000,030
201300005559,13,7,13,2200,2,1,1,1,5,195,,M,0000000,0000000,030
201300005560,13,8,27,1345,1,1,1,8,7,217,,M,0000000,0000000,030
201300005561,13,9,21,1915,2,1,1,1,6,305,,M,0000000,0000000,030
201300005562,13,10,14,845,1,1,1,8,3,195,,M,0000000,0000000,030
201300005563,13,12,1,15,3,1,1,8,1,185,,M,4629800,0265300,030
201300005564,13,2,2,145,3,1,1,3,6,048,,M,0000000,0000000,030
201300005565,13,2,12,515,3,1,1,1,7,048,,M,0000000,0000000,030
201300005566,13,7,25,1845,1,2,1,7,1,193,rue des ch?nes,M,0000000,0000000,030
201300005567,13,8,18,1200,1,1,1,1,7,041,,M,0000000,0000000,030
201300005568,13,9,6,1145,1,1,1,1,1,221,,M,0000000,0000000,030
201300005569,13,7,1,2130,1,1,6,1,6,082,,M,0000000,0000000,030
201300005570,13,7,22,130,3,1,1,1,6,058,,M,0000000,0000000,030
201300005571,13,1,16,1215,1,1,1,1,6,264,,M,0000000,0000000,030
201300005572,13,8,8,1445,1,2,1,1,6,304,35 rue des Landes,M,4617200,0334800,030
201300005573,13,9,25,1145,1,1,1,1,6,271,,M,0000000,0000000,030
201300005574,13,12,7,515,3,1,1,5,6,264,,M,0000000,0000000,030
201300005575,13,12,28,1300,1,1,1,2,7,271,,M,4610000,0335000,030
201300005576,13,4,21,1445,1,1,1,1,6,107,,M,0000000,0000000,030
201300005577,13,9,4,115,3,1,1,1,7,311,,M,0000000,0000000,030
201300005578,13,8,27,1400,1,1,1,2,7,107,,M,4612300,0305900,030
201300005579,13,10,31,1930,3,1,1,1,6,107,,M,4611900,0305900,030
201300005580,13,3,6,1715,1,1,1,2,3,071,,M,4635300,0357900,030
201300005581,13,5,15,1615,1,1,1,3,1,138,,M,4624600,0361300,030
201300005582,13,6,22,1500,1,1,1,1,7,028,,M,4622900,0358300,030
201300005583,13,7,31,1915,1,1,1,1,1,165,,M,0000000,0000000,030
201300005584,13,9,14,400,3,1,1,1,6,006,,M,0000000,0000000,030
201300005585,13,1,26,1700,2,2,1,2,1,298,rue Claude Labonde,M,4631900,0339900,030
201300005586,13,8,31,130,3,1,1,1,6,266,,M,4624200,0348400,030
201300005587,13,11,7,830,1,1,1,1,1,298,,M,0000000,0000000,030
201300005588,13,1,9,830,1,2,1,5,6,083,RUE DESRAUX,M,4499100,0242200,150
201300005589,13,8,16,2015,2,2,1,1,1,189,le bourg,M,0000000,0000000,150
201300005590,13,9,25,1600,1,2,1,1,3,175,rue des theils,M,0000000,0000000,150
201300005591,13,10,14,1600,1,1,1,1,7,267,,M,4494100,0240500,150
201300005592,13,11,18,1500,1,1,1,2,6,143,,M,4498100,0222600,150
201300005593,13,12,4,1430,1,1,1,9,5,189,,M,4494800,0219800,150
201300005594,13,4,14,1415,1,2,1,1,7,089,Le Haut Bourg,M,4476000,0250500,150
201300005595,13,1,30,745,1,1,1,1,2,215,,M,0000000,0000000,150
201300005596,13,5,29,1645,1,1,1,2,3,215,,M,0000000,0000000,150
201300005597,13,6,14,1845,1,2,1,1,2,154,,M,0000000,0000000,150
201300005598,13,9,18,2015,3,1,1,9,6,258,,M,0000000,0000000,150
201300005599,13,10,4,1145,1,2,1,8,6,258,20 Avenue Max Mabit Four,M,4498200,0262600,150
201300005600,13,11,4,1915,5,2,1,3,1,255,LOURADOU,M,4490500,0251200,150
201300005601,13,8,5,315,3,1,1,1,7,003,,M,4519500,0233300,150
201300005602,13,2,27,1900,2,1,1,1,6,124,,M,4530600,0260900,150
201300005603,13,4,14,1330,1,1,1,1,7,246,,M,4527700,0260700,150
201300005604,13,6,29,1830,2,1,1,3,6,190,,M,4524500,0272300,150
201300005605,13,8,15,1200,1,1,1,1,7,110,,M,4526500,0275000,150
201300005606,13,8,18,1745,1,2,9,1,6,162,05 rue du 08 mai 1945,M,4528600,0266300,150
201300005607,13,2,8,1315,1,1,1,8,1,202,,M,4512600,0243400,150
201300005608,13,5,10,1045,1,1,1,1,1,186,,M,4511000,0239300,150
201300005609,13,6,2,1715,1,2,1,1,7,219,rue de la martille,M,4514200,0249300,150
201300005610,13,9,18,1545,1,1,1,2,1,202,,M,0000000,0000000,150
201300005611,13,11,4,1400,1,1,1,5,6,205,,M,0000000,0000000,150
201300005612,13,9,15,1030,1,1,1,8,6,037,,M,4536000,0240900,150
201300005613,13,10,11,1030,1,1,6,8,7,111,,M,0000000,0000000,150
201300005614,13,5,26,130,3,1,1,2,6,068,,M,4497600,0317500,150
201300005615,13,5,27,1645,1,2,1,1,6,187,12 rue du 08 mai 1945,M,4504100,0311000,150
201300005616,13,6,16,1000,2,1,1,1,6,262,,M,4501800,0304900,150
201300005617,13,7,4,1830,1,2,9,1,3,187,4 Av du Docteur Mallet,M,0000000,0000000,150
201300005618,13,7,15,1900,1,2,1,1,1,187,rue L?opold Chassang,M,0000000,0000000,150
201300005619,13,9,28,1230,1,1,1,1,1,004,,M,0000000,0000000,150
201300005620,13,10,10,1530,1,1,4,2,1,231,,M,4510200,0307200,150
201300005621,13,2,27,1300,1,1,1,1,6,080,,M,4515000,0300700,150
201300005622,13,7,24,1745,1,1,1,1,6,127,,M,4524600,0315500,150
201300005623,13,7,29,1045,1,1,1,1,6,127,,M,4522500,0310700,150
201300005624,13,8,30,730,1,1,1,1,6,022,,M,4520800,0318200,150
201300005625,13,10,25,1500,2,1,1,9,1,080,,M,4516700,0303200,150
201300005626,13,6,14,800,1,2,2,1,3,138,avenue hector peschaud,M,0000000,0000000,150
201300005627,13,10,22,1615,1,1,1,1,7,061,,M,4516500,0283000,150
201300005628,13,12,21,1445,1,1,4,7,1,001,,M,0000000,0000000,150
201300005629,13,8,14,1130,1,1,1,6,6,026,,M,4502300,0281900,150
201300005630,13,8,29,1430,1,1,1,1,3,026,,M,4501800,0281800,150
201300005631,13,8,7,2110,2,1,3,1,3,062,RD906/RTE DE LA SOUCH?RE,M,4506020,0375854,430
201300005632,13,10,28,1915,3,1,2,1,5,124,LANTHENAS,M,4510230,0377375,430
201300005633,13,5,30,1550,1,1,3,1,3,111,X,M,4486370,0384832,430
201300005634,13,7,13,1745,1,1,2,1,3,160,LES CHIROUZES,M,4480090,0381219,430
201300005635,13,8,1,1030,1,1,2,1,3,160,LES CHIROUZES,M,4480090,0381219,430
201300005636,13,8,16,2000,1,1,2,1,3,111,LA ROCHE,M,4486440,0384853,430
201300005637,13,9,27,1815,1,1,2,1,3,111,CHARBONNIER,M,4485710,0384346,430
201300005638,13,11,10,10,3,1,1,1,6,241,X,M,4497140,0390880,430
201300005639,13,2,1,1700,1,2,3,1,3,135,AVENUE LAURENT EYNAC,M,4493680,0399656,430
201300005640,13,8,31,1630,1,1,1,1,1,186,"LIEU-DIT ""LA FAYOLLE""",M,4497210,0418445,430
201300005641,13,5,8,1445,1,1,3,1,3,126,CARF DE LA BOUTARESSE,M,4507950,0396524,430
201300005642,13,5,5,1700,1,1,1,1,6,119,VIRAGE SAINT SIMON,M,4510720,0389175,430
201300005643,13,6,6,1415,1,1,1,1,3,140,LE ROC PERC?,M,4507020,0390305,430
201300005644,13,7,25,2350,5,2,1,1,6,119,RTE DU PUY/ CD 103,M,4511790,0390222,430
201300005645,13,8,13,2135,1,1,1,1,6,061,VERS  ACCES LA BLACHE,M,4508580,0396366,430
201300005646,13,9,2,200,3,1,1,1,7,230,"LIEU-DIT ""LA RIBEYRE""",M,4516380,0393112,430
201300005647,13,9,22,1845,1,1,1,1,2,032,DEVIATION DE BLAVOZY,M,4506460,0398127,430
201300005648,13,10,16,1930,4,1,1,1,3,165,LES ROUCHASSOUX,M,4513780,0399094,430
201300005649,13,11,6,830,1,1,1,8,6,032,?CHANGEUR ST ETIENNE L,M,4506450,0397479,430
201300005650,13,11,12,900,1,2,1,1,1,165,LES GRANGES,M,4512380,0399663,430
201300005651,13,12,23,1500,1,1,1,1,6,230,X,M,4513500,0389041,430
201300005652,13,5,27,730,1,1,1,1,1,113,X,M,4496630,0397764,430
201300005653,13,6,9,1600,1,1,1,8,1,190,VERS LIEU-DIT  CHABANNE,M,4501570,0399806,430
201300005654,13,8,1,1815,1,1,4,1,3,200,LA CHASPUZE,M,4504410,0406569,430
201300005655,13,8,6,1915,1,2,3,1,3,113,CHM LOUVIEYRE - RD39,M,4500650,0401407,430
201300005656,13,8,12,1405,1,1,3,1,1,190,"LIEU-DIT ""LA BOMBE""",M,4505140,0395135,430
201300005657,13,11,13,1745,2,1,1,2,6,150,"LIEU-DIT ""LES PRADEAUX""",M,4509340,0405581,430
201300005658,13,12,31,1030,1,1,1,1,6,231,ESPINASSE,M,4487510,0392501,430
201300005659,13,1,7,1030,1,1,2,5,3,152,Z.A POLIGNAC,M,4507790,0383723,430
201300005660,13,4,2,1205,1,1,1,2,3,152,ENTRE COMBE ET COLLET,M,4506220,0385933,430
201300005661,13,6,4,1300,1,1,3,1,3,216,ACC?S LOT LE GRAND LAC,M,4512720,0381954,430
201300005662,13,8,11,1845,1,2,3,1,3,216,R ARMAND,M,4513480,0381104,430
201300005663,13,8,22,1000,1,2,1,1,6,080,ROUTE DE LA CHAISE DIEU,M,4533040,0384540,430
201300005664,13,12,5,2115,3,1,1,8,6,152,,M,4507010,0384836,430
201300005665,13,9,2,930,1,1,1,1,2,096,DEVIATION DE BRIOUDE,M,4526230,0341847,430
201300005666,13,5,21,205,3,1,1,2,6,048,RTE DE BONNEVAL,M,4532020,0370648,430
201300005667,13,7,31,1345,1,1,1,1,7,178,x,M,4533300,0356300,430
201300005668,13,1,1,1545,1,1,2,1,1,132,CARF CHAVANIAC LAFAYETTE,M,4514270,0356303,430
201300005669,13,3,1,2315,5,2,2,1,1,112,R JEAN BAPTISTE TUJA,,,,430
201300005670,13,5,13,2015,1,1,1,1,1,132,"LIEU-DIT ""MARJALLAT""",M,4513550,0352807,430
201300005671,13,7,7,845,1,2,6,1,3,112,ROND POINT DES CAPUCINS,M,4509750,0349494,430
201300005672,13,7,19,1545,1,2,1,2,6,112,R JULES FERRY,,,,430
201300005673,13,10,19,1630,1,1,1,1,6,056,BOIS DE POURCHERESSE,M,4504920,0354729,430
201300005674,13,10,13,1930,3,1,1,8,1,232,SORTIE DU MARCET,M,4521080,0349339,430
201300005675,13,4,7,100,3,2,1,1,6,099,D5 ROUTE DE LEMPDES,M,4538900,0330258,430
201300005676,13,4,16,1030,1,1,1,1,7,016,X,M,4538530,0339511,430
201300005677,13,8,20,1900,1,2,2,1,3,258,ROUTE DE LUBIERES,M,4537090,0332788,430
201300005678,13,8,18,1800,1,1,1,1,6,121,VALLEE DE L'ALLAGNON,M,4533360,0320981,430
201300005679,13,8,24,1545,1,2,3,1,1,038,LA ROCHE,M,4532910,0331606,430
201300005680,13,10,18,1530,1,1,1,7,1,038,ARVANT,M,4535750,0332392,430
201300005681,13,11,8,1800,2,1,2,1,3,258,X,M,4537250,0331722,430
201300005682,13,11,21,745,2,1,3,4,1,170,X,M,4528110,0326524,430
201300005683,13,1,19,600,2,1,1,4,6,102,LIEU-DIT VILLEDEMONT,M,4517030,0417478,430
201300005684,13,4,6,1430,1,1,1,2,6,268,"LIEU-DIT ""VERSILHAC""",M,4516180,0417900,430
201300005685,13,4,20,445,5,2,1,2,6,268,LOTISSEMENT CHATIMBARBE,,,,430
201300005686,13,6,23,1630,1,1,1,1,6,268,LIEU-DIT MONTPINOUX,M,4514000,0410325,430
201300005687,13,7,27,915,1,2,1,1,6,268,RUE DE VERDUN,M,4514040,0412445,430
201300005688,13,8,10,1800,1,1,1,1,6,102,PT DE L'ENCEINTE,M,4516180,0417698,430
201300005689,13,8,31,1200,1,1,1,1,6,024,BOIS CHAILLON,M,4518010,0408649,430
201300005690,13,12,26,1930,5,1,1,4,3,007,"LIEU-DIT ""COULEYRE""",M,4503690,0418365,430
201300005691,13,1,21,1845,3,1,1,2,2,137,ECHANGEUR LA SOUCHONNE,M,4528450,0418318,430
201300005692,13,3,18,515,3,1,1,2,5,211,VIADUC DU LIGNON,M,4525630,0414574,430
201300005693,13,6,11,1800,1,1,4,1,3,020,CARF DE LA GARE,M,4529750,0413434,430
201300005694,13,7,7,230,3,1,1,1,7,137,"LIEU-DIT ""LES GOUTTES""",,,,430
201300005695,13,7,9,1615,1,2,3,1,3,211,RUE DU STADE,,,,430
201300005696,13,9,7,915,1,2,6,8,1,012,AV DU VELAY,,,,430
201300005697,13,9,20,1815,1,2,1,1,3,020,25 RTE DE BEAUZAC,,,,430
201300005698,13,9,21,1100,1,1,3,1,3,020,AV DU PONT,M,4529750,0411595,430
201300005699,13,10,11,1330,1,1,1,2,1,020,PT DE L'ANCE,M,4528600,0411385,430
201300005700,13,10,15,1800,1,1,1,1,6,058,MONTUSCLAT,M,4531290,0423027,430
201300005701,13,10,16,910,1,2,1,2,3,137,AVENUE DU 11 NOVEMBRE,,,,430
201300005702,13,3,9,750,1,1,1,1,6,177,"LIEU-DIT ""LA VIGNE""",M,4532810,0430795,430
201300005703,13,6,2,1800,1,1,3,1,3,227,"LIEU-DIT ""LA SAPINI?RE""",M,4531330,0431762,430
201300005704,13,7,10,1830,1,1,1,2,5,224,PT DE CHAZEAUX,M,4526270,0419942,430
201300005705,13,7,3,1830,1,2,1,1,3,205,R DES ANCIEN AFN,,,,430
201300005706,13,7,15,930,1,2,1,1,6,172,LE BOURG,M,4514330,0443816,430
201300005707,13,8,9,950,1,1,1,1,1,087,PT DE MIRAIL,M,4521340,0438119,430
201300005708,13,9,5,2000,1,1,1,1,6,051,LA FAYOLLE DU LAC,,,,430
201300005709,13,11,28,930,1,1,1,8,3,159,LA DETOURBE,M,4517190,0428572,430
201300005710,13,3,29,2100,5,2,3,1,1,185,"face 114, COURTAIS   (DE",,,,030
201300005711,13,5,10,2330,5,2,2,1,3,185,REPUBLIQUE ( AV. DE LA ),,,,030
201300005712,13,5,22,1935,1,2,3,1,3,185,"sans, GUESDE ( AVENUE JU",,,,030
201300005713,13,6,16,620,2,2,1,1,6,185,"30, BOUVINES ( RUE DE )",,,,030
201300005714,13,7,29,1725,1,2,1,1,6,185,"94, LIBERATION ( QUAI DE",,,,030
201300005715,13,8,2,1735,1,2,3,1,3,185,"0, EINSTEIN ( RUE ALBERT",,,,030
201300005716,13,8,4,1425,1,2,6,1,2,185,NEUVE ( RUE ),,,,030
201300005717,13,8,20,715,1,2,6,1,3,185,"sans, ILES ( PONT DES )",,,,030
201300005718,13,8,21,850,1,2,2,1,3,185,"sans, GUESDE ( AVENUE JU",,,,030
201300005719,13,10,11,1025,1,2,2,1,3,185,FAVIERES ( QUAI ),,,,030
201300005720,13,10,28,1720,2,2,1,2,6,185,"6, ROUX ( RUE DU DOCTEUR",,,,030
201300005721,13,11,1,1655,1,2,2,1,3,185,"sans, FAVIERES ( QUAI )",,,,030
201300005722,13,11,2,1635,1,1,1,1,2,140,"sans, RD  2144",,,,030
201300005723,13,11,6,2010,5,2,2,1,3,185,"39, COURTAIS   (DE  BOUL",,,,030
201300005724,13,12,3,1015,1,2,1,1,6,101,"sans, MESSAGER ( RUE AND",,,,030
201300005725,13,12,12,1510,1,2,1,1,6,140,"sans, LIGNEROLLES (ROUTE",,,,030
201300005726,13,3,9,1320,1,1,1,1,6,321,"39, EPOUX CONTOUX (RUE D",,,,030
201300005727,13,4,9,1550,1,2,2,1,3,190,"37, ALSACE LORRAINE (AVE",,,,030
201300005728,13,4,26,2045,5,2,2,3,3,190,"42, ALLIER (RUE D')",,,,030
201300005729,13,6,1,2040,1,2,1,1,6,190,"34, LIBERATION (AVENUE D",,,,030
201300005730,13,7,22,1510,1,2,1,1,6,190,SORBIERS (IMPASSE DES),,,,030
201300005731,13,7,23,600,2,2,1,1,1,190,REGEMORTES (PONT),,,,030
201300005732,13,7,24,1445,1,2,3,1,3,190,"68, BARBUSSE (RUE HENRI)",,,,030
201300005733,13,10,25,2345,5,2,1,1,6,190,"27, LYON (ROUTE DE)",,,,030
201300005734,13,10,17,1810,1,2,9,1,3,321,JEAN-JAURES (BOULEVARD),,,,030
201300005735,13,9,26,1810,1,1,1,1,3,013,PETITS ROCS (CHEMIN DES),,,,030
201300005736,13,2,2,1130,1,2,3,8,3,648,29 grand rue,M,4909270,0648577,570
201300005737,13,5,20,2030,3,1,1,2,2,620,,M,0000000,0000000,570
201300005738,13,6,3,1800,1,2,1,1,3,707,,M,0000000,0000000,570
201300005739,13,7,20,1730,1,1,1,1,7,543,,M,0000000,0000000,570
201300005740,13,10,11,1430,1,2,6,1,3,622,Rond point de jErusalem,M,0000000,0000000,570
201300005741,13,10,28,1600,1,2,6,8,1,622,intesection RD 54 RD 643,M,0000000,0000000,570
201300005742,13,12,7,1800,3,1,1,1,1,622,,M,0000000,0000000,570
201300005743,13,12,23,200,5,2,1,8,6,622,RUE ROBERT SCHUMAN,M,0000000,0000000,570
201300005744,13,5,14,1745,1,1,1,1,7,039,,M,4904761,0611325,570
201300005745,13,6,30,630,1,2,1,1,6,212,Rue de l'abbe Marchal,M,0000000,0000000,570
201300005746,13,7,4,1600,1,1,1,1,1,350,,M,4907484,0609661,570
201300005747,13,7,23,1915,1,2,1,1,2,032,"face au 40, rue Wilson",M,0000000,0000000,570
201300005748,13,9,24,445,3,1,1,1,1,601,,M,0000000,0000000,570
201300005749,13,10,18,700,3,1,1,9,3,601,,M,0000000,0000000,570
201300005750,13,10,23,945,1,1,1,9,3,515,,M,0000000,0000000,570
201300005751,13,10,31,1815,5,1,1,1,3,701,,M,4909472,0609657,570
201300005752,13,11,22,1745,5,2,1,2,6,515,,M,4902431,0605041,570
201300005753,13,11,26,1545,1,2,1,7,1,032,CD6 - PK2.800,M,0000000,0000000,570
201300005754,13,1,5,1630,1,1,1,9,1,443,,M,4921142,0612535,570
201300005755,13,1,19,1500,1,2,1,1,7,433,route de marange,M,0000000,0000000,570
201300005756,13,3,4,1215,1,2,1,1,1,433,14 Grand Rue,M,4920591,0616110,570
201300005757,13,3,7,1030,1,2,1,1,6,433,57 grand rue,M,0000000,0000000,570
201300005758,13,4,18,2100,3,1,1,1,7,443,,M,4922572,0614638,570
201300005759,13,8,6,1915,1,1,1,1,7,303,,M,0000000,0000000,570
201300005760,13,8,30,900,1,2,1,1,6,433,grand rue,M,0000000,0000000,570
201300005761,13,10,5,1845,1,2,1,3,3,303,Route de MAIZIERES,M,0000000,0000000,570
201300005762,13,10,11,1845,2,1,1,1,6,645,,M,0000000,0000000,570
201300005763,13,10,30,1645,1,2,1,1,3,433,rue schuman,M,4921429,0616423,570
201300005764,13,12,14,1130,1,2,6,1,6,645,D112F/N52,M,0000000,0000000,570
201300005765,13,12,27,1515,1,1,1,1,1,111,,M,0000000,0000000,570
201300005766,13,1,4,2030,3,1,1,2,6,532,,M,4896746,0622073,570
201300005767,13,7,22,1415,1,2,1,1,3,251,RUE PRINCIPALE,M,0000000,0000000,570
201300005768,13,9,2,1800,1,1,1,1,1,057,,M,0000000,0000000,570
201300005769,13,10,10,900,1,1,1,8,6,020,,M,0000000,0000000,570
201300005770,13,11,18,1645,2,1,1,8,1,572,,M,0000000,0000000,570
201300005771,13,3,31,1700,1,1,1,1,1,563,,M,0000000,0000000,570
201300005772,13,6,21,2215,3,1,1,1,1,385,,M,4907508,0630393,570
201300005773,13,6,21,1615,1,2,1,1,6,148,route de Pange,M,0000000,0000000,570
201300005774,13,8,23,2115,5,2,1,1,6,155,AVENUE DE LA LIBERATION,M,0000000,0000000,570
201300005775,13,9,1,2000,2,1,1,1,6,695,,M,0000000,0000000,570
201300005776,13,9,18,1500,1,1,1,2,5,129,,M,0000000,0000000,570
201300005777,13,9,23,730,2,1,1,5,1,438,,M,0000000,0000000,570
201300005778,13,10,4,1830,2,1,6,3,6,028,,M,4920995,0621026,570
201300005779,13,11,6,1845,3,1,1,2,6,024,,M,0000000,0000000,570
201300005780,13,6,17,1815,1,1,2,1,3,542,GN 49.257 6.436,M,0000000,0000000,570
201300005781,13,7,2,1430,1,1,1,1,1,167,GN 49.309 6.383,M,0000000,0000000,570
201300005782,13,7,22,1945,1,1,1,1,6,106,,M,0000000,0000000,570
201300005783,13,8,14,1200,1,2,1,1,1,186,27 RUE Principale,M,0000000,0000000,570
201300005784,13,10,11,2200,5,2,2,1,3,160,bd Pascal Bd Montaigne,M,4920780,0670754,570
201300005785,13,9,1,600,2,2,1,1,6,230,GN 49.098 6.509,M,0000000,0000000,570
201300005786,13,10,20,600,3,1,1,5,5,085,GN 49.112 6.458,M,0000000,0000000,570
201300005787,13,7,15,1330,1,1,1,1,5,712,,M,0000000,0000000,570
201300005788,13,8,3,1715,1,1,1,1,1,018,GN 48.84 6.506,M,0000000,0000000,570
201300005789,13,11,21,2030,2,1,1,2,1,182,,M,0000000,0000000,570
201300005790,13,3,1,1900,3,1,1,1,2,629,,M,0000000,0000000,570
201300005791,13,7,23,1030,1,2,2,1,3,177,CROISEMENT CHEMIN DU PON,M,0000000,0000000,570