Num_Acc,an,mois,jour,hrmn,lum,agg,int,atm,col,com,adr,gps,lat,long,dep
201300007353,13,1,5,1730,2,1,1,8,1,431,,M,0000000,0000000,700
201300007354,13,1,8,1615,1,1,1,8,1,208,,M,0000000,0000000,700
201300007355,13,4,25,745,1,2,1,1,1,441,rue de fondremand,M,0000000,0000000,700
201300007356,13,9,21,730,2,1,1,5,1,109,,M,0000000,0000000,700
201300007357,13,10,10,1300,1,1,1,2,1,383,,M,0000000,0000000,700
201300007358,13,11,15,700,2,1,1,1,1,407,,M,0000000,0000000,700
201300007359,13,11,27,1000,1,1,5,1,5,493,,M,0000000,0000000,700
201300007360,13,12,12,1700,2,1,1,1,1,493,,M,0000000,0000000,700
201300007361,13,1,13,815,1,1,1,4,6,432,,M,0000000,0000000,700
201300007362,13,3,27,1600,1,1,1,1,3,577,,M,0000000,0000000,700
201300007363,13,4,5,1830,1,2,1,8,7,004,Rue des genevriers,M,0000000,0000000,700
201300007364,13,4,5,1230,1,1,1,1,7,310,,M,0000000,0000000,700
201300007365,13,5,11,1530,1,1,1,1,1,262,,M,0000000,0000000,700
201300007366,13,6,5,1845,1,2,1,1,7,310,13 RUE MARSOT,M,0000000,0000000,700
201300007367,13,7,31,1630,1,1,1,1,6,432,,M,0000000,0000000,700
201300007368,13,9,3,1700,1,2,1,1,3,310,100 avenue Carnot,M,0000000,0000000,700
201300007369,13,10,19,1700,1,1,1,1,3,260,,M,0000000,0000000,700
201300007370,13,11,22,1745,5,2,1,1,6,321,10 rue du lac,M,0000000,0000000,700
201300007371,13,1,4,1515,1,1,1,5,5,313,,M,0000000,0000000,700
201300007372,13,4,5,1430,1,2,3,1,1,451,rue pasteur,M,0000000,0000000,700
201300007373,13,7,8,1715,1,2,1,1,2,339,38 Grande Rue,M,0000000,0000000,700
201300007374,13,9,9,1715,1,2,1,1,1,451,32 rue des mineurs,M,4769900,0663200,700
201300007375,13,11,3,1745,3,1,1,2,2,256,,M,0000000,0000000,700
201300007376,13,11,22,2215,5,2,8,1,3,120,,M,0000000,0000000,700
201300007377,13,2,10,915,1,1,1,1,5,031,,M,0000000,0000000,700
201300007378,13,9,7,1115,1,2,1,1,1,506,04 rue du charmois,M,0000000,0000000,700
201300007379,13,9,29,730,1,1,1,2,6,096,,M,0000000,0000000,700
201300007380,13,11,8,2345,5,2,1,2,3,477,rue de l'eglise,M,0000000,0000000,700
201300007381,13,12,5,1945,3,1,1,9,3,530,,M,0000000,0000000,700
201300007382,13,1,6,930,1,1,1,2,6,141,,M,0000000,0000000,700
201300007383,13,3,16,1600,1,1,1,1,3,473,,M,0000000,0000000,700
201300007384,13,6,4,1745,1,2,1,7,1,311,12 rue Grammont,M,0000000,0000000,700
201300007385,13,12,10,550,3,1,1,9,7,537,,M,0000000,0000000,700
201300007386,13,1,25,815,1,1,1,8,2,240,,M,0000000,0000000,700
201300007387,13,4,4,2130,3,1,1,1,7,171,,M,0000000,0000000,700
201300007388,13,6,24,130,3,1,1,1,5,245,,M,0000000,0000000,700
201300007389,13,9,5,1515,1,2,3,1,5,097,D28,M,0000000,0000000,700
201300007390,13,10,6,1615,1,1,1,1,1,245,,M,0000000,0000000,700
201300007391,13,12,10,1100,1,2,1,1,6,526,28 GRande Rue,M,0000000,0000000,700
201300007392,13,1,15,1930,3,1,1,4,6,331,,M,0000000,0000000,700
201300007393,13,2,6,1930,3,1,1,4,7,132,,M,0000000,0000000,700
201300007394,13,4,28,115,5,2,6,2,6,279,Rond point  Hauts Pres,M,0000000,0000000,700
201300007395,13,7,27,2230,3,1,1,1,7,024,,M,0000000,0000000,700
201300007396,13,7,27,1215,1,2,1,1,1,279,Avenue Carnot,M,0000000,0000000,700
201300007397,13,7,27,1115,1,1,1,1,5,279,,M,0000000,0000000,700
201300007398,13,8,1,100,5,2,1,1,7,026,AVENUE DES PARC,M,0000000,0000000,700
201300007399,13,8,30,1730,1,1,1,1,1,331,,M,0000000,0000000,700
201300007400,13,10,19,1200,1,2,1,1,1,026,49avenue Jean Jaures,M,0000000,0000000,700
201300007401,13,10,21,15,3,1,1,1,6,220,,M,0000000,0000000,700
201300007402,13,10,28,1150,1,1,1,8,1,279,,M,0000000,0000000,700
201300007403,13,11,8,1800,3,1,1,3,1,026,,M,0000000,0000000,700
201300007404,13,1,27,1845,3,2,1,2,6,053,route de Fretigney,M,0000000,0000000,700
201300007405,13,8,18,2015,2,2,1,1,6,568,rue de la grapinet,M,0000000,0000000,700
201300007406,13,12,2,1845,3,1,1,1,7,299,,M,0000000,0000000,700
201300007407,13,4,6,546,3,1,1,1,1,015,,M,0000000,0000000,900
201300007408,13,5,31,900,1,1,1,3,6,093,,M,0000000,0000000,900
201300007409,13,6,4,801,1,1,1,1,6,068,,M,0000000,0000000,900
201300007410,13,7,16,2300,3,2,1,1,6,087,Route de PHAFFANS,M,0000000,0000000,900
201300007411,13,8,18,1400,1,2,1,1,1,093,50 grande rue,M,0000000,0000000,900
201300007412,13,10,26,1255,1,1,1,1,4,015,,M,0000000,0000000,900
201300007413,13,1,26,1415,1,1,1,1,6,045,,M,0000000,0000000,900
201300007414,13,3,25,645,2,1,1,4,6,081,,M,0000000,0000000,900
201300007415,13,4,13,1801,1,1,1,1,7,046,,M,0000000,0000000,900
201300007416,13,3,21,1505,1,1,6,1,3,091,,M,4769000,0696000,900
201300007417,13,5,3,2345,3,1,1,1,6,005,,M,4773200,0676000,900
201300007418,13,6,4,1831,1,2,3,1,3,089,rue de Leval,M,4773600,0697400,900
201300007419,13,6,22,1601,1,2,1,1,3,089,avenue Jean Moulin,M,0000000,0000000,900
201300007420,13,7,8,315,5,2,1,1,6,052,18 faubourg de Belfort,M,4774000,0683000,900
201300007421,13,10,8,1544,1,2,1,2,7,058,Rue du general de Gaulle,M,0000000,0000000,900
201300007422,13,10,31,803,1,2,1,1,2,023,47 Grande rue CHAUX,M,4771400,0683800,900
201300007423,13,12,11,715,3,2,1,9,6,091,rue Principale,M,0000000,0000000,900
201300007424,13,12,13,930,1,1,1,1,3,052,,M,0000000,0000000,900
201300007425,13,12,24,830,1,2,1,1,3,041,grande rue,M,0000000,0000000,900
201300007426,13,8,12,1100,1,2,1,1,3,031,rue des orgues,M,4763200,0699500,900
201300007427,13,8,20,1345,1,1,1,1,7,050,,M,0000000,0000000,900
201300007428,13,9,25,1530,1,1,1,1,1,053,,M,0000000,0000000,900
201300007429,13,10,31,2005,5,2,1,1,6,053,4 rue notre dame,M,0000000,0000000,900
201300007430,13,7,30,1930,1,1,1,1,5,141,26141,M,0000000,0000000,260
201300007431,13,8,15,1500,1,1,1,1,6,069,26069,M,0000000,0000000,260
201300007432,13,8,21,1500,1,1,1,1,1,248,26248,M,0000000,0000000,260
201300007433,13,10,30,1400,1,1,1,7,6,069,26069,M,0000000,0000000,260
201300007434,13,12,11,1145,1,1,1,9,6,277,26277,M,0000000,0000000,260
201300007435,13,1,8,1300,1,1,1,1,5,344,A7 PK 0015+0600,M,4539480,0480822,380
201300007436,13,2,8,1615,1,1,1,1,5,295,26295,M,0000000,0000000,260
201300007437,13,2,26,445,3,1,1,1,2,002,26002,M,0000000,0000000,260
201300007438,13,3,16,1715,1,1,1,1,7,448,,M,0000000,0000000,380
201300007439,13,6,22,730,1,1,1,1,6,344,,M,0000000,0000000,380
201300007440,13,6,28,1845,1,1,1,1,6,295,26295,M,0000000,0000000,260
201300007441,13,7,6,1100,1,1,1,1,4,325,26325,M,0000000,0000000,260
201300007442,13,7,8,715,1,1,1,1,7,468,,M,0000000,0000000,380
201300007443,13,7,10,400,3,1,1,1,3,072,,M,0000000,0000000,380
201300007444,13,8,17,215,3,1,1,1,3,019,,M,0000000,0000000,380
201300007445,13,8,24,715,1,1,1,1,2,468,,M,0000000,0000000,380
201300007446,13,9,2,715,2,1,1,1,2,468,,M,0000000,0000000,380
201300007447,13,10,13,1730,1,1,1,1,2,344,,M,0000000,0000000,380
201300007448,13,10,20,1715,1,1,1,1,4,344,A7 PK0018+0300,M,4537140,0480762,380
201300007449,13,11,17,2000,3,1,1,1,1,344,,M,0000000,0000000,380
201300007450,13,1,17,1915,3,1,1,1,5,179,26179,M,0000000,0000000,260
201300007451,13,1,18,2030,3,1,1,1,6,252,26252,M,0000000,0000000,260
201300007452,13,2,19,1100,1,1,1,1,2,362,26362,M,0000000,0000000,260
201300007453,13,4,14,1230,1,1,1,1,5,072,26072,M,0000000,0000000,260
201300007454,13,4,18,715,1,1,1,1,6,156,26156,M,0000000,0000000,260
201300007455,13,4,23,415,3,1,1,1,2,362,26362,M,0000000,0000000,260
201300007456,13,5,10,1815,1,1,1,1,7,124,26124,M,0000000,0000000,260
201300007457,13,6,15,1730,1,1,1,1,6,072,26072,M,0000000,0000000,260
201300007458,13,6,27,830,1,1,1,1,2,165,26165,M,0000000,0000000,260
201300007459,13,7,3,1900,1,1,1,1,6,252,AIRE REPOS PORTE LES VAL,M,0000000,0000000,260
201300007460,13,7,6,1715,1,2,1,7,6,124,45 BIS GRANDE RUE,M,4483730,0489320,260
201300007461,13,7,11,1530,1,1,1,1,5,206,26206,M,0000000,0000000,260
201300007462,13,7,12,1445,1,1,1,1,6,208,26208,M,0000000,0000000,260
201300007463,13,7,17,1945,1,1,1,1,5,206,26206,M,0000000,0000000,260
201300007464,13,7,16,1600,1,1,1,1,3,170,,M,4490500,0495700,260
201300007465,13,7,16,1445,1,2,2,1,1,124,26124,M,0000000,0000000,260
201300007466,13,7,17,1115,1,1,2,1,3,170,26170,M,4491340,0494890,260
201300007467,13,7,18,1445,1,1,1,1,6,185,26185,M,0000000,0000000,260
201300007468,13,8,12,1545,1,1,3,1,3,166,26166,M,4474350,0481990,260
201300007469,13,8,13,1745,1,1,1,1,2,166,26166,M,0000000,0000000,260
201300007470,13,8,14,1715,2,2,9,1,3,170,26170,M,4490020,0494490,260
201300007471,13,8,14,1515,1,1,1,1,3,144,26144,M,0000000,0000000,260
201300007472,13,8,19,1030,1,1,1,2,1,166,26166,M,0000000,0000000,260
201300007473,13,9,1,915,1,1,1,1,6,124,26124,M,0000000,0000000,260
201300007474,13,8,31,1945,2,2,1,1,6,313,26313,M,4497100,0495330,260
201300007475,13,9,3,845,1,1,1,1,3,006,26006,M,0000000,0000000,260
201300007476,13,9,9,830,1,2,1,1,6,124,26124,M,4483700,0489360,260
201300007477,13,9,11,1100,1,1,1,1,7,232,26232,M,0000000,0000000,260
201300007478,13,9,11,1945,2,1,1,1,3,037,26037,M,0000000,0000000,260
201300007479,13,9,16,1100,1,2,1,1,6,166,intersection RN7 D 104 N,M,4475700,0481900,260
201300007480,13,9,20,1545,1,1,2,1,3,170,26170,M,0000000,0000000,260
201300007481,13,9,20,1830,1,1,1,1,4,124,26124,M,0000000,0000000,260
201300007482,13,10,7,1830,1,1,3,1,1,165,RUE BARJAVEL,M,4477350,0482860,260
201300007483,13,10,18,2230,3,1,1,1,2,252,26252,M,0000000,0000000,260
201300007484,13,10,20,830,1,1,1,3,7,072,26072,M,0000000,0000000,260
201300007485,13,10,23,1700,1,1,1,2,3,058,26058,M,0000000,0000000,260
201300007486,13,11,7,1715,3,1,1,1,6,165,26165,M,0000000,0000000,260
201300007487,13,11,30,1145,1,1,1,8,3,358,26358,M,4479500,0493530,260
201300007488,13,12,9,1745,2,1,1,8,7,144,26144,M,0000000,0000000,260
201300007489,13,12,10,1530,1,1,1,1,6,072,26072,M,0000000,0000000,260
201300007490,13,12,11,1530,1,1,1,1,1,064,26064,M,0000000,0000000,260
201300007491,13,12,13,845,1,1,1,1,6,337,26337,M,0000000,0000000,260
201300007492,13,12,14,1815,1,1,1,1,5,084,,M,0000000,0000000,260
201300007493,13,12,19,1345,1,2,1,2,6,042,26042,M,0000000,0000000,260
201300007494,13,7,24,1515,1,2,1,1,2,001,,M,4354027,0548659,130
201300007495,13,8,5,1900,2,1,1,1,1,080,,M,0000000,0000000,130
201300007496,13,8,20,830,1,2,1,1,6,080,Chemin des ?coles,M,4366697,0543714,130
201300007497,13,12,5,2330,3,1,1,1,6,048,,M,0000000,0000000,130
201300007498,13,12,15,1845,3,1,1,1,5,048,,M,0000000,0000000,130
201300007499,13,7,5,345,3,2,1,1,7,067,"RD7N, PK 014+430",M,0000000,0000000,130
201300007500,13,7,13,845,1,1,1,1,1,053,,M,0000000,0000000,130
201300007501,13,8,18,1930,1,1,1,1,2,112,,M,0000000,0000000,130
201300007502,13,8,21,1915,2,1,1,1,6,009,,M,0000000,0000000,130
201300007503,13,9,15,1245,1,1,1,1,3,034,,M,0000000,0000000,130
201300007504,13,9,24,1530,1,1,1,1,3,051,,M,0000000,0000000,130
201300007505,13,10,25,1645,1,1,1,1,6,009,,M,0000000,0000000,130
201300007506,13,10,28,2215,3,1,1,1,6,067,,M,0000000,0000000,130
201300007507,13,10,30,1700,1,1,1,1,6,069,,M,0000000,0000000,130
201300007508,13,11,5,930,1,1,1,1,3,076,,M,0000000,0000000,130
201300007509,13,11,13,500,3,1,1,1,2,049,,M,0000000,0000000,130
201300007510,13,1,7,1730,2,1,1,1,3,062,,M,0000000,0000000,130
201300007511,13,1,30,1245,1,2,7,1,3,041,cours de la r?publique,M,4345526,0547073,130
201300007512,13,2,7,845,1,2,6,7,6,041,Avenue du Pilon du Roy,M,4343401,0546618,130
201300007513,13,2,7,1700,1,2,1,1,6,041,,M,0000000,0000000,130
201300007514,13,2,14,1545,1,1,1,1,3,015,,M,0000000,0000000,130
201300007515,13,2,26,1130,1,1,1,1,6,060,,M,4348847,0551051,130
201300007516,13,3,26,1715,1,2,9,1,6,041,,M,4345624,0546429,130
201300007517,13,5,17,845,1,1,1,1,3,041,,M,0000000,0000000,130
201300007518,13,5,31,1030,1,1,9,1,2,041,,M,0000000,0000000,130
201300007519,13,6,7,2100,1,1,6,1,6,041,,M,4345419,0545503,130
201300007520,13,7,4,2130,2,1,1,1,7,060,,M,0000000,0000000,130
201300007521,13,7,15,645,1,1,1,1,6,041,,M,4345086,0549887,130
201300007522,13,7,12,1715,1,2,1,1,3,062,D58 ROUTE DU PUIT GERARD,M,0000000,0000000,130
201300007523,13,8,9,700,1,1,1,1,6,041,,M,4344204,0545801,130
201300007524,13,8,25,345,3,1,1,1,6,060,,M,4350350,0551136,130
201300007525,13,9,15,1845,2,1,1,1,6,041,,M,4347500,0546200,130
201300007526,13,10,2,1615,1,1,1,1,1,041,,M,0000000,0000000,130
201300007527,13,10,1,1015,1,1,9,1,6,062,,M,0000000,0000000,130
201300007528,13,10,13,1800,1,1,1,1,3,041,,M,0000000,0000000,130
201300007529,13,10,21,45,5,2,6,8,6,041,boulevard bontemps,M,0000000,0000000,130
201300007530,13,12,10,745,2,1,1,9,1,062,,M,0000000,0000000,130
201300007531,13,1,14,745,2,1,1,1,1,059,,M,0000000,0000000,130
201300007532,13,5,13,715,2,2,1,1,1,059,RD96,M,0000000,0000000,130
201300007533,13,5,26,1700,1,1,1,1,1,048,,M,4364545,0567926,130
201300007534,13,8,10,1700,1,1,1,1,2,099,,M,0000000,0000000,130
201300007535,13,9,2,1715,1,1,1,1,3,048,,M,4365342,0561196,130
201300007536,13,11,16,2130,5,2,1,1,6,059,RD96,M,0000000,0000000,130
201300007537,13,3,11,1300,1,1,1,1,7,107,place de l'eglise,M,4342905,0543764,130
201300007538,13,5,2,1600,1,2,1,1,3,015,avenue de provence,M,4344856,0543177,130
201300007539,13,5,4,1215,1,2,3,1,3,015,la croix d 'or,M,0000000,0000000,130
201300007540,13,5,21,1715,1,2,1,1,1,015,Avenue Thiers,M,4344685,0541338,130
201300007541,13,6,19,500,5,2,9,1,6,015,avenue de violesi,M,4344362,0539759,130
201300007542,13,8,23,1515,1,1,1,1,2,107,,M,0000000,0000000,130
201300007543,13,10,1,830,1,1,1,1,3,041,,M,0000000,0000000,130
201300007544,13,10,31,1930,5,2,1,1,1,107,avenue g?n?ral de gaulle,M,0000000,0000000,130
201300007545,13,4,19,1600,1,1,1,1,2,072,,M,0000000,0000000,130
201300007546,13,6,4,1500,1,1,3,1,7,087,,M,0000000,0000000,130
201300007547,13,6,20,600,1,1,1,1,1,079,,M,0000000,0000000,130
201300007548,13,8,19,945,1,1,1,1,3,110,,M,0000000,0000000,130
201300007549,13,9,14,830,1,2,4,1,3,072,CD 56 B,M,0000000,0000000,130
201300007550,13,10,31,1815,5,1,9,1,3,072,,M,4346321,0561096,130
201300007551,13,10,31,1900,3,1,1,1,2,110,,M,0000000,0000000,130
201300007552,13,12,1,1715,3,1,1,1,4,110,,M,4345144,0569423,130
201300007553,13,12,19,2130,5,1,4,2,6,110,,M,0000000,0000000,130
201300007554,13,1,6,1830,3,1,1,6,6,004,,M,0000000,0000000,130
201300007555,13,3,31,15,3,1,1,1,6,004,,M,0000000,0000000,130
201300007556,13,6,5,1745,1,2,1,1,3,004,,M,0000000,0000000,130
201300007557,13,6,16,1645,1,1,1,1,5,004,,M,0000000,0000000,130
201300007558,13,7,3,1330,1,1,1,1,6,004,,M,0000000,0000000,130
201300007559,13,8,2,1600,1,1,1,1,1,004,,M,0000000,0000000,130
201300007560,13,9,14,945,1,1,1,1,1,004,,M,0000000,0000000,130
201300007561,13,9,20,2300,5,1,9,1,6,004,,M,0000000,0000000,130
201300007562,13,10,14,1800,1,1,1,1,2,004,,M,0000000,0000000,130
201300007563,13,10,20,2145,3,2,1,1,6,004,rd453,M,0000000,0000000,130
201300007564,13,10,31,900,1,1,1,1,6,004,,M,0000000,0000000,130
201300007565,13,11,3,1015,1,1,1,1,6,004,,M,0000000,0000000,130
201300007566,13,3,9,500,3,1,4,2,1,027,,M,0000000,0000000,130
201300007567,13,5,18,600,2,1,1,2,6,027,,M,4385922,0480427,130
201300007568,13,7,13,1045,1,1,1,1,5,066,,M,0000000,0000000,130
201300007569,13,8,22,815,1,1,1,1,3,066,,M,4388435,0489783,130
201300007570,13,11,9,400,3,1,1,8,6,027,,M,0000000,0000000,130
201300007571,13,3,3,1645,1,1,1,1,1,096,,M,0000000,0000000,130
201300007572,13,4,10,2115,3,1,1,1,6,096,d570,M,0000000,0000000,130
201300007573,13,8,3,400,3,1,1,1,1,096,,M,4354429,0435510,130
201300007574,13,8,25,1330,1,2,1,1,6,096,avenue d'Arles,M,4345319,0442797,130
201300007575,13,2,19,2215,3,1,1,1,5,097,,M,0000000,0000000,130
201300007576,13,3,26,815,1,1,1,1,3,097,,M,0000000,0000000,130
201300007577,13,4,22,2000,1,1,3,1,3,097,vers distribike,M,4362501,0479703,130
201300007578,13,5,26,1815,1,1,1,1,2,097,,M,0000000,0000000,130
201300007579,13,7,15,1945,1,1,9,1,7,097,,M,4362509,0474950,130
201300007580,13,7,17,1630,1,1,1,1,6,097,,M,0000000,0000000,130
201300007581,13,8,22,1600,1,2,7,1,6,097,Place du Gnl DE GAULLE,M,4363729,0480812,130
201300007582,13,10,15,1445,1,1,1,1,7,097,,M,0000000,0000000,130
201300007583,13,11,14,1630,1,2,1,1,5,097,Avenue C?sar Bernaudon,M,4363849,0481097,130
201300007584,13,11,26,1145,1,1,1,1,3,097,,M,0000000,0000000,130
201300007585,13,2,3,1445,1,1,1,1,6,094,,M,0000000,0000000,130
201300007586,13,2,28,1345,1,2,9,1,3,100,chemin de pegomas,M,4379093,0484074,130
201300007587,13,3,9,215,3,1,1,1,7,100,,M,0000000,0000000,130
201300007588,13,6,26,115,3,1,1,1,6,036,,M,0000000,0000000,130
201300007589,13,12,21,1615,1,1,1,1,6,100,,M,4380474,0482424,130
201300007590,13,1,13,1700,2,1,1,2,1,042,,M,0000000,0000000,130
201300007591,13,3,22,745,1,2,1,1,3,042,chemin des graviers,M,0000000,0000000,130
201300007592,13,4,9,1845,1,1,1,1,1,030,,M,4326593,0574826,130
201300007593,13,5,6,1915,1,1,1,1,6,042,,M,0000000,0000000,130
201300007594,13,6,2,1045,1,1,1,7,1,030,,M,0000000,0000000,130
201300007595,13,6,5,1645,1,1,1,1,6,030,,M,0000000,0000000,130
201300007596,13,9,3,945,1,2,1,1,2,042,D 396 - av. 2? cuir.,M,0000000,0000000,130
201300007597,13,10,29,945,1,1,1,3,1,042,,M,0000000,0000000,130
201300007598,13,10,29,1315,1,1,1,2,6,030,,M,0000000,0000000,130
201300007599,13,11,29,1215,1,1,1,1,1,042,,M,4328010,0562104,130
201300007600,13,2,27,1615,1,1,1,1,3,022,,M,0000000,0000000,130
201300007601,13,3,9,1730,1,1,1,1,7,023,2909-3477ChemidelaCiotat,M,4323004,0565816,130
201300007602,13,4,6,1615,1,1,1,2,6,023,,M,0000000,0000000,130
201300007603,13,5,12,1545,1,1,1,6,7,022,avenue de carnux,M,0000000,0000000,130
201300007604,13,5,24,645,1,2,1,1,1,023,Avenue Louis JULIEN,M,0000000,0000000,130
201300007605,13,7,21,115,3,1,1,1,1,022,,M,0000000,0000000,130
201300007606,13,8,11,745,1,2,1,1,3,022,AVENUE ALPHONSE DAUDET,M,4321803,0553627,130
201300007607,13,9,10,1745,1,2,1,1,3,022,AVENUE MARECHAL FOCH,M,0000000,0000000,130
201300007608,13,10,17,1000,1,2,1,1,6,022,avenue du 11 novembre 18,M,4321639,0554278,130
201300007609,13,6,2,1545,1,1,1,1,1,085,,M,0000000,0000000,130
201300007610,13,7,11,1230,1,1,3,1,3,085,,M,0000000,0000000,130
201300007611,13,8,4,1900,1,2,9,1,1,119,,M,4325196,0555703,130
201300007612,13,9,26,1745,1,2,1,1,3,085,avenue Ghirardelli,M,0000000,0000000,130
201300007613,13,6,12,1830,1,2,2,1,3,073,AVENUE DE LA LIBERATION,M,0000000,0000000,130
201300007614,13,6,16,1800,1,1,1,1,1,013,,M,0000000,0000000,130
201300007615,13,1,25,2000,3,1,1,1,5,086,,M,0000000,0000000,130
201300007616,13,2,16,1930,5,2,3,1,3,086,Pont de l'Etoile,M,0000000,0000000,130
201300007617,13,5,31,1545,1,2,1,1,6,086,10 RD 96  ch de GAULLE,M,0000000,0000000,130
201300007618,13,6,24,1530,1,1,1,1,7,007,,M,4333005,0568249,130
201300007619,13,9,12,830,1,1,1,1,3,031,,M,4339100,0559000,130
201300007620,13,9,27,1200,1,2,1,1,2,007,Quartier Le Serre Rd 560,M,0000000,0000000,130
201300007621,13,10,14,730,2,1,1,1,1,007,,M,0000000,0000000,130
201300007622,13,10,30,1200,1,2,1,1,6,086,Av des Alli?s,M,0000000,0000000,130
201300007623,13,11,9,1845,5,2,1,8,3,007,RN96 PR 9+300,M,0000000,0000000,130
201300007624,13,11,15,2000,3,1,1,1,1,007,,M,0000000,0000000,130
201300007625,13,11,20,645,5,1,1,1,6,007,,M,4336537,0561173,130
201300007626,13,12,29,1500,1,2,1,1,5,086,RD96 _ Pont de l'Etoile,M,0000000,0000000,130
201300007627,13,2,19,630,2,1,1,1,7,014,,M,0000000,0000000,130
201300007628,13,4,22,1615,1,1,1,1,2,014,,M,4349011,0519944,130
201300007629,13,6,17,1515,1,1,1,1,1,092,,M,0000000,0000000,130
201300007630,13,7,25,2300,3,1,8,1,6,014,,M,0000000,0000000,130
201300007631,13,8,2,830,1,2,1,1,6,014,place Jean Moulin,M,4347602,0516781,130
201300007632,13,1,11,1900,3,1,1,1,1,003,,M,0000000,0000000,130
201300007633,13,10,3,945,1,1,1,1,1,035,,M,0000000,0000000,130
201300007634,13,5,17,830,1,1,1,1,5,053,,M,0000000,0000000,130
201300007635,13,7,28,1030,1,1,1,7,6,053,,M,4371761,0518771,130
201300007636,13,9,18,1330,1,1,1,1,3,003,,M,0000000,0000000,130
201300007637,13,10,7,1745,1,1,1,1,1,115,,M,0000000,0000000,130
201300007638,13,1,10,745,2,1,1,1,3,067,,M,0000000,0000000,130
201300007639,13,2,16,2200,3,1,1,1,7,067,,M,0000000,0000000,130
201300007640,13,6,13,345,5,1,1,1,6,067,,M,0000000,0000000,130
201300007641,13,6,14,1745,1,2,1,1,6,076,,M,0000000,0000000,130
201300007642,13,6,22,1600,1,1,1,1,1,089,,M,0000000,0000000,130
201300007643,13,7,20,530,2,1,1,1,6,067,,M,4377751,0505318,130
201300007644,13,7,22,930,1,1,1,1,1,034,,M,0000000,0000000,130
201300007645,13,8,9,1730,1,1,1,1,1,067,,M,4377551,0505450,130
201300007646,13,8,12,1830,1,2,6,1,1,064,rond-point MOLLEGES-gare,M,0000000,0000000,130
201300007647,13,8,29,1930,1,1,1,1,5,067,,M,0000000,0000000,130
201300007648,13,9,15,1300,1,2,1,1,3,076,,M,0000000,0000000,130
201300007649,13,10,3,1615,1,1,1,1,6,076,,M,0000000,0000000,130
201300007650,13,10,18,300,3,1,1,1,6,064,,M,0000000,0000000,130
201300007651,13,11,5,2300,3,1,1,2,6,076,,M,0000000,0000000,130
201300007652,13,1,24,115,1,1,1,1,3,117,,M,0000000,0000000,130
201300007653,13,6,11,1130,1,1,1,1,1,081,,M,0000000,0000000,130
201300007654,13,9,3,630,2,1,1,1,3,081,,M,0000000,0000000,130
201300007655,13,12,14,515,3,1,1,1,3,081,,M,0000000,0000000,130
201300007656,13,2,13,1945,3,1,1,1,3,082,,M,0000000,0000000,130
201300007657,13,9,30,815,1,1,2,1,1,084,,M,4372565,0528691,130
201300007658,13,10,16,1515,1,1,1,1,2,084,,M,0000000,0000000,130
201300007659,13,10,25,845,2,2,1,7,3,093,RD 561,M,0000000,0000000,130
201300007660,13,1,5,145,3,1,1,1,6,122,,M,0000000,0000000,040
201300007661,13,1,11,1100,1,1,1,1,2,001,,M,0000000,0000000,040
201300007662,13,8,4,1015,1,1,1,1,1,024,,M,0000000,0000000,040
201300007663,13,8,13,1500,1,1,1,1,4,070,,M,0000000,0000000,040
201300007664,13,9,6,1145,1,1,1,1,7,024,,M,0000000,0000000,040
201300007665,13,9,8,1245,1,1,9,1,3,097,,M,0000000,0000000,040
201300007666,13,9,18,900,2,1,1,1,1,122,,M,0000000,0000000,040
201300007667,13,2,22,2100,3,1,1,1,1,094,,M,0000000,0000000,040