Num_Acc,an,mois,jour,hrmn,lum,agg,int,atm,col,com,adr,gps,lat,long,dep
201300008298,13,7,7,615,2,2,1,1,6,245,Av de ST PONS,M,4342276,0294616,340
201300008299,13,7,15,2000,1,1,1,1,7,004,,M,0000000,0000000,340
201300008300,13,11,1,1530,1,1,1,1,1,007,,M,4334500,0283100,340
201300008301,13,11,18,1545,1,1,1,2,7,069,,M,4341100,0308800,340
201300008302,13,12,18,1400,1,1,1,1,3,258,,M,4347300,0317200,340
201300008303,13,1,9,1015,1,1,2,1,3,189,,M,4326889,0275889,340
201300008304,13,10,1,1830,1,1,1,1,3,075,,M,4332100,0272000,340
201300008305,13,3,3,2245,4,1,1,1,6,063,,M,4351488,0335176,340
201300008306,13,3,12,1630,1,1,1,1,5,184,,M,4351900,0337000,340
201300008307,13,5,30,1615,1,1,1,1,7,063,,M,4349250,0334232,340
201300008308,13,6,5,700,2,1,1,1,1,166,,M,4335300,0336097,340
201300008309,13,10,27,30,3,2,1,1,7,199,route de montpellier,M,4346643,0342912,340
201300008310,13,11,8,1200,1,2,1,1,6,182,Avenue d'Agde,M,4342600,0340800,340
201300008311,13,7,14,1130,1,1,1,1,6,284,,M,0000000,0000000,340
201300008312,13,8,3,1700,1,1,1,1,6,232,,M,0000000,0000000,340
201300008313,13,8,3,1000,1,1,1,8,6,305,,M,0000000,0000000,340
201300008314,13,8,9,1930,1,2,1,7,1,284,,M,0000000,0000000,340
201300008315,13,10,5,1615,1,2,1,1,7,030,1 avenue de la Mairie,M,4349400,0295800,340
201300008316,13,1,13,1845,3,1,1,1,2,147,,M,4348436,0320043,340
201300008317,13,5,26,1200,1,1,1,1,1,224,,M,4343632,0323641,340
201300008318,13,8,10,1930,1,2,1,1,5,237,ROUTE DE NEFFIES,M,4351500,0331400,340
201300008319,13,10,21,1500,1,1,4,2,1,139,,M,0000000,0000000,340
201300008320,13,1,13,345,3,1,1,1,7,209,,M,4331312,0333047,340
201300008321,13,4,14,1215,1,1,6,1,6,329,,M,4329524,0321910,340
201300008322,13,5,10,1900,1,2,1,1,6,298,Rue Jean Ferrat,M,4329623,0324759,340
201300008323,13,6,3,1330,1,1,1,1,1,299,,M,4327673,0328539,340
201300008324,13,8,1,1630,1,2,3,1,3,135,route de fleury,M,4327128,0317135,340
201300008325,13,8,9,1430,1,2,1,1,3,135,rue des bassins,M,0000000,0000000,340
201300008326,13,9,8,515,3,1,1,1,6,298,,M,4327290,0326230,340
201300008327,13,9,25,2315,1,1,1,1,7,135,,M,,,340
201300008328,13,10,2,1215,1,1,1,1,3,299,,M,,,340
201300008329,13,11,2,900,1,2,6,1,3,324,D19,M,4341900,0348300,340
201300008330,13,2,22,845,1,1,1,1,1,283,,M,4379496,0344058,340
201300008331,13,5,13,2130,5,2,1,1,1,142,AVENUE DE LA REPUBLIQUE,M,4373700,0332300,340
201300008332,13,12,6,1115,1,2,1,1,6,142,Avenue g?n?ral De Gaulle,M,4373000,0332400,340
201300008333,13,12,10,2145,3,1,1,5,7,277,,M,4383017,0349337,340
201300008334,13,5,8,1730,1,2,1,1,1,013,rue de l'?cole,M,4356558,0345162,340
201300008335,13,4,12,1715,1,1,1,1,1,016,,M,4362008,0361980,340
201300008336,13,9,7,1715,1,1,1,1,3,122,,M,0000000,0000000,340
201300008337,13,11,20,1730,2,2,1,1,6,239,avenue de MONTPELLIER,M,0000000,0000000,340
201300008338,13,12,28,145,3,1,1,1,1,114,,M,0000000,0000000,340
201300008339,13,12,28,1515,3,1,1,1,7,114,,M,0000000,0000000,340
201300008340,13,3,10,630,2,1,1,1,7,031,,M,4336320,0339699,340
201300008341,13,3,25,1745,1,1,1,1,1,101,,M,4337407,0349829,340
201300008342,13,3,30,1415,1,1,1,1,4,332,,M,4330500,0344600,340
201300008343,13,4,6,2100,3,1,9,3,1,332,,M,4331326,0338993,340
201300008344,13,5,8,1945,2,1,1,2,1,101,,M,4338292,0345272,340
201300008345,13,6,21,2130,1,2,1,1,1,150,Boulevard PASTEUR,M,0000000,0000000,340
201300008346,13,7,19,2345,3,2,1,1,6,150,Ancienne route de S?te,M,0000000,0000000,340
201300008347,13,7,23,2200,3,1,1,1,1,031,,M,4358500,0371700,340
201300008348,13,8,31,1215,1,1,1,1,2,031,,M,4333300,0341700,340
201300008349,13,9,5,1930,1,1,1,1,3,031,,M,0000000,0000000,340
201300008350,13,9,20,2300,5,2,6,1,1,150,Chemin du Pairollet,M,0000000,0000000,340
201300008351,13,11,10,1615,1,2,6,1,7,203,Chemin du 12 juillet 199,M,4367000,0384000,340
201300008352,13,12,3,1230,1,1,1,1,1,101,,M,4864000,0374400,340
201300008353,13,12,5,730,2,2,1,1,1,031,,M,0000000,0000000,340
201300008354,13,12,14,1745,3,1,1,1,1,207,,M,4366700,0389900,340
201300008355,13,2,5,1445,1,2,3,1,3,024,Rue du moulin,M,4346049,0368325,340
201300008356,13,3,31,1445,1,1,1,1,7,165,,M,4350400,0370500,340
201300008357,13,10,18,1700,1,2,6,8,6,023,CD2,M,0000000,0000000,340
201300008358,13,1,15,1100,1,1,1,7,1,213,,M,4350230,0368338,340
201300008359,13,4,10,1115,1,1,1,1,2,213,,M,4347190,0368161,340
201300008360,13,10,28,2130,5,2,1,1,3,157,15 RUE DE LA MEDITERRANE,M,4341800,0360100,340
201300008361,13,11,9,2330,3,1,1,1,7,341,,M,4348943,0359707,340
201300008362,13,11,17,1330,1,1,1,8,6,157,,M,4345914,0359335,340
201300008363,13,5,17,2045,1,1,1,1,3,157,,M,4343306,0361461,340
201300008364,13,1,28,900,1,1,1,2,3,413,,M,0000000,0000000,110
201300008365,13,2,20,930,1,1,1,1,1,099,,M,0000000,0000000,110
201300008366,13,4,16,1145,1,1,1,1,7,279,,M,0000000,0000000,110
201300008367,13,6,15,2015,1,1,1,1,2,099,,M,0000000,0000000,110
201300008368,13,6,16,1630,1,1,1,1,7,426,,M,0000000,0000000,110
201300008369,13,12,8,2000,3,1,1,1,6,279,,M,0000000,0000000,110
201300008370,13,9,15,2030,2,2,1,1,7,251,route de capendu,M,4314000,0256500,110
201300008371,13,1,18,1215,1,2,1,1,3,315,avenue fran?ois ferri?,M,4328600,0258600,110
201300008372,13,5,5,1130,1,1,1,1,6,315,,M,4327600,0257800,110
201300008373,13,6,24,800,1,2,1,1,6,315,Place G?n?ral BOUSQUET,M,0000000,0000000,110
201300008374,13,7,8,915,1,1,1,1,6,315,,M,4327500,0257400,110
201300008375,13,8,3,500,3,1,1,1,6,198,,M,4330600,0253500,110
201300008376,13,8,4,2230,3,1,1,1,7,081,,M,0000000,0000000,110
201300008377,13,8,22,1015,1,1,1,1,2,081,,M,4331800,0250300,110
201300008378,13,10,9,1630,1,1,1,1,1,301,,M,4323400,0258500,110
201300008379,13,11,13,1530,1,2,1,1,1,315,23 avenue Louis Cros,M,4328700,0258600,110
201300008380,13,1,26,1645,1,1,1,2,3,356,,M,4328700,0200700,110
201300008381,13,2,23,215,3,2,1,1,6,281,CD 33 Entr?e Ouest,M,4327400,0203300,110
201300008382,13,3,1,1230,1,1,1,1,1,430,,M,4329300,0192800,110
201300008383,13,4,12,930,1,1,1,1,6,243,,M,0000000,0000000,110
201300008384,13,6,30,100,3,1,1,1,7,225,,M,0000000,0000000,110
201300008385,13,7,8,45,3,2,1,1,6,192,CD 33,M,4327600,0202900,110
201300008386,13,8,3,830,1,2,9,1,6,076,CD 71 LASBORDES 11400,M,4330300,0204900,110
201300008387,13,9,1,1830,1,1,1,1,1,225,,M,0000000,0000000,110
201300008388,13,9,26,745,2,1,1,1,1,178,,M,0000000,0000000,110
201300008389,13,10,6,1815,1,1,1,1,1,074,,M,4342500,0186100,110
201300008390,13,1,29,830,1,1,1,1,1,437,,M,4324200,0224000,110
201300008391,13,2,3,1815,2,1,1,1,6,199,,M,0000000,0000000,110
201300008392,13,2,23,1915,5,2,1,4,3,259,route imp?riale - RD38,M,0000000,0000000,110
201300008393,13,7,23,1800,1,2,1,1,2,018,cd 211 place de l'europe,M,4320400,0221100,110
201300008394,13,8,14,1130,1,1,1,1,3,049,,M,4324100,0211800,110
201300008395,13,8,25,600,3,1,1,1,1,253,,M,4331300,0221700,110
201300008396,13,8,27,1000,1,1,1,1,1,343,,M,0000000,0000000,110
201300008397,13,8,27,730,1,1,1,1,7,418,,M,0000000,0000000,110
201300008398,13,9,8,1800,1,1,1,1,2,259,,M,4328300,0223200,110
201300008399,13,9,23,2030,3,1,1,1,6,254,,M,0000000,0000000,110
201300008400,13,10,20,445,3,1,1,2,6,084,,M,0000000,0000000,110
201300008401,13,11,28,1400,1,1,1,7,3,136,,M,0000000,0000000,110
201300008402,13,6,3,1630,1,1,1,1,7,033,,M,4321400,0172800,110
201300008403,13,6,6,1200,1,1,1,1,6,033,,M,0000000,0000000,110
201300008404,13,6,20,1845,1,1,1,1,6,149,,M,0000000,0000000,110
201300008405,13,9,25,1630,1,1,1,1,7,218,,M,0000000,0000000,110
201300008406,13,1,6,845,2,2,1,1,6,206,ROUTE DE MAGRIE,M,4304800,0222300,110
201300008407,13,1,22,730,2,1,1,9,1,102,,M,4317500,0230400,110
201300008408,13,1,26,2045,5,2,1,1,6,034,AVENUE DU LAC,M,0000000,0000000,110
201300008409,13,2,28,1330,1,2,1,2,3,206,Avenue Fran?ois Clamens,M,4306900,0221800,110
201300008410,13,3,2,1045,1,2,1,1,6,206,Promenade du tivoli,M,0000000,0000000,110
201300008411,13,5,4,1415,1,2,9,1,3,206,avenue FABRE D EGLANTINE,M,0000000,0000000,110
201300008412,13,6,7,1600,1,2,1,1,1,206,chemin d arrancopet,M,0000000,0000000,110
201300008413,13,7,4,1545,1,1,1,1,1,206,,M,0000000,0000000,110
201300008414,13,7,13,2115,3,1,1,1,6,299,,M,4316600,0229900,110
201300008415,13,8,3,1445,1,1,1,1,7,216,,M,4311700,0219100,110
201300008416,13,8,27,815,1,2,1,1,6,206,promenade du tivoli,M,0000000,0000000,110
201300008417,13,8,27,2300,3,2,1,1,7,289,Avenue de l'Oratoire,M,0000000,0000000,110
201300008418,13,9,29,1545,1,1,1,1,7,008,,M,4298000,0226400,110
201300008419,13,7,10,1100,1,1,1,1,6,130,,M,,,110
201300008420,13,3,6,1115,1,2,1,2,6,103,45 ROUTE DES PYRENEES,M,0000000,0000000,110
201300008421,13,5,5,1145,1,2,1,1,6,304,CD 118,M,4200000,0200000,110
201300008422,13,8,3,1900,1,2,1,7,6,129,26 AVENUE DE CARCASSONNE,M,0000000,0000000,110
201300008423,13,8,4,300,3,1,1,1,6,131,,M,0000000,0000000,110
201300008424,13,10,19,915,1,1,1,1,6,304,,M,0000000,0000000,110
201300008425,13,1,5,1045,1,2,1,7,6,370,Avenue de COURSAN,M,4323827,0311090,110
201300008426,13,1,9,730,3,1,1,1,1,262,,M,0000000,0000000,110
201300008427,13,2,17,1115,1,2,1,1,7,024,HAMEAU PRAT DE CEST,M,0000000,0000000,110
201300008428,13,2,21,1715,1,1,1,1,6,262,,M,0000000,0000000,110
201300008429,13,2,25,1015,1,2,1,1,6,441,rue du four ? chaux,M,0000000,0000000,110
201300008430,13,2,28,1500,1,1,1,1,1,106,,M,0000000,0000000,110
201300008431,13,3,18,1715,1,1,1,1,5,262,,M,0000000,0000000,110
201300008432,13,3,20,1645,1,1,1,1,5,024,,M,0000000,0000000,110
201300008433,13,4,13,1915,1,2,1,1,1,116,le Pont des lavandiers,M,0000000,0000000,110
201300008434,13,4,26,800,1,1,1,2,3,145,,M,0000000,0000000,110
201300008435,13,5,19,130,3,1,1,2,6,145,,M,0000000,0000000,110
201300008436,13,7,6,1030,1,1,9,1,2,262,,M,4316700,0305000,110
201300008437,13,7,9,2000,1,1,1,1,7,040,,M,0000000,0000000,110
201300008438,13,8,8,200,3,1,1,1,6,262,,M,0000000,0000000,110
201300008439,13,8,18,30,5,2,1,1,3,170,AVENUE DE LA JONQUE,M,0000000,0000000,110
201300008440,13,8,19,1545,1,2,1,1,3,170,Rue des Pluviers,M,0000000,0000000,110
201300008441,13,9,8,1630,1,1,1,1,1,116,,M,4340000,0266500,110
201300008442,13,9,9,430,3,1,1,1,6,106,,M,0000000,0000000,110
201300008443,13,9,12,1645,1,1,1,1,2,106,,M,0000000,0000000,110
201300008444,13,9,14,1130,3,1,1,1,1,262,,M,0000000,0000000,110
201300008445,13,9,30,1745,1,1,1,1,5,106,,M,0000000,0000000,110
201300008446,13,10,9,1030,1,1,1,1,2,441,,M,0000000,0000000,110
201300008447,13,11,5,1700,1,2,1,1,6,170,Avenue de l'occitanie,M,0000000,0000000,110
201300008448,13,12,11,1400,1,1,1,1,3,255,,M,0000000,0000000,110
201300008449,13,7,11,1430,1,1,1,1,3,351,,M,0000000,0000000,110
201300008450,13,9,15,1030,1,1,1,1,1,351,,M,0000000,0000000,110
201300008451,13,12,29,400,3,1,1,1,6,233,,M,4327700,0289200,110
201300008452,13,1,2,1200,1,2,1,1,1,203,AVENUE DE LA MARNE,M,4320800,0276000,110
201300008453,13,1,17,1730,1,1,1,1,6,132,,M,0000000,0000000,110
201300008454,13,2,16,1315,1,1,1,1,2,067,,M,0000000,0000000,110
201300008455,13,2,23,830,1,1,4,1,3,098,,M,0000000,0000000,110
201300008456,13,3,11,1630,1,1,1,1,2,140,,M,4316100,0272600,110
201300008457,13,5,15,1215,1,1,1,2,3,353,,M,4326500,0291600,110
201300008458,13,7,12,2145,3,1,1,1,7,140,,M,0000000,0000000,110
201300008459,13,9,28,2230,3,1,1,1,6,203,,M,0000000,0000000,110
201300008460,13,10,4,900,3,1,1,1,5,132,,M,0000000,0000000,110
201300008461,13,11,9,1345,1,2,1,1,3,203,rue Louis Aragon,M,4320300,0277800,110
201300008462,13,11,9,1745,3,1,1,1,3,164,,M,0000000,0000000,110
201300008463,13,11,20,1200,1,2,1,6,6,203,chemin des romains,M,4319900,0276400,110
201300008464,13,12,20,1515,1,2,9,1,6,203,ave georges cl?menceau,M,4320400,0276300,110
201300008465,13,1,12,1530,1,1,1,1,5,379,,M,4304300,0297000,110
201300008466,13,6,13,1115,1,1,1,1,5,379,,M,0000000,0000000,110
201300008467,13,6,28,2245,3,1,1,1,7,295,,M,0000000,0000000,110
201300008468,13,10,25,1615,3,1,6,1,6,266,,M,0000000,0000000,110
201300008469,13,12,5,1700,2,1,1,6,6,188,,M,4296700,0299500,110
201300008470,13,1,29,1100,1,1,1,1,6,003,,M,4357390,0410492,300
201300008471,13,3,30,1730,1,1,1,1,7,133,,M,4352207,0414968,300
201300008472,13,4,22,1900,1,1,1,1,2,003,,M,4357983,0419552,300
201300008473,13,5,3,1045,1,2,6,1,3,133,CD62B - Rd Pt Casino,M,4352630,0414980,300
201300008474,13,5,31,1445,1,1,6,1,6,003,,M,4356040,0415346,300
201300008475,13,6,5,1000,1,2,1,1,2,133,boulevard mar?chal juin,M,4353490,0413618,300
201300008476,13,6,15,1400,1,1,1,1,6,133,,M,4355265,0414278,300
201300008477,13,6,23,1330,1,1,1,1,2,133,,M,4353899,0414430,300
201300008478,13,7,2,900,1,2,1,1,7,133,02 rue des combattants,M,4353576,0413525,300
201300008479,13,8,1,1300,1,2,1,1,6,133,Rue Marceau,M,4353906,0413645,300
201300008480,13,9,6,1445,1,1,1,1,6,003,,M,4356915,0416930,300
201300008481,13,9,21,2215,1,1,1,1,3,133,,M,4354080,0414508,300
201300008482,13,10,8,115,3,1,1,1,7,003,,M,4357702,0410044,300
201300008483,13,10,21,200,3,1,1,1,6,276,,M,4358134,0426159,300
201300008484,13,12,10,1400,1,1,1,1,1,003,,M,4356976,0417020,300
201300008485,13,1,4,1130,1,1,1,1,1,352,,M,4380385,0408854,300
201300008486,13,1,14,1545,1,1,1,1,7,249,,M,4380847,0422337,300
201300008487,13,2,9,100,3,1,1,1,6,062,,M,4375668,0420457,300
201300008488,13,2,7,1430,1,2,1,1,3,062,D40,M,4378093,0419856,300
201300008489,13,3,26,1145,1,2,1,1,3,075,RD 40,M,4382228,0426438,300
201300008490,13,3,30,1445,1,1,1,1,7,062,,M,4375864,0420412,300
201300008491,13,4,4,1830,1,1,1,2,3,138,,M,4379209,0426006,300
201300008492,13,8,24,415,5,2,1,1,6,321,Route de Nimes,M,4378706,0409151,300
201300008493,13,9,13,2045,3,1,6,1,6,062,,M,4377951,0419465,300
201300008494,13,9,19,1645,1,2,7,1,6,321,impasse de la malautiere,M,4378212,0408642,300
201300008495,13,9,30,1445,1,1,1,1,3,062,,M,4378094,0419859,300
201300008496,13,10,14,1845,1,1,1,1,5,114,,M,4381409,0409537,300
201300008497,13,11,15,1600,5,2,1,2,3,352,route de Nimes,M,4379112,0409544,300
201300008498,13,12,8,1600,1,1,1,1,1,138,,M,4380939,0424332,300
201300008499,13,12,18,915,2,1,1,3,6,324,,M,4380743,0411784,300
201300008500,13,2,8,1615,1,1,1,1,3,156,,M,4386449,0443918,300
201300008501,13,3,10,445,3,2,1,1,7,156,,M,4386379,0443663,300
201300008502,13,7,5,745,1,1,1,1,3,156,,M,4383580,0444773,300
201300008503,13,7,22,1815,1,2,1,1,7,155,AVE MANDES FRANCE,M,4382592,0447924,300
201300008504,13,9,8,1430,1,2,1,1,1,211,138 ROUTE DE SAINT GERVA,M,4383250,0449610,300
201300008505,13,9,17,2115,5,1,1,1,6,206,,M,4391052,0441683,300
201300008506,13,2,8,1700,1,2,1,1,6,258,rue de la terre du port,M,4368003,0443851,300
201300008507,13,3,17,600,5,2,1,2,6,258,16 BVD CHANZY,M,4367332,0443408,300
201300008508,13,7,12,1430,1,1,1,1,7,128,,M,4370865,0437061,300
201300008509,13,9,14,1745,1,1,1,1,7,258,,M,4377371,0441297,300
201300008510,13,9,22,30,3,1,1,1,7,258,,M,4362457,0442373,300
201300008511,13,9,20,1745,1,2,1,1,1,128,chemin des sources,M,4373150,0433188,300
201300008512,13,1,23,815,5,2,1,1,3,123,RUE FREDERIC MISTRAL.,M,0000000,0000000,300
201300008513,13,2,21,1930,3,1,3,1,3,344,,M,4371982,0426175,300
201300008514,13,2,23,1030,1,2,7,1,6,033,PLACE DE L'HORLOGE,M,4371846,0432304,300
201300008515,13,3,28,800,1,1,1,3,1,341,,M,4370457,0425965,300
201300008516,13,4,29,1415,1,2,1,2,6,341,rue Moulin d'Etienne,M,4369570,0427127,300
201300008517,13,5,26,1300,1,2,1,1,3,344,Rue de Verg?ze,M,4373448,0421987,300
201300008518,13,6,1,1730,1,1,6,6,6,347,,M,4374741,0425580,300
201300008519,13,6,2,1445,1,1,1,1,1,347,,M,4371532,0427440,300
201300008520,13,6,5,1315,1,2,1,1,7,169,chemin des creux,M,4378471,0430481,300
201300008521,13,6,10,2230,5,1,1,1,7,006,,M,4367820,0419026,300
201300008522,13,6,15,1815,1,1,2,1,3,083,,M,4371022,0422908,300
201300008523,13,6,23,1645,1,1,1,1,3,185,,M,4372794,0421268,300
201300008524,13,7,3,1845,1,1,1,1,2,169,,M,4378336,0429882,300
201300008525,13,7,7,345,3,1,1,1,6,347,,M,4373265,0427440,300
201300008526,13,7,7,330,3,1,1,1,7,333,,M,4373867,0428798,300
201300008527,13,7,17,615,2,1,1,1,1,036,,M,4376173,0427960,300
201300008528,13,8,1,245,3,1,1,1,6,004,,M,4371595,0420156,300
201300008529,13,8,10,1415,1,1,1,7,5,169,,M,4378865,0431799,300
201300008530,13,8,10,1130,1,1,1,1,2,344,,M,4373282,0423169,300
201300008531,13,8,24,1530,1,1,1,1,1,006,,M,4369450,0416809,300
201300008532,13,8,28,1900,1,1,6,1,2,004,,M,4370600,0419125,300
201300008533,13,9,3,1245,1,1,1,1,6,341,,M,4371604,0428421,300
201300008534,13,9,18,1700,1,1,1,1,3,344,,M,4369923,0420502,300
201300008535,13,9,30,830,1,1,1,1,1,083,,M,4373200,0421137,300
201300008536,13,10,20,1900,2,1,1,2,1,347,,M,4372095,0426944,300
201300008537,13,11,15,815,1,1,1,1,6,276,,M,4364172,0419531,300
201300008538,13,11,23,715,1,1,1,1,6,059,,M,4368765,0421982,300
201300008539,13,11,28,1300,1,1,1,1,6,004,,M,4371684,0420227,300
201300008540,13,12,13,1845,2,2,1,1,6,341,avenue maurice privat,M,4369015,0427470,300
201300008541,13,12,26,515,3,1,1,1,6,344,,M,4373313,0422312,300
201300008542,13,3,14,1500,1,1,1,2,6,214,,M,4405104,0409591,300
201300008543,13,3,26,1200,1,1,1,1,6,214,,M,4403800,0408985,300
201300008544,13,4,14,100,3,1,1,1,5,330,,M,4401551,0399433,300
201300008545,13,5,25,15,3,1,1,1,2,042,,M,4406590,0403034,300
201300008546,13,6,2,1245,1,1,1,1,3,330,,M,4401120,0399108,300
201300008547,13,6,22,315,3,2,1,1,1,330,RD 907,M,4403766,0400056,300
201300008548,13,6,24,1545,1,1,1,1,1,269,,M,4412536,0390158,300
201300008549,13,7,26,1100,1,1,8,1,7,269,,M,4409495,0391470,300
201300008550,13,8,6,230,3,1,1,1,7,329,,M,4407658,0392880,300
201300008551,13,10,7,800,1,1,1,1,5,094,,M,4407194,0395335,300
201300008552,13,12,14,2115,3,1,1,1,6,010,,M,4403967,0396001,300
201300008553,13,12,28,1915,3,1,1,2,1,330,,M,4401684,0399276,300
201300008554,13,1,6,1545,1,1,1,1,5,239,,M,4424558,0398520,300
201300008555,13,8,13,1745,1,1,9,1,3,132,,M,4423055,0405455,300
201300008556,13,9,8,1500,1,2,1,2,7,203,RD 906,M,4427040,0402142,300
201300008557,13,1,12,1800,5,1,1,1,6,173,,M,4413443,0417152,300
201300008558,13,2,12,1745,2,2,1,1,3,077,CD 916 la blaqui?re,M,0000000,0000000,300
201300008559,13,5,27,1730,1,1,1,1,3,077,,M,4415899,0405714,300
201300008560,13,7,8,1630,1,1,1,1,7,294,,M,4416097,0411986,300
201300008561,13,7,23,1830,1,1,1,1,5,270,,M,4411654,0405290,300
201300008562,13,8,1,1800,1,1,1,1,3,305,,M,4416007,0412836,300
201300008563,13,8,9,1500,2,1,1,1,3,318,,M,4413997,0418397,300
201300008564,13,9,13,1645,1,1,1,1,1,305,,M,4414802,0416296,300
201300008565,13,9,27,1615,1,1,1,1,3,223,,M,4418845,0412947,300
201300008566,13,10,5,1130,1,1,1,1,3,294,,M,4416548,0412814,300
201300008567,13,10,7,1215,1,1,1,1,7,284,,M,0000000,0000000,300
201300008568,13,10,31,100,3,1,1,1,7,274,,M,4416590,0409990,300
201300008569,13,11,13,2015,3,1,1,1,6,223,,M,4419307,0413199,300
201300008570,13,11,17,1845,3,1,1,2,2,173,,M,4413138,0415671,300
201300008571,13,2,18,1315,1,1,1,2,6,146,,M,4398336,0411470,300
201300008572,13,3,16,1845,3,1,1,2,6,002,,M,4396982,0410086,300
201300008573,13,4,24,1530,1,2,1,1,3,046,70 rue de la Plaine,M,4399538,0418412,300
201300008574,13,5,4,1100,1,2,3,1,3,348,CD936/CHEMIN DE LA PIOLE,M,4405015,0413536,300
201300008575,13,5,8,1915,1,1,6,1,3,348,,M,4404848,0414797,300
201300008576,13,5,8,2145,3,1,1,1,1,046,,M,4399662,0418806,300
201300008577,13,6,9,530,2,1,1,8,6,160,,M,4400692,0413766,300
201300008578,13,8,3,1545,1,2,1,1,1,146,"47, grand Rue",M,4398818,0410693,300
201300008579,13,8,21,1515,1,1,1,1,3,002,,M,4395700,0409924,300
201300008580,13,10,16,1745,1,2,1,1,1,259,Route de N?mes,M,4409493,0410726,300
201300008581,13,11,19,1600,1,1,1,2,5,002,,M,4396927,0410095,300
201300008582,13,12,29,1530,1,1,1,1,2,002,,M,4396218,0409834,300
201300008583,13,2,22,1545,1,2,1,1,7,153,Lieu dit Le Faget,M,4442313,0403794,300
201300008584,13,4,7,1600,1,2,1,1,6,090,RD 906,M,4438455,0393948,300
201300008585,13,7,20,1730,1,2,1,1,3,345,la tavernole,M,4428213,0399634,300
201300008586,13,8,8,1100,1,1,1,2,3,345,,M,4427109,0401734,300
201300008587,13,8,16,945,1,1,1,1,6,044,,M,4436258,0404179,300
201300008588,13,11,28,1600,1,1,1,1,7,130,,M,4434080,0394965,300
201300008589,13,1,8,1415,1,2,1,1,6,227,rue docteur bastide,M,4425960,0419546,300
201300008590,13,1,8,1415,1,1,1,1,6,152,,M,4421720,0417464,300
201300008591,13,2,4,1945,5,2,1,1,7,037,05 RUE PAUL VERMALE,M,4428686,0410569,300
201300008592,13,2,23,915,4,1,1,1,6,204,,M,4423029,0422206,300
201300008593,13,4,22,1745,1,1,1,1,1,008,,M,4421042,0425561,300
201300008594,13,5,28,2100,2,1,1,2,5,152,,M,4422294,0416174,300
201300008595,13,6,11,1315,1,1,1,1,6,167,,M,4427164,0418518,300
201300008596,13,6,26,1815,1,2,1,1,6,152,Avenue du Moulin,M,4422924,0416740,300
201300008597,13,7,3,1700,1,2,1,1,1,227,"20 Route d'Uzes, RD 37",M,4425042,0419974,300
201300008598,13,8,1,1815,1,1,1,1,1,008,,M,4422883,0422551,300
201300008599,13,8,21,800,1,2,1,1,1,227,ROUTE D'ALES,M,4424975,0418128,300
201300008600,13,9,22,500,3,1,1,1,6,237,,M,4429306,0418264,300
201300008601,13,10,2,945,1,2,1,1,6,227,faubourg du paradis,M,4426650,0419790,300
201300008602,13,10,19,900,1,1,1,2,3,048,,M,4413107,0431837,300
201300008603,13,10,26,1715,1,1,1,1,3,164,,M,4422714,0436358,300
201300008604,13,12,1,1515,1,1,1,1,6,187,,M,4414814,0424554,300
201300008605,13,12,6,1,3,1,1,1,6,227,,M,4427164,0419151,300
201300008606,13,1,27,1815,1,1,1,2,1,286,,M,4398696,0444990,300
201300008607,13,2,22,1915,3,1,9,1,1,319,,M,4403865,0432001,300
201300008608,13,3,16,515,5,2,1,1,6,295,chemin de Montaren,M,4404572,0443256,300
201300008609,13,4,7,2230,3,1,1,1,6,338,,M,4413180,0436860,300
201300008610,13,6,4,1245,1,1,1,1,7,041,,M,4395629,0438226,300
201300008611,13,6,5,1145,1,2,1,1,6,334,ZI Pont des Charettes,M,4399474,0442403,300
201300008612,13,6,7,1145,1,1,1,1,3,001,,M,4405115,0434345,300
201300008613,13,6,11,745,1,1,1,1,6,151,,M,4413980,0435631,300