Num_Acc,an,mois,jour,hrmn,lum,agg,int,atm,col,com,adr,gps,lat,long,dep
201300008614,13,6,10,1145,1,1,2,1,3,334,,M,4404097,0440702,300
201300008615,13,6,22,15,3,1,1,1,6,334,,M,4402666,0447017,300
201300008616,13,6,29,1245,1,2,1,1,6,334,liberation (av),M,0000000,0000000,300
201300008617,13,7,14,1345,1,1,1,1,7,308,,M,4398310,0441286,300
201300008618,13,7,17,2015,1,1,1,2,6,334,,M,4399975,0439879,300
201300008619,13,7,21,900,1,1,1,1,6,041,,M,4395430,0438019,300
201300008620,13,7,20,1030,1,1,1,1,7,334,,M,4402104,0443724,300
201300008621,13,8,3,1715,1,2,1,1,1,030,CD 981 PK 17+410,M,4405421,0428557,300
201300008622,13,8,5,630,2,1,1,1,5,174,,M,4405598,0440112,300
201300008623,13,12,12,2000,3,1,1,1,7,337,,M,4405304,0446529,300
201300008624,13,3,12,2100,5,2,1,1,7,202,CHEMIN DE CRUSSOL,M,0000000,0000000,300
201300008625,13,5,30,1115,1,1,1,1,3,287,,M,4419811,0453844,300
201300008626,13,6,7,1115,1,2,1,1,6,202,avenue Kennedy,M,4425643,0464757,300
201300008627,13,6,8,1515,1,2,1,2,1,202,654 Rue d'Uz?s,M,4426049,0463910,300
201300008628,13,6,30,930,1,1,1,1,6,143,,M,4429660,0452384,300
201300008629,13,6,30,1630,1,1,1,1,6,226,,M,4422151,0463351,300
201300008630,13,7,15,1030,1,1,1,1,1,005,,M,4429578,0455580,300
201300008631,13,7,19,2130,2,1,1,1,6,304,,M,4427012,0453478,300
201300008632,13,8,21,945,1,1,1,1,1,202,,M,4427939,0462058,300
201300008633,13,8,22,1700,1,1,1,1,6,251,,M,4415794,0471398,300
201300008634,13,8,31,1600,1,1,3,1,3,256,,M,4418046,0457752,300
201300008635,13,9,10,1415,1,1,1,1,2,096,,M,4421155,0451411,300
201300008636,13,10,19,2300,5,1,1,1,3,290,,M,4426295,0459710,300
201300008637,13,10,28,1800,5,2,1,1,6,202,CD 6086,M,4426541,0463871,300
201300008638,13,11,30,245,3,1,1,9,6,230,,M,4424013,0441558,300
201300008639,13,11,30,1815,3,2,1,6,6,070,"CD 306, CARSAN OUEST",M,4424081,0459487,300
201300008640,13,12,20,2200,5,2,1,2,6,202,39 Av Gaston Doumergue,M,4425462,0464344,300
201300008641,13,2,12,1930,4,1,1,1,1,145,,M,4388900,0454630,300
201300008642,13,3,12,1745,1,1,1,1,1,328,,M,4390080,0468684,300
201300008643,13,4,20,1430,1,1,1,2,1,085,,M,0000000,0000000,300
201300008644,13,6,24,1400,1,1,1,6,5,089,,M,4384266,0462136,300
201300008645,13,7,6,1000,1,2,1,1,6,212,,M,4393876,0456174,300
201300008646,13,7,14,1945,1,2,1,1,6,085,237 ROUTE D UZES,M,4395608,0448093,300
201300008647,13,7,17,945,1,1,1,1,1,107,,M,4395226,0464221,300
201300008648,13,9,29,1100,3,1,1,2,6,116,,M,4393947,0459379,300
201300008649,13,11,27,1645,1,1,1,1,6,103,,M,4395233,0466529,300
201300008650,13,12,8,1815,3,2,9,1,6,212,D?partementale 6101,M,4394155,0452275,300
201300008651,13,12,14,2330,3,2,1,1,6,346,D227,M,4396513,0452817,300
201300008652,13,2,12,1830,3,1,1,1,3,254,,M,4405513,0476035,300
201300008653,13,2,17,2015,3,1,1,1,7,326,,M,4400165,0471326,300
201300008654,13,3,10,100,1,1,1,1,6,209,,M,4401309,0475313,300
201300008655,13,3,17,1430,1,1,1,2,6,209,,M,4398693,0477573,300
201300008656,13,3,22,800,1,1,1,1,2,221,,M,4406739,0476825,300
201300008657,13,3,28,1000,1,1,1,2,3,221,,M,4405521,0475977,300
201300008658,13,5,8,1345,1,1,1,1,2,278,,M,4406190,0470864,300
201300008659,13,6,21,415,3,1,1,1,7,315,,M,4394907,0469872,300
201300008660,13,7,14,1715,1,1,1,1,7,315,,M,4394672,0468219,300
201300008661,13,8,24,1930,1,1,1,1,3,221,,M,0000000,0000000,300
201300008662,13,8,31,1030,1,1,1,1,1,221,,M,4405487,0476267,300
201300008663,13,9,5,1915,1,2,1,1,6,254,Chemin de Montfaucon,M,4406458,0472574,300
201300008664,13,10,20,445,3,1,1,8,1,315,,M,4394009,0471050,300
201300008665,13,10,22,2115,5,2,1,1,6,217,1 boulevard Alber 1er,M,4395921,0473848,300
201300008666,13,11,7,1515,1,2,4,1,6,178,34 Rue des DEUX COMMUNES,M,4406475,0475642,300
201300008667,13,1,20,1730,2,2,1,8,7,193,ROUTE DE NIMES,M,4387434,0420556,300
201300008668,13,1,23,815,1,1,1,3,1,224,,M,4392782,0422601,300
201300008669,13,2,9,1945,3,1,1,1,5,182,,M,4385874,0416999,300
201300008670,13,3,2,1500,1,1,1,1,7,241,,M,4395365,0426878,300
201300008671,13,4,29,1800,1,1,1,2,3,354,,M,4394464,0414271,300
201300008672,13,7,19,1845,1,1,1,1,1,228,,M,4393861,0438300,300
201300008673,13,7,25,1615,1,1,1,7,1,281,,M,4388268,0418999,300
201300008674,13,12,22,1100,1,1,1,1,1,088,,M,4386000,0413998,300
201300008675,13,12,21,2345,3,1,1,5,1,228,,M,4392443,0439358,300
201300008676,13,4,10,1430,1,2,1,1,3,350,CD999,M,4399083,0360767,300
201300008677,13,6,11,1815,1,2,1,1,6,350,place du march?,M,4399215,0360640,300
201300008678,13,7,9,1930,1,1,1,1,5,350,,M,4399220,0360837,300
201300008679,13,9,1,1130,1,1,1,1,6,038,,M,4397181,0351321,300
201300008680,13,9,14,1130,1,1,1,1,6,229,,M,4401476,0368044,300
201300008681,13,10,26,1730,2,1,1,2,1,325,,M,4399347,0368736,300
201300008682,13,11,6,1815,2,2,1,1,6,350,RUE DU PONT DE LA CROIX,M,4399156,0362745,300
201300008683,13,11,8,1800,3,1,1,8,3,272,,M,4397717,0368663,300
201300008684,13,12,21,1500,1,2,6,2,7,350,cd 999,M,4398577,0360433,300
201300008685,13,11,24,1500,1,1,1,1,7,140,,M,4404639,0387399,300
201300008686,13,12,1,1815,5,2,1,1,6,140,rue de la croisette,M,4404366,0385739,300
201300008687,13,2,12,2000,3,1,1,1,7,349,,M,4387655,0407439,300
201300008688,13,4,2,1115,1,1,1,1,6,058,,M,4395009,0378971,300
201300008689,13,4,27,1330,1,1,1,2,5,349,,M,4385451,0409687,300
201300008690,13,5,3,900,1,2,1,1,6,263,8 BOULEVARD DES REMPARTS,M,4396350,0385459,300
201300008691,13,7,9,1100,1,1,1,1,4,093,,M,4394851,0389690,300
201300008692,13,7,24,930,1,1,1,1,3,121,,M,4385847,0401703,300
201300008693,13,8,7,1600,1,2,1,2,7,349,CD 999,M,4387855,0406525,300
201300008694,13,8,20,1015,1,1,9,1,3,093,,M,4396302,0391257,300
201300008695,13,10,28,1815,3,1,1,1,6,263,,M,4396048,0390029,300
201300008696,13,12,1,345,3,1,1,1,6,121,,M,4386119,0401694,300
201300008697,13,12,14,2315,5,2,1,1,6,210,45 avenue des Cevennes,M,4391010,0400232,300
201300008698,13,12,20,2030,3,1,1,1,7,069,,M,4384074,0399410,300
201300008699,13,4,12,730,2,2,1,1,6,105,rue de l'Eglise,M,4406891,0344572,300
201300008700,13,8,21,1800,1,1,1,1,6,297,,M,4409035,0351554,300
201300008701,13,11,3,1330,1,1,1,8,7,139,,M,4412792,0341110,300
201300008702,13,4,19,1500,1,1,1,2,1,111,,M,0000000,0000000,480
201300008703,13,5,18,1130,1,1,1,1,1,016,,M,0000000,0000000,480
201300008704,13,6,6,1615,1,1,1,1,7,042,,M,0000000,0000000,480
201300008705,13,6,12,1145,1,2,1,1,6,147,Centre Village,M,0000000,0000000,480
201300008706,13,6,23,1215,1,1,1,1,7,157,,M,0000000,0000000,480
201300008707,13,8,25,1700,1,1,1,1,1,016,,M,4450900,0346000,480
201300008708,13,9,13,1900,1,1,2,1,3,189,,M,0000000,0000000,480
201300008709,13,9,24,1930,3,1,1,1,6,037,,M,0000000,0000000,480
201300008710,13,11,4,845,1,1,1,2,7,053,,M,0000000,0000000,480
201300008711,13,7,5,1830,1,1,1,1,6,082,,M,0000000,0000000,480
201300008712,13,10,10,945,3,1,1,2,6,080,,M,0000000,0000000,480
201300008713,13,1,24,1145,1,1,1,1,7,015,,M,4448700,0397300,480
201300008714,13,4,14,1445,1,1,1,1,6,135,,M,4441300,0393600,480
201300008715,13,5,18,715,1,1,1,3,7,119,,M,4454600,0391700,480
201300008716,13,7,9,1315,1,1,1,1,7,119,,M,4455800,0391500,480
201300008717,13,8,20,1800,1,1,1,1,3,004,,M,4446600,0388600,480
201300008718,13,12,30,1800,3,1,1,1,6,135,,M,4440900,0393500,480
201300008719,13,4,8,1345,1,1,1,2,7,075,,M,0000000,0000000,480
201300008720,13,6,8,1100,1,1,1,1,6,193,,M,0000000,0000000,480
201300008721,13,6,21,1230,1,1,1,1,1,166,,M,0000000,0000000,480
201300008722,13,6,29,1315,1,1,1,1,7,116,,M,0000000,0000000,480
201300008723,13,7,3,115,1,2,1,2,1,061,,M,0000000,0000000,480
201300008724,13,7,10,1130,1,1,1,1,7,186,,M,0000000,0000000,480
201300008725,13,8,1,1100,1,1,1,1,7,075,,M,0000000,0000000,480
201300008726,13,8,22,1645,1,1,1,1,1,075,,M,0000000,0000000,480
201300008727,13,9,16,1645,1,1,1,1,7,166,,M,0000000,0000000,480
201300008728,13,10,12,1800,1,1,1,1,7,075,,M,0000000,0000000,480
201300008729,13,10,26,1115,1,1,1,2,1,075,,M,0000000,0000000,480
201300008730,13,11,28,2000,3,1,1,1,7,075,,M,0000000,0000000,480
201300008731,13,7,7,1730,1,1,1,1,6,067,,M,0000000,0000000,480
201300008732,13,7,20,1215,1,1,1,1,1,115,,M,0000000,0000000,480
201300008733,13,8,3,1815,1,1,1,1,1,146,,M,0000000,0000000,480
201300008734,13,3,29,2330,3,1,1,2,6,018,,M,0000000,0000000,480
201300008735,13,1,23,1600,1,1,1,1,1,182,,M,0000000,0000000,660
201300008736,13,2,22,1900,3,1,1,1,5,182,,M,0000000,0000000,660
201300008737,13,3,14,1700,1,2,1,1,6,037,Bd Carrere vieille,M,4269780,0303332,660
201300008738,13,7,8,1915,1,1,1,1,1,037,,M,4270648,0299152,660
201300008739,13,7,14,345,3,1,1,1,6,037,,M,0000000,0000000,660
201300008740,13,8,12,1830,1,2,1,7,6,037,avenue de catalogne,M,4269554,0303246,660
201300008741,13,8,20,1930,1,1,1,7,7,037,,M,0000000,0000000,660
201300008742,13,12,2,2100,5,2,1,1,3,037,avenue Mediterranee,M,4269825,0302707,660
201300008743,13,1,31,1630,1,1,1,1,1,129,,M,0000000,0000000,660
201300008744,13,4,28,1815,1,2,4,1,3,114,RUE DU CANIGOU,M,4260804,0293139,660
201300008745,13,5,21,1645,1,1,1,1,5,208,,M,0000000,0000000,660
201300008746,13,6,17,745,1,1,3,1,3,059,,M,0000000,0000000,660
201300008747,13,8,18,900,1,1,1,1,2,011,,M,0000000,0000000,660
201300008748,13,5,8,1815,1,1,1,2,6,174,,M,0000000,0000000,660
201300008749,13,8,29,1015,1,1,3,1,3,173,,M,0000000,0000000,660
201300008750,13,1,4,715,1,1,1,1,2,190,,M,0000000,0000000,660
201300008751,13,5,17,1500,1,2,1,1,3,164,avenue des Pyrenees,M,4276555,0286912,660
201300008752,13,5,25,15,3,1,1,1,1,231,,M,4283800,0280400,660
201300008753,13,5,26,1015,1,2,1,1,3,190,D5b,M,0000000,0000000,660
201300008754,13,6,22,2015,1,1,1,1,7,069,,M,0000000,0000000,660
201300008755,13,7,10,1815,1,1,1,1,4,164,,M,0000000,0000000,660
201300008756,13,9,1,1930,1,1,1,1,1,014,,M,0000000,0000000,660
201300008757,13,9,4,645,2,1,1,1,3,190,,M,0000000,0000000,660
201300008758,13,9,13,2300,3,2,1,1,6,190,,M,0000000,0000000,660
201300008759,13,9,26,1215,1,1,1,1,3,190,,M,0000000,0000000,660
201300008760,13,10,1,1215,1,1,2,1,3,014,,M,0000000,0000000,660
201300008761,13,10,15,1545,1,2,3,1,1,127,Route de Vingrau,M,4286995,0287181,660
201300008762,13,10,17,2315,3,1,1,1,1,190,,M,0000000,0000000,660
201300008763,13,11,24,1745,3,1,1,1,2,069,,M,0000000,0000000,660
201300008764,13,6,28,1715,1,2,1,1,6,171,rue Francis CARCO,M,4263189,0302377,660
201300008765,13,7,21,1215,1,1,1,1,6,002,,M,0000000,0000000,660
201300008766,13,8,17,30,5,2,1,1,4,171,Rue Andre Maurois,M,4262305,0303451,660
201300008767,13,9,3,1915,1,2,1,7,6,171,avenue Armand Lanoux,M,4260060,0303724,660
201300008768,13,9,17,1900,1,1,1,1,7,094,,M,4260609,0301973,660
201300008769,13,11,18,715,1,2,1,1,5,171,rue ROLAND,M,4262004,0300013,660
201300008770,13,12,4,1015,1,2,6,1,3,171,,M,0000000,0000000,660
201300008771,13,12,23,1600,1,2,1,1,6,171,AVENUE ARMAND LANOUX,M,4261077,0302843,660
201300008772,13,6,9,2345,3,1,1,1,7,180,,M,0000000,0000000,660
201300008773,13,6,15,2200,5,2,1,1,6,180,rue des commercants,M,4278373,0296636,660
201300008774,13,8,6,1345,1,2,1,1,6,212,,M,0000000,0000000,660
201300008775,13,8,6,1500,1,2,1,1,6,180,BD DE LA COTE VERMEILLE,M,0000000,0000000,660
201300008776,13,8,17,1300,1,2,6,2,2,180,Avenue Annibal,M,4280608,0303729,660
201300008777,13,10,24,1215,1,2,6,1,3,180,CHEMIN DE LEUCATE,M,4272746,0298534,660
201300008778,13,4,22,1900,1,2,1,1,7,099,rue des cerisiers,M,4254954,0274510,660
201300008779,13,9,23,1715,1,2,9,1,6,210,Avenue louis nogueres,M,4263186,0275029,660
201300008780,13,11,15,445,3,1,1,6,1,033,,M,0000000,0000000,660
201300008781,13,12,26,1215,1,2,6,1,2,210,route de thuir,M,0000000,0000000,660
201300008782,13,2,19,2130,4,1,1,1,6,160,,M,4248547,0269848,660
201300008783,13,2,24,1830,3,1,1,1,5,160,,M,0000000,0000000,660
201300008784,13,1,11,1645,1,1,6,7,6,168,,M,0000000,0000000,660
201300008785,13,2,28,1615,1,1,1,2,1,008,,M,0000000,0000000,660
201300008786,13,6,27,1300,1,1,1,1,3,008,,M,0000000,0000000,660
201300008787,13,12,24,230,3,1,1,1,6,008,,M,0000000,0000000,660
201300008788,13,3,7,1745,1,2,1,1,6,175,5 rue de la scirie,M,4254151,0292562,660
201300008789,13,8,6,1,3,1,1,1,2,214,,M,0000000,0000000,660
201300008790,13,9,18,1200,1,1,2,1,1,115,,M,4253780,0287873,660
201300008791,13,9,22,1745,1,1,1,1,7,196,,M,0000000,0000000,660
201300008792,13,9,24,2200,3,1,1,1,7,093,,M,0000000,0000000,660
201300008793,13,8,5,1230,1,1,1,1,1,009,,M,0000000,0000000,660
201300008794,13,1,1,500,3,1,1,1,7,178,,M,0000000,0000000,660
201300008795,13,7,4,1400,1,1,1,1,1,214,,M,4254192,0284886,660
201300008796,13,10,5,1215,1,1,1,1,1,063,,M,0000000,0000000,660
201300008797,13,8,17,1000,1,1,1,1,5,178,,M,0000000,0000000,660
201300008798,13,9,20,1045,1,1,1,1,1,063,,M,0000000,0000000,660
201300008799,13,10,10,1200,1,1,1,1,1,015,,M,0000000,0000000,660
201300008800,13,10,29,930,1,1,1,1,6,178,,M,0000000,0000000,660
201300008801,13,11,1,945,1,1,1,1,7,015,,M,0000000,0000000,660
201300008802,13,12,3,1745,1,1,1,1,1,024,,M,0000000,0000000,660
201300008803,13,12,18,1145,1,2,1,1,6,024,rue menant au centre com,M,4253287,0283982,660
201300008804,13,12,27,1530,1,1,1,1,7,106,,M,0000000,0000000,660
201300008805,13,3,10,230,3,2,1,1,1,053,route de la consolation,M,4252477,0307456,660
201300008806,13,10,19,1630,1,2,1,1,6,016,13 RUE JOLIOT CURIE,M,4247922,0313013,660
201300008807,13,12,4,1445,1,2,1,7,6,016,Avenue de la Republique,M,4248290,0312902,660
201300008808,13,5,10,700,2,1,1,1,7,045,,M,0000000,0000000,660
201300008809,13,6,25,1245,1,2,1,1,6,149,,M,4261801,0242750,660
201300008810,13,6,27,1715,1,1,1,1,1,161,,M,0000000,0000000,660
201300008811,13,11,2,345,3,1,1,1,6,034,,M,0000000,0000000,660
201300008812,13,1,15,1200,1,1,1,4,6,218,,M,0000000,0000000,660
201300008813,13,3,3,30,3,1,1,1,6,181,,M,0000000,0000000,660
201300008814,13,4,27,1145,1,1,1,4,6,075,,M,4247397,0209044,660
201300008815,13,5,19,730,1,1,1,1,6,181,,M,0000000,0000000,660
201300008816,13,8,4,730,1,1,1,1,1,146,,M,0000000,0000000,660
201300008817,13,12,26,1145,1,1,1,4,1,167,,M,0000000,0000000,660
201300008818,13,4,6,1515,1,2,1,4,6,082,5  route de Mont-Louis,M,0000000,0000000,660
201300008819,13,11,1,945,4,2,1,1,1,124,BD FRANCOIS ARAGO,M,0000000,0000000,660
201300008820,13,3,11,1500,1,1,1,2,1,023,,M,0000000,0000000,660
201300008821,13,4,12,545,1,1,1,1,1,230,,M,0000000,0000000,660
201300008822,13,4,21,1215,1,1,1,1,1,165,,M,0000000,0000000,660
201300008823,13,7,11,1830,1,1,8,1,3,088,,M,4267216,0263100,660
201300008824,13,8,27,1215,1,1,1,1,3,023,,M,0000000,0000000,660
201300008825,13,1,14,945,1,1,1,2,1,085,20117,M,4191187,0893589,201
201300008826,13,5,1,2215,5,2,1,1,7,032,20129,M,4192202,0882815,201
201300008827,13,5,17,1945,1,2,1,1,1,130,Boulevard M.J Bozzi,M,4188197,0878842,201
201300008828,13,5,26,1045,1,2,1,1,2,130,porticcio,M,4188900,0892300,201
201300008829,13,10,28,1045,2,2,1,1,6,085,20117,M,0000000,0000000,201
201300008830,13,1,28,1600,1,1,1,1,1,209,20167,M,4200097,0885385,201
201300008831,13,2,9,1500,1,1,1,1,2,271,20167,M,4197207,0881978,201
201300008832,13,2,17,315,5,1,1,1,6,209,20167,M,4200031,0885844,201
201300008833,13,2,18,1415,1,1,1,1,7,006,20167,M,4197042,0877877,201
201300008834,13,3,20,1845,3,1,1,3,1,006,20167,M,4196198,0878025,201
201300008835,13,4,27,1645,1,1,3,1,2,271,RN193 Gare de Mezzana,M,4198031,0883497,201
201300008836,13,4,28,615,1,2,1,1,6,271,20167,M,0000000,0000000,201
201300008837,13,6,25,1245,1,1,1,1,1,209,20167,M,4200534,0885876,201
201300008838,13,7,9,1830,1,2,1,1,6,006,Lieu dit Scumundaccia,M,4197201,0874281,201
201300008839,13,8,4,245,3,1,1,1,1,271,20167,M,4197800,0882300,201
201300008840,13,10,13,915,1,1,1,1,3,271,20167,M,0000000,0000000,201
201300008841,13,11,17,600,5,2,1,1,6,271,20167,M,4195685,0879953,201
201300008842,13,12,11,1300,1,1,1,1,7,323,,M,4202300,0889100,201
201300008843,13,12,27,1145,1,1,1,1,5,040,,M,4209828,0910455,201
201300008844,13,5,11,215,5,2,1,1,7,198,Av. de la Marina - RD 84,M,4227100,0869800,201
201300008845,13,7,11,500,2,1,1,1,6,279,20147,M,4229900,0870100,201
201300008846,13,7,11,1915,1,1,1,7,1,203,20147,M,4230900,0868100,201
201300008847,13,8,22,1545,1,1,1,1,7,198,20150,M,0000000,0000000,201
201300008848,13,9,3,1215,1,1,1,1,6,212,20115,M,4218900,0862000,201
201300008849,13,1,25,830,1,1,1,8,6,215,20131,M,4149676,0904634,201
201300008850,13,5,19,300,3,1,1,1,6,215,20131,M,4150200,0904700,201
201300008851,13,5,24,1015,1,1,1,1,3,041,20169,M,4141299,0917500,201
201300008852,13,8,17,1930,2,1,3,7,1,041,Rte de l'hopital,M,4140278,0916063,201
201300008853,13,2,22,500,3,1,1,1,7,247,20137,M,4151193,0925608,201
201300008854,13,3,10,930,1,2,1,1,3,269,20145,M,0000000,0000000,201
201300008855,13,3,23,2330,5,2,6,1,6,247,20137,M,4159793,0926690,201
201300008856,13,4,8,415,5,1,1,1,6,247,Rte de Via Notte,M,4156616,0927731,201
201300008857,13,5,4,1800,1,1,1,1,6,247,,M,4155600,0927100,201
201300008858,13,6,4,1830,1,1,1,1,1,247,20137,M,4165000,0920800,201
201300008859,13,6,14,1045,1,2,1,1,3,247,20137,M,0000000,0000000,201
201300008860,13,6,18,1615,1,2,1,1,2,247,20137,M,0000000,0000000,201
201300008861,13,6,27,915,1,1,1,1,1,247,20137,M,4164800,0927800,201
201300008862,13,6,30,1915,1,1,1,1,6,247,20137,M,4156675,0925432,201
201300008863,13,7,1,1000,1,2,6,1,3,247,20137,M,0000000,0000000,201
201300008864,13,7,28,30,3,2,1,1,3,247,CD 468 RTE DE CALA ROSSA,M,0000000,0000000,201
201300008865,13,7,25,1700,1,2,1,1,3,247,20137,M,0000000,0000000,201
201300008866,13,8,5,2315,3,1,1,1,6,247,camping golfo di sognu,M,0000000,0000000,201
201300008867,13,8,7,2200,5,2,1,1,3,247,avenue georges pompidou,M,4159700,0928500,201
201300008868,13,8,17,1230,1,1,1,1,5,247,20137,M,4155799,0927300,201
201300008869,13,9,3,1045,1,1,1,1,3,247,20137,M,0000000,0000000,201
201300008870,13,9,27,1645,1,1,1,1,3,247,20137,M,4158450,0926415,201
201300008871,13,10,30,1845,3,1,1,1,6,247,20137,M,4159623,0923926,201
201300008872,13,11,8,1830,1,2,6,1,3,247,20137,M,4160200,0927600,201
201300008873,13,11,22,830,1,1,1,2,1,247,20137,M,4156600,0923600,201
201300008874,13,12,7,1715,3,2,1,1,2,247,RUE PIERRE ANDREANI,M,4162048,0928329,201
201300008875,13,12,7,1845,3,1,1,1,1,247,,M,0000000,0000000,201
201300008876,13,3,27,1030,1,1,1,1,1,272,20100,M,4165499,0892658,201
201300008877,13,3,28,1015,1,1,1,2,6,272,20100,M,4162609,0895706,201
201300008878,13,5,12,845,1,1,1,1,6,272,20100,M,0000000,0000000,201
201300008879,13,7,5,630,1,1,1,1,6,272,20100,M,0000000,0000000,201
201300008880,13,7,15,1230,1,2,1,1,6,272,20100,M,0000000,0000000,201
201300008881,13,8,31,1215,1,1,1,1,3,272,20100,M,4163119,0895762,201
201300008882,13,9,2,930,1,2,1,1,3,272,20100,M,0000000,0000000,201
201300008883,13,12,10,900,1,1,1,1,6,272,,M,4160400,0893900,201
201300008884,13,7,24,1600,1,1,1,1,6,362,20124,M,4176894,0917355,201
201300008885,13,11,29,1130,1,1,1,1,1,056,20142,M,4189300,0900400,201
201300008886,13,4,17,1515,1,1,1,1,5,189,20113,M,4170165,0890683,201
201300008887,13,5,19,400,3,1,1,1,7,189,,M,4168896,0893452,201
201300008888,13,7,10,930,1,1,1,1,3,189,,M,4171300,0891600,201
201300008889,13,7,15,1830,1,1,1,1,3,189,ABARTELLO,M,4170700,0883800,201
201300008890,13,8,2,830,1,1,1,1,2,189,20113,M,4170100,0890500,201
201300008891,13,9,4,1045,1,1,1,1,3,189,20113,M,4170427,0891192,201
201300008892,13,9,7,1745,1,1,1,1,5,189,20113,M,4169380,0891189,201
201300008893,13,10,18,30,5,2,1,1,6,189,Abartello,M,4169748,0884517,201
201300008894,13,11,17,915,1,1,1,1,5,189,20113,M,4170500,0891200,201
201300008895,13,1,7,1130,1,1,1,1,2,042,,M,0000000,0000000,202
201300008896,13,1,26,1530,1,1,1,1,1,148,,M,0000000,0000000,202
201300008897,13,5,4,1815,1,1,1,1,2,042,,M,0000000,0000000,202
201300008898,13,5,18,2300,3,1,1,3,1,042,,M,0000000,0000000,202
201300008899,13,5,17,845,1,2,1,1,3,148,route de l aeroport,M,0000000,0000000,202
201300008900,13,6,13,1145,1,1,1,1,3,042,,M,0000000,0000000,202
201300008901,13,8,10,1030,1,1,1,1,3,148,,M,0000000,0000000,202
201300008902,13,8,15,1545,1,1,1,1,3,055,,M,0000000,0000000,202
201300008903,13,8,24,1400,1,1,1,1,6,148,,M,0000000,0000000,202
201300008904,13,9,29,1330,1,1,1,1,1,055,,M,0000000,0000000,202
201300008905,13,11,25,1600,1,1,1,8,5,355,,M,4251500,0939300,202
201300008906,13,12,18,1300,1,2,1,1,6,042,RN 193 CRUCETTA,M,4255500,0944300,202
201300008907,13,1,23,1445,1,2,9,2,6,043,Strada Vecchia,M,0000000,0000000,202
201300008908,13,6,8,2115,2,1,1,1,6,281,,M,0000000,0000000,202
201300008909,13,8,31,1415,1,1,1,1,3,159,,M,0000000,0000000,202
201300008910,13,9,3,1645,1,2,1,1,3,309,66 route du bord de mer,M,0000000,0000000,202
201300008911,13,11,4,2215,3,1,1,6,6,043,,M,4289800,0944700,202
201300008912,13,11,26,1000,1,1,1,1,3,043,,M,4279800,0949100,202
201300008913,13,12,4,1200,1,1,1,1,1,043,,M,0000000,0000000,202
201300008914,13,3,16,1245,1,1,1,1,7,314,,M,0000000,0000000,202
201300008915,13,8,15,730,1,1,1,1,1,265,,M,0000000,0000000,202
201300008916,13,10,18,215,5,2,1,1,6,298,Route de BASTIA,M,0000000,0000000,202
201300008917,13,2,20,2245,5,2,9,1,5,150,RN 197 PK 09+100,M,0000000,0000000,202
201300008918,13,5,6,1515,1,1,1,1,1,050,,M,0000000,0000000,202
201300008919,13,5,6,1530,1,1,1,1,1,121,,M,0000000,0000000,202
201300008920,13,5,15,1100,1,1,1,1,2,050,,M,0000000,0000000,202
201300008921,13,7,24,2245,5,1,1,1,7,050,,M,0000000,0000000,202
201300008922,13,8,2,1645,1,1,1,1,5,150,,M,0000000,0000000,202
201300008923,13,8,18,1030,1,1,1,1,1,049,,M,0000000,0000000,202
201300008924,13,9,11,1545,1,1,1,1,1,150,,M,0000000,0000000,202
201300008925,13,9,21,1500,1,1,1,1,1,150,,M,0000000,0000000,202
201300008926,13,10,23,1630,1,2,1,1,6,050,,M,0000000,0000000,202
201300008927,13,11,18,1700,3,1,1,3,3,150,,M,0000000,0000000,202
201300008928,13,3,13,1245,1,1,1,2,1,093,,M,0000000,0000000,202
201300008929,13,12,20,1745,3,1,1,1,3,093,,M,4261300,0888600,202