Num_Acc,an,mois,jour,hrmn,lum,agg,int,atm,col,com,adr,gps,lat,long,dep
201300008930,13,4,15,900,1,1,1,1,7,329,,M,0000000,0000000,202
201300008931,13,4,28,1000,1,1,1,1,6,341,,M,0000000,0000000,202
201300008932,13,5,26,1800,1,1,1,1,5,096,,M,0000000,0000000,202
201300008933,13,6,14,1430,1,1,1,1,3,201,,M,0000000,0000000,202
201300008934,13,8,18,1300,1,1,1,1,1,329,,M,0000000,0000000,202
201300008935,13,8,20,1315,1,1,1,1,7,201,,M,0000000,0000000,202
201300008936,13,9,27,1200,1,1,1,1,2,096,,M,0000000,0000000,202
201300008937,13,9,29,1045,1,1,1,3,7,341,,M,0000000,0000000,202
201300008938,13,9,28,1800,1,2,1,1,3,096,route du Calvaire,M,0000000,0000000,202
201300008939,13,10,12,915,1,2,1,1,1,341,RN 193,M,0000000,0000000,202
201300008940,13,2,1,730,1,1,1,1,1,337,,M,0000000,0000000,202
201300008941,13,4,2,1030,1,1,1,3,3,059,,M,0000000,0000000,202
201300008942,13,8,24,315,3,1,1,1,6,079,,M,0000000,0000000,202
201300008943,13,9,22,1300,1,1,1,1,6,162,,M,0000000,0000000,202
201300008944,13,9,23,645,2,1,1,1,6,220,,M,0000000,0000000,202
201300008945,13,10,6,1730,1,1,1,1,1,289,,M,0000000,0000000,202
201300008946,13,10,18,700,2,1,1,1,6,193,,M,0000000,0000000,202
201300008947,13,10,8,1330,1,1,1,1,6,289,,M,0000000,0000000,202
201300008948,13,3,1,745,1,1,1,2,7,123,,M,0000000,0000000,202
201300008949,13,5,4,1945,2,1,1,2,6,123,,M,0000000,0000000,202
201300008950,13,6,4,1230,1,1,1,1,2,342,,M,0000000,0000000,202
201300008951,13,6,10,245,3,2,1,1,6,123,RN198,M,0000000,0000000,202
201300008952,13,8,27,2030,2,1,1,1,3,277,,M,0000000,0000000,202
201300008953,13,8,28,1515,1,1,1,1,3,283,,M,0000000,0000000,202
201300008954,13,8,28,1630,1,2,1,1,3,123,Chemin de Gattone,M,0000000,0000000,202
201300008955,13,10,4,1015,1,1,1,1,3,123,,M,0000000,0000000,202
201300008956,13,12,16,1800,5,1,1,1,6,123,,M,0000000,0000000,202
201300008957,13,1,6,2230,3,1,1,1,6,143,,M,0000000,0000000,202
201300008958,13,7,3,1100,1,1,1,1,2,143,,M,0000000,0000000,202
201300008959,13,7,23,1130,1,1,1,1,3,143,,M,0000000,0000000,202
201300008960,13,8,20,1700,1,1,1,1,1,009,,M,0000000,0000000,202
201300008961,13,10,14,1145,1,1,1,1,1,177,,M,0000000,0000000,202
201300008962,13,11,3,1415,1,1,1,1,2,143,,M,0000000,0000000,202
201300008963,13,12,3,1745,3,1,1,1,1,009,,M,0000000,0000000,202
201300008964,13,2,21,1430,1,1,1,1,1,087,,M,0000000,0000000,202
201300008965,13,4,13,630,1,1,1,1,6,057,,M,0000000,0000000,202
201300008966,13,5,7,845,1,1,1,1,3,307,,M,0000000,0000000,202
201300008967,13,5,20,1530,1,1,1,1,3,303,,M,0000000,0000000,202
201300008968,13,9,10,1145,1,1,1,1,6,307,,M,0000000,0000000,202
201300008969,13,10,1,1500,1,1,1,1,6,303,,M,0000000,0000000,202
201300008970,13,12,13,1145,1,1,1,1,3,313,,M,0000000,0000000,202
201300008971,13,5,14,1745,1,1,1,1,3,207,,M,0000000,0000000,202
201300008972,13,10,5,1415,1,1,1,1,1,343,,M,0000000,0000000,202
201300008973,13,10,19,715,1,1,1,1,6,343,,M,0000000,0000000,202
201300008974,13,12,5,1200,1,2,1,1,6,286,,M,4248800,0948100,202
201300008975,13,2,23,1810,1,2,1,1,6,023,FORGUES (AVENUE DU PROF.,M,4490557,0663033,050
201300008976,13,3,9,1,5,2,6,1,6,023,ITALIE (ROUTE D'),M,4490143,0664360,050
201300008977,13,4,17,1023,1,2,3,1,3,023,DAUPHINE (AVENUE DU),M,4490330,0663039,050
201300008978,13,5,12,935,1,2,1,1,1,023,FONTENIL (ROUTE DU),M,4490259,0664949,050
201300008979,13,5,27,353,3,1,1,1,6,023,IZOARD (AVENUE DU COL D',,,,050
201300008980,13,6,8,620,1,2,6,1,6,023,"1, MONDET (RUE ALFRED)",M,4488721,0663365,050
201300008981,13,6,25,1620,1,2,1,1,6,023,DE GAULLE (AVENUE DU GEN,M,4489497,0663310,050
201300008982,13,7,5,920,1,2,1,7,6,023,REPUBLIQUE (AVENUE DE LA,M,4489668,0663485,050
201300008983,13,7,11,1010,1,2,1,1,2,023,FONTAINIERS (RUE DES),M,4488480,0662421,050
201300008984,13,7,12,1110,1,2,3,1,3,023,FORGUES (AVENUE DU PROF.,M,4490564,0662950,050
201300008985,13,7,19,1700,1,2,4,2,3,023,SAVOIE (AVENUE DE),M,4491666,0662234,050
201300008986,13,7,22,955,1,2,1,1,4,023,PETSCHE (AVENUE MAURICE),M,4489581,0663298,050
201300008987,13,7,25,2110,3,1,1,1,6,023,ITALIE (ROUTE D'),M,4490789,0666201,050
201300008988,13,8,13,1255,1,2,3,1,3,023,BARBOT (AVENUE DU GENERA,M,4490120,0663209,050
201300008989,13,8,24,1555,1,2,1,2,3,023,DAUPHINE (AVENUE DU),M,4490321,0663050,050
201300008990,13,10,2,1000,1,2,9,1,3,023,"23, BERMOND GONNET (RUE)",M,4489113,0663138,050
201300008991,13,10,4,1850,2,2,1,2,3,023,DAUPHINE (AVENUE DU),M,4490341,0662990,050
201300008992,13,12,20,1930,5,2,3,4,7,023,PETSCHE (AVE MAURICE),M,4489522,0663085,050
201300008993,13,12,29,1950,5,2,1,1,1,023,REPUBLIQUE (AVENUE DE LA,M,4489888,0664089,050
201300008994,13,12,30,530,5,2,1,1,1,023,"27, MAISONS BLANCHES (RU",M,4488464,0662891,050
201300008995,13,12,18,945,1,1,1,1,3,061,CD 900B,M,4451002,0606962,050
201300008996,13,1,9,1020,1,2,1,1,6,061,"6, MANTEYER ( PLACE )",M,4455769,0607760,050
201300008997,13,1,22,1645,1,2,1,1,6,061,EMBRUN ( AVENUE D'),M,4456910,0610187,050
201300008998,13,2,8,1826,5,2,1,1,6,061,GUILLAUME FAREL ( AVENUE,M,4455985,0607534,050
201300008999,13,2,9,2136,3,1,1,1,4,061,RN 85,M,4450993,0604589,050
201300009000,13,2,22,1230,1,2,1,1,1,061,Chemin du Clos de Charen,M,4457623,0606253,050
201300009001,13,1,18,1015,1,1,1,1,5,061,LUYE ( ROUTE DE LA ),,,,050
201300009002,13,3,28,1655,1,2,1,2,6,061,GEORGES POUGET ( RUE),M,4455803,0606857,050
201300009003,13,4,8,830,1,2,1,1,2,061,JEAN JAURES ( AVENUE ),M,4454872,0606712,050
201300009004,13,4,14,1220,1,2,6,1,3,061,FAUVINS ( ROUTE  DES ),M,4456392,0610037,050
201300009005,13,5,20,1715,1,1,1,1,3,061,VEYNES ( ROUTE DE ),M,4454857,0603819,050
201300009006,13,5,27,1730,1,1,3,1,3,061,RN 85,M,4458876,0608119,050
201300009007,13,5,30,1230,1,2,1,1,3,061,ST ARNOUX ( PLACE ),M,4455736,0607717,050
201300009008,13,6,1,1555,1,2,1,1,2,061,JEAN JAURES ( AVENUE ),M,4455320,0607262,050
201300009009,13,7,16,820,1,2,1,1,3,061,EMBRUN ( AVENUE D'),M,4456863,0610007,050
201300009010,13,6,25,1515,1,2,1,1,6,061,COMMANDANT DUMONT ( AVEN,M,4456565,0608361,050
201300009011,13,8,2,1620,1,2,3,1,3,061,JEAN JAURES ( AVENUE ),M,4455351,0607300,050
201300009012,13,8,21,1710,1,2,1,1,3,061,JEAN JAURES ( AVENUE ),M,4455295,0607231,050
201300009013,13,8,28,905,1,2,3,1,6,061,SOLEIL ( RUE DU ),M,4454068,0605725,050
201300009014,13,9,6,650,1,2,1,1,2,061,EYSSAGNIERES ( ROUTE DES,M,4453803,0605171,050
201300009015,13,9,19,1445,1,2,1,1,6,061,FRANCOIS MITTERAND (AVEN,M,4454279,0605984,050
201300009016,13,9,22,1300,1,2,1,1,6,061,GEORGES POMPIDOU ( BD),M,4455666,0607978,050
201300009017,13,10,3,1225,1,2,3,1,3,061,COMMANDANT DUMONT ( AVEN,M,4456322,0608389,050
201300009018,13,10,8,721,2,1,1,8,3,061,RN 85,M,4462086,0608223,050
201300009019,13,10,8,1748,1,1,1,1,1,061,RD944,M,4460650,0611807,050
201300009020,13,10,30,1230,1,2,3,1,3,061,COMMANDANT DUMONT ( AVEN,M,4456729,0608343,050
201300009021,13,11,14,1720,2,2,3,1,3,061,FRANCOIS MITTERAND (AVEN,M,4454623,0606407,050
201300009022,13,2,2,1800,2,2,1,1,6,255,rue des vergers,M,0000000,0000000,780
201300009023,13,4,11,2130,3,1,1,1,1,320,,M,0000000,0000000,780
201300009024,13,4,24,815,1,2,1,1,2,089,avenue Aristide Briand,M,0000000,0000000,780
201300009025,13,6,7,1500,1,2,1,1,3,503,RD915,M,0000000,0000000,780
201300009026,13,8,1,1945,1,2,1,1,6,255,Rue des Alpes,M,0000000,0000000,780
201300009027,13,9,24,1845,1,1,1,1,1,385,,M,0000000,0000000,780
201300009028,13,11,5,1800,5,2,1,2,6,107,2 ROUTE DE LONGNES,M,0000000,0000000,780
201300009029,13,6,30,1500,2,1,1,1,6,107,,M,0000000,0000000,780
201300009030,13,8,6,1730,1,1,1,1,3,536,,M,0000000,0000000,780
201300009031,13,11,2,1815,3,1,2,1,3,246,,M,4903700,0174900,780
201300009032,13,5,8,1230,1,1,1,1,3,206,,M,0000000,0000000,780
201300009033,13,10,11,1245,1,1,1,2,3,206,,M,0000000,0000000,780
201300009034,13,1,17,1800,3,1,1,1,1,381,,M,4879900,0161900,780
201300009035,13,2,28,1730,1,2,1,1,6,310,68 rue de Paris,M,4879800,0160200,780
201300009036,13,3,28,800,1,2,1,1,1,310,rue Saint-Mathieu,M,0000000,0000000,780
201300009037,13,5,1,600,5,2,1,1,6,310,Route d'Anet,M,4881200,0159100,780
201300009038,13,5,25,1145,1,1,1,1,6,381,,M,4879600,0163100,780
201300009039,13,5,30,2100,1,2,2,8,3,171,,M,4873600,0163900,780
201300009040,13,6,10,1300,1,1,1,1,4,048,,M,4879800,0164900,780
201300009041,13,6,18,2200,2,1,1,1,6,381,,M,0000000,0000000,780
201300009042,13,7,21,315,3,1,1,1,6,263,,M,0000000,0000000,780
201300009043,13,9,24,2000,2,1,1,1,6,381,,M,4879700,0163400,780
201300009044,13,10,1,800,2,1,1,5,6,381,,M,0000000,0000000,780
201300009045,13,11,13,930,1,2,1,1,6,310,rue de paris,M,0000000,0000000,780
201300009046,13,11,29,30,5,2,1,5,6,171,,M,4874400,0165600,780
201300009047,13,12,7,1515,1,2,1,1,1,310,151 rue clos de l'ecu,M,4879600,0160600,780
201300009048,13,12,12,1700,5,2,6,1,6,310,,M,4879900,0160300,780
201300009049,13,12,12,1900,5,1,1,9,4,381,,M,4878400,0162400,780
201300009050,13,12,13,1600,1,1,9,1,6,381,,M,0000000,0000000,780
201300009051,13,6,21,1200,1,2,1,1,6,368,1 rue Christian Pouillar,M,0000000,0000000,780
201300009052,13,7,18,1245,1,1,1,1,7,380,,M,0000000,0000000,780
201300009053,13,9,3,1915,1,1,1,1,2,368,,M,0000000,0000000,780
201300009054,13,9,22,1800,1,2,1,1,1,033,RD 191,M,4893700,0184600,780
201300009055,13,11,1,400,3,1,1,2,7,305,,M,0000000,0000000,780
201300009056,13,7,23,845,1,1,1,1,1,163,,M,0000000,0000000,780
201300009057,13,10,8,645,5,2,1,2,6,591,rue de Houdan,M,0000000,0000000,780
201300009058,13,5,26,2245,3,1,1,1,2,464,,M,0000000,0000000,780
201300009059,13,6,26,1115,1,1,1,1,6,557,,M,0000000,0000000,780
201300009060,13,9,25,1515,1,1,1,1,3,108,,M,0000000,0000000,780
201300009061,13,9,30,1730,1,1,1,1,1,108,,M,0000000,0000000,780
201300009062,13,10,18,915,2,1,1,5,1,209,,M,0000000,0000000,780
201300009063,13,1,24,1030,1,1,1,5,1,478,RN 191,M,4846573,0187593,780
201300009064,13,2,17,345,3,1,1,8,6,003,RN 10,M,4852723,0183086,780
201300009065,13,6,22,2000,2,1,1,1,3,164,,M,0000000,0000000,780
201300009066,13,9,5,1630,1,1,2,7,3,470,,M,4858200,0180000,780
201300009067,13,10,8,1115,1,1,1,1,6,506,,M,0000000,0000000,780
201300009068,13,11,21,515,3,2,1,2,7,003,RN191,M,4852100,0182800,780
201300009069,13,1,9,815,2,1,1,8,6,160,RD 906,M,4868482,0200416,780
201300009070,13,1,24,1630,1,1,2,8,3,128,,M,0000000,0000000,780
201300009071,13,3,3,1600,1,1,3,1,3,128,RD 149/RD 906,M,4867721,0198927,780
201300009072,13,4,24,1730,1,1,1,1,2,128,,M,0000000,0000000,780
201300009073,13,7,2,2030,1,2,1,1,7,162,cd 40 - pk +00.500,M,0000000,0000000,780
201300009074,13,7,14,1800,1,1,1,1,6,128,,M,0000000,0000000,780
201300009075,13,7,13,1945,1,1,1,1,7,030,,M,0000000,0000000,780
201300009076,13,8,9,1315,1,1,1,1,6,548,,M,0000000,0000000,780
201300009077,13,9,11,700,2,2,1,1,7,575,RUE DITTE,M,0000000,0000000,780
201300009078,13,10,15,1845,2,2,1,1,5,575,chemin de coubertin,M,0000000,0000000,780
201300009079,13,10,19,1800,1,1,1,1,7,193,,M,4816700,0156700,780
201300009080,13,2,22,500,3,1,1,1,6,389,,M,4880500,0181600,780
201300009081,13,2,28,1930,5,1,1,1,6,050,,M,4878500,0184600,780
201300009082,13,3,12,1530,1,2,1,4,5,398,RD 191,M,4874647,0183188,780
201300009083,13,4,2,2330,3,1,1,1,5,443,,M,4883700,0185300,780
201300009084,13,4,14,1745,1,1,1,1,2,389,,M,4880000,0181400,780
201300009085,13,4,19,1745,1,1,1,1,6,366,RN 12,M,4879834,0186006,780
201300009086,13,11,23,530,3,1,1,1,6,264,,M,4876300,0173800,780
201300009087,13,12,12,945,1,1,1,1,2,653,,M,4881900,0182900,780
201300009088,13,12,23,1845,5,2,1,6,6,562,,M,4872100,0176900,780
201300009089,13,2,28,2300,4,2,1,1,7,062,route de beynes,M,0000000,0000000,780
201300009090,13,11,1,1345,1,1,1,2,6,321,,M,0000000,0000000,780
201300009091,13,1,13,1400,1,1,1,8,6,404,,M,0000000,0000000,780
201300009092,13,2,15,815,1,1,1,8,6,616,RD 45,M,4887596,0181151,780
201300009093,13,4,20,1945,1,1,1,1,2,513,,M,0000000,0000000,780
201300009094,13,9,5,1545,1,1,1,1,3,262,,M,0000000,0000000,780
201300009095,13,10,24,1845,2,2,1,1,6,513,,M,0000000,0000000,780
201300009096,13,11,7,1715,2,2,9,2,2,265,parking intermarche,M,0000000,0000000,780
201300009097,13,3,31,30,3,1,1,1,6,087,,M,0000000,0000000,780
201300009098,13,4,10,2300,3,1,2,2,3,499,,M,0000000,0000000,780
201300009099,13,6,19,200,3,1,1,1,6,087,,M,0000000,0000000,780
201300009100,13,7,20,1930,1,2,1,1,1,537,rue du doc Camescasse,M,0000000,0000000,780
201300009101,13,7,10,700,1,2,1,1,2,235,Avenue du docteur FICHEZ,M,4864200,0236200,910
201300009102,13,10,13,1430,1,2,1,1,1,235,AV DE L'HUREPOIX,M,4862300,0235000,910
201300009103,13,2,5,1615,1,2,1,1,6,386,Avenue de villeroy,M,4857000,0242800,910
201300009104,13,5,16,2000,1,1,1,1,1,179,N7,M,4856300,0249900,910
201300009105,13,7,23,1100,1,2,6,1,6,386,avenue Darblay.,M,0000000,0000000,910
201300009106,13,9,21,1045,1,2,1,1,1,179,rue de MILLY,M,4856700,0249500,910
201300009107,13,11,24,1000,1,2,1,7,2,179,RN7,M,4856800,0249000,910
201300009108,13,3,15,1145,1,1,1,1,2,405,D837,M,0000000,0000000,910
201300009109,13,4,24,1930,1,1,2,1,5,405,D837 / D105,M,0000000,0000000,910
201300009110,13,5,15,715,2,1,1,1,1,599,D2,M,0000000,0000000,910
201300009111,13,5,16,1245,1,1,1,1,3,405,D837,M,0000000,0000000,910
201300009112,13,7,16,1700,1,1,1,1,1,405,,M,0000000,0000000,910
201300009113,13,9,8,130,3,1,1,1,1,599,D948,M,4848500,0247400,910
201300009114,13,9,14,2200,3,1,1,3,2,180,D372,M,4844100,0248100,910
201300009115,13,9,21,315,4,2,1,1,6,121,Route de MAISSE,M,0000000,0000000,910
201300009116,13,11,10,1730,5,2,3,1,1,405,Rue Langlois,M,0000000,0000000,910
201300009117,13,1,28,845,1,1,1,9,3,130,D21,M,4843000,0211300,910
201300009118,13,3,20,745,1,1,1,1,1,200,D836,M,4850600,0203100,910
201300009119,13,5,3,1815,1,1,1,1,3,200,D21,M,4842800,0202800,910
201300009120,13,7,6,1345,1,2,1,1,3,200,75 avenue de Paris,M,4853400,0202000,910
201300009121,13,10,29,1800,5,2,1,1,6,200,Boulevard des alli�s,M,4853600,0201399,910
201300009122,13,11,3,845,2,1,1,1,6,547,D838,M,4843200,0196300,910
201300009123,13,11,21,1530,2,2,1,8,2,130,route de boutervilliers,M,4843700,0207100,910
201300009124,13,12,21,2045,3,1,1,1,7,393,RD 21,M,4842200,0199900,910
201300009125,13,1,25,700,2,1,1,8,6,226,N 20,M,4848300,0219100,910
201300009126,13,9,10,815,1,2,1,1,3,330,D 449,M,4853600,0229400,910
201300009127,13,1,18,1945,3,1,1,4,1,080,D 191,M,4847500,0228700,910
201300009128,13,3,22,1545,1,1,1,1,7,100,,M,4843000,0228400,910
201300009129,13,5,16,1630,1,2,1,1,6,232,av du g�n�ral leclerc,M,0000000,0000000,910
201300009130,13,10,14,1815,1,2,1,1,1,099,PAS LOUP CD105,M,0000000,0000000,910
201300009131,13,11,28,2215,5,2,1,8,6,099,116 route de LA FERTE AL,M,4844800,0236300,910
201300009132,13,1,12,1700,2,1,1,1,6,294,N20,M,0000000,0000000,910
201300009133,13,1,30,1300,1,1,1,2,1,222,D18,M,4830900,0212300,910
201300009134,13,2,23,1230,1,1,1,8,6,533,,M,0000000,0000000,910
201300009135,13,6,6,1700,1,1,1,1,1,079,D721,M,0000000,0000000,910
201300009136,13,12,1,845,1,1,1,1,6,544,,M,0000000,0000000,910
201300009137,13,12,3,2330,5,2,1,1,3,533,RUE DES GRAVIERS,M,4836200,0212500,910
201300009138,13,12,13,1745,3,1,1,5,1,079,D 721,M,4838800,0216900,910
201300009139,13,5,17,1545,1,1,1,1,2,546,D27,M,4857300,0202999,910
201300009140,13,9,17,1645,1,1,1,2,1,630,D132,M,4857400,0209700,910
201300009141,13,10,31,730,2,2,1,1,1,546,rue des Maisons Hautes,M,0000000,0000000,910
201300009142,13,12,7,115,5,2,1,1,6,630,rue du village face au 7,M,0000000,0000000,910
201300009143,13,8,22,815,1,1,1,1,6,661,rue du grand d�me,M,4869300,0222900,910
201300009144,13,11,30,1430,1,2,1,1,3,661,rue de villiers.,M,4870300,0224600,910
201300009145,13,2,6,1515,1,1,1,1,6,292,D26,M,4857300,0226800,910
201300009146,13,6,7,1130,1,2,4,1,3,115,rue de la liberation,M,0000000,0000000,910
201300009147,13,6,13,2200,1,1,1,1,2,461,,M,0000000,0000000,910
201300009148,13,7,12,1915,1,1,1,7,3,115,D97,M,0000000,0000000,910
201300009149,13,8,5,1500,1,1,1,1,1,292,D26,M,4857300,0227300,910
201300009150,13,10,4,1945,5,2,1,1,3,207,Avenue d'Arpajon,M,4858600,0223200,910
201300009151,13,7,28,645,1,2,1,1,6,579,rue de la Lib�ration,M,0000000,0000000,910
201300009152,13,10,7,745,1,1,1,1,3,579,D31,M,0000000,0000000,910
201300009153,13,10,20,915,1,2,6,2,3,376,Route de Leuville,M,0000000,0000000,910
201300009154,13,11,8,1715,1,2,1,1,6,494,,M,0000000,0000000,910
201300009155,13,12,29,1445,1,1,1,1,1,494,D19,M,0000000,0000000,910
201300009156,13,1,1,2145,5,2,1,1,6,338,3 rue du ruisseau,M,0000000,0000000,910
201300009157,13,1,11,2115,2,1,2,1,3,338,D988,M,0000000,0000000,910
201300009158,13,4,5,2100,1,2,1,1,1,249,D988,M,0000000,0000000,910
201300009159,13,5,6,1745,1,1,2,1,3,338,,M,0000000,0000000,910
201300009160,13,5,11,1400,1,1,1,1,1,249,D838,M,4863400,0206700,910
201300009161,13,5,14,1630,1,1,2,1,3,338,D988,M,0000000,0000000,910
201300009162,13,6,15,1145,1,1,1,1,3,186,D152,M,4859800,0215300,910
201300009163,13,7,2,1230,1,1,1,1,5,111,RD97,M,4862500,0213900,910
201300009164,13,9,5,2115,3,1,1,1,7,186,D152,M,4860900,0213800,910
201300009165,13,9,16,700,2,1,1,8,6,338,D988,M,0000000,0000000,910
201300009166,13,9,21,1915,1,2,3,1,1,338,rue Clos des Fontaines,M,0000000,0000000,910
201300009167,13,10,13,815,2,2,1,5,1,243,rue du Mont Louvet,M,4861300,0216700,910
201300009168,13,10,18,1915,5,2,1,1,3,338,CD988 PK 19+720,M,4864700,0206599,910
201300009169,13,11,8,945,1,1,2,3,3,338,,M,0000000,0000000,910
201300009170,13,11,20,600,5,1,1,1,7,338,D988,M,0000000,0000000,910
201300009171,13,12,4,1415,1,1,1,1,6,111,D 97 / rue M. QUINET,M,4862700,0212500,910
201300009172,13,12,11,1245,1,1,1,1,1,111,D97,M,0000000,0000000,910
201300009173,13,12,22,1430,1,1,1,8,6,111,RD 131,M,4863600,0212800,910
201300009174,13,11,25,815,1,2,1,1,3,587,AVENUE SALVADOR ALLENDE,M,0000000,0000000,910
201300009175,13,12,25,900,1,1,1,1,6,587,N20,M,0000000,0000000,910
201300009176,13,3,14,1615,1,1,1,1,6,534,D60,M,4873800,0217400,910
201300009177,13,4,22,815,1,1,1,1,1,534,D36,M,4873100,0218500,910
201300009178,13,5,27,645,1,1,1,1,3,534,,M,4874300,0218600,910
201300009179,13,9,27,815,1,1,6,1,3,534,D36,M,4873500,0216300,910
201300009180,13,2,11,1415,1,2,1,1,1,275,91 rue de Chartres,M,0000000,0000000,910
201300009181,13,4,4,2230,5,2,1,2,6,272,101 avenue du Ge Leclerc,M,0000000,0000000,910
201300009182,13,4,17,1015,1,1,6,1,1,538,D306,M,4871700,0214500,910
201300009183,13,4,23,1245,1,1,1,8,6,538,,M,0000000,0000000,910
201300009184,13,4,26,1245,1,2,1,2,7,272,3 rue joliot Curie,M,0000000,0000000,910
201300009185,13,6,11,1345,1,1,1,8,4,275,D35,M,4867800,0215700,910
201300009186,13,6,30,1845,1,1,6,1,3,560,D35,M,0000000,0000000,910
201300009187,13,7,3,1045,1,1,6,1,7,679,D36,M,4873300,0212600,910
201300009188,13,7,18,800,1,1,1,1,6,272,route de belleville,M,0000000,0000000,910
201300009189,13,8,7,815,1,1,6,3,6,560,D35,M,0000000,0000000,910
201300009190,13,9,4,1745,1,2,1,7,6,272,184 AV DU GL LECLERC,M,0000000,0000000,910
201300009191,13,9,5,1730,1,2,1,1,2,538,rue Francis Perrin,M,0000000,0000000,910
201300009192,13,9,7,900,1,1,1,1,6,679,route de chateaufort,M,4873600,0210000,910
201300009193,13,9,5,1615,1,2,6,7,3,272,place de la convention,M,0000000,0000000,910
201300009194,13,9,14,1915,3,1,1,3,1,272,D306,M,0000000,0000000,910
201300009195,13,10,10,815,1,2,1,1,3,272,41 rue Juliette Adam,M,0000000,0000000,910
201300009196,13,12,2,2030,5,2,1,1,7,272,route de belle image,M,0000000,0000000,910
201300009197,13,1,13,1145,1,1,1,5,1,139,RD 14,M,4818530,0172910,950
201300009198,13,7,6,2230,3,1,1,1,1,012,RTE DE LA RAVINE,M,4909210,0162630,950
201300009199,13,8,6,600,2,2,1,1,1,139,Route nationale,M,4918580,0172790,950
201300009200,13,8,25,1530,1,1,1,2,6,690,RTE DU VEXIN,M,4907670,0181820,950
201300009201,13,8,31,1515,1,2,1,1,5,656,C�TE DU PAVILLON,M,4906370,0271660,950
201300009202,13,2,10,2330,3,1,1,1,3,177,RD 915,M,4910820,0203250,950
201300009203,13,12,1,545,3,2,1,1,6,213,RTE DE BEAUVAIS,M,4911960,0205110,950
201300009204,13,12,15,545,3,2,1,2,6,213,RTE DE BEAUVAIS,M,4911970,0205110,950
201300009205,13,6,29,2045,1,2,1,1,7,627,R VERTE,M,4913890,0211630,950
201300009206,13,10,10,1615,1,1,1,2,1,308,RTE DE LIVILLIERS,M,4910560,0213120,950
201300009207,13,12,28,1630,1,1,1,8,7,446,CHE DE PONTOISE,M,4912220,0216340,950
201300009208,13,3,9,845,1,2,1,1,1,592,R DES VALLEES,M,4903480,0186480,950
201300009209,13,4,11,1800,1,1,1,1,7,535,RD 81,M,4903670,0197669,950
201300009210,13,7,19,430,2,1,1,1,6,348,RD 14,M,4907490,0195030,950
201300009211,13,12,17,1620,1,1,2,1,3,483,RD 66*RD51,M,4910720,0192690,950
201300009212,13,1,10,1615,2,2,1,8,6,199,AV RASPAIL,M,4903680,0234070,950
201300009213,13,2,16,1945,3,1,1,1,2,489,RD 301,M,4901960,0235160,950
201300009214,13,6,6,2200,2,2,1,1,3,199,RD 909,M,4903710,0231210,950
201300009215,13,6,28,45,5,2,1,1,6,199,RUE DE LA CROIX MARTIN,M,4902550,0233040,950
201300009216,13,10,8,1715,1,2,1,1,6,199,AV JEAN JAURES,M,4903110,0233520,950
201300009217,13,12,5,2015,3,1,1,1,4,489,RD 301,M,4902050,0235130,950
201300009218,13,10,8,1200,1,1,1,1,1,395,CHE DE FONTENAY,M,4905190,0240910,950
201300009219,13,11,15,1645,2,1,1,2,4,205,RD 316,M,4902160,0238650,950
201300009220,13,12,4,1645,1,2,1,1,6,229,R DU  VAL D'EZANVILLE,M,4903590,0234590,950
201300009221,13,11,8,1530,1,2,1,2,6,351,AV GENERAL LECLERC,M,4904990,0250330,950
201300009222,13,1,15,830,1,1,1,4,6,457,,M,0000000,0000000,770
201300009223,13,4,22,2145,5,2,1,1,7,455,rue de Cordon et Meillan,M,4865238,0269027,770
201300009224,13,8,2,330,3,1,6,1,6,253,,M,0000000,0000000,770
201300009225,13,9,4,1815,1,1,1,7,3,175,,M,0000000,0000000,770
201300009226,13,1,23,1715,2,1,1,8,1,266,,M,4844500,0285500,770
201300009227,13,6,25,1930,1,1,2,1,3,034,,M,0000000,0000000,770
201300009228,13,8,4,730,2,1,1,1,1,480,,M,0000000,0000000,770