Num_Acc,an,mois,jour,hrmn,lum,agg,int,atm,col,com,adr,gps,lat,long,dep
201300009229,13,3,7,1730,1,1,1,1,1,107,,M,0000000,0000000,770
201300009230,13,3,28,915,1,1,1,1,6,145,,M,0000000,0000000,770
201300009231,13,4,16,1745,1,1,1,1,7,534,,M,0000000,0000000,770
201300009232,13,7,7,2345,3,1,1,1,6,457,,M,0000000,0000000,770
201300009233,13,9,17,915,1,1,1,1,7,493,,M,0000000,0000000,770
201300009234,13,9,26,1045,1,2,1,1,6,493,Rue de la Gare,M,0000000,0000000,770
201300009235,13,1,17,1045,1,1,1,1,7,211,,M,4857900,0296400,770
201300009236,13,2,9,1415,1,1,1,1,3,211,,M,0000000,0000000,770
201300009237,13,4,23,400,3,1,1,1,6,195,,M,0000000,0000000,770
201300009238,13,5,10,1745,1,2,1,8,1,317,79 rue Charles de Gaulle,M,0000000,0000000,770
201300009239,13,10,5,545,3,1,1,9,6,010,,M,0000000,0000000,770
201300009240,13,11,9,700,2,1,1,9,6,428,,M,4855700,0291500,770
201300009241,13,1,9,630,2,1,2,1,3,049,,M,4891600,0292100,770
201300009242,13,1,24,645,3,1,1,5,7,130,,M,0000000,0000000,770
201300009243,13,7,10,1530,1,1,1,1,1,529,,M,0000000,0000000,770
201300009244,13,7,15,145,3,1,1,1,6,047,,M,0000000,0000000,770
201300009245,13,8,14,845,1,1,1,1,7,225,,M,0000000,0000000,770
201300009246,13,11,16,1915,3,1,3,1,3,142,,M,4885500,0293600,770
201300009247,13,12,8,1555,1,1,1,1,2,529,,M,4884600,0288800,770
201300009248,13,1,26,1600,1,2,1,4,6,512,Rue du moulin ? Foulon,M,0000000,0000000,770
201300009249,13,1,31,630,3,1,1,1,7,151,,M,0000000,0000000,770
201300009250,13,3,28,2315,3,1,1,1,6,406,,M,0000000,0000000,770
201300009251,13,4,16,830,1,1,1,1,3,162,,M,0000000,0000000,770
201300009252,13,7,23,1345,1,2,1,1,3,406,D 61,M,0000000,0000000,770
201300009253,13,7,27,1515,1,2,1,1,3,247,Route de Saint Mars,M,4875612,0334368,770
201300009254,13,7,29,15,3,1,1,1,1,162,,M,0000000,0000000,770
201300009255,13,8,26,2100,3,1,1,1,2,432,,M,0000000,0000000,770
201300009256,13,9,1,45,3,1,1,1,6,116,,M,0000000,0000000,770
201300009257,13,9,15,530,3,1,1,2,6,385,,M,0000000,0000000,770
201300009258,13,5,23,1945,1,2,1,1,6,183,avenue Franklin Roosevet,M,0000000,0000000,770
201300009259,13,7,5,1845,1,2,1,1,6,238,RUE DES POMMIERES,M,4893956,0315242,770
201300009260,13,8,21,1730,1,1,1,1,1,440,,M,0000000,0000000,770
201300009261,13,9,13,1715,1,2,1,1,1,183,rue du guet,M,4894563,0313368,770
201300009262,13,11,30,715,1,1,1,1,2,078,,M,0000000,0000000,770
201300009263,13,1,11,1845,3,1,1,1,1,508,,M,0000000,0000000,770
201300009264,13,2,5,1715,2,1,1,1,1,091,,M,0000000,0000000,770
201300009265,13,4,25,1545,1,1,1,1,5,144,,M,0000000,0000000,770
201300009266,13,6,20,800,1,1,1,2,1,318,,M,0000000,0000000,770
201300009267,13,6,21,1645,1,1,1,1,5,318,,M,0000000,0000000,770
201300009268,13,7,5,845,1,1,1,1,1,508,,M,0000000,0000000,770
201300009269,13,9,5,1100,1,2,7,1,6,176,Place DE GAULLE,M,0000000,0000000,770
201300009270,13,9,19,1200,1,1,1,1,4,508,,M,0000000,0000000,770
201300009271,13,10,17,545,2,1,1,2,3,508,,M,4881600,0284000,770
201300009272,13,12,1,930,3,1,1,1,7,154,,M,0000000,0000000,770
201300009273,13,12,7,630,3,1,1,2,1,508,,M,0000000,0000000,770
201300009274,13,1,3,1245,1,1,1,2,3,192,,M,0000000,0000000,770
201300009275,13,3,16,2200,3,1,1,1,6,264,,M,0000000,0000000,770
201300009276,13,6,15,2000,1,1,2,1,1,192,,M,0000000,0000000,770
201300009277,13,9,27,2015,5,2,1,1,3,192,10 rue victor hugo,M,4870902,0287220,770
201300009278,13,11,3,1915,3,1,1,1,6,264,,M,4871100,0297100,770
201300009279,13,8,3,1900,1,1,1,1,5,359,,M,0000000,0000000,770
201300009280,13,6,16,600,2,1,1,1,1,041,,M,0000000,0000000,770
201300009281,13,6,27,1600,1,2,1,1,6,339,rue des grande vall�e,M,4838720,0249906,770
201300009282,13,9,10,1845,1,1,1,1,7,339,,M,0000000,0000000,770
201300009283,13,10,16,1115,1,1,1,2,7,477,,M,4833400,0258700,770
201300009284,13,11,13,1845,3,1,1,1,6,003,,M,4831300,0252900,770
201300009285,13,3,15,1930,3,1,1,1,1,102,,M,0000000,0000000,770
201300009286,13,6,1,1030,1,1,1,1,6,011,,M,0000000,0000000,770
201300009287,13,8,6,100,3,1,1,1,7,099,,M,0000000,0000000,770
201300009288,13,11,7,1830,3,1,1,2,3,102,,M,0000000,0000000,770
201300009289,13,6,28,1130,1,1,2,2,3,387,,M,0000000,0000000,770
201300009290,13,10,28,415,5,2,1,2,6,261,50 rue emile bru,M,4824200,0290600,770
201300009291,13,11,3,2145,3,1,2,3,3,329,,M,4826200,0281000,770
201300009292,13,11,14,2030,3,1,1,8,6,531,,M,4827700,0297000,770
201300009293,13,12,14,1945,3,1,1,1,1,531,,M,4827200,0296700,770
201300009294,13,1,2,1145,1,2,1,2,6,153,rue charles de Gaule,M,0000000,0000000,770
201300009295,13,2,9,430,3,1,1,4,2,392,,M,0000000,0000000,770
201300009296,13,4,29,1645,1,2,1,1,6,259,RUE DU VIVIER,M,4905022,0266454,770
201300009297,13,5,20,1545,1,1,1,3,7,392,,M,0000000,0000000,770
201300009298,13,6,9,1915,1,2,1,2,6,420,35bis rue Pasteur,M,0000000,0000000,770
201300009299,13,6,13,830,1,1,1,1,1,153,,M,0000000,0000000,770
201300009300,13,7,1,15,3,1,9,1,7,153,,M,0000000,0000000,770
201300009301,13,7,24,1745,1,2,1,1,6,153,avenue de la Gare,M,4904975,0269056,770
201300009302,13,9,11,815,1,1,1,2,1,322,,M,0000000,0000000,770
201300009303,13,10,1,1130,1,1,1,1,2,392,,M,4906000,0271100,770
201300009304,13,11,25,1900,3,1,2,1,6,153,,M,4905900,0271500,770
201300009305,13,1,28,1700,1,2,1,1,6,005,135 RUE DU GENERAL DE GA,M,0000000,0000000,770
201300009306,13,2,20,245,3,1,3,1,3,474,,M,0000000,0000000,770
201300009307,13,2,20,830,1,1,1,1,1,005,,M,4892300,0270000,770
201300009308,13,6,17,2245,5,2,1,1,3,315,AVENUE DU MARECHAL FOCH,M,0000000,0000000,770
201300009309,13,8,29,500,3,1,1,5,6,234,,M,0000000,0000000,770
201300009310,13,12,17,1730,3,1,1,1,3,315,,M,0000000,0000000,770
201300009311,13,1,11,745,3,1,1,8,6,483,,M,0000000,0000000,770
201300009312,13,5,17,2130,3,2,1,1,7,204,11 Rue de la foulerie,M,4906592,0315648,770
201300009313,13,5,29,2345,3,1,1,2,3,367,,M,0000000,0000000,770
201300009314,13,8,29,700,2,1,1,5,6,126,,M,4902500,0297400,770
201300009315,13,9,1,930,3,1,1,1,1,126,,M,0000000,0000000,770
201300009316,13,2,10,1530,1,1,2,2,3,380,,M,4905900,0287400,770
201300009317,13,6,30,2030,1,2,1,1,6,173,RUE DU COLONEL DUBUJADOU,M,0000000,0000000,770
201300009318,13,11,21,1930,3,2,9,1,6,430,rue Louis Bl?riot,M,4908400,0275600,770
201300009319,13,1,11,2015,3,1,3,1,7,032,,M,0000000,0000000,770
201300009320,13,7,5,1215,1,1,3,7,1,416,,M,0000000,0000000,770
201300009321,13,10,18,700,3,1,1,5,1,301,,M,0000000,0000000,770
201300009322,13,11,27,1630,1,2,1,1,6,301,Route nationale 04,M,4869800,0343800,770
201300009323,13,12,5,930,1,1,1,5,1,301,,M,4870600,0345400,770
201300009324,13,12,13,200,3,1,1,9,6,262,,M,0000000,0000000,770
201300009325,13,2,8,1700,1,1,2,3,5,524,,M,0000000,0000000,770
201300009326,13,7,21,815,1,1,1,1,6,509,,M,0000000,0000000,770
201300009327,13,7,25,215,3,1,1,1,6,311,,M,0000000,0000000,770
201300009328,13,8,11,1330,1,1,2,1,6,019,,M,0000000,0000000,770
201300009329,13,8,13,230,3,1,1,1,6,076,,M,0000000,0000000,770
201300009330,13,12,10,1815,3,1,1,2,5,167,,M,4843200,0311100,770
201300009331,13,7,26,1545,1,2,1,1,7,327,,M,4855132,0300762,770
201300009332,13,8,23,1330,1,2,4,1,3,383,rue des Quatre Saulx,M,4854892,0306420,770
201300009333,13,12,30,730,2,1,1,9,1,190,,M,0000000,0000000,770
201300009334,13,4,23,2200,3,1,2,1,3,059,D 2157/RTE HERMITAGE,M,4793023,0174222,450
201300009335,13,9,3,1730,1,2,1,1,1,008,21 MAIL SUD,M,4808079,0187738,450
201300009336,13,9,16,1545,1,1,1,2,2,046,,M,4797412,0178145,450
201300009337,13,12,2,700,2,1,1,5,6,046,JANVRY,M,4798958,0180512,450
201300009338,13,12,27,1445,1,1,1,8,3,093,,M,4803735,0185336,450
201300009339,13,12,28,345,3,1,1,2,6,290,,M,4785085,0229462,450
201300009340,13,1,15,1800,2,1,1,1,2,267,LE GRAND ETANG,M,4784482,0231828,450
201300009341,13,2,3,345,3,2,1,1,6,290,153 GRANDE RUE,M,4785544,0227551,450
201300009342,13,3,5,1700,1,1,1,1,5,290,RTE DE GIEN,M,4785304,0228547,450
201300009343,13,5,27,1700,1,2,2,1,4,082,R ST MARTIAL/BD REPUBLIQ,M,4786393,0222684,450
201300009344,13,6,11,230,3,1,1,1,1,316,CHICAMOUR,M,0000000,0000000,450
201300009345,13,6,15,245,5,2,1,1,6,290,136 GRANDE RUE,M,4785587,0227297,450
201300009346,13,7,26,1645,1,1,1,1,5,082,,M,4790691,0229618,450
201300009347,13,8,26,1400,1,1,1,1,6,082,,M,4788963,0221792,450
201300009348,13,12,20,1815,3,1,1,1,5,142,,M,4791603,0213458,450
201300009349,13,1,17,745,2,2,1,9,6,126,21 AV D'ORLEANS,M,4791347,0210377,450
201300009350,13,1,27,500,5,2,1,1,6,089,111 AV DE GIEN,M,4789308,0204896,450
201300009351,13,3,16,1600,1,1,1,1,6,175,LA CHARDONNIERE,M,4774337,0182292,450
201300009352,13,7,18,2345,3,1,1,1,6,182,,M,4770161,0179036,450
201300009353,13,9,13,115,5,2,1,2,6,282,565 R VERDUN,M,4786628,0183097,450
201300009354,13,9,22,1215,1,2,1,1,6,204,509 R DE NUISANCE,M,4783079,0180527,450
201300009355,13,10,20,1815,2,1,1,8,1,175,,M,4778045,0182151,450
201300009356,13,12,19,1345,1,1,1,1,6,182,,M,4768568,0180064,450
201300009357,13,4,3,1630,1,1,2,1,3,173,D 12/R PATAUDIERE,M,4784639,0213071,450
201300009358,13,6,5,1115,1,1,1,1,6,272,ST BENOIT,M,4781804,0199358,450
201300009359,13,9,18,730,2,2,2,1,3,272,R GAUTRAY/R GENETS,M,4781709,0195149,450
201300009360,13,10,24,1430,1,1,2,1,3,193,D 921/D 13,M,4779945,0207840,450
201300009361,13,3,7,1700,1,2,3,1,3,269,D 2152/R BRETAGNE,M,0000000,0000000,450
201300009362,13,3,12,1200,1,2,2,1,6,203,R BASMONT/FOURNEAU,M,4783321,0169872,450
201300009363,13,4,14,1245,1,1,1,1,2,116,,M,4783669,0155069,450
201300009364,13,4,20,30,5,2,1,1,6,179,57 R TREPINIERE,M,4775264,0166419,450
201300009365,13,7,28,400,3,1,1,1,6,203,,M,4784524,0172181,450
201300009366,13,9,14,2345,3,1,1,2,6,317,,M,4775195,0158854,450
201300009367,13,9,30,1700,1,1,1,1,3,179,95 RTE DE BLOIS,M,4774861,0166464,450
201300009368,13,12,24,2000,5,2,1,3,6,203,88 RTE ORLEANS,M,4783248,0170428,450
201300009369,13,1,24,1045,1,1,1,1,3,095,,M,0000000,0000000,450
201300009370,13,5,5,1230,1,1,2,1,3,195,D 2152/D 145/VC ATOUAS,M,4810814,0217379,450
201300009371,13,6,14,2015,1,1,1,1,3,301,,M,0000000,0000000,450
201300009372,13,8,23,1130,1,1,1,7,6,174,,M,0000000,0000000,450
201300009373,13,9,9,1715,1,1,2,1,1,080,D 97/D 22,M,4823321,0207673,450
201300009374,13,10,20,315,3,1,1,1,6,095,,M,4803555,0212078,450
201300009375,13,4,2,1445,1,1,6,1,7,036,,M,4776832,0271769,450
201300009376,13,4,7,745,1,1,1,1,6,096,,M,4779814,0269159,450
201300009377,13,6,10,1130,1,2,2,1,3,155,R MONTBRICON/AV J.VILLEJ,M,4768848,0263967,450
201300009378,13,8,3,1330,1,2,1,1,2,254,38 RTE DE BOURGES,M,4767799,0262832,450
201300009379,13,11,9,945,1,2,2,7,3,155,CH ST PIERRE/R FOURCHES,M,4769501,0260865,450
201300009380,13,11,15,930,1,1,1,2,6,155,PISSERATE,M,0000000,0000000,450
201300009381,13,11,21,1000,1,1,2,2,3,096,D 44/D 56,M,4777177,0260714,450
201300009382,13,11,30,1600,1,1,1,2,6,108,LA CHEVALOIRE,M,4759276,0249638,450
201300009383,13,12,9,815,2,1,1,9,2,108,,M,4759349,0250305,450
201300009384,13,12,9,1630,2,2,1,7,6,155,AV MONTOIRES,M,4870819,0263055,450
201300009385,13,7,13,1915,1,1,1,1,1,087,,M,4761049,0273973,450
201300009386,13,8,12,1015,1,1,2,1,3,060,,M,4774369,0273815,450
201300009387,13,12,6,1530,1,1,1,1,6,029,LES HENRIONS,M,4752529,0277259,450
201300009388,13,12,15,1430,1,2,1,1,6,064,20 RTE BLANCAFORT,M,4753962,0265876,450
201300009389,13,1,19,1115,1,1,1,8,6,340,,M,4769552,0228388,450
201300009390,13,10,8,2015,3,1,1,1,3,297,,M,4777311,0235552,450
201300009391,13,10,8,1800,1,2,1,1,1,051,RTE MENNEROY //HT R VEIL,M,4881206,0236865,450
201300009392,13,11,26,1830,5,2,2,1,3,315,R AMPERE/ALBERT COSSONET,M,0000000,0000000,450
201300009393,13,11,30,1945,3,1,1,8,4,315,LE PORT A CHAMBERT,M,0000000,0000000,450
201300009394,13,12,10,1715,1,2,1,1,6,315,RTE ORLEANS,M,0000000,0000000,450
201300009395,13,12,14,1815,3,1,1,1,1,244,,M,0000000,0000000,450
201300009396,13,7,2,1615,1,1,4,1,1,031,D2160/R POLICETTES,M,4799367,0245415,450
201300009397,13,7,13,1645,1,2,1,1,1,247,741 R PETITE RONCE,M,4801783,0269978,450
201300009398,13,8,11,1415,1,1,1,1,1,213,LA MARTINIERE,M,4784505,0258021,450
201300009399,13,8,13,1045,1,1,1,1,7,213,LA VALLEE,M,4784824,0260719,450
201300009400,13,9,30,2000,2,2,3,1,3,345,GRANDE RUE/CH CAS ROUGE,M,4794614,0268538,450
201300009401,13,10,21,1530,1,2,1,1,3,187,GRANDE RUE,M,4788929,0251349,450
201300009402,13,12,3,1115,1,1,1,1,6,187,RTE GUE EVEQUE,M,4787301,0252516,450
201300009403,13,12,5,1230,1,2,1,1,6,178,RUE DU 24 NOVEMBRE,M,4800289,0253813,450
201300009404,13,12,27,1345,1,2,2,1,3,187,D 961/D 88,M,4788789,0250931,450
201300009405,13,1,11,1915,3,1,1,1,6,275,,M,4796586,0290031,450
201300009406,13,4,13,800,1,1,1,1,6,115,,M,4805154,0307856,450
201300009407,13,4,27,1815,1,1,1,1,7,136,LES ROGERS,M,0000000,0000000,450
201300009408,13,4,27,1530,1,1,1,1,6,201,RTE DE PERS,M,4810302,0294126,450
201300009409,13,5,23,815,1,1,1,1,6,083,,M,4793495,0289767,450
201300009410,13,7,3,600,2,2,1,1,6,306,24 R DES CORMIERS,M,4801651,0289130,450
201300009411,13,9,19,2015,2,1,1,1,3,279,,M,4795487,0282451,450
201300009412,13,6,21,800,1,1,3,1,3,229,LES PRASLINS,M,4785589,0274072,450
201300009413,13,1,4,2100,3,1,1,2,7,156,LA VIEILLE POSTE,M,0000000,0000000,450
201300009414,13,1,24,2130,5,1,1,2,6,061,AV DES ACACIAS,M,4804461,0275336,450
201300009415,13,2,1,2000,5,2,1,2,6,127,RTE DE PARIS,M,4814555,0276394,450
201300009416,13,4,2,1730,2,2,2,1,3,127,D 62/RTE AMBREVILLE,M,4813919,0277906,450
201300009417,13,6,25,15,5,2,1,1,6,249,380 R STADE,M,4803909,0279589,450
201300009418,13,7,15,200,3,1,1,1,6,127,BOIS DE THURELLES,M,4812652,0276404,450
201300009419,13,7,28,1515,1,1,1,1,1,161,LE BOIS,M,4805793,0283357,450
201300009420,13,8,1,1400,1,1,1,1,3,255,,M,4809417,0269351,450
201300009421,13,8,23,1515,1,1,2,1,3,343,D 94/D 38,M,4803881,0263656,450
201300009422,13,8,24,1245,1,2,4,1,3,145,BD BRECHE/R ST APOLLINE,M,4809000,0279109,450
201300009423,13,11,24,600,3,1,1,1,6,222,,M,4810746,0276775,450
201300009424,13,5,10,1600,1,1,1,1,1,139,,M,0000000,0000000,450
201300009425,13,5,29,215,3,1,2,1,2,253,D 2152/VC 5,M,4814529,0221706,450
201300009426,13,5,29,2100,2,1,1,1,7,050,,M,0000000,0000000,450
201300009427,13,11,8,1345,1,2,1,9,6,252,FG ORLEANS,M,0000000,0000000,450
201300009428,13,1,17,715,5,2,2,1,3,018,D165/RTE GONDREVILLE,M,4809401,0246953,450
201300009429,13,3,29,1715,1,1,1,1,2,220,,M,0000000,0000000,450
201300009430,13,5,26,1645,1,2,1,1,1,030,RTE DE PITHIVIERS,M,4807411,0242536,450
201300009431,13,7,14,600,1,1,3,1,6,176,LE PAVE DE MEZIERES,M,4804037,0247489,450
201300009432,13,7,31,2230,3,1,1,1,2,035,,M,4805305,0235563,450
201300009433,13,8,17,715,2,2,2,1,3,215,D 44/RTE NESPLOY,M,4801991,0239693,450
201300009434,13,9,22,1330,1,1,1,1,7,258,,M,4821901,0245688,450
201300009435,13,10,6,1400,1,1,2,1,5,021,D 950/VC,M,4810543,0240224,450
201300009436,13,10,8,730,2,1,1,1,3,233,,M,4820309,0242702,450
201300009437,13,6,8,900,1,2,1,1,1,310,25 ROUTE D' ENZENVILLE,M,4830901,0223217,450
201300009438,13,9,6,1715,1,2,1,1,6,191,R DES COLLEGES,M,4829617,0241165,450
201300009439,13,10,25,2215,3,1,1,2,5,263,,M,4833343,0219326,450
201300009440,13,4,30,1115,1,2,1,8,1,075,24 Grand rue,M,4702716,0303163,180
201300009441,13,5,19,230,4,2,2,1,3,240,D72/RUE ANCIENNE LIGNE,M,4715445,0291134,180
201300009442,13,6,21,1930,1,1,1,1,6,139,,M,4707100,0301200,180
201300009443,13,6,28,2000,1,1,1,2,6,241,,M,0000000,0000000,180
201300009444,13,4,5,1945,1,1,1,1,6,029,,M,0000000,0000000,180
201300009445,13,1,17,1030,1,1,3,1,3,252,,M,4652400,0231700,180
201300009446,13,1,18,1730,3,1,1,4,6,165,Les grands coullons,M,4735600,0223900,180
201300009447,13,6,14,1900,1,1,1,1,6,210,,M,0000000,0000000,180
201300009448,13,4,15,1415,1,1,1,1,7,133,ROSIERES,M,4695431,0225203,180
201300009449,13,7,12,2100,2,1,1,1,6,137,,M,4688400,0212800,180
201300009450,13,1,14,615,2,1,1,8,3,177,,M,4843146,0152892,280
201300009451,13,3,9,2145,3,1,3,1,3,006,,M,4843585,0140644,280
201300009452,13,5,24,1745,1,1,2,2,3,006,,M,4845800,0140400,280
201300009453,13,5,23,1430,1,1,2,1,5,358,,M,0000000,0000000,280
201300009454,13,5,26,1500,1,2,1,1,3,358,Avenue de la Gare,M,4848500,0152200,280
201300009455,13,6,7,130,3,1,1,1,6,006,,M,0000000,0000000,280
201300009456,13,6,10,1930,1,1,1,1,7,388,,M,0000000,0000000,280
201300009457,13,6,7,1700,1,1,1,1,7,253,,M,0000000,0000000,280
201300009458,13,6,15,515,2,1,1,1,7,024,,M,0000000,0000000,280
201300009459,13,6,18,1815,1,1,2,1,3,269,,M,0000000,0000000,280
201300009460,13,6,30,1830,1,1,1,1,6,048,,M,0000000,0000000,280
201300009461,13,7,15,1200,1,1,1,1,3,006,,M,0000000,0000000,280
201300009462,13,8,23,1100,1,2,1,1,3,388,route nationale 10,M,0000000,0000000,280
201300009463,13,9,9,1630,1,1,1,2,1,035,,M,0000000,0000000,280
201300009464,13,10,1,1930,3,1,1,3,5,035,,M,4839600,0157000,280
201300009465,13,10,6,2000,5,1,6,1,2,006,,M,0000000,0000000,280
201300009466,13,10,12,515,5,2,1,2,6,048,3 ROUTE NATIONALE 10,M,0000000,0000000,280
201300009467,13,10,20,1515,1,1,1,1,7,309,,M,4836926,0163188,280
201300009468,13,10,7,1630,1,1,3,1,3,006,,M,0000000,0000000,280
201300009469,13,11,22,1745,5,2,1,1,6,122,RUE DE CHARTRES,M,0000000,0000000,280
201300009470,13,12,9,1445,1,1,1,1,3,388,,M,0000000,0000000,280
201300009471,13,12,13,1345,1,1,1,5,4,048,,M,0000000,0000000,280
201300009472,13,12,18,1830,3,1,1,2,1,173,,M,4844500,0155200,280
201300009473,13,12,21,530,3,1,1,1,6,358,,M,0000000,0000000,280
201300009474,13,12,6,1130,1,1,1,2,1,100,,M,0000000,0000000,280
201300009475,13,7,27,1645,1,2,1,1,6,116,Rue de l'?cu,M,4844849,0124166,280
201300009476,13,9,28,1200,1,1,1,2,7,116,,M,4846869,0124157,280
201300009477,13,4,18,2100,3,1,1,1,7,242,,M,4829000,0117500,280
201300009478,13,7,7,2015,2,1,1,1,3,398,,M,4822301,0106848,280
201300009479,13,11,1,1730,2,1,1,3,1,424,,M,4821600,0125400,280
201300009480,13,1,27,1900,3,1,1,1,6,249,,M,4856800,0159300,280
201300009481,13,5,4,1645,1,2,1,1,6,140,rue prieur? saint thomas,M,0000000,0000000,280
201300009482,13,6,3,1115,1,1,1,1,7,285,,M,0000000,0000000,280
201300009483,13,6,5,1915,1,2,1,1,3,208,21 GRANDE RUE,M,0000000,0000000,280
201300009484,13,6,7,900,1,1,1,1,1,357,,M,0000000,0000000,280
201300009485,13,7,24,1415,1,2,1,1,6,168,6 Rue Guy Pouill?,M,4852382,0169116,280
201300009486,13,8,8,2000,1,1,1,1,2,140,,M,4861339,0166662,280
201300009487,13,9,1,1145,1,1,1,1,1,168,,M,0000000,0000000,280
201300009488,13,9,5,830,1,1,1,1,2,191,,M,0000000,0000000,280
201300009489,13,9,19,1630,1,1,1,1,1,208,,M,4850464,0175343,280
201300009490,13,10,2,1215,1,2,2,1,3,023,avenue de la gare,M,0000000,0000000,280
201300009491,13,10,17,1330,1,1,1,1,6,352,,M,0000000,0000000,280
201300009492,13,10,29,1945,3,1,1,1,1,073,28700,M,4849000,0166200,280
201300009493,13,11,18,715,1,1,1,1,1,361,,M,4850600,0173000,280
201300009494,13,1,16,1915,3,1,1,1,2,391,,M,0000000,0000000,280
201300009495,13,1,17,1030,1,1,1,1,3,189,,M,0000000,0000000,280
201300009496,13,2,14,1400,1,1,1,1,3,258,,M,0000000,0000000,280
201300009497,13,2,15,915,1,1,1,7,3,391,,M,0000000,0000000,280
201300009498,13,4,2,1145,1,1,1,1,3,311,,M,0000000,0000000,280
201300009499,13,6,11,1300,1,1,1,1,3,313,,M,0000000,0000000,280
201300009500,13,7,24,1045,1,2,1,1,7,199,Rue pierre  marie curie,M,4820524,0187581,280
201300009501,13,8,4,1545,1,2,1,1,1,304,Rue de la Lib?ration,M,0000000,0000000,280
201300009502,13,8,9,1415,1,1,1,1,7,164,,M,4825864,0183737,280
201300009503,13,8,17,1615,1,1,1,1,1,391,,M,0000000,0000000,280
201300009504,13,8,18,1015,1,1,1,1,3,392,,M,0000000,0000000,280
201300009505,13,8,16,1900,1,1,4,1,3,311,,M,0000000,0000000,280
201300009506,13,8,18,2215,3,1,1,2,7,284,,M,0000000,0000000,280
201300009507,13,8,27,1945,1,1,1,8,3,284,,M,0000000,0000000,280
201300009508,13,9,9,1830,1,1,1,1,6,025,,M,0000000,0000000,280
201300009509,13,10,28,630,3,1,2,3,3,304,,M,0000000,0000000,280
201300009510,13,12,24,1800,2,1,1,3,1,391,,M,0000000,0000000,280
201300009511,13,1,9,1415,1,1,1,1,1,075,,M,4805800,0132500,280
201300009512,13,1,22,530,3,1,1,1,3,211,,M,0000000,0000000,280
201300009513,13,4,1,1730,1,1,1,1,5,389,,M,4804000,0135100,280
201300009514,13,4,28,1945,1,2,1,1,6,233,30 rue de la gare,M,4811000,0134000,280
201300009515,13,7,5,2045,1,2,1,1,1,088,boulevard schweitzer,M,4808115,0134901,280
201300009516,13,7,19,1215,1,1,1,1,5,075,,M,0000000,0000000,280
201300009517,13,8,26,845,1,2,1,1,3,334,croisement D927/31,M,0000000,0000000,280
201300009518,13,11,29,1600,1,1,1,1,1,017,,M,0000000,0000000,280
201300009519,13,11,24,615,5,2,1,1,6,340,Rue dunoise,M,0000000,0000000,280
201300009520,13,1,15,815,2,2,1,1,1,051,rue de la dime,M,4818640,0139918,280
201300009521,13,1,20,530,3,1,1,4,6,259,,M,0000000,0000000,280
201300009522,13,6,7,1845,1,2,1,1,3,051,1 rue de chartres,M,0000000,0000000,280
201300009523,13,6,22,715,1,1,1,1,3,051,,M,0000000,0000000,280
201300009524,13,7,29,800,1,1,1,1,6,212,,M,4812985,0172522,280
201300009525,13,8,27,2130,3,1,1,1,2,051,,M,0000000,0000000,280
201300009526,13,11,2,900,1,1,1,1,7,259,,M,0000000,0000000,280
201300009527,13,12,1,1545,1,1,1,1,6,057,,M,0000000,0000000,280
201300009528,13,9,13,1145,1,1,1,2,6,409,,M,4825280,0121393,280
201300009529,13,9,15,2015,2,1,1,8,7,021,,M,4837149,0133691,280
201300009530,13,9,30,1430,1,1,2,1,3,326,,M,4826861,0124366,280
201300009531,13,12,16,1645,1,2,1,1,6,061,Avenue du Gal de Gaulle,M,0000000,0000000,280
201300009532,13,1,30,1245,1,1,1,3,7,098,,M,0000000,0000000,280
201300009533,13,2,11,2015,5,2,1,1,6,359,16 bis RN 12,M,0000000,0000000,280
201300009534,13,2,13,1500,1,1,1,8,6,124,,M,0000000,0000000,280
201300009535,13,3,9,700,1,1,1,1,7,267,,M,4877300,0137400,280
201300009536,13,4,24,1545,1,1,1,1,6,251,,M,0000000,0000000,280
201300009537,13,5,4,945,1,1,1,1,7,239,,M,4868825,0139027,280
201300009538,13,5,24,1500,1,1,2,3,5,171,,M,0000000,0000000,280