Num_Acc,an,mois,jour,hrmn,lum,agg,int,atm,col,com,adr,gps,lat,long,dep
201300009539,13,6,23,1715,1,2,1,1,3,348,,M,0000000,0000000,280
201300009540,13,8,6,745,1,1,1,1,6,014,,M,4865568,0129922,280
201300009541,13,8,24,1200,1,1,1,1,3,098,,M,4875099,0144720,280
201300009542,13,9,9,2200,3,1,1,8,3,098,,M,0000000,0000000,280
201300009543,13,9,19,1200,1,1,2,1,3,178,,M,4874336,0144673,280
201300009544,13,9,21,1500,1,1,1,1,3,239,,M,4867804,0138312,280
201300009545,13,12,6,2015,3,2,1,1,6,124,,M,0000000,0000000,280
201300009546,13,12,6,1745,5,2,1,1,3,348,rue de la Baronnie,M,4876543,0119781,280
201300009547,13,12,22,2230,3,1,1,2,3,405,,M,4874800,0129200,280
201300009548,13,12,31,930,1,1,2,2,3,098,,M,4873100,0144300,280
201300009549,13,2,13,1745,1,1,1,1,7,007,,M,0000000,0000000,280
201300009550,13,4,15,1745,1,1,1,1,7,064,,M,0000000,0000000,280
201300009551,13,9,9,1400,1,1,1,8,6,247,,M,0000000,0000000,280
201300009552,13,2,3,1515,1,1,1,8,6,373,,M,0000000,0000000,280
201300009553,13,4,23,1615,1,1,2,1,3,373,,M,4854600,0107100,280
201300009554,13,5,19,2030,2,1,1,2,7,206,,M,4870700,0115900,280
201300009555,13,5,21,2145,4,2,1,1,6,090,D 316.2,M,4865029,0101294,280
201300009556,13,7,20,200,3,1,1,1,1,226,,M,0000000,0000000,280
201300009557,13,2,26,215,5,2,1,4,6,094,49 rue des Graviers,M,0000000,0000000,280
201300009558,13,7,3,1415,1,1,2,1,3,374,,M,4861162,0143516,280
201300009559,13,7,19,1600,1,1,1,1,1,279,,M,0000000,0000000,280
201300009560,13,9,29,415,3,2,1,8,6,113,,M,4865610,0154401,280
201300009561,13,11,30,1345,1,1,1,1,3,374,,M,4861000,0142300,280
201300009562,13,2,11,1115,1,1,1,1,3,378,,M,0000000,0000000,280
201300009563,13,2,15,1800,2,1,1,1,6,063,,M,0000000,0000000,280
201300009564,13,4,14,2230,3,1,1,1,6,378,,M,4827600,0085400,280
201300009565,13,4,28,2015,2,1,1,1,5,236,,M,4835400,0086300,280
201300009566,13,5,16,1915,1,1,1,2,1,027,,M,4814700,0093500,280
201300009567,13,8,4,1245,1,1,1,1,1,280,,M,0000000,0000000,280
201300009568,13,8,5,2115,2,1,1,1,1,407,,M,4826087,0092977,280
201300009569,13,10,26,1815,1,2,1,1,3,280,111 rue saint hilaire,M,4832327,0082042,280
201300009570,13,12,6,1030,5,2,1,1,6,280,15 rue gouverneur,M,4832400,0082200,280
201300009571,13,1,12,1530,1,2,1,1,7,354,RUE DU TROCADERO,M,0000000,0000000,280
201300009572,13,5,12,1930,1,1,1,1,7,071,,M,0000000,0000000,280
201300009573,13,7,31,1730,1,1,2,7,3,033,,M,0000000,0000000,280
201300009574,13,10,21,1330,1,1,1,1,1,056,,M,4653820,0175600,360
201300009575,13,1,5,300,3,1,1,2,6,033,"LD ""LES ARDILLETS"".",M,4652690,0150518,360
201300009576,13,8,13,1315,1,1,1,1,7,177,,M,4650520,0136182,360
201300009577,13,8,14,1430,1,1,1,1,7,081,"LIEU DIT ""MALICORNE""",M,4650900,0160789,360
201300009578,13,9,13,1530,1,2,3,1,3,032,4 LE MULTON,M,4655240,0155452,360
201300009579,13,9,14,1045,1,1,2,2,3,070,,M,4643250,0156700,360
201300009580,13,9,14,2215,5,2,2,3,3,154,RUE LECLERC/RUE METIVIER,M,4658250,0153215,360
201300009581,13,11,25,1100,1,2,4,1,3,006,RUE P BERT/RUE DESCOTTES,M,4658690,0152171,360
201300009582,13,12,13,845,1,1,1,1,1,239,,M,4656250,0144050,360
201300009583,13,1,1,830,3,1,1,2,7,031,,M,4690200,0138000,360
201300009584,13,1,5,1700,2,2,1,1,6,031,RUE DES ECOLES.,M,4688720,0142278,360
201300009585,13,2,1,1830,5,2,3,3,3,241,RUE DU GENERAL DE GAULLE,M,4684830,0153468,360
201300009586,13,2,16,30,3,1,1,5,7,086,RD 11,M,4704730,0134789,360
201300009587,13,4,17,1500,1,1,1,1,6,139,"LIEU DIT ""LALEUF""",M,4679530,0149675,360
201300009588,13,5,3,2200,5,2,4,1,1,031,,M,4688850,0140896,360
201300009589,13,7,8,1615,1,1,1,1,7,232,,M,4680940,0136530,360
201300009590,13,7,15,745,1,1,1,1,6,069,,M,4708970,0136061,360
201300009591,13,8,10,1745,1,1,1,1,7,232,,M,4681200,0131300,360
201300009592,13,8,13,1730,1,1,1,1,6,123,LIEU DIT SUBTRAY,M,4681970,0126124,360
201300009593,13,9,5,1530,1,1,2,1,3,142,,M,4679260,0155377,360
201300009594,13,9,13,1130,1,1,1,1,4,118,,M,4674770,0141020,360
201300009595,13,10,4,1930,3,1,1,3,6,139,,M,4679220,0146908,360
201300009596,13,2,1,1645,1,1,8,3,3,229,,M,4719550,0159685,360
201300009597,13,2,3,1730,1,1,1,1,2,093,,M,4699390,0160129,360
201300009598,13,2,18,1530,1,1,2,7,3,079,,M,4695090,0154944,360
201300009599,13,3,14,1800,1,1,1,1,5,191,"LD ""LE BOIS HOBLEAU""",M,4712350,0175588,360
201300009600,13,3,15,2045,3,1,1,1,6,079,"LIEU DIT ""NERLAC""",M,4694940,0154594,360
201300009601,13,4,14,1945,1,2,7,1,7,093,PARKING DU STADE,M,4697570,0160145,360
201300009602,13,5,24,2030,1,1,1,2,2,093,,M,4695410,0162275,360
201300009603,13,6,23,600,2,1,1,1,6,228,,M,4717000,0158069,360
201300009604,13,6,21,1915,1,2,3,2,3,228,9 RTE CHABRIS/FOUR A PLA,M,4716240,0157174,360
201300009605,13,7,12,315,3,1,1,1,6,057,,M,4682960,0181174,360
201300009606,13,8,20,1945,1,1,1,1,6,206,,M,4697310,0153723,360
201300009607,13,8,22,2100,5,2,1,1,6,034,48 AVENUE VICTOR HUGO,M,4725300,0163886,360
201300009608,13,8,28,2000,3,1,1,1,7,085,,M,4709310,0174330,360
201300009609,13,9,1,1000,1,1,1,1,3,107,,M,0000000,0000000,360
201300009610,13,9,30,345,3,1,1,2,6,247,,M,4692250,0163738,360
201300009611,13,12,8,1800,3,1,1,1,6,026,,M,4693660,0172780,360
201300009612,13,12,18,1215,1,1,1,1,6,228,,M,4716300,0156939,360
201300009613,13,12,20,1930,3,1,1,1,6,034,,M,4725930,0169099,360
201300009614,13,6,3,1600,1,1,1,1,1,172,,M,4664030,0138178,360
201300009615,13,6,15,1930,1,1,1,1,6,094,"LIEU DIT ""BERNIER""",M,4645380,0119197,360
201300009616,13,6,23,1645,1,2,1,8,7,018,RD 17 LA GRANDE BORNE,M,4664750,0108158,360
201300009617,13,7,24,1330,1,1,1,1,6,058,,M,4658580,0105189,360
201300009618,13,7,24,1745,1,1,4,1,2,114,LIEU-DIT CHARNEUIL,M,4655920,0113075,360
201300009619,13,9,11,745,1,1,1,1,6,096,,M,4675390,0113355,360
201300009620,13,10,8,1800,1,1,1,1,6,148,,M,4659050,0127280,360
201300009621,13,11,14,1100,1,2,1,1,3,096,LIEU DIT LES DENETS,M,4674980,0113218,360
201300009622,13,12,10,1145,1,1,1,7,1,018,,M,4662020,0106043,360
201300009623,13,12,27,1100,1,2,1,1,3,018,RD 951- RUE DE SAUVIGNY,M,4663080,0106221,360
201300009624,13,10,7,130,3,1,1,1,6,109,"L D ""LES CHAMPS PEROTS""",M,4656520,0193870,360
201300009625,13,10,25,1145,1,1,1,1,1,127,,M,4659180,0200557,360
201300009626,13,12,10,1015,1,1,1,1,6,127,,M,4661410,0198547,360
201300009627,13,1,10,1700,2,1,1,2,6,133,,M,0000000,0000000,360
201300009628,13,2,18,2245,3,1,1,1,6,210,"LIEU DIT ""LE PONDERON""",M,4657580,0189849,360
201300009629,13,3,22,1315,1,2,2,1,1,005,"LIEU DIT ""SANGUILLES""",M,4677660,0181477,360
201300009630,13,4,18,2015,3,2,1,1,6,126,LIEU DIT LA FAT,M,4645850,0176000,360
201300009631,13,5,29,1945,1,2,1,1,7,141,AVENUE DE VERDUN,,,,360
201300009632,13,7,12,1430,1,2,4,1,3,207,,M,4642370,0161289,360
201300009633,13,7,13,1215,1,1,1,1,6,207,,M,4645080,0166079,360
201300009634,13,8,8,1,3,1,1,2,6,071,,M,4678250,0180210,360
201300009635,13,9,5,530,3,1,1,1,6,005,,M,4669490,0184256,360
201300009636,13,9,11,1315,1,2,2,1,3,056,RUE CHATEAU/ RUE CROIX,M,4654370,0175068,360
201300009637,13,9,17,1645,1,1,1,2,6,126,LIEU DIT L'AGE D'EN HAUT,M,4649380,0176374,360
201300009638,13,10,4,1830,1,1,1,3,1,210,,M,4660100,0189739,360
201300009639,13,10,15,1145,1,1,2,2,3,120,,M,4669610,0188783,360
201300009640,13,12,26,745,2,1,1,1,6,009,,M,4671360,0171049,360
201300009641,13,1,12,2215,3,1,1,2,6,021,,M,4699120,0196247,360
201300009642,13,2,12,800,1,2,1,1,7,128,AVENUE LOUIS ARMAND,,,,360
201300009643,13,5,4,300,5,2,1,1,6,088,RUE LA CHAPELLE DU PONT,M,4696240,0199569,360
201300009644,13,5,10,1830,1,2,1,1,6,088,11 RUE MOULIN ST PATERNE,M,4694410,0199225,360
201300009645,13,5,19,1830,1,1,1,3,6,065,,M,4702960,0202570,360
201300009646,13,8,28,1615,1,1,2,1,3,179,,M,4691650,0191543,360
201300009647,13,10,8,1745,1,1,1,1,1,140,,M,4690180,0188074,360
201300009648,13,12,10,730,3,1,1,1,6,003,,M,4679020,0194248,360
201300009649,13,12,10,915,1,1,1,1,6,098,,M,4700590,0190179,360
201300009650,13,1,9,1030,1,1,1,8,6,185,,M,0000000,0000000,370
201300009651,13,2,12,800,1,2,1,1,6,003,09 quai des violettes,M,0000000,0000000,370
201300009652,13,2,17,430,3,1,1,5,6,163,,M,0000000,0000000,370
201300009653,13,3,17,615,3,1,1,8,6,131,,M,0000000,0000000,370
201300009654,13,4,9,930,1,2,2,2,3,003,CD31/ berthellerie,M,0000000,0000000,370
201300009655,13,4,9,1800,1,1,2,1,3,163,,M,0000000,0000000,370
201300009656,13,4,16,1700,1,2,1,1,2,185,RD431  ROUTE DE LA GARE,M,0000000,0000000,370
201300009657,13,6,1,1145,1,2,1,1,1,131,87 rue de blois,M,0000000,0000000,370
201300009658,13,6,5,2030,1,1,9,1,3,185,,M,0000000,0000000,370
201300009659,13,6,7,1615,1,1,1,1,4,171,,M,0000000,0000000,370
201300009660,13,9,15,230,3,1,1,2,7,163,,M,0000000,0000000,370
201300009661,13,9,22,1130,1,1,1,1,1,131,X,M,0000000,0000000,370
201300009662,13,10,18,1745,1,1,1,1,1,043,,M,0000000,0000000,370
201300009663,13,10,19,1245,1,1,1,1,3,131,LES  PILLAUDIERES,M,0000000,0000000,370
201300009664,13,11,13,1815,3,1,1,2,1,003,,M,0000000,0000000,370
201300009665,13,12,5,2200,3,2,1,1,1,003,D31 PK 27+326,M,0000000,0000000,370
201300009666,13,12,28,1600,1,1,1,1,5,185,,M,0000000,0000000,370
201300009667,13,12,20,1230,1,1,1,7,1,018,,M,0000000,0000000,370
201300009668,13,1,30,1730,2,1,1,7,2,002,,M,0000000,0000000,370
201300009669,13,2,9,715,3,1,1,9,4,251,LE FRESNE,M,0000000,0000000,370
201300009670,13,8,7,2300,4,2,1,3,6,217,D952,M,0000000,0000000,370
201300009671,13,9,4,1430,1,1,1,1,6,002,,M,0000000,0000000,370
201300009672,13,9,6,145,3,1,1,1,7,081,,M,0000000,0000000,370
201300009673,13,10,22,930,1,2,2,1,3,109,CHAUSSUMIER/ALFRE MUSSET,M,0000000,0000000,370
201300009674,13,12,28,1700,3,1,1,9,4,109,,M,0000000,0000000,370
201300009675,13,12,29,1045,1,1,1,1,1,237,,M,0000000,0000000,370
201300009676,13,12,30,1530,1,1,1,8,1,002,,M,0000000,0000000,370
201300009677,13,1,9,1915,5,1,1,8,6,054,,M,0000000,0000000,370
201300009678,13,2,23,2115,5,2,1,1,1,245,38 Rue Foulques Nera,M,0000000,0000000,370
201300009679,13,3,16,2315,5,2,1,1,6,021,rue du 11 Novembre,M,0000000,0000000,370
201300009680,13,3,22,1515,1,1,1,1,7,170,,M,0000000,0000000,370
201300009681,13,6,12,945,1,1,1,1,6,059,,M,0000000,0000000,370
201300009682,13,7,13,1030,1,2,1,1,6,167,CD 766,M,0000000,0000000,370
201300009683,13,7,12,2245,3,1,2,1,3,245,,M,0000000,0000000,370
201300009684,13,8,24,1600,1,2,1,1,6,245,RUE FOULQUES NERRA,M,0000000,0000000,370
201300009685,13,8,25,815,1,1,1,8,7,068,,M,0000000,0000000,370
201300009686,13,9,4,1430,1,1,2,1,3,047,,M,0000000,0000000,370
201300009687,13,9,10,1545,1,1,1,1,6,021,LA BARDE,M,0000000,0000000,370
201300009688,13,9,13,1400,1,1,1,1,7,135,x,M,0000000,0000000,370
201300009689,13,1,2,1400,1,1,1,1,1,270,,M,0000000,0000000,370
201300009690,13,1,29,830,1,2,3,2,3,203,rue des clouets,M,0000000,0000000,370
201300009691,13,2,1,1230,1,1,1,2,3,281,,M,4740800,0080700,370
201300009692,13,2,24,1830,2,2,1,1,3,203,rue du commandant mathie,M,0000000,0000000,370
201300009693,13,3,1,1030,1,1,1,1,3,224,LES FORESTIERES,M,0000000,0000000,370
201300009694,13,3,29,1800,1,1,1,3,6,179,,M,0000000,0000000,370
201300009695,13,4,15,2030,1,2,7,1,6,194,3 rue de la Republique,M,0000000,0000000,370
201300009696,13,4,30,2215,3,1,1,8,6,153,,M,0000000,0000000,370
201300009697,13,5,8,215,3,1,1,1,7,203,,M,0000000,0000000,370
201300009698,13,5,5,2030,1,1,1,1,7,224,,M,0000000,0000000,370
201300009699,13,6,14,1415,1,1,1,1,2,281,LA FRIELIERE,M,0000000,0000000,370
201300009700,13,7,17,1300,1,1,1,1,1,009,transport exceptionnel,M,0000000,0000000,370
201300009701,13,7,20,2315,3,1,1,1,7,153,,M,0000000,0000000,370
201300009702,13,7,29,1730,1,1,1,1,2,281,,M,4740300,0082200,370
201300009703,13,8,16,1115,1,1,1,1,1,276,,M,0000000,0000000,370
201300009704,13,9,2,1630,1,1,1,1,3,153,,M,0000000,0000000,370
201300009705,13,9,9,1900,1,2,2,1,1,153,CARREFOUR RD 910/28,M,0000000,0000000,370
201300009706,13,9,20,600,3,1,1,1,2,179,,M,0000000,0000000,370
201300009707,13,9,24,1500,1,1,2,1,3,224,,M,0000000,0000000,370
201300009708,13,11,6,2100,3,1,1,2,6,169,,M,0000000,0000000,370
201300009709,13,1,9,1830,2,2,1,1,3,072,rue gambetta,M,0000000,0000000,370
201300009710,13,1,13,1715,2,1,1,1,7,074,LA GRAVIERE,M,0000000,0000000,370
201300009711,13,1,23,2200,5,2,6,1,7,011,AVENUE DE LA REPUBLIQUE,M,0000000,0000000,370
201300009712,13,2,27,1730,1,2,1,1,3,031,rue Picard,M,0000000,0000000,370
201300009713,13,4,1,2300,3,1,2,1,3,011,,M,0000000,0000000,370
201300009714,13,4,13,930,1,2,1,8,6,120,30 rue de la galotiere,M,0000000,0000000,370
201300009715,13,4,17,2330,3,2,1,1,6,072,rue Diderot,M,0000000,0000000,370
201300009716,13,6,4,300,3,1,1,1,1,072,rue pierre galle,M,0000000,0000000,370
201300009717,13,6,22,1045,1,2,1,1,2,031,,M,0000000,0000000,370
201300009718,13,7,14,2000,1,1,1,1,7,072,lieudit Parilly,M,0000000,0000000,370
201300009719,13,7,17,1630,1,2,1,1,6,072,Quai Jeanne d'Arc,M,0000000,0000000,370
201300009720,13,8,8,1845,1,2,1,1,6,031,07 route de gizeux,M,0000000,0000000,370
201300009721,13,8,16,1900,1,1,1,1,6,228,,M,0000000,0000000,370
201300009722,13,9,5,1530,1,1,6,1,7,118,,M,0000000,0000000,370
201300009723,13,9,21,945,1,1,1,1,6,144,,M,0000000,0000000,370
201300009724,13,10,1,1830,1,1,1,1,1,058,,M,0000000,0000000,370
201300009725,13,12,9,800,2,1,1,5,3,058,,M,0000000,0000000,370
201300009726,13,8,26,930,1,1,1,1,1,014,,M,0000000,0000000,370
201300009727,13,9,27,2045,5,2,1,2,7,123,PLACE DU 14 JUILLET,M,0000000,0000000,370
201300009728,13,11,15,845,1,1,1,8,1,232,,M,0000000,0000000,370
201300009729,13,12,1,1730,5,2,1,1,6,205,rue sainte anne,M,0000000,0000000,370
201300009730,13,2,3,1700,1,1,1,1,6,226,,M,0000000,0000000,370
201300009731,13,2,7,1000,1,2,1,7,6,119,quai de la poissonnerie,M,0000000,0000000,370
201300009732,13,4,10,2045,2,1,1,3,3,040,,M,0000000,0000000,370
201300009733,13,5,29,2030,1,1,3,1,3,125,,M,0000000,0000000,370
201300009734,13,6,1,1345,1,1,1,1,6,278,LES BERGEONS,M,0000000,0000000,370
201300009735,13,6,15,200,3,2,1,1,6,065,15 route de tours,M,0000000,0000000,370
201300009736,13,7,15,1545,1,1,1,1,6,034,,M,0000000,0000000,370
201300009737,13,7,27,1815,1,1,1,1,7,178,RUE DE LA VIENNE,M,0000000,0000000,370
201300009738,13,8,15,430,3,1,1,1,6,165,,M,0000000,0000000,370
201300009739,13,8,25,2030,3,1,1,2,7,005,,M,0000000,0000000,370
201300009740,13,9,18,1245,1,2,6,8,3,226,AVENUE DU GL DE GAULLE,M,0000000,0000000,370
201300009741,13,11,27,1115,1,1,1,1,3,199,,M,0000000,0000000,370
201300009742,13,12,23,1130,1,1,1,1,3,212,,M,0000000,0000000,370
201300009743,13,2,9,1945,3,1,1,3,4,016,,M,0000000,0000000,370
201300009744,13,3,20,1245,1,1,1,1,1,049,,M,0000000,0000000,370
201300009745,13,3,31,1730,1,1,1,1,7,132,,M,0000000,0000000,370
201300009746,13,5,15,800,1,1,1,1,3,132,,M,0000000,0000000,370
201300009747,13,6,8,1115,1,1,9,1,3,108,,M,0000000,0000000,370
201300009748,13,6,20,1730,1,2,1,1,6,192,CROISEMENT D17 ET D58,M,0000000,0000000,370
201300009749,13,7,5,2100,1,1,2,1,3,111,,M,0000000,0000000,370
201300009750,13,7,10,1445,1,1,1,1,5,132,,M,0000000,0000000,370
201300009751,13,8,22,1900,1,1,1,1,1,222,,M,0000000,0000000,370
201300009752,13,9,13,1600,1,2,1,1,2,132,rue de l'Amiral de Point,M,4714200,0100200,370
201300009753,13,9,20,815,1,2,2,1,1,183,RD943,M,0000000,0000000,370
201300009754,13,11,24,1530,1,1,1,1,1,269,NON PRECISEE,M,0000000,0000000,370
201300009755,13,2,16,745,2,1,1,5,5,061,,M,0000000,0000000,370
201300009756,13,6,16,630,2,2,8,1,7,113,Avenue andre theuriet,M,0000000,0000000,370
201300009757,13,4,7,1745,1,2,1,1,6,001,3 rue Bellevue,M,4694600,0072900,370
201300009758,13,6,19,1830,1,1,1,1,3,098,,M,0000000,0000000,370
201300009759,13,4,16,1000,1,2,1,1,6,159,33 RUE DES GRANGES,M,0000000,0000000,370
201300009760,13,6,25,830,1,2,1,1,2,159,28 rue de la foret,M,0000000,0000000,370
201300009761,13,7,7,1615,1,1,1,1,7,104,,M,0000000,0000000,370
201300009762,13,9,16,1730,1,2,1,1,1,032,15 RUE DE BAS RIVIERE,M,4755850,0131114,410
201300009763,13,9,29,1715,1,1,1,1,3,067,,M,4749860,0147001,410
201300009764,13,6,1,1230,1,1,1,1,7,006,,M,4789530,0143990,410
201300009765,13,11,1,1845,4,2,1,3,6,253,29 rue du moulin,M,4777200,0144900,410
201300009766,13,1,4,1200,1,1,1,1,1,206,,M,4764310,0136992,410
201300009767,13,1,7,1615,1,1,1,2,2,220,,,,,410
201300009768,13,3,3,1700,1,1,1,1,6,220,,M,4769270,0157042,410
201300009769,13,4,25,730,1,2,1,7,6,252,RUE LUCIEN MIGNAT,M,4766730,0146204,410
201300009770,13,4,27,2145,3,1,1,1,6,039,,,,,410
201300009771,13,7,7,1030,1,1,1,7,1,136,,M,0000000,0000000,410
201300009772,13,8,21,1715,1,1,1,1,7,252,,M,4768650,0148838,410
201300009773,13,9,4,1815,1,1,2,1,1,220,,M,4773510,0164732,410
201300009774,13,10,5,2345,5,2,1,1,6,136,RD 2152 CROISEMENT RD112,M,4770060,0151027,410
201300009775,13,10,16,1830,1,2,1,1,6,136,ROUTE DE BLOIS,M,4769900,0150378,410
201300009776,13,11,6,2015,3,1,3,8,3,071,,M,0000000,0000000,410
201300009777,13,11,11,1630,1,2,1,8,6,130,D924 PK 25+200,M,4773960,0133402,410
201300009778,13,11,28,530,3,1,1,1,2,136,,M,4771450,0153153,410
201300009779,13,1,13,1415,1,1,1,2,7,009,,,,,410
201300009780,13,3,14,1645,1,1,1,1,1,167,,M,4749170,0119978,410
201300009781,13,7,14,100,5,2,1,1,6,137,16 ROUTE DE TOURAINE,M,4750670,0112200,410
201300009782,13,8,22,815,1,1,1,1,1,055,,M,4750730,0124398,410
201300009783,13,9,11,1945,3,1,1,1,6,234,,M,4758990,0112893,410
201300009784,13,10,30,1745,2,1,3,1,1,055,,M,4752210,0125342,410
201300009785,13,11,11,500,3,2,1,5,7,272,RD 752,M,4747210,0112749,410
201300009786,13,2,6,745,2,2,1,7,3,106,ROUTE DE VIERZON,M,4759140,0202361,410
201300009787,13,5,22,1600,1,1,1,8,3,296,,M,4763110,0204833,410
201300009788,13,6,22,1400,1,2,9,1,6,232,IMPASSE DE LA COTONERIE,,,,410
201300009789,13,9,5,2130,5,2,1,1,5,232,AVENUE D ORLEANS,M,4743370,0204956,410
201300009790,13,10,14,615,3,1,1,8,1,159,,M,0000000,0000000,410
201300009791,13,12,5,730,2,1,1,1,1,046,,M,4766820,0191632,410
201300009792,13,3,2,1215,1,2,1,1,3,242,AVENUE DU TPG ALBERT,,,,410
201300009793,13,7,6,2045,1,1,1,1,6,140,,M,4743460,0181132,410
201300009794,13,7,6,2315,3,1,1,1,6,271,,M,4748050,0172575,410
201300009795,13,7,24,2245,3,1,1,1,1,185,,M,4737470,0169119,410
201300009796,13,9,20,615,2,1,2,1,2,287,,M,4774430,0103796,410
201300009797,13,1,5,1030,1,1,1,8,7,248,,M,4806260,0083168,410
201300009798,13,1,23,1545,1,2,1,1,3,143,57 RUE LEROY,M,4798260,0090701,410
201300009799,13,2,16,1900,3,2,1,5,1,028,RD 357,M,4789300,0112849,410
201300009800,13,4,17,1315,1,1,2,1,3,041,,M,4798350,0100442,410
201300009801,13,6,29,2130,2,1,2,1,3,275,,M,4789220,0108241,410
201300009802,13,1,24,845,1,1,9,8,1,214,,M,0000000,0000000,330
201300009803,13,7,19,1915,1,1,1,1,1,214,,M,0000000,0000000,330
201300009804,13,9,22,1930,2,1,1,1,1,503,,M,0000000,0000000,330
201300009805,13,2,19,1530,1,1,1,1,3,234,,M,4782954,-349722,290
201300009806,13,3,31,630,4,1,1,1,6,233,IMPASSE DE TRELIVALAIRE,M,4786386,-356977,290
201300009807,13,4,23,900,1,1,1,1,3,002,,M,4788842,-341252,290
201300009808,13,6,19,2100,1,2,1,2,6,233,,M,4786957,-356124,290
201300009809,13,7,10,615,2,1,1,1,6,234,,M,4785530,-348298,290
201300009810,13,9,17,1400,1,1,1,2,1,297,,M,4791812,-351658,290
201300009811,13,9,24,1630,1,2,1,1,7,233,Route de Lorient,M,4786406,-352430,290
201300009812,13,10,16,1415,1,1,1,8,6,230,,M,4794599,-350806,290
201300009813,13,4,29,1430,1,1,1,1,3,031,,M,4781401,-356210,290
201300009814,13,5,2,2230,3,1,1,1,6,293,,M,4781758,-382976,290
201300009815,13,6,9,30,3,1,1,1,2,300,,M,4787723,-365335,290
201300009816,13,6,30,115,3,1,1,1,6,217,,M,4784869,-378675,290
201300009817,13,9,1,1830,1,1,1,1,1,031,,M,4778139,-359190,290
201300009818,13,9,2,730,1,1,1,1,3,293,Kereven,M,4785338,-383081,290
201300009819,13,9,4,915,1,2,1,7,6,293,rue de Pont Aven,M,4785692,-378156,290
201300009820,13,9,7,1830,1,1,1,7,6,236,,M,4783215,-373308,290
201300009821,13,11,20,1730,2,1,1,2,2,300,,M,4787752,-363951,290
201300009822,13,3,15,1330,1,2,1,1,6,004,PLACE DES FUSILLES,M,4793249,-369794,290
201300009823,13,4,14,645,2,1,1,1,6,269,,M,4797880,-363386,290
201300009824,13,4,26,1530,1,1,1,1,1,004,,M,4795959,-365307,290
201300009825,13,5,6,1930,1,1,1,1,6,241,,M,4795238,-386834,290
201300009826,13,6,16,2030,1,1,1,1,7,004,,M,4792317,-367358,290
201300009827,13,6,27,830,1,2,1,1,1,281,,M,4802304,-382837,290
201300009828,13,8,31,545,3,1,1,1,7,146,,M,4790654,-385389,290
201300009829,13,8,14,1945,2,1,4,7,1,274,,M,4800598,-375003,290
201300009830,13,8,20,930,1,1,1,1,1,300,,M,4789421,-361795,290
201300009831,13,10,13,1045,1,1,1,1,3,004,,M,4793914,-374890,290
201300009832,13,12,14,1930,3,1,1,8,6,049,,M,4804367,-397465,290
201300009833,13,12,22,2330,4,2,1,2,6,241,Rue Saint Eloi,M,4795783,-384873,290
201300009834,13,1,11,2330,3,1,1,1,6,088,,M,0000000,0000000,130
201300009835,13,7,26,1915,1,1,1,1,3,033,,M,4337832,0518741,130
201300009836,13,12,10,1530,1,1,1,1,3,033,,M,0000000,0000000,130
201300009837,13,1,8,1545,1,1,1,2,1,055,C2,M,4908540,0246760,950
201300009838,13,5,18,1330,1,2,1,1,6,149,R DES BRULIS,M,4912410,0243350,950
201300009839,13,5,27,1700,1,2,1,1,7,149,RTE DE BAILLON,M,4912930,0242070,950
201300009840,13,6,14,1800,1,2,1,1,6,149,R DES BRULIS,M,4912260,0243970,950
201300009841,13,1,16,1200,1,2,1,1,6,116,R DE BERNES,M,4915760,0232120,950
201300009842,13,7,4,130,3,1,1,1,7,652,CHE DES GLAISES,M,4912220,0238480,950
201300009843,13,7,19,2030,2,1,6,1,6,026,RD 922,M,4913850,0236050,950
201300009844,13,8,13,1830,1,2,1,1,3,116,R DE BERNES,M,4915680,0232430,950
201300009845,13,12,31,500,3,1,1,2,6,352,RD 316,M,4911650,0242920,950
201300009846,13,3,25,1715,1,2,1,1,3,199,All?e Marcel Pagnol,M,4463600,-107400,330
201300009847,13,4,3,1745,1,2,2,1,3,199,Route des lacs,M,0000000,0000000,330
201300009848,13,6,14,1830,1,2,1,1,3,199,59 avenue tassigny,M,0000000,0000000,330