Num_Acc,an,mois,jour,hrmn,lum,agg,int,atm,col,com,adr,gps,lat,long,dep
201300009849,13,8,18,930,1,1,6,1,3,199,,M,0000000,0000000,330
201300009850,13,10,3,2230,5,2,1,1,2,199,,M,4464100,-110200,330
201300009851,13,12,19,1800,2,2,1,2,3,199,Avenue de C?sar?e,M,4463600,-107200,330
201300009852,13,2,26,1100,1,1,4,1,1,146,,M,0000000,0000000,870
201300009853,13,3,24,515,3,2,1,1,6,205,Avenue corot,M,0000000,0000000,870
201300009854,13,10,15,1730,1,2,1,2,4,169,Avenue de Limoges,M,0000000,0000000,870
201300009855,13,1,3,1441,1,2,6,1,2,155,JUIN AV.MARECHAL,,,,060
201300009856,13,1,4,1012,1,2,6,1,6,004,GRASSE RTE DE,,,,060
201300009857,13,1,4,1025,1,2,1,1,6,004,"55, CANNES(RN.7) AV.DE",,,,060
201300009858,13,1,5,1900,5,2,3,1,3,004,SOLEAU AV.ROBERT,,,,060
201300009859,13,1,7,1750,5,2,1,1,6,004,"506, SUQUETTE CH.DE LA",,,,060
201300009860,13,1,9,1535,1,2,2,1,3,004,WILSON BD,,,,060
201300009861,13,1,11,844,1,2,1,1,6,155,LIBERTE AV.DE LA,,,,060
201300009862,13,1,11,1805,3,2,1,1,6,004,"47, POINCARE BD RAYMOND",,,,060
201300009863,13,1,14,1845,5,2,1,2,6,155,BRUSQUETS CH.DES,,,,060
201300009864,13,1,15,1545,1,2,1,1,6,155,IMPINIERS TRAV.CH.ET MON,,,,060
201300009865,13,1,15,1840,5,2,1,1,6,155,"24, CLEMENCEAU AV.GEORGE",,,,060
201300009866,13,1,21,710,2,2,1,1,6,004,BRIAND AV.ARISTIDE,,,,060
201300009867,13,1,21,1955,5,1,9,1,2,004,BIOT (CD.4) RTE DE,,,,060
201300009868,13,1,23,1539,1,2,1,1,1,004,"60, JAMES WYLLIE BD",M,4356896,0713087,060
201300009869,13,1,24,1340,1,2,1,1,5,004,BADINE RTE DE LA,,,,060
201300009870,13,1,26,2050,5,2,1,1,6,004,"63 bis, ROCHAT AV.PHILIP",,,,060
201300009871,13,1,28,800,1,2,1,2,3,004,"420, NICE(RN.7) AV.ET RT",,,,060
201300009872,13,1,28,900,1,2,1,2,4,004,"420, NICE(RN.7) AV.ET RT",,,,060
201300009873,13,1,28,1530,1,2,3,1,3,004,"1, NICE(RN.7) AV.ET RTE",,,,060
201300009874,13,2,3,1225,1,2,1,1,3,155,"1458, RN.7",,,,060
201300009875,13,2,6,2215,5,2,1,1,6,004,"635, AMES DU PURGATOIRE",,,,060
201300009876,13,2,8,1740,2,2,1,8,6,004,"635, QUATRE CHEMINS CH.D",,,,060
201300009877,13,2,10,950,1,2,1,1,7,155,MARTYRS DE LA RESISTANCE,,,,060
201300009878,13,2,10,1530,5,1,1,1,6,155,SAINT BERNARD CH.,,,,060
201300009879,13,2,13,2205,4,2,1,1,6,004,"17, POINCARE BD RAYMOND",,,,060
201300009880,13,2,15,1344,1,2,1,1,5,155,"1, CLEMENCEAU AV.GEORGES",,,,060
201300009881,13,2,16,250,5,2,1,1,6,004,"42, SABLES CH.ET ALLEE",,,,060
201300009882,13,2,26,1750,1,2,1,1,6,004,"12, HONORAT RUE ST",,,,060
201300009883,13,3,2,2320,5,2,1,1,6,155,"19, MASSIER AV.ET IMP.CL",,,,060
201300009884,13,3,13,1700,1,1,2,1,3,004,"2081, RD6007",,,,060
201300009885,13,3,13,849,1,1,1,1,3,155,"1130, RD6007",,,,060
201300009886,13,3,20,525,5,2,1,2,6,004,JAMES WYLLIE BD,,,,060
201300009887,13,3,21,1606,1,2,1,1,4,004,NICE(RN.7) AV.ET RTE DE,,,,060
201300009888,13,3,21,2315,5,2,2,1,3,004,"19, VAUTRIN BD DU GENERA",,,,060
201300009889,13,3,23,455,5,2,1,1,6,004,"1, PINEDE BD DE LA",,,,060
201300009890,13,3,24,439,5,1,1,2,6,004,RD6098,,,,060
201300009891,13,3,25,1730,1,2,3,1,1,155,GAULLE AV.DU GENERAL DE,,,,060
201300009892,13,3,25,1715,1,2,1,1,3,004,NICE(RN.7) AV.ET RTE DE,,,,060
201300009893,13,3,26,924,1,2,9,2,3,004,"0, ONZE NOVEMBRE AV.DU",,,,060
201300009894,13,3,28,1920,5,2,1,2,6,155,"637, IMPINIERS TRAV.CH.E",,,,060
201300009895,13,3,29,905,1,2,1,1,3,004,JAMES WYLLIE BD,,,,060
201300009896,13,3,29,1329,1,2,1,1,6,155,HOPITAL AV.DE,,,,060
201300009897,13,3,29,1430,1,2,1,1,2,155,LIBERTE AV.DE LA,,,,060
201300009898,13,3,29,1712,1,2,1,1,6,004,"11, BAUDOIN BD EDOUARD",,,,060
201300009899,13,4,1,1515,1,2,5,8,3,155,LIBERTE AV.DE LA,,,,060
201300009900,13,4,2,1310,1,2,3,1,3,004,CONSTANCE CH.DE LA,,,,060
201300009901,13,4,3,1642,1,2,1,1,6,155,"152, LIBERTE AV.DE LA",,,,060
201300009902,13,4,5,1016,1,2,1,1,6,155,"16, TAPIS VERT AV.DU",,,,060
201300009903,13,4,8,1640,1,2,1,2,3,004,"321, GREC AV.JULES",,,,060
201300009904,13,4,12,925,1,2,1,1,3,004,"277, SAINT JEAN RTE ET C",,,,060
201300009905,13,4,13,400,5,1,6,1,6,004,R.N.98 BORD DE MER SIEST,,,,060
201300009906,13,4,13,1100,1,2,9,1,3,004,"42, CHATAIGNIERS AV.DU",,,,060
201300009907,13,4,15,1315,1,2,1,1,3,155,IMPINIERS TRAV.CH.ET MON,,,,060
201300009908,13,4,15,1235,1,1,1,1,1,004,BIOT (CD.4) RTE DE,,,,060
201300009909,13,4,16,1830,1,2,1,1,2,004,RD6007,,,,060
201300009910,13,4,17,1225,1,2,6,1,3,004,GRASSE RTE DE,,,,060
201300009911,13,4,18,1225,1,2,1,1,3,004,CANNES(RN.7) AV.DE,,,,060
201300009912,13,4,18,1100,1,2,1,1,3,004,LITTORAL(BDM APRES BIJOU,,,,060
201300009913,13,4,20,1715,1,2,1,1,3,004,"28, POINCARE BD RAYMOND",,,,060
201300009914,13,4,21,1020,1,2,1,1,3,004,"38, NICE(RN.7) AV.ET RTE",,,,060
201300009915,13,4,22,38,5,2,1,2,1,004,"85, POINCARE BD RAYMOND",,,,060
201300009916,13,4,30,754,1,2,1,2,6,004,"1260, GREC AV.JULES",,,,060
201300009917,13,4,30,1830,1,2,1,1,6,004,GUILLAUMONT BD CHARLES,,,,060
201300009918,13,4,30,2311,5,2,1,2,6,004,GRAND CAVALIER AV.DU,,,,060
201300009919,13,5,3,1200,1,2,3,1,3,004,NICE(RN.7) AV.ET RTE DE,M,4359626,0712004,060
201300009920,13,5,3,1553,1,2,9,1,3,004,"145, GRASSE RTE DE",,,,060
201300009921,13,5,3,1825,1,2,1,1,3,004,"516, NICE(RN.7) AV.ET RT",,,,060
201300009922,13,5,5,1020,1,2,3,1,3,004,SAINT MAYMES CH.DE,,,,060
201300009923,13,5,6,1650,1,2,1,1,3,004,DEUXIEME AVENUE,,,,060
201300009924,13,5,13,2000,1,2,1,1,1,155,"50, LIBERTE AV.DE LA",,,,060
201300009925,13,5,15,1710,1,2,3,1,4,155,"198, LIBERTE AV.DE LA",,,,060
201300009926,13,5,16,1540,1,2,1,1,2,004,"18, VALMASQUE AV.DE LA",,,,060
201300009927,13,5,18,1935,2,2,1,3,6,004,BEAURIVAGE BD ET BD PROL,,,,060
201300009928,13,5,19,1050,1,2,1,1,2,004,"31, GUILLAUMONT BD CHARL",,,,060
201300009929,13,5,22,1810,1,2,4,3,1,004,"324, GRASSE RTE DE",,,,060
201300009930,13,5,24,1310,1,2,1,1,3,004,"321, GREC AV.JULES",,,,060
201300009931,13,5,29,1005,1,2,1,1,3,155,"1856, SAINT BERNARD CH.",,,,060
201300009932,13,5,12,1730,1,1,1,1,5,004,"650, DELMAS BD PIERRE",,,,060
201300009933,13,5,31,1630,1,2,1,1,6,004,VAUTRIN BD DU GENERAL,,,,060
201300009934,13,6,2,1345,1,2,1,1,3,004,"63, NICE(RN.7) AV.ET RTE",,,,060
201300009935,13,6,2,2100,5,1,1,1,2,004,R.N.98 BORD DE MER SIEST,,,,060
201300009936,13,6,5,740,1,2,9,1,3,004,"2, ROCHAT AV.PHILIPPE",,,,060
201300009937,13,6,5,1307,1,2,1,1,2,004,"2203, SAINT CLAUDE CH.DE",,,,060
201300009938,13,6,8,710,2,2,2,1,3,004,SAINT JEAN RTE ET CH.DE,,,,060
201300009939,13,6,8,1210,1,2,1,1,6,004,"5, WILSON BD",,,,060
201300009940,13,6,8,1749,1,2,1,1,3,004,"63, POINCARE BD RAYMOND",,,,060
201300009941,13,6,8,2115,5,2,1,1,3,004,"48, BAUDOIN BD EDOUARD",,,,060
201300009942,13,6,10,1730,1,2,3,1,2,155,"95, LIBERTE AV.DE LA",,,,060
201300009943,13,6,10,2343,5,2,1,1,6,155,"16, ROUSTAN AV.ET BD DES",,,,060
201300009944,13,6,7,2340,3,2,2,1,3,004,VAUTRIN BD DU GENERAL,,,,060
201300009945,13,6,18,1400,1,2,1,1,2,155,"1, ROUSTAN AV.ET BD DES",,,,060
201300009946,13,6,19,734,2,2,1,1,6,004,"5, PAUL RUE MARCEL",,,,060
201300009947,13,6,19,1625,1,2,1,1,2,004,"129, POINCARE BD RAYMOND",,,,060
201300009948,13,6,21,825,1,2,2,1,2,004,"112, WILSON BD",,,,060
201300009949,13,6,21,1610,1,2,1,1,3,004,"1966, SAINT CLAUDE CH.DE",,,,060
201300009950,13,6,21,1445,1,2,1,1,3,155,SAINT BERNARD CH.,,,,060
201300009951,13,6,21,2110,5,2,1,1,3,004,SAINTE MARGUERITE RUE,,,,060
201300009952,13,6,22,825,1,1,1,1,5,004,RD6098,,,,060
201300009953,13,6,22,1840,1,2,1,1,3,004,"873, SAINT JEAN RTE ET C",,,,060
201300009954,13,6,25,730,1,2,3,1,5,155,MASSIER AV.ET IMP.CLEMEN,,,,060
201300009955,13,6,26,1305,1,2,1,1,7,004,"55, CANNES(RN.7) AV.DE",,,,060
201300009956,13,6,26,1726,1,2,3,1,6,004,"0, MERMOZ AV.",,,,060
201300009957,13,6,26,1840,1,2,1,1,5,004,C.D. 35 BIS,,,,060
201300009958,13,6,27,1848,1,2,2,1,3,004,"35, REIBAUD AV.",,,,060
201300009959,13,6,28,1055,1,2,2,1,3,004,"1, BIOT (CD.4) RTE DE",,,,060
201300009960,13,6,29,1746,1,2,3,1,2,155,"222, LIBERTE AV.DE LA",,,,060
201300009961,13,6,29,2335,5,2,4,1,6,004,"129, MEILLAND BD FRANCIS",,,,060
201300009962,13,7,1,850,1,2,1,1,2,004,"0, RD6098",,,,060
201300009963,13,7,2,1105,1,2,1,1,2,004,"08 bis, ONZE NOVEMBRE AV",,,,060
201300009964,13,7,2,1155,1,2,1,1,6,004,"16, FOURNEL BADINE CH.ET",,,,060
201300009965,13,7,2,1455,1,2,1,1,3,004,"105, POINCARE BD RAYMOND",,,,060
201300009966,13,7,3,2230,5,2,2,1,3,004,"13, VAUTRIN BD DU GENERA",,,,060
201300009967,13,7,4,1525,1,2,2,1,3,155,LIBERTE AV.DE LA,,,,060
201300009968,13,7,5,220,5,2,1,1,6,004,"52, BAUDOIN BD EDOUARD",,,,060
201300009969,13,7,5,1545,1,2,1,1,6,004,"16, WILSON BD",,,,060
201300009970,13,7,6,905,1,2,1,1,3,004,"148, KENNEDY BD J F",,,,060
201300009971,13,7,8,850,1,2,1,1,5,004,"00, TROIS MOULINS RUE DE",,,,060
201300009972,13,7,9,645,1,2,3,1,7,004,BAINS AV.ET IMP.DES,,,,060
201300009973,13,7,12,1900,1,2,1,1,3,004,"2495, SAINT CLAUDE CH.DE",,,,060
201300009974,13,7,12,2045,1,2,9,1,3,155,CLEMENCEAU AV.GEORGES,,,,060
201300009975,13,7,13,1423,1,2,1,1,3,004,JAMES WYLLIE BD,,,,060
201300009976,13,7,13,2045,2,2,3,1,3,004,POINCARE BD RAYMOND.,,,,060
201300009977,13,7,15,130,5,2,1,1,3,004,"1297, NICE(RN.7) AV.ET R",,,,060
201300009978,13,7,15,840,1,2,1,1,2,004,CHANCEL BD,,,,060
201300009979,13,7,15,1440,1,2,1,1,5,004,BIOT (CD.4) RTE DE,,,,060
201300009980,13,7,16,1855,1,2,1,1,6,155,TAPIS VERT AV.DU,,,,060
201300009981,13,7,17,1544,1,2,1,1,7,004,"168, BACON BD DU ET BD G",,,,060
201300009982,13,7,17,1700,1,2,6,1,3,004,TROIS MOULINS RUE DES,,,,060
201300009983,13,7,16,1954,1,2,1,1,6,004,"11, BAUDOIN BD EDOUARD",,,,060
201300009984,13,7,18,905,1,2,3,2,3,004,", KENNEDY BD J.F.",,,,060
201300009985,13,7,18,1622,1,2,1,1,3,004,"0, SAINT JEAN RTE ET CH.",,,,060
201300009986,13,7,20,210,5,1,1,1,7,004,"1965, NICE(RN.7) AV.ET R",,,,060
201300009987,13,7,21,300,5,1,1,1,6,004,MICHARD PELISSIER AV.JEA,,,,060
201300009988,13,7,22,1459,1,2,1,1,6,155,"212, LIBERTE AV.DE LA",,,,060
201300009989,13,7,29,1125,1,2,1,1,2,004,"1, BIOT (CD.4) RTE DE",,,,060
201300009990,13,7,30,120,5,2,1,1,3,155,"55, LIBERTE AV.DE LA",,,,060
201300009991,13,8,2,1100,1,2,3,1,2,004,"34, ROCHAT AV.PHILIPPE",,,,060
201300009992,13,8,2,1510,1,2,1,1,1,155,"1330, CANNET CH.DU",,,,060
201300009993,13,8,3,1125,1,2,1,1,4,004,"12, CHATAIGNIERS AV.DU",,,,060
201300009994,13,8,4,1306,1,2,3,1,3,155,"48, LIBERTE AV.DE LA",,,,060
201300009995,13,8,7,1010,1,2,1,1,3,004,NICE(RN.7) AV.ET RTE DE,,,,060
201300009996,13,8,3,1135,1,2,1,1,6,004,BRAGUE RTE DE LA,,,,060
201300009997,13,8,7,2240,3,2,3,1,3,155,"15, GAULLE AV.DU GENERAL",,,,060
201300009998,13,8,8,2235,5,2,2,1,6,004,"15, SADI CARNOT RUE",,,,060
201300009999,13,8,8,2345,5,2,1,1,3,004,"809, NICE(RN.7) AV.ET RT",,,,060
201300010000,13,8,11,1254,1,2,1,1,3,155,"53, RN.7",,,,060
201300010001,13,8,12,1420,1,2,1,1,6,155,"6, ROUSTAN AV.ET BD DES",,,,060
201300010002,13,8,12,1830,1,1,1,1,5,155,"1104, SAINT BERNARD CH.",,,,060
201300010003,13,8,13,1220,1,1,1,1,6,004,SAINT CLAUDE CH.DE,,,,060
201300010004,13,8,14,1643,1,2,1,1,3,004,"15, SOLEAU AV.ROBERT",,,,060
201300010005,13,8,15,1639,1,2,1,1,6,004,"35, BRICKA RUE",,,,060
201300010006,13,8,20,1050,1,2,9,1,3,004,"000, GALLICE AV.ET PASSA",,,,060
201300010007,13,8,21,950,1,2,3,1,3,004,SABLES CH.ET ALLEE,,,,060
201300010008,13,8,21,1544,1,2,1,1,2,004,"57, BEAUVERT CH.ET IMP.D",,,,060
201300010009,13,8,21,1805,1,2,9,1,1,004,"11, CHATAIGNIERS AV.DU",,,,060
201300010010,13,8,24,630,2,2,1,1,6,004,"127, GRASSE RTE DE",,,,060
201300010011,13,8,25,1313,1,2,1,1,6,004,ONZE NOVEMBRE AV.DU,,,,060
201300010012,13,8,26,1205,1,2,1,1,6,004,EUCALYPTUS AV.ET CH.DES,,,,060
201300010013,13,8,26,1900,2,2,1,1,6,155,"95, LIBERTE AV.DE LA",,,,060
201300010014,13,8,26,2340,5,2,1,1,1,004,"108, POINCARE BD RAYMOND",,,,060
201300010015,13,8,27,1500,1,2,1,2,3,004,"236, NICE(RN.7) AV.ET RT",,,,060
201300010016,13,8,30,1035,1,1,1,1,6,004,"84, ROCHAT AV.PHILIPPE",,,,060
201300010017,13,8,31,1515,1,2,1,1,6,004,RD6098,,,,060
201300010018,13,8,31,1922,2,2,1,1,2,004,"630, RABIAC ESTAGNOL CH.",,,,060
201300010019,13,9,1,1544,1,2,3,1,5,004,"52, JAMES WYLLIE BD",,,,060
201300010020,13,9,1,1810,1,1,1,1,3,004,"000, R.N.98 BORD DE MER",,,,060
201300010021,13,9,4,1021,1,2,2,1,6,004,"1, RD6007",,,,060
201300010022,13,9,4,1620,1,2,1,1,1,155,"218, LIBERTE AV.DE LA",,,,060
201300010023,13,9,5,600,1,2,3,1,6,004,"7, ROCHAT AV.PHILIPPE",,,,060
201300010024,13,9,6,1650,1,2,1,1,3,004,"93, POINCARE BD RAYMOND",,,,060
201300010025,13,9,2,1120,1,2,1,1,2,155,"0, JUIN AV.MARECHAL",,,,060
201300010026,13,9,8,1615,1,2,1,1,3,155,LIBERTE AV.DE LA,,,,060
201300010027,13,9,9,240,5,2,1,1,6,155,"2040, SAINT BERNARD CH.",,,,060
201300010028,13,9,10,958,1,2,1,1,2,155,ROUVIER BD MAURICE,,,,060
201300010029,13,9,13,1622,1,2,1,1,2,004,"701, NICE(RN.7) AV.ET RT",,,,060
201300010030,13,9,15,1715,1,2,1,1,6,155,"50, LIBERTE AV.DE LA",,,,060
201300010031,13,9,16,1000,1,2,1,1,3,155,"1, CANNES AV.DE",,,,060
201300010032,13,9,17,1050,1,2,3,1,3,155,ROUSTAN AV.ET BD DES FRE,,,,060
201300010033,13,9,17,1419,1,2,1,1,3,004,"73, POINCARE BD RAYMOND",,,,060
201300010034,13,9,19,750,1,2,1,1,6,155,"202, LIBERTE AV.DE LA",,,,060
201300010035,13,9,19,1035,1,2,7,1,6,004,"25, REPUBLIQUE RUE DE LA",,,,060
201300010036,13,9,23,1230,1,2,2,1,3,155,"132, LIBERTE AV.DE LA",,,,060
201300010037,13,9,23,1940,5,2,1,1,3,004,"55, CANNES(RN.7) AV.DE",,,,060
201300010038,13,9,24,1839,1,2,1,1,3,155,ROUSTAN AV.ET BD DES FRE,,,,060
201300010039,13,9,25,1310,1,2,1,1,3,004,"128, WILSON BD",,,,060
201300010040,13,9,26,740,1,2,1,1,2,004,"1, ONZE NOVEMBRE AV.DU",,,,060
201300010041,13,9,25,1005,1,2,1,1,1,004,"114, POINCARE BD RAYMOND",,,,060
201300010042,13,9,26,1800,1,2,1,1,6,004,"., GREC AV.JULES",,,,060
201300010043,13,9,27,1920,5,2,1,1,6,004,"67, VAL CLARET BD ET IMP",,,,060
201300010044,13,9,29,35,5,2,1,1,2,155,"55, ROUSTAN AV.ET BD DES",,,,060
201300010045,13,9,30,1400,1,2,1,1,3,004,BRIAND AV.ARISTIDE,,,,060
201300010046,13,10,1,725,1,2,1,1,3,004,"28, POINCARE BD RAYMOND",,,,060
201300010047,13,10,1,1910,1,2,3,1,3,004,"1, CHANCEL BD",,,,060
201300010048,13,10,5,1938,3,2,1,1,1,004,"1202, BRUSQUETS CH.DES M",,,,060
201300010049,13,10,7,600,5,2,3,2,1,004,"23, DUGOMMIER BD",,,,060
201300010050,13,10,8,640,5,2,1,1,2,155,RD6007,,,,060
201300010051,13,10,8,825,1,2,1,2,3,004,GRASSE RTE DE,,,,060
201300010052,13,10,8,1225,1,2,1,1,1,155,"1529, GRASSE AV.ET ROUTE",,,,060
201300010053,13,10,9,900,1,2,1,1,3,004,"1, ONZE NOVEMBRE AV.DU",,,,060
201300010054,13,10,12,415,5,2,1,1,6,004,RD6098,,,,060
201300010055,13,10,13,935,1,2,1,1,3,004,ROCHAT AV.PHILIPPE,,,,060
201300010056,13,10,13,1350,1,2,2,1,3,004,GAROUPE BD DE LA,,,,060
201300010057,13,10,16,1655,1,2,1,1,1,155,"1, GAULLE AV.DU GENERAL",,,,060
201300010058,13,10,5,2112,5,2,3,1,3,155,"54, CANNES AV.DE",,,,060
201300010059,13,10,17,1910,5,2,3,1,3,004,ROCHAT AV.PHILIPPE,,,,060
201300010060,13,10,19,1929,5,2,1,1,2,004,"125, WILSON BD",,,,060
201300010061,13,10,24,1241,1,2,1,1,7,004,"113, POINCARE BD RAYMOND",,,,060
201300010062,13,10,25,712,1,2,1,1,1,155,"152, LIBERTE AV.DE LA",,,,060
201300010063,13,10,25,838,1,2,1,1,2,155,"2791, SAINT BERNARD CH.",,,,060
201300010064,13,10,26,100,5,2,1,1,1,155,ROUSTAN AV.ET BD DES FRE,,,,060
201300010065,13,10,28,1045,1,2,1,1,6,004,"1, SAINT CLAUDE CH.DE",,,,060
201300010066,13,10,29,1453,1,2,1,1,6,004,"61, WILSON BD",,,,060
201300010067,13,11,1,1502,1,2,1,1,7,004,"31, NOVEMBRE 11 AVE",,,,060
201300010068,13,11,5,1425,1,2,1,1,3,155,"27, PICASSO AV.ET SQUARE",,,,060
201300010069,13,11,6,1050,1,2,1,1,6,155,"103, LINTIER CH.ET IMP.",,,,060
201300010070,13,11,7,1000,1,1,3,1,3,155,SAINT BERNARD CH.,,,,060
201300010071,13,11,10,1850,5,2,3,1,3,004,RABIAC ESTAGNOL CH.DE,,,,060
201300010072,13,11,11,1430,1,2,1,1,1,004,SAINT CLAUDE CH.DE,,,,060
201300010073,13,11,12,1810,5,2,6,1,3,004,"1, GRASSE RTE DE",,,,060
201300010074,13,11,13,840,1,1,1,1,1,004,"1, TROIS MOULINS RUE DES",,,,060
201300010075,13,11,14,1000,1,2,1,1,3,004,"47, ROCHAT AV.PHILIPPE",,,,060
201300010076,13,11,17,1300,1,2,3,1,1,004,"1297, NICE(RN.7) AV.ET R",,,,060
201300010077,13,11,20,745,1,2,1,1,5,004,"59, GRASSE RTE DE",,,,060
201300010078,13,11,22,1456,1,2,1,8,6,004,"2793, SAINT CLAUDE CH.DE",,,,060
201300010079,13,11,25,1715,5,2,1,1,6,004,"1, FOURNEL BADINE CH.ET",,,,060
201300010080,13,11,25,1755,3,2,1,1,6,004,"1, SAINT JEAN VIEUX CH.D",,,,060
201300010081,13,11,29,1030,1,2,1,7,1,004,COMBES CH.DES,,,,060
201300010082,13,12,1,1515,1,2,1,1,6,004,"18, WILSON BD",,,,060
201300010083,13,12,4,1430,1,2,1,1,5,004,BORD DE MER RN.98 LA SIE,,,,060
201300010084,13,12,5,1930,3,2,1,1,3,004,"100, SAINT JEAN RTE ET C",,,,060
201300010085,13,12,6,845,1,2,1,1,6,004,"14, REPUBLIQUE RUE DE LA",,,,060
201300010086,13,12,10,1540,1,2,1,9,6,004,QUATRE CHEMINS CH.DES,,,,060
201300010087,13,12,11,1715,5,1,6,1,2,004,EUCALYPTUS AV.ET CH.DES,,,,060
201300010088,13,12,11,1715,5,2,3,1,6,004,"670, SAINT CLAUDE CH.DE",,,,060
201300010089,13,12,13,1500,1,2,1,1,6,004,ONZE NOVEMBRE AV.DU,,,,060
201300010090,13,12,18,1700,3,2,1,1,3,004,BRIAND AV.ARISTIDE,,,,060
201300010091,13,12,18,1310,1,2,6,1,3,004,"1, QUATRE CHEMINS CH.DES",,,,060
201300010092,13,12,22,1745,5,2,1,1,3,155,"28, LIBERTE AV.DE LA",,,,060
201300010093,13,12,29,1145,1,2,1,1,6,004,JAMES WYLLIE BD,,,,060
201300010094,13,1,1,1330,1,2,3,1,3,027,NICE AVENUE DE (RN7),,,,060
201300010095,13,1,5,1340,1,2,1,1,3,123,BORD DE MER RN 98,,,,060
201300010096,13,1,9,1030,1,2,1,1,2,027,"34, RENOIR AVENUE AUGUST",,,,060
201300010097,13,1,10,1010,1,2,3,1,5,027,CANNES AVENUE DE (RN7),,,,060
201300010098,13,1,11,1930,1,2,1,1,3,027,"120, ALPES AVENUE DES",,,,060
201300010099,13,1,15,1205,1,2,1,1,3,123,"850, CURIE PIERRE ET MAR",,,,060
201300010100,13,1,18,820,1,2,4,1,3,027,BONAPARTE RUE,,,,060
201300010101,13,1,18,1915,5,2,1,1,6,123,DONADEI EUGENE AVENUE,,,,060
201300010102,13,1,22,1400,1,2,1,1,1,027,"30, FAUVETTES AVENUE DES",,,,060
201300010103,13,1,22,1745,5,2,3,1,3,027,VENCE ROUTE DE,,,,060
201300010104,13,1,22,1830,5,2,3,1,3,027,NICE AVENUE DE (RN7),,,,060
201300010105,13,1,23,800,1,2,1,2,5,027,"0, BESSET AVENUE CYRILLE",,,,060
201300010106,13,1,24,745,1,2,1,1,6,123,"177, PAGNOL MARCEL BOULE",,,,060
201300010107,13,2,2,1545,1,2,2,1,6,027,BIR HAKEIM RUE,,,,060
201300010108,13,2,5,1230,1,2,1,1,3,027,"132, NICE AVENUE DE (RN7",,,,060
201300010109,13,2,8,1905,5,1,3,1,3,027,NICE AVENUE DE (RN7),,,,060
201300010110,13,2,10,1030,1,2,1,1,2,027,"112, PLAGE BOULEVARD DE",,,,060
201300010111,13,2,11,750,2,2,1,3,6,123,"99, ST EXUPERY AVENUE",,,,060
201300010112,13,2,13,1005,1,2,1,1,3,123,"233, ISCLES CHEMIN DES",,,,060
201300010113,13,2,19,2030,5,2,1,1,3,123,DONADEI EUGENE AVENUE,,,,060
201300010114,13,2,28,1040,1,2,1,1,6,123,"29, ANCIEN PONT RUE DE L",,,,060
201300010115,13,3,5,1730,2,2,1,2,2,027,"27, VALLIERES CHEMIN DES",,,,060
201300010116,13,3,6,820,1,2,1,3,2,123,BORD DE MER RN 98,,,,060
201300010117,13,3,6,1915,4,2,1,1,6,027,ZIEM AVENUE,,,,060
201300010118,13,3,10,1250,1,2,1,1,6,123,POMPIDOU GEORGES BOULEVA,,,,060
201300010119,13,3,10,1420,1,2,1,1,3,027,"51, GRASSE AVENUE DE",,,,060
201300010120,13,3,12,730,1,2,1,1,3,027,BESSET AVENUE CYRILLE,,,,060
201300010121,13,3,12,1215,1,2,1,1,3,027,"35, GRASSE AVENUE DE",,,,060
201300010122,13,3,11,845,1,2,1,1,2,027,MOZART ALLEE,,,,060
201300010123,13,3,12,1640,1,2,1,1,3,123,"1069, CURIE PIERRE ET MA",,,,060
201300010124,13,3,16,1100,1,2,1,1,6,027,"101, BESSET AVENUE CYRIL",,,,060
201300010125,13,3,18,2330,5,2,1,1,2,123,GARE ROUTE DE LA,,,,060
201300010126,13,3,21,1400,1,2,1,1,2,027,CANNES AVENUE DE (RN7),,,,060
201300010127,13,3,21,1910,2,2,2,1,3,027,NICE AVENUE DE (RN7),,,,060
201300010128,13,3,22,1415,1,2,1,1,3,123,POMPIDOU GEORGES BOULEVA,,,,060
201300010129,13,3,29,1625,1,2,1,1,2,027,"99, PLAGE BOULEVARD DE L",,,,060
201300010130,13,3,29,1755,1,2,1,1,6,027,"34, JUIN BOULEVARD MAREC",,,,060
201300010131,13,4,3,1420,1,2,2,1,3,027,CANNES AVENUE DE (RN7),,,,060
201300010132,13,4,4,1940,2,2,1,3,2,123,"781, PLANTIERS AVENUE DE",,,,060
201300010133,13,4,5,1615,1,2,1,1,3,123,POMPIDOU GEORGES BOULEVA,,,,060
201300010134,13,4,12,1840,1,2,3,1,1,123,ISCLES CHEMIN DES,,,,060
201300010135,13,4,12,1840,1,2,1,1,2,123,JEANNE D'ARC AVENUE,,,,060
201300010136,13,4,16,1915,1,2,6,1,7,027,BOUALAM ROND POINT BACHA,,,,060
201300010137,13,4,17,2250,5,2,3,1,3,123,BORD DE MER RN 98,,,,060
201300010138,13,4,22,1730,1,2,1,1,2,027,KENNEDY BOULEVARD J.F.,,,,060
201300010139,13,4,26,1700,1,2,1,1,3,027,"96, GAUDE AVENUE DE LA",,,,060
201300010140,13,5,4,1720,1,2,1,1,3,123,GARE ROUTE DE LA,,,,060
201300010141,13,5,10,1640,1,2,1,1,4,027,GRASSE AVENUE DE,,,,060
201300010142,13,5,10,1640,1,1,1,1,1,027,GRASSE AVENUE DE,,,,060
201300010143,13,5,15,1810,1,2,1,1,3,027,"39, GRASSE AVENUE DE",,,,060
201300010144,13,5,17,2050,4,2,2,1,3,027,NICE AVENUE DE (RN7),,,,060
201300010145,13,5,21,1940,1,2,1,1,3,027,CANNES AVENUE DE (RN7),,,,060
201300010146,13,5,27,1525,1,2,1,1,3,027,GARE AVENUE DE LA,,,,060
201300010147,13,5,28,1600,1,2,1,1,6,123,POMPIDOU GEORGES BOULEVA,,,,060
201300010148,13,5,30,1215,1,2,1,1,3,027,"55, VAL FLEURI CHEMIN DU",,,,060
201300010149,13,6,4,2300,5,2,1,1,3,027,NICE AVENUE DE (RN7),,,,060
201300010150,13,6,9,1550,1,2,1,3,4,027,"132/136, NICE AVENUE DE",,,,060
201300010151,13,1,2,1730,3,1,1,1,6,123,RN202BIS,,,,060
201300010152,13,6,11,1520,1,2,1,1,3,027,"1, PLAGE BOULEVARD DE LA",,,,060
201300010153,13,6,14,1305,1,2,1,1,1,027,PROMENADE DE L HIPPODROM,,,,060
201300010154,13,6,16,840,1,2,1,1,2,027,PLAGE BOULEVARD DE LA,,,,060
201300010155,13,6,17,810,1,2,3,1,7,027,ESPARTES CHEMIN DES,,,,060
201300010156,13,6,19,1340,1,2,1,1,6,027,"2, MARTIN RUE DU CHEVALI",,,,060