Num_Acc,an,mois,jour,hrmn,lum,agg,int,atm,col,com,adr,gps,lat,long,dep
201300010157,13,6,23,2205,5,2,3,1,3,027,GARE AVENUE DE LA,,,,060
201300010158,13,6,25,1045,1,2,1,1,3,027,"73, BESSET AVENUE CYRILL",,,,060
201300010159,13,6,26,1810,1,2,3,1,3,123,ARTS GRAPHIQUES ALLEE DE,,,,060
201300010160,13,6,27,1705,1,2,1,1,3,027,BONAPARTE RUE,,,,060
201300010161,13,6,28,835,1,2,3,1,3,027,NICE AVENUE DE (RN7),,,,060
201300010162,13,6,28,1400,1,2,3,1,3,027,JUIN BOULEVARD MARECHAL,,,,060
201300010163,13,6,29,2030,1,2,1,1,3,027,"103, PLAGE BOULEVARD DE",,,,060
201300010164,13,7,4,1140,1,2,1,1,6,027,"7, JUIN BOULEVARD MARECH",,,,060
201300010165,13,7,4,1515,1,2,3,1,3,027,PLAGE BOULEVARD DE LA,,,,060
201300010166,13,7,11,2240,5,2,1,1,3,027,"36, VAL FLEURI CHEMIN DU",,,,060
201300010167,13,7,13,1900,1,2,1,1,3,027,"36, ALPES AVENUE DES",,,,060
201300010168,13,7,13,1220,1,2,3,1,3,027,PLAGE BOULEVARD DE LA,,,,060
201300010169,13,7,15,2040,2,2,1,1,3,123,BORD DE MER RN 98,,,,060
201300010170,13,7,15,1810,2,2,1,1,6,123,SAUVAIGO PIERRE AVENUE,,,,060
201300010171,13,7,17,950,1,2,2,1,3,123,SANTONNIERS ALLEE DES,,,,060
201300010172,13,7,17,1130,1,2,1,1,3,027,PROMENADE DE L HIPPODROM,,,,060
201300010173,13,7,19,1105,1,2,1,1,3,027,"0, NICE AVENUE DE (RN7)",,,,060
201300010174,13,7,19,1425,1,2,1,1,1,027,GRASSE AVENUE DE,,,,060
201300010175,13,7,22,1320,1,2,1,1,2,027,GRASSE AVENUE DE,,,,060
201300010176,13,7,24,1300,1,2,6,1,3,123,MAICON PROMENADE,,,,060
201300010177,13,7,25,735,1,2,3,1,3,027,DONAT AVENUE DOCTEUR MAU,,,,060
201300010178,13,7,25,845,1,2,1,1,3,027,"53, TUILIERES AVENUE DES",,,,060
201300010179,13,7,27,1100,1,2,1,1,3,123,"760, VESPINS ROUTE DES",,,,060
201300010180,13,7,29,940,1,2,1,1,2,123,"12, VESPINS ROUTE DES",,,,060
201300010181,13,7,30,1155,1,2,2,1,2,027,GARE AVENUE DE LA,,,,060
201300010182,13,7,31,830,1,2,1,1,2,123,"564, DE GAULLE GENERAL A",,,,060
201300010183,13,7,31,1315,1,2,1,1,3,027,"96, NICE AVENUE DE (RN7)",,,,060
201300010184,13,8,1,1230,1,2,1,1,3,123,"1573, ISCLES CHEMIN DES",,,,060
201300010185,13,8,1,1730,1,2,1,1,2,027,CHEIRON AVENUE DU,,,,060
201300010186,13,8,1,2000,1,2,3,1,3,027,NICE AVENUE DE (RN7),,,,060
201300010187,13,8,3,400,5,2,1,1,7,027,DRAKKAR ROND POINT,,,,060
201300010188,13,8,3,1305,1,2,1,1,2,123,MOSCHETTI RUE,,,,060
201300010189,13,8,9,800,1,2,1,1,3,123,"280, VAUBAN AVENUE",,,,060
201300010190,13,8,9,1155,1,2,1,1,3,027,"59, BESSET AVENUE CYRILL",,,,060
201300010191,13,8,9,1740,1,2,1,1,2,027,CANNES AVENUE DE (RN7),,,,060
201300010192,13,8,12,1315,1,2,1,1,2,027,JUIN BOULEVARD MARECHAL,,,,060
201300010193,13,8,12,1840,1,2,2,1,3,027,JUIN BOULEVARD MARECHAL,,,,060
201300010194,13,8,18,2235,5,2,1,1,2,027,RENOIR AVENUE AUGUSTE,,,,060
201300010195,13,8,19,1940,1,2,1,1,3,123,ESPLANADE DU LEVANT,,,,060
201300010196,13,8,19,1610,1,2,1,1,6,123,"4412, ST JEANNET ROUTE D",,,,060
201300010197,13,8,19,1750,1,2,1,1,3,027,PLAGE BOULEVARD DE LA,,,,060
201300010198,13,8,21,945,1,2,3,1,3,123,AMADIEU AVENUE PIERRE,,,,060
201300010199,13,8,21,1200,1,2,4,1,3,027,NICE AVENUE DE (RN7),,,,060
201300010200,13,8,21,1930,1,2,2,1,3,027,BOUCHER RUE HELENE,,,,060
201300010201,13,8,24,1900,1,2,1,2,7,123,DE GAULLE GENERAL AVENUE,,,,060
201300010202,13,8,25,2130,5,2,1,1,2,123,VESPINS ROUTE DES,,,,060
201300010203,13,8,26,845,1,2,3,1,3,123,CURIE PIERRE ET MARIE AV,,,,060
201300010204,13,8,30,1845,1,2,3,1,3,027,GARE AVENUE DE LA,,,,060
201300010205,13,8,30,920,1,2,3,1,3,123,VESPINS ROUTE DES,,,,060
201300010206,13,9,1,1345,1,2,1,1,3,123,PUGETS ROUTE DES,,,,060
201300010207,13,9,1,1445,1,2,1,1,3,027,"5, NICE AVENUE DE (RN7)",,,,060
201300010208,13,9,1,2025,2,2,2,1,3,027,ROSERAIE AVENUE DE LA,,,,060
201300010209,13,9,3,920,1,2,1,1,6,027,"0, HOTEL DES POSTES AVEN",,,,060
201300010210,13,9,4,850,1,2,1,1,6,027,"6, JUIN BOULEVARD MARECH",,,,060
201300010211,13,9,6,1120,1,2,1,1,3,027,CANNES AVENUE DE (RN7),,,,060
201300010212,13,9,6,1520,1,2,1,1,6,027,"44, JUIN BOULEVARD MAREC",,,,060
201300010213,13,9,10,1000,1,2,1,1,6,027,"19, PASQUALINI RUE J.P.",,,,060
201300010214,13,9,11,1855,1,2,3,1,3,123,"930, DE GAULLE GENERAL A",,,,060
201300010215,13,9,11,1915,1,2,3,1,3,027,NICE AVENUE DE (RN7),,,,060
201300010216,13,9,11,1930,1,2,1,1,2,027,NICE AVENUE DE (RN7),,,,060
201300010217,13,9,17,1235,1,2,1,1,2,027,"111, PLAGE BOULEVARD DE",,,,060
201300010218,13,9,20,1125,1,2,1,1,2,123,VESPINS ROUTE DES,,,,060
201300010219,13,9,20,2140,5,2,3,1,3,027,BESSET AVENUE CYRILLE,,,,060
201300010220,13,9,24,1220,1,2,3,1,3,123,11 NOVEMBRE AVENUE DU,,,,060
201300010221,13,9,27,1615,1,2,1,1,6,027,ROBION RUE E.,,,,060
201300010222,13,9,27,2035,5,2,6,1,3,123,ROND POINT COUBERTIN,,,,060
201300010223,13,9,29,545,5,2,1,1,2,123,VESPINS ROUTE DES,,,,060
201300010224,13,10,1,1310,1,2,3,1,3,123,FAHNESTOCK G. CORNICHE,,,,060
201300010225,13,10,2,810,1,2,3,1,3,123,ST JEANNET ROUTE DE,,,,060
201300010226,13,10,2,1100,1,2,1,1,6,027,"55, VAL FLEURI CHEMIN DU",,,,060
201300010227,13,10,8,615,5,2,3,2,3,027,JACINTHES ALLEE DES,,,,060
201300010228,13,10,10,1310,1,2,1,1,6,027,PAGNOL AVENUE MARCEL,,,,060
201300010229,13,10,12,1840,1,2,1,1,2,123,BORD DE MER RN 98,,,,060
201300010230,13,10,16,1230,1,2,2,1,3,027,NICE AVENUE DE (RN7),,,,060
201300010231,13,10,22,950,1,2,1,1,6,123,"190, DECHAME EMILE AVENU",,,,060
201300010232,13,10,22,1420,1,2,6,1,3,123,GUYNEMER AVENUE,,,,060
201300010233,13,10,23,1845,5,2,3,1,2,027,"44, ST LAURENT CHEMIN DE",,,,060
201300010234,13,10,24,1430,1,2,1,1,4,027,"31, RENOIR AVENUE AUGUST",,,,060
201300010235,13,10,26,1350,1,2,1,1,7,027,ESPARTES CHEMIN DES,,,,060
201300010236,13,10,28,1015,1,2,3,1,1,123,COMBATTANTS AFN AVENUE D,,,,060
201300010237,13,10,30,1535,1,2,1,1,3,123,GARE ROUTE DE LA,,,,060
201300010238,13,11,1,2015,5,2,3,1,3,027,CITRONNIERS AVENUE DES,,,,060
201300010239,13,11,2,945,1,2,9,1,3,027,CANNES AVENUE DE (RN7),,,,060
201300010240,13,11,3,1220,1,2,1,1,6,123,"242, PUGETS AVENUE DES",,,,060
201300010241,13,11,7,700,1,2,1,1,1,027,PLAGE BOULEVARD DE LA,,,,060
201300010242,13,11,11,1500,1,2,1,1,6,123,"906, DE GAULLE GENERAL A",,,,060
201300010243,13,11,11,1900,2,2,1,1,3,027,"72, GRASSE AVENUE DE",,,,060
201300010244,13,11,12,745,2,2,1,1,6,123,POMPIDOU GEORGES BOULEVA,,,,060
201300010245,13,11,12,1605,1,2,1,1,3,123,COUSTEAU JEAN YVES PROME,,,,060
201300010246,13,11,15,1420,1,2,1,1,6,123,"300, MOSCHETTI RUE",,,,060
201300010247,13,11,18,1150,1,2,1,1,3,027,"28 Bis, GAUDE AVENUE DE",,,,060
201300010248,13,11,26,1915,3,2,1,1,6,027,VAL EN SOL AVENUE DE,,,,060
201300010249,13,11,27,930,1,2,3,1,3,123,SAUVAIGO PIERRE AVENUE,,,,060
201300010250,13,11,27,1730,5,2,3,1,3,027,"159, NICE AVENUE DE (RN7",,,,060
201300010251,13,12,2,825,1,2,1,1,3,123,"500, VESPINS ROUTE DES",,,,060
201300010252,13,12,3,845,1,2,3,1,3,123,"163, 11 NOVEMBRE AVENUE",,,,060
201300010253,13,12,4,1145,1,2,1,1,2,123,POMPIDOU GEORGES BOULEVA,,,,060
201300010254,13,12,5,1305,1,2,2,1,3,027,GARE AVENUE DE LA,,,,060
201300010255,13,12,7,1430,1,2,6,1,3,123,MISTRAL FREDERIC AVENUE,,,,060
201300010256,13,12,9,1145,1,2,1,1,2,027,PLAGE BOULEVARD DE LA,,,,060
201300010257,13,12,10,1610,1,2,1,1,3,123,SAUVAIGO PIERRE AVENUE,,,,060
201300010258,13,12,12,1000,1,2,1,1,3,027,PROMENADE DE L HIPPODROM,,,,060
201300010259,13,12,12,1123,1,2,1,1,6,123,BORD DE MER RN 98,,,,060
201300010260,13,12,13,725,2,2,1,1,3,123,DE GAULLE GENERAL AVENUE,,,,060
201300010261,13,12,13,820,1,2,1,1,3,123,CURIE PIERRE ET MARIE AV,,,,060
201300010262,13,12,21,400,5,2,2,1,3,027,LECLERCAVENUE GENERAL,,,,060
201300010263,13,12,22,1600,1,2,1,1,3,123,JUIN MARECHAL AVENUE,,,,060
201300010264,13,12,24,1120,1,2,1,1,5,027,GARE AVENUE DE LA,,,,060
201300010265,13,12,24,1920,5,2,1,2,3,027,"76, GRASSE AVENUE DE",,,,060
201300010266,13,1,7,1055,1,2,1,1,6,030,CAMPON (RUE,,,,060
201300010267,13,1,8,1715,2,2,1,1,7,029,"25/27, VAUTRIN (BOULEVAR",,,,060
201300010268,13,1,14,918,1,2,1,1,3,029,MERLE (RUE),,,,060
201300010269,13,1,14,1745,5,2,1,2,3,029,"78, CARNOT (BOULEVARD)",,,,060
201300010270,13,1,14,1844,5,2,1,3,6,029,"00, JOURDAN (AVENUE MICH",,,,060
201300010271,13,1,7,918,1,2,1,1,3,029,JUIN (AVENUE MARECHAL),,,,060
201300010272,13,1,19,730,1,2,1,2,7,029,REPUBLIQUE (BOULEVARD DE,,,,060
201300010273,13,1,19,1732,5,2,1,3,6,030,"104, ROOSEVELT (AVENUE F",,,,060
201300010274,13,1,22,1040,1,2,1,7,3,029,MAUBERT (RONT POINT GAL),,,,060
201300010275,13,1,22,1455,1,2,1,1,6,029,POESIE (AVENUE PIERRE),,,,060
201300010276,13,1,24,1700,1,2,1,1,3,029,BORDE (AVENUE DE LA)(BOC,,,,060
201300010277,13,1,25,1130,1,2,1,1,3,029,MIDI (BOULEVARD DU),,,,060
201300010278,13,1,25,1350,1,2,1,1,1,029,LEADER (BOULEVARD),,,,060
201300010279,13,1,29,1220,1,2,1,1,6,029,QUATORZE JUILLET (RUE DU,,,,060
201300010280,13,2,1,1320,1,2,1,1,2,029,CROISETTE (BOULEVARD DE,,,,060
201300010281,13,2,2,1611,1,2,1,3,6,029,LACOUR (RUE),,,,060
201300010282,13,2,8,1800,5,2,1,1,3,029,COTEAUX (AVENUE DES),,,,060
201300010283,13,2,12,2000,1,2,1,1,6,029,ALSACE ( BOULEVARD D'),,,,060
201300010284,13,2,13,1340,1,2,1,1,7,030,"48, CAMPELIERES (CHEMIN",,,,060
201300010285,13,2,16,925,1,2,1,1,3,029,"329, GRASSE (AVENUE DE)",,,,060
201300010286,13,2,19,1700,2,2,1,1,2,029,MORGON (CHEMIN),,,,060
201300010287,13,3,3,1720,4,2,1,1,7,029,CROISETTE (BOULEVARD DE),,,,060
201300010288,13,3,4,1925,5,2,1,1,2,029,PANTIERO (PROMENADE DE L,,,,060
201300010289,13,3,7,1825,2,2,1,3,1,030,"38, MONTJOLI (AVENUE DU)",,,,060
201300010290,13,3,11,1520,1,2,1,1,6,029,"8, PICAUD (AVENUE DU DOC",,,,060
201300010291,13,3,12,810,1,2,6,1,3,029,PERIER (BOULEVARD DU),,,,060
201300010292,13,3,13,700,1,2,1,1,3,030,ROOSEVELT (AVENUE FRANKL,,,,060
201300010293,13,3,14,1512,1,2,1,1,6,029,"19-25, FERRAGE (BOULEVAR",,,,060
201300010294,13,3,16,53,5,2,3,1,3,030,FOUR A CHAUX (BD DU),,,,060
201300010295,13,3,21,1536,1,2,1,1,2,029,GABRES (PONT DES),,,,060
201300010296,13,3,25,855,1,2,1,1,3,029,"30, CROISETTE (BOULEVARD",,,,060
201300010297,13,3,27,1655,1,2,1,1,6,029,"24, CALMETTE (RUE DU DR)",,,,060
201300010298,13,4,10,1430,1,2,1,1,6,029,CROISETTE (BOULEVARD DE,,,,060
201300010299,13,4,12,820,1,2,1,1,1,029,"1, STE ANNE (CHEMIN)",,,,060
201300010300,13,4,12,1650,1,2,1,1,6,029,"19, OXFORD (BOULEVARD D'",,,,060
201300010301,13,4,13,1610,1,2,3,1,6,029,MONTE-CARLO (AVENUE),,,,060
201300010302,13,4,19,1436,1,2,2,1,3,029,REPUBLIQUE (BOULEVARD DE,,,,060
201300010303,13,4,22,1320,1,2,1,1,2,029,MIDI (BOULEVARD DU),,,,060
201300010304,13,4,23,900,1,2,1,1,2,029,BACHAGA SAID BOUALAM (AV,,,,060
201300010305,13,4,29,1240,1,2,1,1,6,029,"162, GRASSE (AVENUE DE)",,,,060
201300010306,13,5,2,945,1,2,1,1,3,029,TONNER (AVENUE FRANCIS),,,,060
201300010307,13,5,2,1920,1,2,1,1,6,029,"10, ANGLAIS (AVENUE DES)",,,,060
201300010308,13,5,3,830,1,2,1,1,3,029,"15, DOZOL (AVENUE ANTHON",,,,060
201300010309,13,5,3,1930,1,2,1,1,6,029,GRASSE (AVENUE DE),,,,060
201300010310,13,5,4,550,2,2,1,1,3,029,ESTEREL (BOULEVARD DE L',,,,060
201300010311,13,5,4,1400,1,2,1,1,3,029,MIDI (BOULEVARD DU),,,,060
201300010312,13,5,12,405,5,2,1,1,6,029,MIDI (BOULEVARD DU),,,,060
201300010313,13,5,12,1235,1,2,1,1,6,029,BUISSONS ARDENTS,,,,060
201300010314,13,5,14,1435,1,2,1,1,6,030,"46, ROOSEVELT (AVENUE FR",,,,060
201300010315,13,5,15,2335,5,2,1,3,7,029,COUVERTURE VOIE FERREE,,,,060
201300010316,13,5,17,2015,1,2,1,1,6,029,PANTIERO (PROMENADE DE L,,,,060
201300010317,13,5,18,505,5,2,1,2,1,029,"44, CROISETTE (BOULEVARD",,,,060
201300010318,13,5,22,745,1,2,1,1,2,030,"551, ST JOSEPH (CHEMIN)",,,,060
201300010319,13,5,22,950,1,2,1,1,3,029,COTEAUX (AVENUE DES),,,,060
201300010320,13,5,22,1058,1,2,1,1,6,029,PICAUD (AVENUE DR) BOCCA,,,,060
201300010321,13,5,22,1400,1,2,1,1,2,029,LACOUR (RUE),,,,060
201300010322,13,5,23,1957,1,2,1,1,6,029,"15, JOURDAN (AVENUE MICH",,,,060
201300010323,13,5,17,1900,1,2,1,1,3,029,AURELIENNE (RUE),,,,060
201300010324,13,5,26,1510,1,2,1,1,6,030,"14, AUBAREDE (CHEMIN DE",,,,060
201300010325,13,5,28,1610,1,2,1,1,6,029,JOURDAN (AVENUE MICHEL),,,,060
201300010326,13,5,29,1116,1,2,1,1,6,030,CITE JARDIN (RUE),,,,060
201300010327,13,6,4,1755,1,2,1,1,3,030,SADI CARNOT (BOULEVARD),,,,060
201300010328,13,6,7,1712,1,2,1,1,3,030,MOULIN (BOULEVARD JEAN),,,,060
201300010329,13,6,10,1055,1,2,1,1,3,029,JOURDAN (AVENUE MICHEL),,,,060
201300010330,13,6,13,815,1,2,1,1,3,029,"00, BACHAGA SAID BOUALAM",,,,060
201300010331,13,6,15,1005,1,2,1,1,3,030,CAMPON (RUE,,,,060
201300010332,13,6,7,1115,1,2,1,1,6,030,SADI CARNOT (BOULEVARD),,,,060
201300010333,13,6,18,1534,1,2,1,1,2,030,"11, NOTRE DAME DES ANGES",,,,060
201300010334,13,6,22,1600,1,2,1,1,6,029,CARNOT (BOULEVARD),,,,060
201300010335,13,6,23,450,5,2,1,1,1,029,"55, PETIT JUAS (AVENUE D",,,,060
201300010336,13,6,24,1655,1,2,1,1,6,029,"73, CROISETTE (BOULEVARD",,,,060
201300010337,13,6,28,210,5,2,1,1,1,029,"24, MIDI (BOULEVARD DU)",,,,060
201300010338,13,6,28,1130,1,2,1,1,3,029,PICAUD (AVENUE DU DOCTEU,,,,060
201300010339,13,6,30,1915,1,2,1,1,3,029,BORDE (AVENUE DE LA)(BOC,,,,060
201300010340,13,7,2,2100,2,2,1,1,3,030,CAMPON (RUE,,,,060
201300010341,13,7,5,1425,1,2,1,1,3,029,"26, MIDI (BOULEVARD DU)",,,,060
201300010342,13,7,7,2340,5,2,1,1,6,029,JUIN (AVENUE MARECHAL),,,,060
201300010343,13,7,9,1310,1,2,1,1,3,029,TONNER (AVENUE FRANCIS),,,,060
201300010344,13,7,9,1620,1,2,1,1,3,029,RIOU (BOULEVARD DU),,,,060
201300010345,13,7,12,905,1,2,1,1,3,029,NEGRIN (BOULEVARD),,,,060
201300010346,13,7,13,1430,1,2,1,1,6,029,"272, JOURDAN (AVENUE MIC",,,,060
201300010347,13,7,22,1039,1,2,1,1,6,029,"16, VIDAL (RUE DU COMMAN",,,,060
201300010348,13,7,25,1455,1,2,1,1,2,029,COUBERTIN (AVENUE PIERRE,,,,060
201300010349,13,7,26,1800,1,2,1,1,3,029,"30 34, GAZAGNAIRE (BL EU",,,,060
201300010350,13,7,30,1800,1,2,1,1,6,029,"14, VALLOMBROSA (BOULEBA",,,,060
201300010351,13,7,31,1100,1,2,1,1,6,029,"14, MIDI (BOULEVARD DU)",,,,060
201300010352,13,8,3,1759,1,2,1,1,6,029,"00, LEADER (BOULEVARD)",,,,060
201300010353,13,8,1,1100,1,2,1,1,6,030,FOCH (PLACE MARECHAL),,,,060
201300010354,13,8,7,518,2,2,1,1,3,029,STRASBOURG (BOULEVARD DE,,,,060
201300010355,13,8,8,820,1,2,1,3,3,029,COUVERTURE VOIE FERREE,,,,060
201300010356,13,8,10,745,1,2,1,1,6,029,GAZAGNAIRE (RUE DU DR),,,,060
201300010357,13,8,10,1000,1,2,1,1,6,029,QUATORZE JUILLET (RUE DU,,,,060
201300010358,13,8,16,1000,1,2,3,1,5,029,GRASSE (AVENUE DE),,,,060
201300010359,13,8,19,1420,1,2,1,1,6,030,"34, ROOSEVELT (AVENUE FR",,,,060
201300010360,13,8,20,1830,1,2,1,1,6,029,MISTRAL (AVENUE FREDERIC,,,,060
201300010361,13,8,23,652,1,2,1,1,7,029,"62, BROUSSAILLES (AVENUE",,,,060
201300010362,13,8,23,1331,1,2,1,1,6,029,"07, HOCHE (RUE)",,,,060
201300010363,13,8,27,745,1,2,1,1,3,029,"158, JOURDAN (AVENUE MIC",,,,060
201300010364,13,8,27,1500,1,2,1,1,3,030,"33, FADES (CHEMIN DES)",,,,060
201300010365,13,8,28,1830,1,2,1,1,6,029,RIOU (BOULEVARD DU),,,,060
201300010366,13,8,31,1210,1,2,1,1,7,029,"131, GRASSE (AVENUE DE)",,,,060
201300010367,13,9,1,103,5,2,1,1,1,029,JUIN (AVENUE MARECHAL),,,,060
201300010368,13,9,7,1850,1,2,1,1,6,029,"7-9, BENEFIAT (AVENUE DE",,,,060
201300010369,13,9,10,1930,1,2,1,1,6,029,"58, CROISETTE (BOULEVARD",,,,060
201300010370,13,9,12,1655,1,2,1,1,3,029,"00, MIDI (BOULEVARD DU)",,,,060
201300010371,13,9,14,420,5,2,1,1,7,029,"151, JUIN (AVENUE MARECH",,,,060
201300010372,13,9,15,500,5,2,1,1,6,029,MIDI (BOULEVARD DU),,,,060
201300010373,13,9,18,830,1,2,1,1,6,029,"175, JOURDAN (AVENUE MIC",,,,060
201300010374,13,9,18,1815,1,2,1,1,6,029,RIVAGE (BOULEVARD DU),,,,060
201300010375,13,9,16,1040,1,2,1,1,3,030,ECOLES (RUE DES),,,,060
201300010376,13,9,19,1033,1,2,1,1,6,029,CLEMENCEAU (RUE GEORGES),,,,060
201300010377,13,9,24,1710,1,2,1,1,6,030,ROOSEVELT (AVENUE FRANKL,,,,060
201300010378,13,9,26,1235,1,2,1,1,6,029,"12, BLANC (RUE LOUIS)",,,,060
201300010379,13,9,26,1300,1,2,1,1,3,029,COUBERTIN (AVENUE PIERRE,,,,060
201300010380,13,9,25,1004,1,2,1,1,3,030,"31, FADES (CHEMIN DES)",,,,060
201300010381,13,10,1,1004,1,2,1,1,3,029,MIDI (BOULEVARD DU),,,,060
201300010382,13,10,1,705,1,2,1,1,1,029,MIDI (BOULEVARD DU),,,,060
201300010383,13,10,2,811,1,2,1,1,6,029,STRASBOURG (BOULEVARD DE,,,,060
201300010384,13,10,6,1005,1,2,1,2,2,029,COUBERTIN (AVENUE PIERRE,,,,060
201300010385,13,10,12,2220,5,2,3,1,3,029,MIDI (BOULEVARD DU),,,,060
201300010386,13,10,16,631,1,2,1,1,3,029,MISTRAL (RUE),,,,060
201300010387,13,10,21,920,1,2,1,1,6,029,"63, CROISETTE (BOULEVARD",,,,060
201300010388,13,10,24,2026,1,2,1,1,6,030,ROOSEVELT (AVENUE FRANKL,,,,060
201300010389,13,10,26,1223,1,2,1,1,4,029,"41, ALEXANDRE III (BOULE",,,,060
201300010390,13,10,30,1420,1,2,2,1,6,029,MERLE (RUE),,,,060
201300010391,13,11,4,1220,1,2,1,2,3,029,MIDI (BOULEVARD DU),,,,060
201300010392,13,11,7,1840,1,2,1,1,6,029,CARNOT (BOULEVARD),,,,060
201300010393,13,11,7,1426,1,2,1,1,6,030,GRANDE BRETAGNE (ROND PO,,,,060
201300010394,13,11,8,1518,1,2,1,1,6,029,"64, CLEMENCEAU (RUE GEOR",,,,060
201300010395,13,11,10,1555,1,2,1,1,3,030,"84, DOUMER (BOULEVARD PA",,,,060
201300010396,13,11,15,1900,5,2,1,1,3,030,DOUMER (BOULEVARD PAUL),,,,060
201300010397,13,11,24,1115,1,2,1,1,6,029,BROUSSAILLES (AVENUE DES,,,,060
201300010398,13,11,24,1650,1,2,1,1,6,029,PANTIERO (PROMENADE DE L,,,,060
201300010399,13,11,25,1120,1,2,1,1,2,030,CAMPON (RUE,,,,060
201300010400,13,11,29,1216,1,2,1,1,6,029,"13, VALLOMBROSA (BOULEBA",,,,060
201300010401,13,12,13,1030,1,2,1,1,3,029,JOURDAN (AVENUE MICHEL),,,,060
201300010402,13,12,19,1915,5,2,1,3,6,029,JOURDAN (AVENUE MICHEL),,,,060
201300010403,13,12,23,1420,1,2,1,1,2,030,"17, COLOMBIER (CHEMIN DU",,,,060
201300010404,13,12,26,1100,1,2,1,1,1,029,"04, CROIX DES GARDES (AV",,,,060
201300010405,13,12,29,1840,5,2,1,2,6,029,JUIN (AVENUE MARECHAL),,,,060
201300010406,13,1,2,1415,1,2,1,1,7,069,"35, MARIGARDE (ROUTE DE",,,,060
201300010407,13,1,2,1640,1,2,1,1,3,069,"137, PLAN (ROUTE DU) -D3",,,,060
201300010408,13,1,8,1630,1,2,1,1,1,069,"13, BLUMENTHAL (CHEMIN D",,,,060
201300010409,13,1,10,225,5,2,1,1,7,069,"132, ROUQUIER (BOULEVARD",,,,060
201300010410,13,1,10,1600,1,2,1,1,1,069,"108, TOURACHE (CHEMIN DE",,,,060
201300010411,13,1,11,1630,1,2,1,1,6,069,"x, DAUDET (AVENUE ALPHON",,,,060
201300010412,13,1,14,915,1,2,1,1,7,069,"107, PLAN (ROUTE DU) -D3",,,,060
201300010413,13,1,14,2025,5,2,1,2,6,069,"23, JEU DE BALLON (BOULE",,,,060
201300010414,13,1,15,800,1,2,1,2,7,069,"/, SAINT EXUPERY (AVENUE",,,,060
201300010415,13,1,16,1520,1,2,6,1,3,069,"x, CRESP (COURS HONORE)",,,,060
201300010416,13,1,16,1655,1,2,1,1,1,069,"19, CROUET (BOULEVARD JA",,,,060
201300010417,13,1,17,755,2,2,3,1,3,069,"x, DE GAULLE (AVENUE DU",,,,060
201300010418,13,1,19,1110,1,2,1,1,1,069,"75, SEMARD (AVENUE PIERR",,,,060
201300010419,13,1,19,1400,1,1,1,1,3,069,"/, MARIGARDE (ROUTE DE L",,,,060
201300010420,13,1,21,1520,1,2,1,1,6,069,"x, CHIRIS (BOULEVARD EMI",,,,060
201300010421,13,1,22,1825,2,2,1,2,1,069,"x, DRAGUIGNAN (ROUTE DE)",,,,060
201300010422,13,1,24,1745,3,2,1,1,6,069,"389, PLASCASSIER (route",,,,060
201300010423,13,1,25,1840,2,2,1,1,1,069,"116, CANNES (ROUTE DE)",,,,060
201300010424,13,1,30,1005,1,2,1,1,2,069,"6, CARNOT (BOULEVARD ET",,,,060
201300010425,13,1,31,845,1,2,1,1,7,069,"/, MARIGARDE (ROUTE DE L",,,,060
201300010426,13,1,31,2110,5,2,1,1,6,069,"10, FRAGONARD (BOULEVARD",,,,060
201300010427,13,2,9,1130,1,2,1,1,6,069,"x, CANNES (ROUTE DE)  -R",,,,060
201300010428,13,2,11,2225,5,2,1,1,1,069,"82, POMPIDOU (AVENUE GEO",,,,060
201300010429,13,2,11,830,1,2,1,1,7,069,ROUQUIER (BOULEVARD EMMA,,,,060
201300010430,13,2,12,850,1,2,1,1,7,069,"109, PLASCASSIER (route",,,,060
201300010431,13,2,12,1340,1,2,1,1,5,069,"/, ROUQUIER (BOULEVARD E",,,,060
201300010432,13,2,12,1550,1,2,1,1,3,069,"x, Rd point des Quatre C",,,,060
201300010433,13,2,13,835,1,2,6,1,6,069,"31, LIBERATION (AVENUE D",,,,060
201300010434,13,2,15,2030,5,2,3,1,3,069,"/, CROISSET (AVENUE FR.",,,,060
201300010435,13,2,20,1645,1,2,1,1,2,069,"5, AUTRANT (BOULEVARD DU",,,,060
201300010436,13,2,22,1040,1,2,1,1,4,069,"/, GAMBETTA (BOULEVARD E",,,,060
201300010437,13,2,23,1250,1,2,1,1,6,069,"x, SEMARD (AVENUE PIERRE",,,,060
201300010438,13,2,23,2020,5,2,1,1,1,069,"/, PEGOMAS (ROUTE DE)",,,,060
201300010439,13,2,25,700,2,2,1,8,2,069,"83, ROUQUIER (BOULEVARD",,,,060
201300010440,13,2,25,710,5,1,1,8,5,069,"/, MISTRAL (AVENUE ET PL",,,,060
201300010441,13,2,25,730,2,2,1,8,7,069,"x, MADELEINE",,,,060
201300010442,13,2,28,905,1,2,1,1,1,069,"204, AURIBEAU (ROUTE D')",,,,060
201300010443,13,3,2,1740,2,2,1,1,7,069,"10, RAYBAUD (AVENUE FELI",,,,060
201300010444,13,3,3,1950,2,2,1,1,7,069,"15, LIBERATION (AVENUE D",,,,060
201300010445,13,3,5,850,1,2,1,2,1,069,"62, CHENES (CHEMIN DES)",,,,060
201300010446,13,3,7,1000,1,2,6,8,5,069,"50, CANNES (ROUTE DE)  -",,,,060
201300010447,13,3,9,1930,5,2,1,1,6,069,"5, SEMARD (AVENUE PIERRE",,,,060
201300010448,13,3,11,800,1,2,3,1,3,069,"/, ROUQUIER (BOULEVARD E",,,,060
201300010449,13,3,12,1405,1,2,1,3,7,069,"x, KENNEDY (BOULEVARD DU",,,,060
201300010450,13,3,20,1200,1,2,1,1,2,069,"x, MISTRAL (AVENUE ET PL",,,,060
201300010451,13,3,21,1820,2,2,1,1,3,069,"15, ZILLER (AVENUE PIERR",,,,060
201300010452,13,3,24,715,2,2,1,1,6,069,"222, DRAGUIGNAN (ROUTE D",,,,060
201300010453,13,3,26,800,1,2,1,1,2,069,"152, BASSES MOULIERES (C",,,,060
201300010454,13,3,26,1140,1,2,3,1,3,069,"/, LAC (CHEMIN DU)",,,,060
201300010455,13,3,26,2315,5,2,1,1,3,069,"94, DE LATTRE DE TASSIGN",,,,060
201300010456,13,3,28,1900,2,2,1,1,3,069,"48, CAPUCINS (CHEMIN ET",,,,060
201300010457,13,3,30,1530,1,2,1,1,6,069,"34, MOUANS (ROUTE DE)",,,,060
201300010458,13,4,4,1520,1,2,1,2,1,069,"/, PLASCASSIER - MOULIN",,,,060
201300010459,13,4,6,950,1,2,1,1,6,069,"x, MARIGARDE (ROUTE DE L",,,,060