Num_Acc,an,mois,jour,hrmn,lum,agg,int,atm,col,com,adr,gps,lat,long,dep
201300011056,13,6,24,1420,1,2,3,1,3,088,"0, RD 6007",M,4366733,0720812,060
201300011057,13,6,24,1820,1,2,1,1,3,088,"87, RAYBAUD JOSEPH",,,,060
201300011058,13,6,25,950,1,2,1,1,2,088,"22, CAP DE CROIX (AV. ET",,,,060
201300011059,13,6,25,1600,1,2,1,1,4,088,"0, ANGLAIS (A PARTIR DU",,,,060
201300011060,13,6,26,1200,1,2,1,1,6,088,"91, ETATS UNIS (QUAI DES",,,,060
201300011061,13,6,26,1840,1,2,1,1,6,088,"48, BRAILLE (BD LOUIS)",,,,060
201300011062,13,6,27,1125,1,2,1,1,3,088,"44, CALIFORNIE (AV.) (DU",,,,060
201300011063,13,6,27,1150,1,2,1,1,3,088,"3, BARLA (RUE)",,,,060
201300011064,13,6,27,1430,1,2,2,1,6,088,"0, BAVASTRO (RUE)",,,,060
201300011065,13,6,27,1555,1,2,1,1,6,088,"17, DIABLES BLEUS (AV. D",,,,060
201300011066,13,6,27,1750,1,2,1,1,6,088,"49, GROSSO (JUSQU'AU N?",,,,060
201300011067,13,6,28,830,1,2,1,1,6,088,"0, RD 6202",,,,060
201300011068,13,6,28,840,1,2,1,1,2,088,"0, PENETRANTE DU PAILLON",,,,060
201300011069,13,6,28,1625,1,2,1,1,6,088,"48, BORRIGLIONE (A PARTI",,,,060
201300011070,13,6,29,1020,1,2,1,1,2,088,"0, HUGO (BD VICTOR)",,,,060
201300011071,13,6,29,1230,1,2,1,1,6,088,"0, GARIBALDI (PL.)",,,,060
201300011072,13,7,1,1621,1,2,1,1,6,088,"44, TRACHEL (RUE)",,,,060
201300011073,13,7,1,1649,1,2,1,1,6,088,"0, VERANY (BD J.B.)",,,,060
201300011074,13,7,2,830,1,2,1,1,6,088,"321, PESSICART (A PARTIR",,,,060
201300011075,13,7,2,1920,1,2,1,1,1,088,"40, SAINT-SYLVESTRE (AV.",,,,060
201300011076,13,7,2,2018,2,2,1,1,3,088,"28, ROQUEBILLIERE (R. DE",,,,060
201300011077,13,7,3,815,1,2,1,1,3,088,"185, CALIFORNIE (AV.) (A",,,,060
201300011078,13,7,4,1045,1,2,1,1,6,088,"0, RAIBERTI (R.)",,,,060
201300011079,13,7,4,1220,1,2,1,1,5,088,"0, SAINT-ISIDORE (QUART.",,,,060
201300011080,13,7,4,1435,1,2,1,1,6,088,"02, SUEDE (AV. DE)",,,,060
201300011081,13,7,4,1540,1,2,1,1,6,088,"0, BARLA (RUE)",,,,060
201300011082,13,7,4,2023,1,2,1,1,3,088,"21, JOLY (CORNICHE ANDRE",,,,060
201300011083,13,7,5,920,1,2,1,1,4,088,"0, SAINT-SYLVESTRE (AV.",,,,060
201300011084,13,7,5,1245,1,2,1,1,3,088,"sans, DE LATTRE DE TASSI",,,,060
201300011085,13,7,5,1540,1,2,1,1,6,088,"0, ISNARD (AV. ADOLPHE)",,,,060
201300011086,13,7,5,1730,1,2,1,1,6,088,"12, ARSON (RUE)",,,,060
201300011087,13,7,5,2230,5,2,1,1,1,088,"211, COSTIERE (CH. DE LA",,,,060
201300011088,13,7,6,215,5,2,1,1,7,088,"132, SAINT-ANTOINE (RTE",,,,060
201300011089,13,7,6,1545,1,2,1,1,6,088,"4, RAY (AV. DU)",,,,060
201300011090,13,7,6,1800,1,2,1,1,2,088,"0, GARIGLIANO (PONTS)",,,,060
201300011091,13,7,7,1945,1,2,1,1,6,088,"0, ILE-DE-BEAUTE (PL. DE",,,,060
201300011092,13,7,8,345,5,2,1,1,4,088,"0, ANGLAIS (DU N? 1 AU N",,,,060
201300011093,13,7,10,1015,1,2,1,1,6,088,"61, MADELEINE (BD DE LA)",,,,060
201300011094,13,7,10,1345,1,2,2,1,3,088,"0, BARBERIS (RUE)",,,,060
201300011095,13,7,10,1555,1,2,1,1,2,088,"0, VOIE RAPIDE",,,,060
201300011096,13,7,11,900,1,2,1,1,6,088,"0, QUAI PAPACINO",,,,060
201300011097,13,7,11,915,1,2,1,1,6,088,"34, STE MARGUERITE (AV.)",,,,060
201300011098,13,7,11,1310,1,2,1,1,2,088,"sans, MIN NICE ST AUGUST",,,,060
201300011099,13,7,11,1400,1,2,1,1,3,088,"99-101, CANTA GALET (RTE",,,,060
201300011100,13,7,11,1630,1,2,1,1,2,088,"0, NAPOLEON III (PONT)",,,,060
201300011101,13,7,11,1825,1,2,1,1,6,088,"209, CALIFORNIE (AV.) (A",,,,060
201300011102,13,7,12,1030,1,2,1,1,6,088,"0, PASSERON (R. JOSEPH)",,,,060
201300011103,13,7,13,100,5,2,1,1,6,088,"45, CIMIEZ (BD) A PARTIR",,,,060
201300011104,13,7,13,2024,1,2,2,1,3,088,"0, VERANY (BD J.B.)",,,,060
201300011105,13,7,14,1530,1,2,1,1,3,159,"0, BELLAVISTA (AVENUE)",,,,060
201300011106,13,7,15,815,1,2,1,1,3,088,"0, RD 6202",,,,060
201300011107,13,7,15,950,1,2,1,1,6,088,"0, GIORDAN (AV. JOSEPH)",,,,060
201300011108,13,7,15,1950,1,2,1,1,6,088,"69, ETATS UNIS (QUAI DES",,,,060
201300011109,13,7,15,2310,1,2,1,1,6,088,"0, VOIE RAPIDE",,,,060
201300011110,13,7,16,1100,1,2,3,1,6,088,"0, TOESCA (R. PIE-FRANCO",,,,060
201300011111,13,7,16,1250,1,2,1,1,5,088,"0, CASSIN (BD RENE)",,,,060
201300011112,13,7,16,1720,1,2,1,1,5,088,"49, GRACE DE MONACO (BD",,,,060
201300011113,13,7,16,1725,1,2,1,1,1,088,GRACE DE MONACO (BD PR.),,,,060
201300011114,13,7,17,820,1,2,1,1,3,088,"21, ROQUEBILLIERE (R. DE",,,,060
201300011115,13,7,17,830,1,2,2,1,6,088,"0, GARNIER (BD JOSEPH)",,,,060
201300011116,13,7,17,958,1,2,1,1,6,088,"400, ANGLAIS PLAGE(  PAR",,,,060
201300011117,13,7,17,1510,1,2,2,1,6,088,"0, ITALIE (R. D')",,,,060
201300011118,13,7,17,1720,1,2,1,1,6,088,"125, PASTEUR (BD)",,,,060
201300011119,13,7,17,1940,1,2,1,1,2,088,"411, ANGLAIS (A PARTIR D",,,,060
201300011120,13,7,18,820,1,2,1,1,6,088,"69, GROSSO (A PARTIR DU",,,,060
201300011121,13,7,18,2130,2,2,1,1,2,088,"05, DELFINO (BD GENERAL)",,,,060
201300011122,13,7,19,1030,1,2,1,1,2,088,"210, GRENOBLE (ROUTE DE)",,,,060
201300011123,13,7,19,1755,1,2,1,1,6,088,"0, GREGOIRE (RUE ABBE-IM",,,,060
201300011124,13,7,20,1010,1,2,1,1,6,088,"4, MAETERLINCK (BD M.)",,,,060
201300011125,13,7,20,1245,1,2,1,1,2,088,"151, SAINT-ANTOINE (RTE",,,,060
201300011126,13,7,20,1850,1,2,2,1,3,088,"0, TURIN (RTE DE)",,,,060
201300011127,13,7,22,1045,1,2,1,1,2,088,"0, STE MARGUERITE (AV.)",,,,060
201300011128,13,7,22,1225,1,2,1,1,6,088,"0, VOIE RAPIDE",,,,060
201300011129,13,7,22,1610,1,2,1,1,3,088,"0, GARIGLIANO (PONTS)",,,,060
201300011130,13,7,23,220,5,2,3,1,3,088,"0, GROSSO (A PARTIR DU N",,,,060
201300011131,13,7,23,1530,1,2,1,1,2,088,"37, ANGLAIS (DU N? 1 AU",,,,060
201300011132,13,7,24,720,1,2,2,1,3,088,"0, REPUBLIQUE (AV. DE LA",,,,060
201300011133,13,7,24,2055,2,2,1,1,6,088,"89, QUAI DES ETATS UNIS",,,,060
201300011134,13,7,24,2215,5,2,1,1,6,088,GRENOBLE (ROUTE DE),,,,060
201300011135,13,7,25,950,1,2,1,1,2,088,"321, ANGLAIS (DU N? 265",,,,060
201300011136,13,7,25,1510,1,2,1,1,6,088,"8, PASTEUR (BD)",,,,060
201300011137,13,7,25,2345,5,2,1,1,3,088,"163, ANGLAIS (DU N? 114",,,,060
201300011138,13,7,26,845,1,2,1,1,2,088,"66, GROSSO (A PARTIR DU",,,,060
201300011139,13,7,26,1330,1,2,1,1,6,088,"9, LEOPOLD II (AV.)",,,,060
201300011140,13,7,26,1935,1,2,2,1,1,088,"0, RIPERT (EMILE)",,,,060
201300011141,13,7,27,1550,1,2,2,1,3,088,"23, BORRIGLIONE (A PARTI",,,,060
201300011142,13,7,27,1700,1,2,1,1,3,088,"0, PENETRANTE DU PAILLON",,,,060
201300011143,13,7,27,1920,1,2,2,1,3,088,"0, TURIN (RTE DE)",,,,060
201300011144,13,7,29,1600,1,2,1,1,6,088,"82, GAMBETTA (A PARTIR D",,,,060
201300011145,13,7,30,1615,1,2,1,1,6,088,"194, MADELEINE (BD DE LA",,,,060
201300011146,13,7,30,1930,1,2,1,1,3,088,"28, CARABACEL (BD)",,,,060
201300011147,13,7,31,225,5,2,1,1,6,088,"0, VOIE RAPIDE",,,,060
201300011148,13,7,31,945,1,2,1,1,3,088,"0, VOIE RAPIDE",,,,060
201300011149,13,7,31,2140,1,2,1,1,6,088,"68, DUFY (RUE RAOUL)",,,,060
201300011150,13,8,1,945,1,2,1,1,6,088,"0, MAGNAN (PASS. DU SQ.)",,,,060
201300011151,13,8,1,1645,1,2,2,1,3,088,"0, PINS (AV. DES)",,,,060
201300011152,13,8,2,950,1,2,1,1,2,159,"34, ALBERT 1ER (AVENUE)",,,,060
201300011153,13,8,2,1215,1,2,1,1,6,088,HOPITAL DE CIMIEZ,,,,060
201300011154,13,8,2,1250,1,2,1,1,3,088,"39, ETATS UNIS (QUAI DES",,,,060
201300011155,13,8,3,15,5,2,1,1,6,088,"305, ANGLAIS (DU N? 265",,,,060
201300011156,13,8,3,1520,1,2,1,1,6,088,"133, GAMBETTA (A PARTIR",,,,060
201300011157,13,8,3,1830,1,2,1,1,3,088,"12, BUFFA (RUE DE LA)",,,,060
201300011158,13,8,4,1550,1,2,2,1,6,088,"0, CREMAT (CH. DE)",,,,060
201300011159,13,8,5,1150,1,2,2,1,3,088,"0, SAINT-PHILIPPE (PL.)",,,,060
201300011160,13,8,5,1515,1,2,1,1,2,088,"03, BARLA (RUE)",,,,060
201300011161,13,8,5,2010,1,2,1,1,6,088,"0, FALICON (BD COMTE DE)",,,,060
201300011162,13,8,6,820,1,2,1,1,6,088,"12, CHATEAUNEUF (RUE)",,,,060
201300011163,13,8,7,1600,1,2,1,1,3,088,"0, SAINT-PHILIPPE (PL.)",,,,060
201300011164,13,8,7,2225,5,2,1,1,2,088,"400, ANGLAIS (A PARTIR D",,,,060
201300011165,13,8,8,1000,1,2,1,1,2,088,"0, CASSIN (BD RENE)",,,,060
201300011166,13,8,8,1831,1,2,2,1,3,088,"0, MIOLLIS (R.)",,,,060
201300011167,13,8,10,1045,1,2,6,1,3,088,"0, SAINT-ISIDORE (QUART.",,,,060
201300011168,13,8,13,31,5,2,1,1,6,088,"11, LYAUTEY (AV. DU MAL)",,,,060
201300011169,13,8,16,930,1,2,1,1,6,088,"37, BARLA (RUE)",,,,060
201300011170,13,8,16,1850,1,2,1,1,6,088,"400, ANGLAIS (A PARTIR D",,,,060
201300011171,13,8,17,1045,1,2,1,1,3,088,"400, ANGLAIS (A PARTIR D",,,,060
201300011172,13,8,17,1135,1,2,1,1,1,088,"0, EIFFEL (AV. GUSTAVE)",,,,060
201300011173,13,8,17,1830,1,2,1,1,2,088,"4, FALICON (BD COMTE DE)",,,,060
201300011174,13,8,19,640,2,2,1,1,3,088,"0, ILE-DE-BEAUTE (PL. DE",,,,060
201300011175,13,8,19,1430,1,2,1,1,6,088,"sans, MONTEL (BD PAUL)",,,,060
201300011176,13,8,19,1810,1,2,1,1,6,088,"53, RAYBAUD JOSEPH",,,,060
201300011177,13,8,19,1900,1,2,1,1,3,088,"289, PESSICART (DU 272/2",,,,060
201300011178,13,8,23,1730,1,2,1,1,2,088,"0, GALLIENI (AV.)",,,,060
201300011179,13,8,25,1515,1,2,1,1,3,088,"0, ETATS UNIS (QUAI DES)",,,,060
201300011180,13,8,26,1230,1,2,1,1,2,088,"31, CREMAT (CH. DE)",,,,060
201300011181,13,8,26,2100,1,2,1,1,6,088,"44, SAPPIA (AV. HENRI)",,,,060
201300011182,13,8,27,615,1,2,2,1,3,088,"0, BISCHOFFSHEIM (BD)",,,,060
201300011183,13,8,27,1050,1,2,1,1,3,088,"1, ANGLAIS PLAGE (N?1 AU",,,,060
201300011184,13,8,27,2020,1,2,1,1,3,088,"75, GROSSO (A PARTIR DU",,,,060
201300011185,13,8,28,850,1,2,1,1,3,088,"0, BLANQUI (PL. AUGUSTE)",,,,060
201300011186,13,8,28,1750,1,2,1,1,3,088,"336, TURIN (RTE DE)",,,,060
201300011187,13,8,29,2110,5,2,2,1,6,088,"0, BLANCON (RUE PIERRE)",,,,060
201300011188,13,8,30,1430,1,2,1,1,3,088,BELLA VISTA (AV.),,,,060
201300011189,13,8,31,410,5,2,1,1,6,088,"2, MAETERLINCK (BD M.)",,,,060
201300011190,13,8,31,1730,1,2,1,1,6,088,"75, CARNOT (BD)",,,,060
201300011191,13,8,31,1920,1,2,1,1,6,088,"15, ITALIE (R. D')",,,,060
201300011192,13,9,1,500,5,2,1,1,2,088,"47, ANGLAIS (DU N? 45 AU",,,,060
201300011193,13,9,2,215,4,2,1,1,6,088,"0, GRENOUILLERES (AV. DE",,,,060
201300011194,13,9,4,200,5,2,1,1,6,088,"5, GARIBALDI (PL.)",,,,060
201300011195,13,9,4,600,5,2,2,1,6,088,"0, ARSON (RUE)",,,,060
201300011196,13,9,4,830,1,2,1,1,3,088,"0, SAINT-LAMBERT (AV.) (",,,,060
201300011197,13,9,4,1045,1,2,1,1,6,088,"28, JAURES (BD JEAN)",,,,060
201300011198,13,9,4,1245,1,2,1,1,5,088,"66, PESSICART (A PARTIR",,,,060
201300011199,13,9,5,1230,1,2,1,1,3,088,"169, MADELEINE (BD DE LA",,,,060
201300011200,13,9,5,1310,1,2,1,1,2,088,GARIGLIANO (PONTS),,,,060
201300011201,13,9,5,1730,1,2,1,1,6,088,"14, MAHONIAS (R. DES)",,,,060
201300011202,13,9,5,1800,1,2,1,1,6,088,"0, SCOFFIER (R. EDOUARD)",,,,060
201300011203,13,9,6,750,1,2,1,1,2,088,"0, VOIE RAPIDE",,,,060
201300011204,13,9,6,1010,1,2,1,1,6,088,"32, JAURES (BD JEAN)",,,,060
201300011205,13,9,6,1300,1,2,3,1,6,088,"115, ANGLAIS (DU N? 114",,,,060
201300011206,13,9,6,1330,1,2,1,1,3,088,"0, CHAPEL (RUE GEORGES)",,,,060
201300011207,13,9,7,1000,1,2,2,1,6,088,"0, BAQUIS (AV.)",,,,060
201300011208,13,9,7,1120,1,2,1,1,2,088,"0, ANGLAIS (DU N? 114 AU",,,,060
201300011209,13,9,7,1220,1,2,1,1,6,159,CORNE D OR (BOULEVARD DE,,,,060
201300011210,13,9,9,1300,1,2,1,1,3,088,"0, COMBOUL (AV. RAYMOND)",,,,060
201300011211,13,9,9,2250,5,2,1,1,3,088,"62, PESSICART (JUSQU'AU",,,,060
201300011212,13,9,13,1405,1,2,1,1,1,088,"121, MANTEGA-RIGHI (BD)",,,,060
201300011213,13,9,13,2100,5,2,1,1,6,088,"0, BARBERIS (RUE)",,,,060
201300011214,13,9,14,515,5,2,1,1,6,088,"313, FABRON (AV. DE) (JU",,,,060
201300011215,13,9,14,845,1,2,1,1,2,088,"0, POMPIDOU (BD GEORGES)",,,,060
201300011216,13,9,14,1545,1,2,1,1,6,088,"0, ARENE (AV. PAUL)",,,,060
201300011217,13,9,14,1610,1,2,1,1,6,088,"19, AUGUSTA (AV. ANTONIA",,,,060
201300011218,13,9,15,40,5,2,1,1,6,088,"0, ANGLAIS PLAGE (N? 113",,,,060
201300011219,13,9,15,1120,1,2,3,1,3,088,"0, TZAREWITCH (BD DU)",,,,060
201300011220,13,9,15,1725,1,2,1,1,6,088,"265, CALIFORNIE (AV.) (A",,,,060
201300011221,13,9,17,1905,1,2,1,1,6,088,"0, CARLONE (BD)",,,,060
201300011222,13,9,18,1200,1,2,1,1,3,088,"52/54, MATISSE (AV. HENR",,,,060
201300011223,13,9,18,1425,1,2,1,1,5,088,"0, VALOMBROSE (AV. DE)",,,,060
201300011224,13,9,19,1030,1,2,1,1,3,088,"156, OLIVIERS (CORNICHE",,,,060
201300011225,13,9,19,1740,1,2,1,1,3,159,"1, ALBERT 1ER (AVENUE)",,,,060
201300011226,13,9,19,1800,1,2,1,1,6,088,"0, ANGLAIS (A PARTIR DU",,,,060
201300011227,13,9,19,2302,5,2,1,1,3,088,"0, ANGLAIS (A PARTIR DU",,,,060
201300011228,13,9,22,1330,1,2,1,1,6,088,"79, SAINT-AUGUSTIN (AV.",,,,060
201300011229,13,9,23,1010,1,2,1,1,6,088,"54, TRACHEL (RUE)",,,,060
201300011230,13,9,23,1610,1,2,1,1,2,088,"14, THIERS (AV.)",,,,060
201300011231,13,9,23,1940,5,2,1,1,6,088,"0, COMBOUL (AV. RAYMOND)",,,,060
201300011232,13,9,24,915,1,2,1,1,3,088,"0, REPUBLIQUE (AV. DE LA",,,,060
201300011233,13,9,24,1700,1,2,1,1,5,088,"12, ESTIENNE -D'ORVES (A",,,,060
201300011234,13,9,24,2020,5,2,1,1,6,088,"4, CALIFORNIE (AV.) (JUS",,,,060
201300011235,13,9,24,2240,5,2,1,1,2,088,"7, THIERS (AV.)",,,,060
201300011236,13,9,25,1630,1,2,1,1,3,088,"122, BRANCOLAR (AV.) (A",,,,060
201300011237,13,9,26,1345,1,2,1,1,6,088,"288, MADELEINE (BD DE LA",,,,060
201300011238,13,9,26,1445,1,2,1,1,1,088,"33, CIMIEZ (BD) A PARTIR",,,,060
201300011239,13,9,26,1500,1,2,1,1,2,088,"10, FOCH (AV. MARECHAL)",,,,060
201300011240,13,9,26,1900,1,2,2,1,3,088,"0, SEMERIA (AV. DENIS)",,,,060
201300011241,13,9,29,1215,1,2,1,1,2,088,"76, BAREL (BD VIRGILE)",,,,060
201300011242,13,9,29,1500,1,2,1,3,2,088,"54, TURIN (RTE DE)",,,,060
201300011243,13,9,30,954,1,2,1,1,2,088,DURANDY (AV. JOSEPH),,,,060
201300011244,13,9,30,1115,1,2,1,1,6,088,"0, GARIBALDI (PL.)",,,,060
201300011245,13,9,30,1230,1,2,2,1,3,088,"0, VERNIER (R.)",,,,060
201300011246,13,9,30,1350,1,2,1,1,3,088,"93, ANGLAIS (DU N? 45 AU",,,,060
201300011247,13,10,1,955,1,2,2,1,6,088,"0, VILLE (R. GEORGES)",,,,060
201300011248,13,10,1,1415,1,2,1,1,6,088,"366, GRENOBLE (ROUTE DE)",,,,060
201300011249,13,10,1,1815,1,2,1,1,6,088,"27, PAULIANI (AV.)",,,,060
201300011250,13,10,3,1630,1,2,1,1,6,088,"0, REINE-VICTORIA (AV.)",,,,060
201300011251,13,10,4,2300,5,2,2,1,6,088,"0, BARBERIS (RUE)",,,,060
201300011252,13,10,5,1340,1,2,1,1,3,088,"145, FRANCE (R. DE) A PA",,,,060
201300011253,13,10,5,1500,1,2,2,1,3,088,"0, ALBERTI (RUE)",,,,060
201300011254,13,10,6,2335,5,2,1,1,3,088,"0, PILATTE (BD FRANCK)",,,,060
201300011255,13,10,7,1142,1,2,1,1,3,088,"22, MEDECIN (AV. JEAN)",,,,060
201300011256,13,10,7,1330,1,2,2,1,3,088,"0, GOUNOD (RUE)",,,,060
201300011257,13,10,7,1900,1,2,2,1,3,088,SAINT-JEAN BAPTISTE (AV.,,,,060
201300011258,13,10,8,645,1,2,1,1,1,159,"1720, CAROUBIERS (AVENUE",,,,060
201300011259,13,10,8,900,1,2,1,1,7,088,"56, DUNANT (AV. HENRI)",,,,060
201300011260,13,10,8,1005,1,2,1,1,6,088,"0, JOLY (CORNICHE ANDRE",,,,060
201300011261,13,10,8,1210,1,2,1,1,3,088,"49, CALIFORNIE (AV.) (A",,,,060
201300011262,13,10,9,940,1,2,1,1,2,088,"0, POMPIDOU (BD GEORGES)",,,,060
201300011263,13,10,9,1255,1,2,1,1,2,088,"27, ROQUEBILLIERE (R. DE",,,,060
201300011264,13,10,9,1820,1,2,1,1,3,088,"0, BUFFA (RUE DE LA)",,,,060
201300011265,13,10,10,1015,1,2,1,1,6,088,"4, CLEMENCEAU (AV. GEORG",,,,060
201300011266,13,10,10,2020,4,2,1,1,6,088,"254, STE MARGUERITE (AV.",,,,060
201300011267,13,10,11,645,5,2,1,1,1,088,"0, MATISSE (AV. HENRI)",,,,060
201300011268,13,10,11,720,1,2,1,1,6,088,"0, DELFINO (BD GENERAL)",,,,060
201300011269,13,10,11,1200,1,2,1,1,6,088,"0, GUISOL (R. FRANCOIS)",,,,060
201300011270,13,10,11,1720,1,1,1,1,2,088,"0, PENETRANTE DU PAILLON",,,,060
201300011271,13,10,11,1815,1,2,1,1,6,088,"0, VOIE RAPIDE",,,,060
201300011272,13,10,12,1635,1,2,3,1,3,088,"0, BARAQUES (TRAV.)",,,,060
201300011273,13,10,12,1700,1,2,1,1,6,088,"0, SAPPIA (AV. HENRI)",,,,060
201300011274,13,10,14,1210,1,2,1,1,2,088,"0, VOIE RAPIDE",,,,060
201300011275,13,10,15,830,1,2,1,1,3,088,"0, ARENE (AV. PAUL)",,,,060
201300011276,13,10,15,1210,1,2,1,1,3,088,"0, POMPIDOU (BD GEORGES)",,,,060
201300011277,13,10,15,1230,1,2,1,1,3,088,"28, ROQUEBILLIERE (R. DE",,,,060
201300011278,13,10,15,1715,1,2,1,1,6,088,"119, GAMBETTA (A PARTIR",,,,060
201300011279,13,10,16,1635,1,2,1,1,6,088,"4, GIORDAN (AV. JOSEPH)",,,,060
201300011280,13,10,16,1900,5,2,1,1,6,088,"14, MACCARIO (R. MAURICE",,,,060
201300011281,13,10,16,2240,5,2,1,1,2,088,"71, LANTERNE (AV. DE LA)",,,,060
201300011282,13,10,17,845,1,2,1,1,6,088,"52, GROSSO (JUSQU'AU N?",,,,060
201300011283,13,10,17,1810,1,2,3,1,3,088,"30, BOUNIN (RUE PAUL)",,,,060
201300011284,13,10,17,2000,1,2,1,1,6,088,"0, VALROSE (AV. )",,,,060
201300011285,13,10,18,1410,1,2,1,1,3,088,"0, ROBINI (AV. DR VICTOR",,,,060
201300011286,13,10,18,2030,5,2,1,1,6,088,"0, GRENOBLE (ROUTE DE)",,,,060
201300011287,13,10,18,2048,5,2,1,1,3,088,"36, SOLA (BD PIERRE)",,,,060
201300011288,13,10,19,500,5,2,2,1,3,088,"0, GRENOBLE (ROUTE DE)",,,,060
201300011289,13,10,19,555,5,2,1,1,6,088,"0, ANGLAIS PLAGE (N?1 AU",,,,060
201300011290,13,10,19,1145,1,2,1,1,3,088,"0, GRENOBLE (ROUTE DE)",,,,060
201300011291,13,10,19,2153,5,2,1,1,3,088,"0, PELLOS (R. FRANCOIS)",,,,060
201300011292,13,10,19,2220,5,2,2,1,3,088,"0, CH?TEAU ST PIERRE (CH",,,,060
201300011293,13,10,20,2102,5,2,1,1,1,088,"197, MONT-BORON (BD DU)",,,,060
201300011294,13,10,22,1845,5,2,2,1,3,088,"0, GAL (R. AUGUSTE)",,,,060
201300011295,13,10,23,830,1,2,1,1,3,088,"0, ARMEE DES ALPES (BD D",,,,060
201300011296,13,10,23,1015,1,2,1,3,6,088,"31, MARNE (AV. DE LA)",,,,060
201300011297,13,10,23,1545,1,2,1,2,3,088,"0, VAUBAN (R. MARECHAL)",,,,060
201300011298,13,10,24,1530,1,2,2,1,3,088,"15, HOTEL DES POSTES (R.",,,,060
201300011299,13,10,24,1715,1,2,1,1,2,088,"25, GRACE DE MONACO (BD",,,,060
201300011300,13,10,24,1815,2,2,1,1,3,088,"10, LORRAIN (AV. JEAN)",,,,060
201300011301,13,10,24,1910,5,2,1,1,6,088,"12, DIJON (RUE DE)",,,,060
201300011302,13,10,24,2100,5,2,1,1,2,088,"1, CALIFORNIE (AV.) (A P",,,,060
201300011303,13,10,25,840,1,2,1,1,1,088,"387, MADELEINE (BD DE LA",,,,060
201300011304,13,10,25,1100,1,2,1,1,2,088,"91, SAINT-PIERRE DE FERI",,,,060
201300011305,13,10,25,1200,1,2,2,1,3,088,"0, EIFFEL (AV. GUSTAVE)",,,,060
201300011306,13,10,25,1700,1,2,3,1,3,088,"0, CARNOT (BD)",,,,060
201300011307,13,10,26,1425,1,2,1,1,3,088,"39T, ARENES DE CIMIEZ (A",,,,060
201300011308,13,10,26,1800,2,2,1,1,3,088,"0, SLAMA (RUE MAURICE)",,,,060
201300011309,13,10,28,1405,1,2,3,1,6,088,"0, GAMBETTA (A PARTIR DU",,,,060
201300011310,13,10,28,1445,1,2,1,1,5,088,"263, ANGLAIS (DU N? 114",,,,060
201300011311,13,10,28,1635,1,2,1,1,1,088,"0, FABRON (AV. DE) (JUSQ",,,,060
201300011312,13,10,28,2150,5,2,1,1,3,088,"0, RISSO (BD)",,,,060
201300011313,13,10,29,815,1,2,1,2,1,088,"0, OBSERVATOIRE (R. PRIV",,,,060
201300011314,13,10,29,1800,5,2,1,2,6,088,"0, PENETRANTE DU PAILLON",,,,060
201300011315,13,10,29,1830,5,2,1,2,2,088,"1, VIGO (R. JEAN)",,,,060
201300011316,13,10,30,830,1,2,1,1,6,088,"14, SAQUIER (CH. DE)",,,,060
201300011317,13,10,30,1655,1,2,6,1,6,088,"0, RAY (AV. DU)",,,,060
201300011318,13,10,31,1120,1,2,1,1,2,088,"0, CANAVESE (RUE JEAN)",,,,060
201300011319,13,10,31,1805,5,2,1,1,5,088,"0, VOIE RAPIDE",,,,060
201300011320,13,10,31,1830,5,2,1,1,6,088,"0, ANGLAIS (A PARTIR DU",,,,060
201300011321,13,11,2,845,1,2,1,1,6,088,"52, CARNOT (BD)",,,,060
201300011322,13,11,2,2100,5,2,1,1,1,088,"0, BAVASTRO (RUE)",,,,060
201300011323,13,11,4,735,1,2,2,1,3,088,"0, CASTELLANE (AV.)",,,,060
201300011324,13,11,4,740,1,2,1,1,2,088,"0, VOIE RAPIDE",,,,060
201300011325,13,11,5,1300,1,2,1,1,3,088,"0, CIMIEZ (BD) A PARTIR",,,,060
201300011326,13,11,5,1430,1,2,1,1,6,088,"163, CASSIN (BD RENE)",,,,060
201300011327,13,11,5,1505,1,2,1,1,5,088,"154, BESSET (AV.) (A PAR",,,,060
201300011328,13,11,5,1800,2,1,1,1,4,088,"0, RD 6202",,,,060
201300011329,13,11,6,855,1,2,1,1,2,088,"0, VOIE RAPIDE",,,,060
201300011330,13,11,6,955,1,2,3,1,3,088,VERANY (BD J.B.),,,,060
201300011331,13,11,6,1140,1,2,1,1,6,088,"18, ACCHIARDI DE ST LEGE",,,,060
201300011332,13,11,6,1255,1,2,1,1,2,088,"0, ANGLAIS PLAGE (N?1 AU",,,,060
201300011333,13,11,6,1330,1,2,1,1,6,088,"222, TURIN (RTE DE)",,,,060
201300011334,13,11,6,1550,1,2,1,1,3,088,"0, RAYNAUD (BD AUGUSTE)",,,,060
201300011335,13,11,6,1645,1,2,1,1,2,088,"91, ANGLAIS (DU N? 45 AU",,,,060
201300011336,13,11,7,2015,5,2,1,1,3,088,"63, MADELEINE (BD DE LA)",,,,060
201300011337,13,11,9,300,5,2,2,1,3,088,"0, GALLIENI (AV.)",,,,060
201300011338,13,11,9,1110,1,2,2,1,3,088,"0, BERLIOZ (RUE)",,,,060
201300011339,13,11,9,1210,1,2,1,1,3,088,"0, TURIN (RTE DE)",,,,060
201300011340,13,11,9,1344,1,2,1,1,2,088,"61, ANGLAIS (A PARTIR DU",,,,060
201300011341,13,11,9,1530,1,2,1,1,2,088,"0, JOLY (CORNICHE ANDRE",,,,060
201300011342,13,11,10,1550,1,2,1,1,6,088,"273, ANGLAIS PLAGE (DU 2",,,,060
201300011343,13,11,10,1845,5,2,3,1,3,088,"0, CASSIN (BD RENE)",,,,060
201300011344,13,11,11,1330,1,2,2,1,3,088,"0, DANTE (RUE)",,,,060
201300011345,13,11,11,1900,5,2,1,1,3,088,"110, GAMBETTA (A PARTIR",,,,060
201300011346,13,11,12,720,1,2,1,1,3,088,"0, ROMAINE (AV. DE LA VO",,,,060
201300011347,13,11,12,1050,1,2,1,1,3,088,"301, ANGLAIS PLAGE (DU 2",,,,060
201300011348,13,11,13,800,1,2,1,1,3,088,"63, MADELEINE (BD DE LA)",,,,060
201300011349,13,11,13,810,1,2,1,1,6,088,"32, CHATEAUNEUF (RUE)",,,,060
201300011350,13,11,13,1035,1,2,6,1,3,088,"0, RAY (AV. DU)",,,,060
201300011351,13,11,14,1730,2,2,1,1,6,088,"234, STE MARGUERITE (AV.",,,,060
201300011352,13,11,17,620,5,2,1,1,6,088,"0, POMPIDOU (BD GEORGES)",,,,060
201300011353,13,11,17,645,2,2,1,1,2,088,"58, GAMBETTA (JUSQU'AU N",,,,060
201300011354,13,11,17,800,1,2,1,1,3,088,"0, BARLA (RUE)",,,,060
201300011355,13,11,17,1100,1,2,1,2,3,088,"0, GAMBETTA (A PARTIR DU",,,,060