Num_Acc,an,mois,jour,hrmn,lum,agg,int,atm,col,com,adr,gps,lat,long,dep
201300012618,13,7,19,1130,1,1,1,1,6,189,,M,4266265,0183556,090
201300012619,13,9,25,1345,1,1,1,1,5,283,,M,4273150,0180875,090
201300012620,13,10,26,1245,1,1,1,1,3,032,,M,4269248,0182814,090
201300012621,13,1,8,1800,5,2,1,1,6,131,rue de Rennes,M,4812367,-180821,350
201300012622,13,3,10,1545,1,1,9,1,6,210,,M,4815060,-179663,350
201300012623,13,5,9,230,3,1,1,1,7,210,,M,4813152,-180490,350
201300012624,13,7,22,1130,1,1,1,1,1,131,,M,0000000,0000000,350
201300012625,13,9,17,700,2,1,3,1,1,210,,M,4815062,-179674,350
201300012626,13,10,10,1545,1,2,6,1,6,210,Rond point croisement dc,M,0000000,0000000,350
201300012627,13,1,1,730,1,1,1,1,7,240,,M,0000000,0000000,560
201300012628,13,12,28,1645,1,1,1,2,1,214,,M,4750281,-282700,560
201300012629,13,4,30,1630,1,2,1,1,6,005,Rue de leen Vihan,M,4754187,-289017,560
201300012630,13,5,20,1715,1,1,1,8,3,251,,M,0000000,0000000,560
201300012631,13,6,9,1500,1,1,1,1,5,252,,M,0000000,0000000,560
201300012632,13,6,28,1830,1,1,9,1,6,240,,M,0000000,0000000,560
201300012633,13,8,1,1115,1,1,1,1,2,240,,M,4750814,-275080,560
201300012634,13,8,10,1845,1,1,9,1,3,240,,M,0000000,0000000,560
201300012635,13,8,12,1815,1,2,1,1,3,251,rue ty er lan,M,0000000,0000000,560
201300012636,13,7,15,1100,1,1,1,1,6,295,,M,4585455,0381043,420
201300012637,13,8,11,1830,1,1,1,1,6,155,,M,4582228,0412033,420
201300012638,13,2,6,1300,1,1,1,1,7,066,,M,4574186,0417931,420
201300012639,13,10,13,700,3,1,1,9,5,209,,M,4586347,0430871,420
201300012640,13,5,13,1500,1,1,1,1,1,022,,M,4823180,0586058,880
201300012641,13,5,25,1230,1,1,1,1,2,324,,M,4828853,0585600,880
201300012642,13,5,29,1715,1,1,1,1,1,031,,M,4834779,0585594,880
201300012643,13,10,1,2145,3,1,1,1,2,390,,M,4814515,0568722,880
201300012644,13,2,25,1900,4,2,1,1,6,553,rue jean sebastien bach,M,0000000,0000000,380
201300012645,13,5,23,1700,1,1,1,3,4,553,,M,0000000,0000000,380
201300012646,13,6,3,900,1,2,1,1,3,553,bld de villefontaine,M,0000000,0000000,380
201300012647,13,6,17,1100,1,1,1,1,1,048,,M,0000000,0000000,380
201300012648,13,7,19,1045,1,1,1,1,3,339,,M,0000000,0000000,380
201300012649,13,1,20,2130,3,1,1,1,2,113,,M,0000000,0000000,130
201300012650,13,5,3,130,3,1,1,1,6,113,,M,0000000,0000000,130
201300012651,13,8,9,1900,1,1,1,1,3,113,,M,0000000,0000000,130
201300012652,13,9,9,745,1,1,1,1,6,113,,M,0000000,0000000,130
201300012653,13,9,9,1645,1,1,1,1,6,099,,M,0000000,0000000,130
201300012654,13,11,25,1830,3,1,1,1,6,048,,M,0000000,0000000,130
201300012655,13,12,23,1130,1,1,1,5,1,113,,M,0000000,0000000,130
201300012656,13,12,24,1615,1,1,1,1,6,059,,M,0000000,0000000,130
201300012657,13,3,13,2245,3,1,1,1,2,138,,M,0000000,0000000,180
201300012658,13,4,27,1800,1,1,1,1,6,141,,M,0000000,0000000,180
201300012659,13,6,1,1215,1,1,1,1,6,279,A 71,M,0000000,0000000,180
201300012660,13,6,18,800,1,1,1,8,6,279,,M,0000000,0000000,180
201300012661,13,7,7,1115,1,1,1,1,3,190,,M,0000000,0000000,180
201300012662,13,7,9,245,5,1,1,1,6,279,,M,4724624,0206519,180
201300012663,13,8,14,1530,1,1,1,1,6,138,,M,0000000,0000000,180
201300012664,13,9,8,1745,1,1,1,1,1,279,,M,0000000,0000000,180
201300012665,13,9,23,1500,1,1,9,1,4,279,,M,0000000,0000000,180
201300012666,13,10,17,700,2,1,1,8,6,167,,M,0000000,0000000,180
201300012667,13,10,19,1645,1,1,1,1,1,279,,M,0000000,0000000,180
201300012668,13,11,16,1200,1,1,1,1,6,141,,M,0000000,0000000,180
201300012669,13,1,18,1515,1,1,1,6,3,333,,M,4348805,0377257,340
201300012670,13,1,22,2115,3,1,1,1,1,337,,M,4353953,0388954,340
201300012671,13,3,17,115,3,1,1,9,7,159,,M,4352300,0381444,340
201300012672,13,4,7,1230,1,1,1,1,3,333,,M,4348417,0377259,340
201300012673,13,5,15,2015,2,1,1,1,6,333,,M,4349555,0377693,340
201300012674,13,10,3,600,3,1,1,1,1,337,,M,4353359,0353359,340
201300012675,13,11,8,745,2,1,1,1,6,333,,M,0000000,0000000,340
201300012676,13,11,27,1945,3,1,1,1,3,333,,M,0000000,0000000,340
201300012677,13,2,24,2000,3,1,1,1,4,204,,M,4616530,0570255,010
201300012678,13,9,5,1845,2,1,1,1,7,228,,M,0000000,0000000,010
201300012679,13,9,19,745,2,1,1,9,6,265,,M,0000000,0000000,010
201300012680,13,9,28,1100,1,1,1,1,4,228,,M,0000000,0000000,010
201300012681,13,10,19,1530,1,1,1,1,6,373,,M,0000000,0000000,010
201300012682,13,11,18,2045,3,1,1,1,6,283,,M,0000000,0000000,010
201300012683,13,12,14,1600,2,1,1,8,2,077,,M,0000000,0000000,010
201300012684,13,12,24,2015,3,1,1,3,3,391,,M,0000000,0000000,140
201300012685,13,2,28,2145,3,1,1,1,7,051,,M,0000000,0000000,130
201300012686,13,3,4,1015,1,1,1,8,1,044,,M,0000000,0000000,130
201300012687,13,3,5,1545,1,1,1,1,6,051,,M,0000000,0000000,130
201300012688,13,3,14,930,1,2,1,6,1,029,Chemin des caravasses,M,4356281,0506639,130
201300012689,13,3,30,400,3,1,1,2,6,051,,M,0000000,0000000,130
201300012690,13,5,11,100,3,1,1,1,7,009,,M,0000000,0000000,130
201300012691,13,5,24,1845,1,1,1,1,1,029,,M,0000000,0000000,130
201300012692,13,5,27,800,1,1,2,1,1,051,,M,0000000,0000000,130
201300012693,13,6,22,115,5,1,1,1,3,069,,M,0000000,0000000,130
201300012694,13,7,4,1445,1,1,1,1,6,044,,M,0000000,0000000,130
201300012695,13,7,14,215,3,1,1,1,6,044,,M,0000000,0000000,130
201300012696,13,10,9,1815,1,2,1,7,6,069,47 BOULEVARD DE DRAISINE,M,4363435,0514616,130
201300012697,13,11,8,1600,1,1,2,1,3,051,,M,4358896,0511936,130
201300012698,13,6,16,1745,1,1,1,1,1,085,,M,4492746,0670972,050
201300012699,13,8,10,1530,1,1,1,1,1,085,,M,4492604,0669033,050
201300012700,13,9,14,1230,1,1,1,1,3,085,,M,4492674,0670172,050
201300012701,13,1,9,1715,2,1,1,1,2,118,,M,4611200,0314000,030
201300012702,13,8,11,1600,1,1,1,1,6,021,,M,4612800,0311900,030
201300012703,13,8,13,1215,1,1,1,1,2,021,,M,4611700,0313500,030
201300012704,13,10,5,1945,2,1,1,2,6,075,,M,0000000,0000000,030
201300012705,13,7,11,2145,2,1,1,1,2,113,,M,4580562,0314497,630
201300012706,13,9,24,945,1,1,1,1,1,164,,M,4583000,0316000,630
201300012707,13,11,15,1430,1,1,1,4,4,278,,M,4592600,0314700,630
201300012708,13,11,26,1200,1,1,1,1,3,113,,M,4578800,0314300,630
201300012709,13,1,7,1615,1,1,1,1,2,084,,M,0000000,0000000,060
201300012710,13,5,20,1730,1,2,1,1,1,084,Corniche Paul Besnard,M,0000000,0000000,060
201300012711,13,5,8,1200,1,1,1,1,4,019,,M,4751839,-037697,490
201300012712,13,8,23,530,3,1,9,1,6,377,,M,4751815,-042963,490
201300012713,13,10,6,1800,1,1,1,1,3,127,,M,4766659,-026539,490
201300012714,13,10,29,830,1,1,1,1,7,076,A11,M,4760617,-030296,490
201300012715,13,11,11,2000,5,1,1,2,6,110,,M,4753837,-034141,490
201300012716,13,12,2,1245,1,1,1,1,2,127,,M,4769155,-024997,490
201300012717,13,1,27,1900,3,1,1,3,4,133,,M,4362200,-140700,400
201300012718,13,7,16,2115,2,1,1,1,7,261,,M,4369835,-123044,400
201300012719,13,7,20,100,3,1,1,1,6,075,,M,4386200,-116400,400
201300012720,13,7,31,1100,1,1,1,1,2,075,,M,4389700,-113200,400
201300012721,13,8,13,1145,1,1,1,1,6,075,,M,4388304,-113109,400
201300012722,13,9,9,1015,1,1,1,1,7,075,,M,4388191,-113093,400
201300012723,13,10,5,2000,3,1,1,1,2,133,,M,4361506,-134120,400
201300012724,13,11,12,245,3,1,1,2,7,168,,M,4375791,-122229,400
201300012725,13,3,29,1215,1,1,1,1,4,210,,M,4408185,-100220,400
201300012726,13,4,17,2020,1,1,1,1,6,295,,M,4439721,-082428,400
201300012727,13,5,15,700,2,1,1,1,2,152,,M,4394166,-108505,400
201300012728,13,7,21,1200,1,1,1,1,2,295,,M,4433577,-086755,400
201300012729,13,9,23,1500,1,1,1,1,2,152,,M,4398948,-104182,400
201300012730,13,3,31,1745,1,1,1,1,6,408,,M,4598800,0279200,630
201300012731,13,6,7,1330,1,1,2,1,3,171,,M,0000000,0000000,630
201300012732,13,6,15,1730,1,1,1,1,6,171,,M,0000000,0000000,630
201300012733,13,7,21,2015,1,1,2,1,3,171,,M,0000000,0000000,630
201300012734,13,8,15,1815,1,1,1,7,1,198,,M,0000000,0000000,630
201300012735,13,9,26,1630,1,1,1,1,7,388,,M,0000000,0000000,630
201300012736,13,12,10,745,1,1,1,1,6,198,,M,4593800,0301400,630
201300012737,13,1,11,1535,1,2,1,1,1,343,MARCEL BIDOT (RUE),M,4826926,0410942,100
201300012738,13,1,17,757,2,2,1,1,6,333,"10, ECHENILLY (RUE)",M,4828486,0405062,100
201300012739,13,1,31,2030,5,2,1,2,1,321,"15, JEAN JAURES (RUE)",M,4828819,0403531,100
201300012740,13,2,1,1830,5,2,1,3,6,387,VICTOR HUGO (RUE),M,4829357,0406874,100
201300012741,13,2,13,950,1,2,1,1,4,297,ROGER SALENGRO (RUE),M,4831187,0409738,100
201300012742,13,1,4,1820,5,2,1,2,1,387,"16, JULES GUESDE (BD)",M,4829271,0408213,100
201300012743,13,2,9,1100,1,2,1,1,6,297,ROGER SALENGRO (RUE),M,4831020,0409719,100
201300012744,13,1,7,1805,1,2,1,1,6,387,"8, GASTON ROGELIN (RUE)",M,4830753,0406663,100
201300012745,13,2,22,945,1,2,1,1,6,357,GENERAL DE GAULLE (RUE D,M,4829759,0413210,100
201300012746,13,3,5,750,1,2,3,1,3,387,LOMBARDS (AVENUE),,,,100
201300012747,13,3,16,935,1,2,2,1,3,387,VOULDY (CHAUSSEE DU),,,,100
201300012748,13,3,16,1435,1,2,3,1,3,387,THENARD (RUE),,,,100
201300012749,13,2,20,1300,1,2,1,1,4,387,"11, PREMIER RAM (RUE DU)",M,4829183,0407212,100
201300012750,13,3,26,840,1,2,1,1,6,081,"2, PRESIDENT RENE COTY (",,,,100
201300012751,13,3,31,2000,1,1,1,1,6,297,Rocade EST,,,,100
201300012752,13,4,4,1152,1,2,1,1,2,333,"31, CHARLES BALTET (RUE)",,,,100
201300012753,13,4,5,1915,1,2,1,1,6,387,"63, PASTEUR (RUE)",M,4830197,0406361,100
201300012754,13,4,6,435,2,2,1,1,6,333,ROCADE OUEST (RD 610),M,4827880,0404188,100
201300012755,13,4,12,1235,1,2,1,1,6,387,"1, CHALMEL (RUE)",M,4829500,0406425,100
201300012756,13,4,15,835,1,2,1,1,6,387,"7, VOULDY (CHAUSSEE DU)",M,4829358,0408362,100
201300012757,13,4,20,1920,1,2,9,1,3,333,"102, AUXERRE (ROUTE)",M,4826916,0404891,100
201300012758,13,4,30,1040,1,2,1,1,6,387,ANATOLE FRANCE (RUE),,,,100
201300012759,13,4,30,1420,1,2,1,2,6,081,"03, MARCEL DEFRANCE (RUE",M,4830782,0402941,100
201300012760,13,5,6,1745,1,2,1,2,6,387,TURENNE (RUE DE),M,4829296,0407356,100
201300012761,13,5,15,1640,1,2,1,1,2,387,"16, CARNOT (RUE)",M,4829661,0406650,100
201300012762,13,5,18,650,2,2,1,1,7,362,RD 660,,,,100
201300012763,13,5,27,1115,1,2,1,1,2,333,"68, AUXERRE (ROUTE)",M,4828066,0406915,100
201300012764,13,5,21,1745,1,2,1,2,6,387,Anatole France (Ave),M,4828425,0407297,100
201300012765,13,5,24,1535,1,2,1,8,6,387,"17,  R.A.M (BDL DU 1er)",M,4829151,0407158,100
201300012766,13,5,29,2235,5,2,2,1,3,387,1 R.A.M (BDL DU),M,4829140,0407097,100
201300012767,13,5,29,848,1,2,2,1,5,387,MAJOR GENERAL VANIER (AV,M,4831180,0406604,100
201300012768,13,5,6,1120,1,2,3,1,1,387,REINE BLANCHE (RUE),,,,100
201300012769,13,6,1,1040,1,2,9,1,6,362,DAMES (RUE DES),,,,100
201300012770,13,6,12,1823,1,2,1,1,6,387,"112, EDOUARD HERRIOT (AV",M,4827097,0408438,100
201300012771,13,6,4,1935,1,2,1,1,2,387,JACQUIN (RUE),M,4830398,0408086,100
201300012772,13,6,17,815,1,2,1,1,1,387,"30, GRAND VEON (RUE DU)",M,4829357,0410047,100
201300012773,13,6,21,845,1,2,1,1,6,387,"44, CARNOT (BD)",M,4829522,0406744,100
201300012774,13,6,21,1525,1,1,1,1,1,357,RD619,,,,100
201300012775,13,6,5,2020,1,2,1,1,2,362,"50, NOES (RUE DES)",,,,100
201300012776,13,6,26,745,1,2,3,1,3,081,JEAN MOULIN (RUE),,,,100
201300012777,13,6,28,1725,1,2,3,8,6,387,TOUR (RUE DE LA),M,4830241,0407616,100
201300012778,13,6,6,1125,1,2,1,1,6,362,"8, DANTON (RUE)",,,,100
201300012779,13,7,9,1620,1,2,6,1,3,387,THENARD (RUE),M,4826845,0408630,100
201300012780,13,7,10,1025,1,2,2,1,3,387,QUINZE VINGT (RUE),M,4829690,0407141,100
201300012781,13,7,19,1435,1,2,3,1,3,362,GENERAL GALLIENI (RUE DU,M,4829412,0405702,100
201300012782,13,7,26,850,1,2,1,1,6,387,"101, ANATOLE FRANCE (RUE",M,4827990,0406835,100
201300012783,13,7,12,1727,1,2,1,1,4,333,AUXERRE (ROUTE),M,4826833,0404753,100
201300012784,13,8,4,1332,1,2,2,1,3,387,"31, ETIENNE PEDRON (RUE)",M,4830678,0407664,100
201300012785,13,8,8,1705,1,2,1,1,3,387,"195, GENERAL LECLERC (RU",M,4830948,0405408,100
201300012786,13,7,24,1925,1,2,3,1,3,387,HENRI BARBUSSE (RUE),M,4830046,0408683,100
201300012787,13,8,21,42,3,2,1,1,6,362,"75, PAUL DOUMER (RUE)",M,4828980,0404884,100
201300012788,13,7,22,1120,1,2,2,1,6,387,GENDRET DE LA BONDE (RUE,M,4830475,0407099,100
201300012789,13,8,23,1915,2,2,6,1,6,387,GEORGES POMPIDOU (RUE),M,4829130,0408852,100
201300012790,13,9,4,1545,1,2,1,1,6,333,"17, CHARLES BALTET (RUE)",M,4828506,0405627,100
201300012791,13,9,4,1836,1,2,2,1,3,387,MAJOR GENERAL VANIER (AV,M,4830354,0407292,100
201300012792,13,8,9,1920,1,2,1,1,6,387,ROMAIN ROLLAND (RUE),M,4827158,0408306,100
201300012793,13,9,14,1142,1,2,1,1,2,387,CHOMEDEY DE MAISONNEUVE,,,,100
201300012794,13,9,15,1625,1,2,1,1,6,387,ALEXANDRE LEYMERIE (RUE),M,4830688,0404219,100
201300012795,13,9,30,752,1,2,1,1,7,321,JEAN JAURES (RUE),M,4828760,0403042,100
201300012796,13,10,10,945,1,2,1,1,6,387,EDOUARD HERRIOT (RUE),M,4827135,0408392,100
201300012797,13,10,10,1634,1,2,1,2,6,387,DANTON (RUE),M,4830332,0407710,100
201300012798,13,10,22,2050,5,2,1,2,3,387,LOMBARDS (AVENUE),M,4827550,0407155,100
201300012799,13,10,1,1345,1,2,1,1,6,387,HENRI BARBUSSE (RUE),M,4829675,0408485,100
201300012800,13,11,5,2128,5,2,2,1,3,387,PIERRE BROSSOLETTE (RUE),M,4828907,0407684,100
201300012801,13,10,26,1955,5,2,1,2,6,387,GAMBETTA (RUE),M,4829970,0407314,100
201300012802,13,11,18,730,1,2,1,8,3,060,"3, VERRIERES (ROUTE DE)",M,4826421,0411066,100
201300012803,13,11,25,1200,1,2,2,1,3,325,EGALITE (RUE DE L'),M,4826305,0405910,100
201300012804,13,11,29,1650,2,2,1,1,6,387,PIERRE BROSSOLETTE (RUE),,,,100
201300012805,13,11,15,1808,5,2,1,2,6,357,PIERRE BROSSOLETTE (RUE),M,4829943,0411856,100
201300012806,13,12,9,755,5,2,6,1,2,343,CHATEAU DES COURS (RUE D,M,4827390,0409271,100
201300012807,13,4,26,1545,1,2,1,2,3,152,20 rue de l'Eglise,M,0000000,0000000,670
201300012808,13,6,15,1530,1,2,6,1,3,152,rue du fort,M,4853400,0768800,670
201300012809,13,6,18,745,1,1,3,1,5,152,,M,4852100,0766700,670
201300012810,13,6,18,1445,1,1,6,1,2,152,,M,4853200,0769100,670
201300012811,13,9,11,1900,1,2,1,8,6,152,rue du g?n?ral de gaulle,M,4851800,0764200,670
201300012812,13,11,19,645,2,2,1,8,4,152,Route de Lingolsheim,M,4855100,0768200,670
201300012813,13,12,20,1400,1,2,1,1,4,108,route de schirmeck,M,0000000,0000000,670
201300012814,13,1,11,1715,1,2,1,1,5,309,RD263,M,4865300,0772400,670
201300012815,13,5,16,1015,1,2,1,2,3,471,route de Brumath,M,4864000,0773100,670
201300012816,13,5,16,1200,1,2,1,2,1,296,rue principale,M,0000000,0000000,670
201300012817,13,6,8,1145,1,2,1,1,2,309,09 rue de Strasbourg,M,4864500,0771100,670
201300012818,13,6,15,1215,1,2,1,1,6,506,24 rue du Gal De Gaulle,M,4867000,0771000,670
201300012819,13,6,16,830,1,2,1,1,6,343,"98 A, route de Saverne",M,4861000,0768000,670
201300012820,13,6,18,1545,1,2,1,1,6,471,"97, route de Brumath",M,4862000,0773000,670
201300012821,13,8,5,1900,1,1,3,1,3,389,,M,0000000,0000000,670
201300012822,13,9,28,2000,5,2,1,1,6,343,rue de WOLFISHEIM,M,4861000,0768300,670
201300012823,13,11,11,1800,3,1,1,1,6,506,,M,0000000,0000000,670
201300012824,13,11,15,800,1,2,1,1,3,506,rue de brumath,M,4867500,0771900,670
201300012825,13,12,20,1245,1,2,1,1,6,471,"67, route de Brumath",M,0000000,0000000,670
201300012826,13,1,8,1615,1,2,1,8,1,105,RD 2085,M,4366900,0705400,060
201300012827,13,1,13,945,1,2,1,8,3,038,PLACE DES PINS,M,0000000,0000000,060
201300012828,13,2,10,145,3,1,1,1,3,105,,M,4368800,0705900,060
201300012829,13,5,5,1230,1,2,1,1,3,148,1019 route de vence,M,0000000,0000000,060
201300012830,13,6,23,1445,1,1,1,1,6,148,,M,4371300,0705000,060
201300012831,13,7,1,2015,1,1,1,1,2,148,,M,4370600,0700400,060
201300012832,13,7,28,1145,1,1,1,1,1,010,,M,0000000,0000000,060
201300012833,13,9,28,1800,1,2,1,8,2,089,RD 3 - 06650 OPIO,M,4366800,0698700,060
201300012834,13,11,1,1030,1,2,1,1,4,112,43 Route de Nice,M,0000000,0000000,060
201300012835,13,10,25,1730,2,1,1,1,6,148,,M,0000000,0000000,060
201300012836,13,12,15,315,3,2,1,1,1,112,D7 ROUTE DE ROQUEFORT,M,0000000,0000000,060
201300012837,13,2,24,2000,3,1,1,4,6,127,,M,4310714,0032639,650
201300012838,13,3,2,1230,1,1,1,1,5,127,,M,4310692,0033185,650
201300012839,13,3,23,1630,1,1,1,4,6,127,,M,4312307,0031946,650
201300012840,13,5,2,2230,3,1,1,2,6,101,,M,4318668,0022271,650
201300012841,13,5,10,1730,1,1,1,1,6,101,,M,4318457,0022333,650
201300012842,13,6,29,600,2,1,1,1,7,353,,M,4316384,0026847,650
201300012843,13,7,13,1645,1,1,1,1,7,258,A 64,M,4310008,0037030,650
201300012844,13,8,4,315,3,1,1,1,5,127,,M,4310270,0033783,650
201300012845,13,9,1,1,3,1,1,1,6,216,,M,4326190,-015482,640
201300012846,13,11,21,1600,1,1,1,4,4,482,,M,4310690,0044399,650
201300012847,13,2,14,1825,2,1,1,9,6,560,,M,0000000,0000000,020
201300012848,13,4,29,1445,1,1,1,1,6,360,,M,0000000,0000000,020
201300012849,13,6,30,100,3,1,1,1,2,180,,M,0000000,0000000,020
201300012850,13,7,3,1115,1,1,2,1,3,545,,M,4971803,0384562,020
201300012851,13,7,24,1935,1,1,1,1,6,720,,M,0000000,0000000,020
201300012852,13,7,26,1100,1,1,1,1,6,169,,M,0000000,0000000,020
201300012853,13,8,2,2230,3,1,1,1,3,189,,M,4962981,0386490,020
201300012854,13,8,8,730,1,1,1,1,2,498,,M,0000000,0000000,020
201300012855,13,8,11,1700,1,2,3,1,3,468,rue docteur galoy,M,0000000,0000000,020
201300012856,13,9,8,655,2,1,1,1,1,489,,M,0000000,0000000,020
201300012857,13,9,8,1530,1,1,1,1,6,350,rue de Beauvois,M,4967147,0385046,020
201300012858,13,9,25,1745,1,2,1,8,3,690,rue de Chivres,M,4961920,0390510,020
201300012859,13,10,9,1710,1,1,1,1,1,073,,M,0000000,0000000,020
201300012860,13,10,19,1515,1,2,1,1,6,215,Rue Pierre Curtil,M,0000000,0000000,020
201300012861,13,10,24,1425,1,1,1,1,6,553,,M,0000000,0000000,020
201300012862,13,12,4,1615,2,1,1,2,2,676,,M,0000000,0000000,020
201300012863,13,12,21,330,3,1,1,1,3,697,,M,0000000,0000000,020
201300012864,13,1,5,1630,3,1,1,8,1,530,,M,4562390,0517158,380
201300012865,13,5,30,1645,1,1,1,2,5,530,,M,4564200,0514300,380
201300012866,13,6,16,615,2,2,1,1,6,193,rue du Lans,M,0000000,0000000,380
201300012867,13,6,27,1245,1,2,1,1,2,193,Route de LYON,M,0000000,0000000,380
201300012868,13,8,22,2015,1,2,3,1,3,193,promenade de cassiopee,M,0000000,0000000,380
201300012869,13,8,30,1230,1,1,1,1,3,172,,M,0000000,0000000,380
201300012870,13,11,2,1700,1,1,1,1,3,193,,M,0000000,0000000,380
201300012871,13,6,19,2030,1,1,1,1,1,158,,M,4649100,0266600,030
201300012872,13,7,17,2045,1,1,1,1,6,031,,M,4641200,0274000,030
201300012873,13,10,29,1130,1,1,1,7,6,158,,M,4650400,0264800,030
201300012874,13,1,12,1800,3,1,1,1,6,178,05 300,M,4436690,0592305,050
201300012875,13,3,17,2030,3,1,1,3,6,078,,M,4439280,0594203,050
201300012876,13,5,24,2230,3,1,1,1,5,103,,M,4428760,0590206,050
201300012877,13,9,13,730,1,1,1,1,2,063,,M,0000000,0000000,040
201300012878,13,9,22,1500,1,1,1,1,6,178,,M,4436776,0592351,050
201300012879,13,10,3,1500,1,1,1,1,2,149,,M,0000000,0000000,040
201300012880,13,12,27,1045,1,1,1,1,6,209,,M,0000000,0000000,040
201300012881,13,4,8,700,1,1,1,1,6,080,,M,0000000,0000000,130
201300012882,13,4,13,1315,1,1,1,7,6,080,,M,0000000,0000000,130
201300012883,13,4,29,545,2,1,1,3,1,080,,M,0000000,0000000,130
201300012884,13,6,4,1945,1,1,1,1,5,080,,M,0000000,0000000,130
201300012885,13,6,15,1130,1,2,1,1,6,113,40 ave maurice plantier,M,4359820,0548498,130
201300012886,13,7,4,945,1,1,1,1,5,080,*,M,0000000,0000000,130
201300012887,13,7,11,1530,1,2,1,1,1,113,Avenue de la Ferrage,M,4359598,0547886,130
201300012888,13,8,11,500,2,1,1,1,6,080,,M,4366161,0541503,130
201300012889,13,1,19,630,3,1,9,4,7,118,,M,4548348,0602734,730
201300012890,13,3,17,2245,5,1,9,3,6,151,,M,4551381,0600054,730
201300012891,13,4,21,1945,1,1,1,8,7,213,,M,4555900,0595500,730
201300012892,13,3,27,745,1,1,1,5,6,450,,M,0000000,0000000,380
201300012893,13,3,25,1030,1,1,1,1,6,033,,M,0000000,0000000,380
201300012894,13,9,17,1715,1,1,1,1,6,454,,M,0000000,0000000,380
201300012895,13,4,20,1830,1,1,1,1,3,352,,M,4804863,-159433,350
201300012896,13,7,9,2330,3,1,1,1,7,206,,M,4805056,-166496,350
201300012897,13,8,30,1645,1,1,1,1,2,206,,M,4806261,-169929,350
201300012898,13,9,11,900,1,1,1,1,2,206,,M,4804566,-162864,350
201300012899,13,10,5,1130,1,1,1,1,3,206,,M,0000000,0000000,350
201300012900,13,2,14,2315,3,1,1,4,7,194,,M,4873500,0789500,670
201300012901,13,5,27,1845,1,1,1,1,7,205,,M,0000000,0000000,670
201300012902,13,10,7,1000,1,1,1,1,6,205,,M,0000000,0000000,670
201300012903,13,4,25,1145,1,2,1,1,3,432,RD 191 RD224,M,0000000,0000000,620
201300012904,13,6,12,730,1,2,1,2,1,043,,M,5091404,0194365,620
201300012905,13,6,25,1515,1,1,1,1,7,203,,M,0000000,0000000,620
201300012906,13,12,11,815,2,2,1,1,6,397,,M,0000000,0000000,620
201300012907,13,1,26,1216,1,1,3,1,3,069,BRAM -ROUTE DE-,,,,110
201300012908,13,2,13,1310,1,2,1,1,6,069,BRANLY EDOUAD,M,4320625,0231779,110
201300012909,13,1,4,1535,1,2,1,1,2,069,"12, MUSSET ALFRED -ET IM",M,4321943,0234409,110
201300012910,13,3,31,1828,1,1,1,1,2,069,MINERVOISE -ROUTE-,,,,110
201300012911,13,4,16,1847,1,1,1,1,3,069,ROCADE OUEST,,,,110
201300012912,13,6,4,1712,1,2,1,1,6,069,"25, GOUT HENRI -AV. N? I",,,,110
201300012913,13,6,12,1740,1,1,1,1,2,069,LIMOUX -ROUTE DE-,,,,110
201300012914,13,6,25,2224,5,2,1,1,3,069,LECLERC AV. DU GENERAL I,,,,110
201300012915,13,6,28,1602,1,2,1,1,1,069,BUFFON RUE A PARTIR DU 5,,,,110
201300012916,13,1,8,1737,2,1,1,1,2,069,LIMOUX -ROUTE DE - JUSQU,,,,110
201300012917,13,1,9,1114,1,1,1,1,3,069,SAINT HILAIRE -ROUTE DE-,,,,110
201300012918,13,8,10,1702,1,1,1,1,6,069,"R N 113, SENS TOULOUSE/",,,,110
201300012919,13,1,10,942,1,2,1,1,3,069,SOUMET ALEXANDRE,M,4321767,0234248,110
201300012920,13,9,6,1051,1,1,1,1,2,069,ROCADE SUD RD 342,,,,110
201300012921,13,9,23,1813,1,2,1,1,6,069,"48, GAY- LUSSAC JOSEPH -",M,4320722,0232274,110
201300012922,13,1,11,1057,1,1,1,1,6,069,"R N 113, SENS TOULOUSE/",,,,110
201300012923,13,1,11,2144,5,2,1,1,7,069,"47, BUNAU VARILLA -AV-",M,4321081,0234107,110