Num_Acc,an,mois,jour,hrmn,lum,agg,int,atm,col,com,adr,gps,lat,long,dep
201300013526,13,3,24,1755,1,2,6,2,5,005,SALENGRO (AVENUE ROGER),M,4330335,0557178,130
201300013527,13,3,27,1930,5,2,1,1,3,070,VOLTAIRE (BOULEVARD),M,4328260,0552989,130
201300013528,13,3,28,1400,1,2,2,3,3,005,RD 43 C,,,,130
201300013529,13,4,2,1250,1,2,1,1,2,005,MERMOZ (RUE JEAN),M,4328721,0557935,130
201300013530,13,4,2,1645,1,2,1,1,3,005,VALLEE (CHEMIN DE LA),M,4328463,0552440,130
201300013531,13,4,5,1605,1,2,1,1,6,005,BARTHELEMY (RUE DU DR),M,4329574,0556629,130
201300013532,13,4,8,1740,1,2,1,1,7,005,"35, REPUBLIQUE (RUE DE L",M,4329181,0556915,130
201300013533,13,4,9,1600,1,1,1,1,2,211,VOLTAIRE (BOULEVARD),M,4328314,0550554,130
201300013534,13,4,9,1630,1,1,3,1,1,005,"27, DIRIGEABLE (AVENUE D",M,4328334,0560506,130
201300013535,13,4,9,1820,1,1,1,1,2,005,rond point de la bourbon,M,4328392,0559467,130
201300013536,13,4,11,630,2,2,1,1,6,005,"538, PALUDS (AVENUE DES)",M,4328843,0560049,130
201300013537,13,4,11,1135,1,1,9,1,6,005,BONNES NOUVELLES (CH.DES,M,4329235,0559202,130
201300013538,13,4,14,1750,1,2,3,1,3,005,"33, VERDUN (AVENUE DE)",M,4328786,0557899,130
201300013539,13,4,15,1650,1,2,1,1,7,005,"112, CASSIS (CHEMIN DE )",M,4327395,0553224,130
201300013540,13,4,16,1730,1,2,1,1,3,005,CD 2 (CAMP MAJOR),M,4328811,0552302,130
201300013541,13,4,16,1910,1,1,1,1,4,005,CD 2 (CAMP MAJOR),M,4329244,0555585,130
201300013542,13,4,17,845,1,2,3,1,3,005,ROUBINE (AVENUE DE LA),M,4328637,0559549,130
201300013543,13,4,25,940,1,1,1,1,3,005,CD 2 (CAMP MAJOR),M,4328808,0552303,130
201300013544,13,4,30,935,1,2,9,1,3,005,SALENGRO (AVENUE ROGER),M,4330322,0557173,130
201300013545,13,4,30,1000,1,2,1,1,3,005,AVELANEDE (CHEMIN DE L'),M,4328648,0558740,130
201300013546,13,5,2,1930,2,2,1,1,4,005,"250, RD 559 A (ROUTE DE",M,4328602,0558078,130
201300013547,13,5,7,1120,1,2,9,1,2,005,SAINT PIERRE (CHEMIN DE),,,,130
201300013548,13,5,7,1940,1,2,1,1,3,005,RN 8,M,4328479,0559208,130
201300013549,13,5,10,1510,1,2,2,1,3,005,RN 8,M,4328415,0554418,130
201300013550,13,5,11,1400,1,1,1,1,6,005,EOURES (ROUTE D'),,,,130
201300013551,13,5,12,1625,1,2,1,1,3,005,"25, SALENGRO (AVENUE ROG",M,4330086,0557001,130
201300013552,13,5,14,1435,1,2,1,1,2,070,ROBION (CHEMIN NOEL),M,4328441,0551746,130
201300013553,13,5,17,1105,1,2,1,9,3,005,"2, RASTEGUE (COURS BARTH",M,4329270,0556903,130
201300013554,13,5,20,1515,1,2,1,1,3,005,"42, SOLLANS (CHEMIN DES)",M,4330583,0557262,130
201300013555,13,5,21,1730,1,2,3,1,3,005,RN 396 (ROUTE NATIONALE),M,4330871,0560804,130
201300013556,13,5,23,730,1,2,6,1,3,005,CEINTURE DE CAMPS MAJOR,M,4329099,0558646,130
201300013557,13,5,27,800,1,1,3,1,3,005,"14, DOUARD (AVENUE DU)",M,4328592,0560171,130
201300013558,13,5,28,1710,1,2,1,2,6,005,BAUMONE (AVENUE DE LA ),M,4329801,0559706,130
201300013559,13,5,29,1855,1,2,1,1,2,005,"3551, EOURES (ROUTE D')",M,4330585,0553584,130
201300013560,13,5,31,1155,1,2,3,1,3,005,"77, REPUBLIQUE (RUE DE L",M,4329087,0557010,130
201300013561,13,6,3,1845,1,2,1,1,3,005,"1, CIOTAT (ROUTE DE LA R",M,4326720,0558791,130
201300013562,13,6,3,1230,1,2,6,1,6,005,"1, SALENGRO (AVENUE ROGE",M,4329638,0556864,130
201300013563,13,6,8,1000,1,2,1,1,2,005,"420, NATIONALE 8",M,4328615,0558752,130
201300013564,13,5,31,1800,1,2,1,1,3,070,"15, ANTONETTI (AVENUE)",M,4328692,0551459,130
201300013565,13,6,11,2355,5,2,1,1,1,005,"3675, EOURES (ROUTE D')",M,4330533,0553444,130
201300013566,13,6,14,850,1,1,3,1,3,005,RD 43 C,,,,130
201300013567,13,6,14,1100,1,2,3,1,3,005,"1, COMBES (BOULEVARD EMI",M,4328930,0556858,130
201300013568,13,6,15,1200,1,2,9,1,7,005,PLANQUE (CHEMIN DE LA),M,4329468,0557357,130
201300013569,13,6,16,1550,1,2,1,1,3,005,"55, VINGT ET UN AOUT 194",M,4328927,0556635,130
201300013570,13,6,19,820,1,2,6,1,3,005,AVELANEDE (CHEMIN DE L'),M,4329187,0558798,130
201300013571,13,6,20,1015,1,2,1,1,3,070,"292, VOLTAIRE (BOULEVARD",M,4328217,0552684,130
201300013572,13,6,22,1740,1,2,1,1,6,005,SAINT PIERRE (CHEMIN DE),M,4329970,0559101,130
201300013573,13,6,22,2100,1,2,1,1,3,005,"6, FENESTRELLES (CHEMIN",M,4328833,0556672,130
201300013574,13,6,24,1220,1,2,1,1,3,005,"180, MERMOZ (RUE JEAN)",M,4328660,0557851,130
201300013575,13,6,24,2040,1,2,1,1,3,005,"6, SALENGRO (AVENUE ROGE",M,4329606,0556853,130
201300013576,13,3,4,1205,1,2,1,1,3,070,"170, VOLTAIRE (BOULEVARD",M,4328119,0551785,130
201300013577,13,3,7,1600,1,2,3,1,3,005,VALLEE (CHEMIN DE LA),M,4328734,0554504,130
201300013578,13,4,3,750,1,2,3,1,3,070,ANTONETTI (AVENUE),M,4328691,0551788,130
201300013579,13,6,27,1600,1,2,1,1,2,005,"99, REPUBLIQUE (RUE DE L",M,4328983,0557174,130
201300013580,13,6,28,1400,1,2,1,1,1,070,"196, VOLTAIRE (BOULEVARD",M,4328118,0551879,130
201300013581,13,6,29,1125,1,2,1,1,3,005,PALUDS (Z.I. DES ),M,4329616,0559417,130
201300013582,13,4,26,910,1,2,1,1,5,005,"1, CHATEAU (CHEMIN DU)",M,4329350,0556901,130
201300013583,13,6,30,1900,1,2,2,1,3,005,AVELANEDE (CHEMIN DE L'),M,4328768,0558719,130
201300013584,13,7,5,1025,1,1,1,1,6,005,RN 96 (ROUTE NATIONALE ),M,4331997,0558534,130
201300013585,13,7,6,1030,1,2,1,1,6,005,21 AOUT 1944 (AVENUE DU),M,4328585,0555581,130
201300013586,13,7,7,1210,1,2,1,1,1,005,"735, RN 96 (ROUTE NATION",M,4331276,0557804,130
201300013587,13,7,10,1640,1,2,1,1,2,070,"160, VOLTAIRE (BOULEVARD",M,4328129,0551724,130
201300013588,13,7,10,1709,1,1,3,1,3,005,THUILIERE (CHEMIN DE LA,,,,130
201300013589,13,7,11,1820,1,1,1,1,7,005,CIOTAT (ROUTE DE LA RN55,M,4327843,0558997,130
201300013590,13,7,13,1330,1,1,1,1,7,005,RD 559 A (ROUTE DE LA BE,,,,130
201300013591,13,7,16,550,1,2,1,1,5,005,"1100, RN 96 (ROUTE NATIO",M,4331610,0558087,130
201300013592,13,7,11,1500,1,1,1,1,4,005,RD 43 C,M,4331135,0559304,130
201300013593,13,7,21,1800,1,1,1,1,3,005,"., RD 559 A (ROUTE DE LA",M,4327361,0559012,130
201300013594,13,7,24,1300,1,2,1,1,3,005,"0, FOCH (COURS MARECHAL)",M,4329399,0556717,130
201300013595,13,7,26,2000,1,2,1,1,2,005,"411, GARLABAN (AVENUE DU",M,4331558,0556160,130
201300013596,13,7,26,2140,5,2,1,1,1,005,"3, LAVANDE (BOULEVARD DE",M,4327812,0553882,130
201300013597,13,7,26,1600,1,2,1,1,6,005,VOLTAIRE (COURS),M,4329522,0556817,130
201300013598,13,7,31,1850,1,2,1,1,2,005,"1, FOCH (COURS MARECHAL)",M,4329299,0556760,130
201300013599,13,8,2,1200,1,1,1,1,2,005,"708, NATIONALE 8 DE PARI",M,4328533,0559069,130
201300013600,13,8,4,1420,1,2,1,1,7,005,"235, BLANCARD (PROMENADE",M,4329538,0556086,130
201300013601,13,8,5,1715,1,1,1,1,3,005,PALUDS (Z.I. DES ),M,4329225,0559095,130
201300013602,13,8,8,1250,1,1,1,1,1,005,"., CIOTAT (ROUTE DE LA R",M,4328640,0558022,130
201300013603,13,8,8,1315,1,2,1,1,6,070,"11, BEAUSOLEIL(AVENUE)",M,4327777,0551729,130
201300013604,13,8,8,1350,1,2,1,1,3,005,RASTEGUE (COURS BARTHELE,M,4329265,0556605,130
201300013605,13,8,13,1750,1,2,1,1,6,005,"86, REPUBLIQUE (RUE DE L",M,4328993,0557162,130
201300013606,13,8,14,1745,1,2,1,1,2,005,SALENGRO (AVENUE ROGER),M,4330336,0557162,130
201300013607,13,8,17,1030,1,1,1,1,7,005,CD 2 (CAMP MAJOR),M,4329300,0556761,130
201300013608,13,8,19,1600,1,2,1,1,6,005,"140, GAUTHIERE (CHEMIN D",M,4332236,0559397,130
201300013609,13,8,20,1830,1,1,1,1,3,005,"1300, RD 43 C",,,,130
201300013610,13,8,21,1800,1,2,1,1,3,005,BOYER (AVENUE ANTIDE),M,4329442,0556704,130
201300013611,13,8,23,330,5,2,4,1,6,005,"64, RD 43 C",,,,130
201300013612,13,8,24,1300,1,2,3,1,3,005,AVELANEDE *CH DE L'),M,4328766,0558721,130
201300013613,13,9,1,430,5,2,1,1,6,005,RN 8,M,4328340,0553763,130
201300013614,13,9,2,1025,1,2,1,1,3,005,CD 2 (CAMP MAJOR),M,4328731,0553555,130
201300013615,13,9,3,650,1,2,3,7,3,005,N 8 DE PARIS A TOULON,M,4328633,0558685,130
201300013616,13,9,3,1030,1,2,1,1,6,005,THUILIERE (CHEMIN DE LA,M,4329591,0554805,130
201300013617,13,9,5,1330,1,2,1,1,7,005,"250, 21 AOUT 1944 (AVENU",M,4328824,0556450,130
201300013618,13,9,10,1240,1,2,1,1,2,005,RN 96 (ROUTE NATIONALE ),M,4331996,0558532,130
201300013619,13,9,9,1650,1,1,1,1,2,005,"1, BAUMONE (AVENUE DE LA",M,4329575,0559504,130
201300013620,13,9,9,1815,1,2,1,1,2,005,CIOTAT (ROUTE DE LA RN55,M,4328563,0558129,130
201300013621,13,9,10,1810,1,1,1,1,7,005,"101, MARIN BLANC (AVENUE",M,4328503,0559553,130
201300013622,13,9,12,1135,1,2,1,1,5,005,"1290, RN 96 (ROUTE NATIO",M,4331368,0557851,130
201300013623,13,9,12,1605,1,2,1,1,6,005,PASSONS (CHEMIN DES ),M,4329170,0558500,130
201300013624,13,9,13,1735,1,1,3,1,7,005,RN 396 (ROUTE NATIONALE),M,4331255,0560281,130
201300013625,13,9,14,820,1,2,1,1,3,005,GEMENOS (ROUTE DE CD2),M,4329736,0558641,130
201300013626,13,9,16,915,1,2,1,1,6,005,DELFIEU (AVENUE LOULOU),M,4329258,0556550,130
201300013627,13,9,18,1740,1,2,1,1,6,005,"2, GEMENOS (ROUTE DE CD2",M,4329468,0557380,130
201300013628,13,9,19,830,1,2,1,1,6,070,"24, ROUSSEAU (BOULEVARD",M,4327824,0551840,130
201300013629,13,9,19,1350,1,2,1,1,3,005,"., RD 43 C",,,,130
201300013630,13,9,20,715,1,1,1,1,1,005,"0, GEMENOS (ROUTE DE CD2",M,4329778,0560584,130
201300013631,13,9,25,1135,1,2,1,1,2,005,CEINTURE DE CAMPS MAJOR,M,4329753,0558110,130
201300013632,13,9,17,1140,1,2,1,1,1,005,"581, BLANCARD (PROMENADE",M,4329706,0556591,130
201300013633,13,9,23,1420,1,2,1,1,4,005,SALENGRO (AVENUE ROGER),M,4330372,0557209,130
201300013634,13,9,23,1530,1,2,1,1,3,005,"1745, CD 2 (CAMP MAJOR)",M,4329844,0559329,130
201300013635,13,9,24,1840,1,1,2,1,3,005,RN 396 (ROUTE NATIONALE),,,,130
201300013636,13,9,24,1930,2,2,1,1,3,005,"520, 21 AOUT 1944 (AVENU",M,4328718,0556146,130
201300013637,13,9,17,1215,1,1,9,1,2,005,RN 96 (ROUTE NATIONALE ),M,4330385,0557223,130
201300013638,13,9,27,1445,1,2,1,1,6,005,"8, FOCH (COURS MARECHAL)",M,4329339,0556781,130
201300013639,13,9,28,2010,5,2,3,1,3,005,"1, LAGUNAS (AVENUE SIMON",,,,130
201300013640,13,9,30,1155,1,2,1,1,2,005,SOLLANS (CHEMIN DES),M,4330549,0557255,130
201300013641,13,10,5,1145,1,1,1,1,6,005,"1, RN 396 (ROUTE NATIONA",M,4332620,0559643,130
201300013642,13,10,7,1635,1,2,1,1,2,005,"., SALENGRO (AVENUE ROGE",M,4330324,0557171,130
201300013643,13,10,7,1730,1,2,2,1,3,005,FAIENCIERS (ALLEE DES),M,4329543,0556970,130
201300013644,13,10,8,1500,1,1,3,1,2,005,AVELANEDE (CHEMIN DE L'),,,,130
201300013645,13,10,9,1030,1,2,1,1,3,005,CANIERS (AVENUE DES),M,4328442,0559423,130
201300013646,13,10,9,1400,1,1,1,1,7,005,"2085, EOURES (ROUTE D')",M,4330718,0555129,130
201300013647,13,10,10,1700,1,2,1,1,6,070,MANOUCHIAN (AVENUE),M,4328138,0550474,130
201300013648,13,10,10,1815,1,1,1,1,7,005,DOUARD (AVENUE DU),M,4328611,0559985,130
201300013649,13,10,9,1850,2,2,1,1,3,005,BON CIVET (CHEMIN DU),M,4328459,0555400,130
201300013650,13,10,15,640,5,2,6,1,3,005,NATIONALE 8 DE PARIS A T,M,4328426,0559366,130
201300013651,13,10,16,1615,1,2,1,1,1,005,AVELANEDE (CHEMIN DE L'),M,4329614,0559101,130
201300013652,13,10,17,1220,1,1,1,1,3,005,"614, PALUDS (AVENUE DES)",M,4328888,0559938,130
201300013653,13,10,31,1320,1,2,1,1,6,005,GARLABAN (AVENUE DU),M,4330012,0557195,130
201300013654,13,10,31,1430,1,2,1,1,3,005,"., BEAUDINARD (ROUTE DE)",M,4331738,0559308,130
201300013655,13,11,3,2130,5,2,6,1,3,005,"1, SALENGRO (AVENUE ROGE",M,4329639,0556864,130
201300013656,13,11,6,1100,1,2,1,1,3,005,"1380, GEMENOS (ROUTE DE",M,4329776,0558907,130
201300013657,13,11,12,820,1,2,1,1,2,005,BON CIVET (CHEMIN DU),M,4328512,0555403,130
201300013658,13,11,8,1440,1,1,1,1,3,005,AVELANEDE (CHEMIN DE L'),M,4329657,0559023,130
201300013659,13,11,16,1930,5,2,1,1,4,005,"715/749, 21 AOUT 1944 (A",M,4328629,0555942,130
201300013660,13,11,18,720,2,2,1,3,1,005,DIRIGEABLE (AVENUE DU),M,4328340,0560487,130
201300013661,13,11,19,740,1,2,1,2,2,070,GARE (BOULEVARD DE LA),M,4328495,0551419,130
201300013662,13,11,22,1715,2,2,1,1,3,005,"171, BLANCARD (PROMENADE",M,4329510,0556017,130
201300013663,13,11,23,1250,1,2,1,1,2,005,"506, CANIERS (AVENUE DES",M,4328883,0559398,130
201300013664,13,11,25,1755,3,1,1,1,1,005,"852, FENESTRELLES (CHEMI",M,4328667,0556565,130
201300013665,13,11,15,1850,5,2,1,1,6,070,"10, ANTONETTI (AVENUE)",M,4328695,0551492,130
201300013666,13,11,27,1920,5,2,1,1,3,005,"613, GARLABAN (AVENUE DU",M,4331698,0556000,130
201300013667,13,11,28,1230,1,2,1,1,6,005,"15, FOCH (COURS MARECHAL",M,4329377,0556725,130
201300013668,13,11,29,1600,1,2,1,1,6,005,MANOUCHIAN (AVENUE),M,4328533,0554860,130
201300013669,13,11,30,1750,5,2,6,2,3,005,RD 43 C,M,4330039,0559112,130
201300013670,13,12,3,1030,1,2,3,1,3,070,ROUSSEAU (BOULEVARD JEAN,M,4327713,0552160,130
201300013671,13,11,28,1145,1,1,1,1,7,005,"760, CIOTAT (ROUTE DE LA",M,4328223,0558373,130
201300013672,13,12,5,1900,5,2,1,1,2,005,AUMONE VIELLE (CHEMIN DE,M,4328743,0552991,130
201300013673,13,12,6,830,1,2,1,1,6,005,"1, FALLEN (AVENUE)",M,4329291,0556597,130
201300013674,13,12,7,1445,1,2,1,1,3,005,VERDUN (AVENUE DE),M,4328880,0557324,130
201300013675,13,11,27,1725,5,1,9,1,3,005,"1, BONNES NOUVELLES (CH.",M,4329157,0559279,130
201300013676,13,12,10,1720,5,2,1,1,6,005,"21, VERDUN (AVENUE DE)",M,4328797,0557668,130
201300013677,13,12,14,1140,1,2,6,1,3,005,RN8,M,4328431,0559386,130
201300013678,13,12,18,1100,1,2,1,1,7,005,COURONNE DES PINS (AVENU,M,4327525,0555559,130
201300013679,13,12,20,1040,1,1,1,3,3,005,RN 396 (ROUTE NATIONALE),,,,130
201300013680,13,12,20,2030,5,1,1,2,2,005,QUARTIER VAUX (CHEMIN DU,M,4328439,0557295,130
201300013681,13,12,24,1625,1,1,1,1,3,005,AVELANEDE (CHEMIN DE L'),M,4329114,0558746,130
201300013682,13,12,27,1530,1,2,3,1,3,005,"0, SAINT JOSEPH (CHEMIN",M,4329091,0558141,130
201300013683,13,12,15,1500,1,2,1,1,2,005,ESPILLIERES (CHEMIN DES),,,,130
201300013684,13,12,21,1300,1,1,1,1,5,005,RN 396 (ROUTE NATIONALE),,,,130
201300013685,13,12,30,2200,3,1,1,1,7,005,CIOTAT (ROUTE DE LA RN55,M,4327281,0559010,130
201300013686,13,12,31,1150,1,2,1,1,3,005,"450, RN 96 (ROUTE NATION",M,4331057,0557695,130
201300013687,13,1,10,1100,1,2,1,1,3,028,"49, RIPERT (AVENUE EMIL",M,4318652,0561464,130
201300013688,13,1,30,740,1,2,6,1,3,028,DAUPHINE (AVENUE DU),M,4318953,0562154,130
201300013689,13,2,5,1900,5,2,1,1,1,028,FARDELOUP (CHEMIN DE),M,4318487,0558902,130
201300013690,13,3,1,1510,1,2,9,1,3,028,"NS, CROZET (AVENUE LOUIS",M,4318261,0559794,130
201300013691,13,3,9,1550,1,1,1,1,3,028,"1599, BODIN (AVENUE EMI",M,4319935,0558970,130
201300013692,13,3,11,1740,1,2,1,1,3,028,ANTIOPE (VOIE ),M,4320750,0560577,130
201300013693,13,3,22,1743,1,2,1,1,6,028,Chemin Puits de brunet,M,4318845,0559918,130
201300013694,13,4,16,1130,1,2,1,1,3,028,"103, AVENUE DE LA PAIX",M,4318366,0561015,130
201300013695,13,5,15,1125,1,2,1,8,3,028,SORBIER (AVENUE DU ),M,4320522,0560046,130
201300013696,13,5,15,1415,1,2,1,1,2,028,FERRY (AVENUE JULES ),M,4318346,0560434,130
201300013697,13,5,16,1725,1,2,1,2,1,028,"453, FONTSAINTE (AVENUE",M,4319070,0563924,130
201300013698,13,6,1,1700,1,1,1,1,5,028,CD.559,,,,130
201300013699,13,6,17,1815,1,1,2,1,3,028,"NS, CD 559",M,4318360,0566756,130
201300013700,13,7,15,1900,1,2,3,1,3,028,CLEMENCEAU (BOULEVARD GE,M,4317732,0561079,130
201300013701,13,7,21,2045,1,1,1,1,1,028,"1091, BODIN (AVENUE EMIL",M,4319439,0559988,130
201300013702,13,7,30,1155,1,2,3,1,2,028,MIREILLE (AVENUE),M,4318944,0562941,130
201300013703,13,7,30,2245,5,2,1,1,6,028,BEAU RIVAGE (BOULEVARD),M,4318729,0562537,130
201300013704,13,8,2,55,5,2,3,1,5,028,"179, SUBILIA (AV)",M,4318365,0561016,130
201300013705,13,8,2,1920,1,2,1,7,1,028,CROZET (AVENUE LOUIS ),M,4318025,0559856,130
201300013706,13,8,5,915,1,2,1,1,7,028,CLEMENCEAU (BOULEVARD GE,M,4317689,0561111,130
201300013707,13,8,6,815,1,2,6,1,6,028,Rond Point DULAC/ROVARCH,M,4319258,0560936,130
201300013708,13,8,10,1945,2,2,1,1,6,028,ROMAGOUA (CHEMIN DE),M,4319505,0561140,130
201300013709,13,8,14,2325,5,2,3,1,3,028,"0, BILLOUX (AVENUE FRANC",M,4317793,0559750,130
201300013710,13,8,27,1610,1,1,2,1,3,028,AVENUE DE LA GARE,M,4319874,0562643,130
201300013711,13,8,28,1455,1,2,1,1,3,028,AVENUE MIREILLE,M,4318924,0563455,130
201300013712,13,8,30,1635,1,2,3,1,1,028,"140, CARDINAL MAURIN (AV",M,4317061,0560140,130
201300013713,13,10,21,1535,1,2,1,1,3,028,PUITS DE BRUNET (CHEMIN,M,4318685,0560163,130
201300013714,13,10,22,1935,3,1,1,8,7,028,CD.559,M,0000000,0000000,130
201300013715,13,10,31,1830,5,2,1,1,3,028,"447, BODIN (AVENUE EMILE",M,4319323,0560055,130
201300013716,13,11,6,1210,1,2,6,1,6,028,"00, BODIN (AVENUE EMILE)",M,4318973,0560382,130
201300013717,13,11,14,1930,5,2,1,6,5,028,DULAC (AVENUE GUILLAUME),M,4318888,0560868,130
201300013718,13,11,17,1930,5,2,9,8,3,028,MICHELET (BOULEVARD JULE,M,4317547,0560260,130
201300013719,13,12,10,1810,5,2,1,1,6,028,"957, DULAC (AVENUE GUILL",M,4319393,0561065,130
201300013720,13,12,16,730,2,2,3,1,3,028,av guillaume dulac,M,4320249,0562453,130
201300013721,13,12,19,1725,5,2,1,3,6,028,"NS, BODIN (AVENUE EMILE)",M,4318604,0560746,130
201300013722,13,1,30,1315,1,1,1,1,7,047,"100, RN 1569",,,,130
201300013723,13,3,17,1,3,1,1,1,3,063,D 10,,,,130
201300013724,13,7,16,1910,1,1,1,1,7,047,"100, RN 569",,,,130
201300013725,13,7,20,1240,1,1,1,1,5,047,"100, RN 1569",,,,130
201300013726,13,10,15,745,1,2,1,1,6,047,"100, CORNICHE DE SUFFREN",M,4350956,0499888,130
201300013727,13,11,1,1915,5,2,1,1,6,063,"100, ARC EN CIEL AVENUE",M,4359810,0500900,130
201300013728,13,11,29,2000,5,2,1,6,6,047,"100, TENNIS RUE",M,4351580,0498952,130
201300013729,13,1,5,1545,1,2,9,1,6,054,JUIN  AVE MARECHAL,M,4341977,0522488,130
201300013730,13,1,5,1750,5,2,1,1,4,043,REPUBLIQUE  AVENUE DE LA,M,4339391,0523633,130
201300013731,13,1,7,1330,1,2,1,1,1,102,COUVENT  CHEMIN DU,M,4341925,0522883,130
201300013732,13,1,9,1250,1,2,1,1,5,043,FRANCOIS MITTERAND  AVEN,M,4339702,0525094,130
201300013733,13,1,9,1813,3,2,1,1,3,043,RN 368,M,4339369,0520176,130
201300013734,13,1,20,1850,5,2,2,1,3,054,FIGUERAS  RUE DE,M,4341565,0521067,130
201300013735,13,2,13,1215,1,2,1,9,3,054,EUROPE  AVENUE DE L',M,4341633,0522651,130
201300013736,13,2,22,1832,5,2,3,1,1,054,ISLY  RUE D',M,4341811,0522308,130
201300013737,13,3,22,1400,1,2,6,1,3,043,CURIE  AVENUE JOLIOT,M,4339384,0523148,130
201300013738,13,4,16,840,1,2,6,1,3,054,DE GAULLE  AVE GAL DE,M,4341190,0520513,130
201300013739,13,4,16,1750,1,1,1,1,4,043,VENTURA  AVENUE LINO,M,4339506,0521673,130
201300013740,13,4,21,1920,1,1,1,1,7,043,MITTERAND  AV. FRANCOIS,,,,130
201300013741,13,5,3,1745,1,2,1,1,2,102,"118, ABBADIE  BLD",M,4342006,0523529,130
201300013742,13,5,4,1545,1,2,1,1,3,043,PRES  AVENUE DES,M,4339362,0522024,130
201300013743,13,6,9,1850,1,1,1,1,2,054,HUIT MAI 1945  AVE DU,M,4341109,0521559,130
201300013744,13,6,11,1710,1,2,3,1,3,043,FRANCOIS MITTERAND  AVEN,M,4339710,0525174,130
201300013745,13,6,20,1820,1,2,1,1,2,102,"391, FERRISSE  BLD ROBER",M,4341935,0524245,130
201300013746,13,6,22,1340,1,2,6,1,3,054,HUIT MAI 1945  AVE DU,,,,130
201300013747,13,6,24,1705,1,2,1,6,3,054,"22, PLAINES  BD DES",M,4341278,0522496,130
201300013748,13,6,29,807,1,1,1,1,2,054,HUIT MAI 1945  AVE DU,M,4340668,0520732,130
201300013749,13,7,2,750,1,2,1,1,3,043,"185, ROVE  AVENUE DU",M,4338371,0521971,130
201300013750,13,7,6,1235,1,2,2,1,3,054,FIGUERAS  RUE DE,M,4342111,0520777,130
201300013751,13,7,9,1740,1,2,1,1,3,054,DE GAULLE  AVE GAL DE,M,4341012,0520605,130
201300013752,13,7,17,1625,1,2,1,1,6,043,PICASSO  RUE PABLO,M,4338789,0523466,130
201300013753,13,7,18,1755,1,1,1,1,3,054,C D 9,M,4342325,0523071,130
201300013754,13,7,26,15,5,2,1,1,6,054,FABRE AVIATEUR  AVE HENR,M,4343025,0518779,130
201300013755,13,7,28,1615,1,2,2,1,3,054,SIGNORE  BD DE LA,M,4342111,0520777,130
201300013756,13,8,4,2200,5,2,1,1,3,102,"1104, ABBADIE  BLD",M,4341526,0524484,130
201300013757,13,8,5,1636,1,2,2,1,1,054,GUYNEMER  AVENUE,M,4341948,0521793,130
201300013758,13,8,14,1855,1,1,3,1,3,054,COMBATTANT*A.F.N,M,4340976,0521995,130
201300013759,13,8,15,228,3,1,1,1,6,043,"446, VENTURA  AVENUE LIN",M,4339526,0521332,130
201300013760,13,8,27,1230,1,1,3,1,1,054,FIGUEROLLES  QUARTIER,M,4340289,0523955,130
201300013761,13,8,27,1110,1,2,1,1,3,054,"10, ROSE DES VENTS  LA",,,,130
201300013762,13,9,3,1625,1,2,1,1,2,054,COUVENT  CHEMIN DU,M,4341779,0522490,130
201300013763,13,9,5,1604,1,2,1,1,5,043,VENTURA  AVENUE LINO,M,4339378,0519841,130
201300013764,13,9,6,1720,1,2,1,1,6,054,FOUCAULD  RUE DU PERE,M,4341918,0522255,130
201300013765,13,9,7,1900,1,2,1,1,2,054,"17, ROSTAND  RUE EDMOND",M,4341568,0520535,130
201300013766,13,9,14,1900,1,2,1,1,3,054,HUIT MAI 1945  AVE DU,M,4341117,0521083,130
201300013767,13,9,17,945,1,1,1,1,3,102,"868, LIBERATION  BLD DE",M,4341708,0526132,130
201300013768,13,9,19,1915,5,2,3,1,3,043,COTE BLEUE  AVENUE DE LA,,,,130
201300013769,13,9,19,845,1,2,1,1,6,054,CHEVILLARD  RUE RENE,M,4342115,0521635,130
201300013770,13,9,26,1805,1,2,1,1,3,043,"191, MEDITERRANEE  AVENU",M,4338505,0521597,130
201300013771,13,10,7,830,1,2,1,1,3,043,POUSARAQUE  AVENUE DE LA,M,4338756,0522898,130
201300013772,13,10,12,2030,4,2,1,1,1,102,PREVERT  AVENUE JACQUES,M,4341820,0523336,130
201300013773,13,10,24,1545,1,2,1,1,3,054,"6, MISTRAL  BD FREDERIC",M,4341511,0521692,130
201300013774,13,11,5,1345,1,2,1,2,6,043,FERNANDEL  AVENUE,,,,130
201300013775,13,11,5,1810,5,2,1,1,5,043,"1245, FERNANDEL  AVENUE",M,4339755,0525414,130
201300013776,13,11,8,1410,1,2,1,8,2,043,ROUTE NATIONALE 368,,,,130
201300013777,13,11,11,1753,5,2,3,1,3,054,DUBOS  RUE RENE,M,4342090,0522465,130
201300013778,13,11,12,1400,1,2,3,1,6,054,CARTHAGE  CHEMIN DE,M,4342175,0523186,130
201300013779,13,12,12,1630,1,2,1,1,2,054,COMBATTANT A.F.N.,M,4340453,0522331,130
201300013780,13,11,18,1231,1,2,1,1,6,054,"11, LIBERATION  AVE DE L",M,4341857,0521521,130
201300013781,13,11,23,1738,5,2,1,1,3,054,PLAGE  ROUTE DE LA,,,,130