Num_Acc,an,mois,jour,hrmn,lum,agg,int,atm,col,com,adr,gps,lat,long,dep
201300013782,13,11,28,830,1,2,8,1,6,054,BARRELET  AVENUE HENRI,M,4341810,0521343,130
201300013783,13,12,4,1520,1,2,1,1,3,102,"337, FERRISSE  BLD ROBER",M,4341955,0524182,130
201300013784,13,12,7,1430,1,2,3,1,3,043,FERNANDEL  AVENUE,M,4339523,0521192,130
201300013785,13,12,7,2025,5,2,2,1,3,054,NOGUES  BD M.,M,4341725,0521969,130
201300013786,13,12,10,1810,4,2,1,1,6,054,HUIT MAI 1945  AVE DU,,,,130
201300013787,13,10,24,710,1,2,1,1,4,055,"273, COR PRESIDENT JOHN",M,4327818,0535488,130
201300013788,13,10,24,1215,1,2,1,1,2,055,"23, AVE DE CORINTHE",M,4328480,0539062,130
201300013789,13,12,3,1200,1,2,1,1,7,055,"2, BD DE LA LIBERATION G",M,4329935,0538618,130
201300013790,13,12,22,1910,2,2,1,1,4,055,"88, BD FRANCOISE DUPARC",M,4330485,0540093,130
201300013791,13,10,12,1035,2,2,1,1,6,055,"46, AVE DU DOCTEUR HECKE",M,4328789,0544185,130
201300013792,13,10,17,1620,1,2,1,1,3,055,"47, AVE DE LATTRE DE TAS",M,4324816,0540616,130
201300013793,13,10,26,1040,1,2,1,1,3,055,"26, BD RABATAU",M,4327399,0539366,130
201300013794,13,10,31,905,1,1,1,1,6,055,VSN LEON LACHAMP (RTE),,,,130
201300013795,13,11,10,1650,2,2,1,1,3,055,"0, AVE DE MAZARGUES",,,,130
201300013796,13,11,18,1015,1,1,1,2,6,055,"441, AVE DU PRADO",M,4326708,0538288,130
201300013797,13,11,24,250,5,2,1,1,6,055,"109, VSN GOUFFONE DE LAT",M,4324588,0541720,130
201300013798,13,12,2,630,2,2,1,1,3,055,"23, CHE DU LANCIER",M,4324772,0539705,130
201300013799,13,12,2,830,1,2,1,1,3,055,BD DE LA PUGETTE,,,,130
201300013800,13,12,2,1100,1,2,1,1,6,055,"50, BD MICHELET",M,4326948,0539300,130
201300013801,13,12,6,920,1,2,1,1,3,055,"46, AVE CLOT BEY",M,4325850,0538390,130
201300013802,13,12,11,1950,5,2,1,1,3,055,"122, RUE DU ROUET",M,4327941,0539126,130
201300013803,13,12,23,900,2,2,1,1,2,055,"27, BD RABATAU",M,4327376,0539332,130
201300013804,13,12,10,1255,1,2,1,1,6,055,", RUE EMILE ZOL",,,,130
201300013805,13,12,12,1300,1,2,1,1,3,055,"431, RUE PARADIS",M,4327369,0538511,130
201300013806,13,12,17,855,1,2,3,7,3,055,CHE DE LA MADRAGUE VILLE,M,4332417,0536270,130
201300013807,13,11,29,1615,1,2,3,1,3,055,RUE LE*CHATELIER,M,4334824,0536238,130
201300013808,13,12,27,1335,1,2,2,1,6,055,"74, VOI LA CANEBIERE",M,4329760,0538106,130
201300013809,13,12,14,1100,1,2,1,1,3,055,"199, CHE DE LA MADRAGUE",M,4333044,0535905,130
201300013810,13,12,18,1330,1,2,1,1,6,055,"1, BD HENRI BARNIER",M,4337349,0535442,130
201300013811,13,12,18,1420,1,2,3,2,3,055,"385, BD NATIONAL",M,4331482,0537285,130
201300013812,13,12,20,830,1,2,1,3,3,055,RUE FRANCIS DAVSO,,,,130
201300013813,13,12,26,1710,5,2,1,1,3,055,"20, RUE DE LYON",M,4332402,0536737,130
201300013814,13,12,30,1515,1,2,1,1,3,055,BD DE PLOMBIERES,M,4331647,0538301,130
201300013815,13,1,6,534,4,2,1,1,6,055,"12, RUE DE L' ESCALET",M,4335348,0541562,130
201300013816,13,1,3,1710,1,2,6,1,2,055,RPT JEAN DE TCHORLOU,,,,130
201300013817,13,3,1,2115,5,2,1,1,2,055,"322, BD ROMAIN ROLLAND",M,4327132,0540913,130
201300013818,13,1,8,640,2,2,1,1,2,055,"86, RUE DE LYON",M,4332618,0536661,130
201300013819,13,1,4,500,5,2,3,1,3,055,BD VOLTAIRE,M,4330207,0538251,130
201300013820,13,12,16,945,1,2,1,1,6,055,"00, RUE SAINT JEAN DU DE",,,,130
201300013821,13,8,30,1140,1,2,1,1,6,055,"0, BD DU DOCTEUR RODOCAN",,,,130
201300013822,13,6,11,1000,1,2,3,1,5,106,"47, BEDOULE (CHEMIN DE L",M,4338369,0535082,130
201300013823,13,12,17,1,5,2,1,1,6,055,"117, CHE DE SORMIOU",M,4323136,0540057,130
201300013824,13,12,20,1500,1,2,1,2,3,055,"251, BD MIREILLE LAUZE",M,4328434,0542001,130
201300013825,13,12,20,735,2,2,1,3,6,055,"390, RUE PARADIS",M,4327705,0538370,130
201300013826,13,12,16,1730,5,2,1,1,6,055,"11, AVE DE SAINT JULIEN",M,4330443,0541454,130
201300013827,13,12,17,1815,5,2,1,1,1,055,"50, RUE FRANCOIS MAURIAC",M,4327564,0541764,130
201300013828,13,1,1,850,1,2,3,1,6,055,"36, BD DE SAINT MARCEL",M,4328871,0545834,130
201300013829,13,12,18,1000,1,2,6,1,6,055,"20, AVE ELSA TRIOLET",M,4324767,0538989,130
201300013830,13,12,24,710,2,2,1,1,3,055,"191, BD DE LA VALBARELLE",M,4328858,0545378,130
201300013831,13,12,26,1745,5,2,1,1,4,055,"1, AVE DES PEINTRES ROUX",M,4330869,0546710,130
201300013832,13,12,27,1845,5,2,1,1,6,055,"20, RUE AVIATEUR LE BRIX",M,4325972,0540200,130
201300013833,13,11,21,900,1,2,1,3,4,055,AVE JEAN PAUL SARTRE,M,4332199,0541785,130
201300013834,13,12,10,1420,1,2,1,1,2,055,RUE DU CARGO RHIN FIDELI,,,,130
201300013835,13,12,13,1700,1,2,2,1,2,055,BD. ROLAND DORGELES,M,4334729,0537838,130
201300013836,13,12,19,1805,1,2,1,3,2,055,"204, BD DANIELLE CASANOV",M,4332996,0537620,130
201300013837,13,1,11,600,4,2,2,1,3,055,"5, RUE DIEUDE",M,4329210,0538058,130
201300013838,13,12,20,745,2,2,1,3,7,055,"348, RUE RABELAIS",M,4336204,0532475,130
201300013839,13,12,20,805,1,2,1,3,6,055,"12, RUE DE MARATHON",M,4332755,0541275,130
201300013840,13,1,9,1740,5,2,1,1,3,055,"0, AVE DE LA VISTE",M,4335986,0535757,130
201300013841,13,12,20,1315,1,1,1,3,6,055,"102, AVE DES OLIVES",M,4332743,0543616,130
201300013842,13,12,21,1800,5,2,2,1,3,055,AVE DE FRAIS VALLON,M,4332554,0543049,130
201300013843,13,1,4,1238,1,2,3,1,3,055,"202, CHE DE LA MADRAGUE",M,4333043,0535907,130
201300013844,13,12,22,2230,5,2,3,1,2,055,BD. LIONEL TERRAY,M,4331606,0540059,130
201300013845,13,10,25,915,1,2,2,1,3,055,RUE ALBERT EINSTEIN,M,4333643,0543452,130
201300013846,13,10,17,1135,1,2,1,1,3,055,"143, RUE FELIX PYAT",M,4331821,0537480,130
201300013847,13,9,12,1730,1,2,1,1,3,055,"90, AVE DE SAINT JEROME",M,4333279,0541994,130
201300013848,13,1,11,1715,5,2,2,1,6,055,"0000, RUE MIRES",M,4331156,0537120,130
201300013849,13,9,19,830,1,2,1,1,3,055,"246, RUE DE LYON",M,4333298,0536427,130
201300013850,13,1,15,45,5,2,6,1,3,055,AV DU CAP PINEDE ROC 3,M,4332872,0536572,130
201300013851,13,11,13,945,1,2,1,1,3,055,"19, AVE DE SAINT ANTOINE",M,4336664,0535670,130
201300013852,13,12,11,730,2,2,1,1,7,055,"07, RUE NICOLAS COPERNIC",M,4334223,0544917,130
201300013853,13,12,18,2100,5,2,1,2,2,055,"1, BD ROLAND DORGELES",M,4334651,0537984,130
201300013854,13,12,21,1400,1,2,1,1,6,055,CHE DES BAUMILLONS,,,,130
201300013855,13,12,27,1810,5,2,3,1,3,055,"120, AVE DES AYGALADES",M,4334097,0536531,130
201300013856,13,1,3,1035,1,2,1,1,2,055,"59, AVE ANDRE ROUSSIN",M,4335945,0533796,130
201300013857,13,12,11,1830,5,2,3,1,6,055,AVE DE MONTOLIVET,M,4331189,0541078,130
201300013858,13,12,20,1945,5,2,2,2,3,055,"61, BD DES ALPES",M,4330106,0541513,130
201300013859,13,12,20,1000,1,2,1,3,6,055,"265, AVE DE MAZARGUES",M,4326209,0539330,130
201300013860,13,11,14,655,2,2,1,1,6,055,"101, CHE DE SAINTE MARTH",M,4332401,0538867,130
201300013861,13,1,10,1450,1,2,1,1,3,055,BRE M I N ENTREE AUTOROU,,,,130
201300013862,13,10,30,810,1,2,1,1,2,055,"171, AVE DES OLIVES",M,4332574,0544102,130
201300013863,13,9,26,1555,1,2,3,1,3,002,"1158, RASCOUS (CHEMIN DE",M,4334898,0547547,130
201300013864,13,11,7,1830,5,2,1,1,1,055,"2, TRA DES RAYMONDS",M,4328839,0546237,130
201300013865,13,1,17,1230,1,2,3,1,6,055,"236, AVE DE SAINT ANTOIN",M,4337377,0535579,130
201300013866,13,12,19,1730,2,2,1,3,2,075,LIBERATION (AVE DE LA),,,,130
201300013867,13,12,6,1010,1,2,1,6,3,055,"444, BD MICHELET",M,4325223,0540277,130
201300013868,13,1,18,805,2,2,1,1,6,055,"147, AVE CLOT BEY",M,4325651,0538253,130
201300013869,13,12,13,1950,5,2,9,1,3,055,AV JEAN PAUL SARTRE,M,4331378,0540582,130
201300013870,13,12,16,1330,1,2,1,1,2,106,"30, 8 MAI 1945 (AVENUE D",M,4345171,0541372,130
201300013871,13,11,29,1015,1,2,1,1,2,055,"11, BD DU MARECHAL JUIN",M,4331052,0540342,130
201300013872,13,1,1,2015,5,2,1,1,5,055,"46, BD SCHLOESING",M,4327332,0540067,130
201300013873,13,12,2,1500,1,2,1,2,2,055,"0, AVE ALEXANDRE FLEMING",,,,130
201300013874,13,12,3,1410,1,2,1,1,3,055,"38, QAI DE RIVE NEUVE",M,4329259,0536735,130
201300013875,13,12,10,1525,1,2,2,1,3,055,"119, RUE PARADIS",M,4328862,0537890,130
201300013876,13,12,19,1815,5,2,1,2,7,055,"23, SQ SIDI BRAHIM",M,4329760,0539991,130
201300013877,13,12,20,600,5,2,1,3,6,055,COR PRESIDENT JOHN F KEN,,,,130
201300013878,13,12,21,750,1,2,2,1,3,055,"7, BD SAKAKINI",M,4329878,0540095,130
201300013879,13,1,12,1900,5,2,1,1,3,055,"16, BD CHARLES NEDELEC",M,4330172,0537627,130
201300013880,13,12,25,15,5,2,3,2,6,055,"2, RUE BERNEX",M,4330020,0538873,130
201300013881,13,1,8,1750,3,2,1,1,6,055,RUE DE LYON,M,4332997,0536531,130
201300013882,13,12,26,710,1,2,1,1,6,055,"82, BD FRANCOISE DUPARC",M,4330476,0540093,130
201300013883,13,12,30,1530,1,2,1,1,2,055,"124, BD FRANCOISE DUPARC",M,4330773,0540187,130
201300013884,13,11,15,1230,1,2,1,1,2,055,"212, AVE JULES CANTINI",M,4327887,0539663,130
201300013885,13,1,11,945,1,2,7,1,3,055,"9, BD DE STRASBOURG",M,4330714,0537521,130
201300013886,13,12,8,1600,1,1,1,1,7,055,"., RTE LEON LACHAMP",,,,130
201300013887,13,12,12,2055,3,2,1,2,7,055,"1, BD VELASQUEZ",M,4324293,0538654,130
201300013888,13,1,11,700,1,2,1,1,2,055,"30, BD SCHLOESING",M,4327355,0540039,130
201300013889,13,12,16,2030,5,2,1,1,6,055,"90, AVE DU PRADO",M,4328192,0538599,130
201300013890,13,1,14,1300,1,2,3,1,3,055,"80, BD ROGER CHIEUSSE",M,4336231,0531516,130
201300013891,13,12,3,1100,1,2,1,1,3,055,"23, BD DU VAISSEAU",M,4323148,0540500,130
201300013892,13,1,10,1410,1,2,9,1,6,055,"32, CHE DE SAINT JOSEPH",M,4334067,0538674,130
201300013893,13,11,26,1330,5,2,3,1,2,055,".., BD BERNEX",M,4324788,0538387,130
201300013894,13,12,17,1000,1,2,1,1,6,055,"283, BD MICHELET",M,4325932,0539873,130
201300013895,13,1,13,410,5,2,1,1,6,055,"186, BD LYON",M,4333608,0536307,130
201300013896,13,1,14,1335,1,2,3,1,3,055,"90, AVE DE LA FOURRAGERE",M,4329921,0543035,130
201300013897,13,12,3,1645,2,2,1,1,2,002,JEAN GIONO (AVENUE),M,4333836,0547989,130
201300013898,13,1,5,1545,1,2,1,7,6,055,"69, RUE BERANGER",M,4330399,0540295,130
201300013899,13,12,6,1500,1,2,1,1,3,002,"1, JEAN GIONO (AVENUE)",M,4333224,0548462,130
201300013900,13,12,17,830,1,2,1,1,6,055,AVE DU VALLON D' OL,M,4338479,0535946,130
201300013901,13,2,20,1800,1,2,1,1,6,055,"108, AVE DU PRADO",M,4328118,0538640,130
201300013902,13,1,20,1830,5,2,1,8,1,055,"1, PCE JEAN JAURES",,,,130
201300013903,13,11,22,1100,1,2,1,1,3,055,"1, MTE DE SAINT MENET",M,4329249,0549452,130
201300013904,13,12,4,910,1,2,9,7,6,002,"17, CLEMENT, JULES BARTH",M,4333252,0546397,130
201300013905,13,12,21,1800,5,2,1,1,2,075,"34, PAUL SIRVENT (AVE)",M,4334366,0546615,130
201300013906,13,1,13,500,5,2,1,1,2,055,"00, CRS LIEUTAUD",,,,130
201300013907,13,12,12,830,1,2,1,1,3,055,"40, RUE DE PONTEVES",,,,130
201300013908,13,12,22,1600,1,2,1,1,6,055,AVE RAIMU,,,,130
201300013909,13,12,25,935,1,2,1,8,6,055,"204, RUE DE LYON",M,4333051,0536510,130
201300013910,13,1,5,1630,2,2,1,1,7,055,"1, BD DES BASSINS DE RAD",,,,130
201300013911,13,8,8,1700,1,2,1,1,2,055,"93, CHE DE SAINT JOSEPH",M,4335515,0537021,130
201300013912,13,12,11,1220,1,2,1,1,6,055,"14, BD CHARLES MORETTI",M,4332611,0537691,130
201300013913,13,12,16,1200,1,2,1,1,3,055,"179, AVE DES AYGALADES",M,4334679,0536609,130
201300013914,13,12,20,2030,5,2,1,2,7,055,"28, CRS HONORE D' ESTIEN",M,4329266,0537276,130
201300013915,13,12,10,1440,1,1,1,1,7,055,"109, AVE ANDRE ZENATTI",M,4324589,0539118,130
201300013916,13,10,25,820,1,2,3,1,3,055,"124, VSN SAINT LOUP",M,4328305,0543282,130
201300013917,13,10,24,1700,1,2,1,1,7,055,"222, AVE DE LA CAPELETTE",M,4327947,0541101,130
201300013918,13,10,11,1715,2,2,1,1,6,055,"430, AVE DE LATTRE DE TA",M,4324484,0542763,130
201300013919,13,12,20,150,5,2,1,3,3,055,"258, AVE DU PRADO",M,4327447,0539019,130
201300013920,13,4,21,1745,1,2,3,1,3,055,"0, RUE CHARLES KADDOUZ",M,4331368,0543186,130
201300013921,13,3,29,1130,1,2,1,1,2,055,MTE DE SAINT MENET,M,4329373,0549336,130
201300013922,13,1,9,1100,1,2,1,1,6,055,"153, CHE DE CHATEAU GOMB",M,4334304,0542060,130
201300013923,13,1,9,700,1,2,1,1,2,055,"166, BD DE PLOMBIERES",M,4331862,0537961,130
201300013924,13,11,21,1800,5,2,1,1,2,055,AVE DE LA CROIX ROUGE,,,,130
201300013925,13,12,2,1500,1,2,1,1,2,055,"17, AVE DU GENERAL LECLE",M,4330428,0537677,130
201300013926,13,12,24,1345,1,2,3,1,3,055,"22, RPT JEAN MOULIN BD B",M,4329015,0539991,130
201300013927,13,12,18,2030,4,2,1,1,7,055,"36, AVE DU PRADO",M,4328375,0538495,130
201300013928,13,7,8,1910,1,2,1,1,7,055,"16, CHE JOSEPH AIGUIER",M,4325654,0540448,130
201300013929,13,10,16,1645,1,2,1,1,3,055,CV DE MORGIOU,M,4323468,0541137,130
201300013930,13,1,21,2008,5,2,1,1,2,055,"63b, BD DU SABLIER",M,4325105,0538226,130
201300013931,13,11,27,1950,5,2,1,1,3,055,"179, BD ROMAIN ROLLAND",M,4327577,0541713,130
201300013932,13,1,8,1500,1,2,3,1,3,055,"204, BD. MICHELET",M,4326375,0539624,130
201300013933,13,12,3,930,1,2,1,1,2,055,"138, AVE PIERRE MENDES F",M,4325489,0537631,130
201300013934,13,12,24,2030,5,2,2,1,3,055,"61, RUE DE TILSIT",M,4329058,0538750,130
201300013935,13,1,9,1100,1,2,1,1,6,055,"111, RTE DE LA VALENTINE",M,4329076,0547362,130
201300013936,13,1,11,1045,1,2,1,1,2,055,"189, CHE DE NOTRE DAME D",M,4333771,0543228,130
201300013937,13,11,7,1345,1,2,1,1,6,055,BD DU SABLIER,M,4324996,0538190,130
201300013938,13,1,9,2000,5,2,1,1,6,055,"00, BD CAMILLE FLAMMARIO",,,,130
201300013939,13,11,29,620,5,2,1,1,6,055,"132, RUE PIERRE DOIZE",M,4327559,0542624,130
201300013940,13,1,4,1745,2,2,1,1,4,055,"77, CHE DES BOURRELY",M,4338135,0536320,130
201300013941,13,12,13,845,1,1,1,1,3,055,"303, AVE DES POILUS",M,4331571,0546145,130
201300013942,13,12,15,1145,1,2,1,1,2,055,"164, AVE DE LA MADRAGUE",M,4323239,0535598,130
201300013943,13,12,16,1130,1,2,1,1,6,055,RUE MIGNARD,M,4326203,0540084,130
201300013944,13,12,19,2110,5,2,1,3,6,055,"22, RUE NEGRESKO",M,4326965,0539025,130
201300013945,13,12,21,1050,1,2,1,2,2,055,"165, AVE DU PRADO",M,4327843,0538813,130
201300013946,13,12,21,1330,1,2,1,1,2,055,"., PRK ANDR? BARDON/FLOR",M,4328334,0542698,130
201300013947,13,1,23,520,5,2,1,1,7,055,AVE ALEXANDRE FLEMING,,,,130
201300013948,13,1,11,840,1,2,4,1,1,055,"54, AVE DE SAINT JEAN",M,4329680,0536694,130
201300013949,13,12,23,1830,5,2,6,1,6,055,RPT PERE WRESINKI,M,4333036,0541013,130
201300013950,13,11,21,720,2,2,1,3,6,055,"33, AVE ELLEON",M,4328478,0544244,130
201300013951,13,1,9,745,2,2,1,1,1,055,"231, BD DE SAINT LOUP",M,4328523,0544082,130
201300013952,13,12,26,1245,1,2,5,6,3,055,"1, AUT DU LITTORAL A55 M",,,,130
201300013953,13,12,11,530,2,2,6,1,3,055,"1, RPT ALBERT EINSTEIN /",M,4334290,0544570,130
201300013954,13,1,8,745,1,2,1,1,3,075,"6, L'ENJOLRAS (AVE DE)",M,4333719,0545250,130
201300013955,13,1,10,915,1,2,6,7,6,055,RUE JEAN QUEILLAU,M,4333685,0538571,130
201300013956,13,11,29,1905,5,2,1,1,1,055,"234, RUE CHARLES KADDOUZ",M,4331811,0543910,130
201300013957,13,12,10,1840,5,2,1,1,6,055,"00, VOI LA CANEBIERE",,,,130
201300013958,13,12,10,2030,5,2,1,1,6,055,"00, VOI LA CANEBIERE",,,,130
201300013959,13,1,4,1700,1,2,1,1,6,055,"00, TRA DU MAROC",,,,130
201300013960,13,10,5,915,1,2,1,1,6,055,"32, RUE PARADIS",M,4329330,0537685,130
201300013961,13,1,3,1850,5,2,1,1,2,055,"00, AVE JEAN PAUL SARTRE",,,,130
201300013962,13,1,15,1230,1,2,1,8,3,055,"58, BD DU CAPITAINE GEZE",M,4333109,0537335,130
201300013963,13,1,10,1730,2,2,1,1,6,055,"108, AVE JULES CANTINI",M,4328131,0539214,130
201300013964,13,10,29,2300,5,2,1,1,3,055,AVE ALEXANDRE FLEMING,,,,130
201300013965,13,1,23,1900,5,2,1,1,6,055,"59, BD DE STRASBOURG",M,4330858,0537762,130
201300013966,13,1,6,1350,1,2,3,1,5,075,"94, FREDERIC MISTRAL (AV",M,4335114,0547186,130
201300013967,13,1,3,1900,5,2,2,1,3,055,"4, BD DE LA LIBERTE",M,4330081,0538164,130
201300013968,13,1,6,330,5,2,1,1,2,055,"149, BD RABATAU",M,4327997,0539939,130
201300013969,13,4,11,1100,1,2,1,1,6,055,"262, AVE DES POILUS",M,4331740,0546035,130
201300013970,13,1,19,1815,2,2,1,1,6,055,"15, RUE JEAN QUEILLAU",,,,130
201300013971,13,12,20,2030,5,2,1,1,6,055,"0, BD NATIONAL",,,,130
201300013972,13,12,29,1705,2,2,1,1,6,055,"252, BD CHAVE",M,4329581,0540120,130
201300013973,13,12,5,820,1,2,1,1,6,055,"00, AVE DE VALDONNE",,,,130
201300013974,13,1,3,1305,1,1,1,1,3,055,CHE DU LITTORAL,,,,130
201300013975,13,12,19,1230,1,2,1,1,6,055,"07, PCE EDMOND AUDRAN",M,4330979,0540141,130
201300013976,13,1,16,1700,2,2,1,1,3,055,"0, CHE DE SAINT ANTOINE",,,,130
201300013977,13,1,3,1610,1,2,1,1,7,055,TRA DE GIBBES,,,,130
201300013978,13,12,24,1105,1,2,3,1,3,055,"29, PRO GEORGES POMPIDOU",M,4326591,0537293,130
201300013979,13,12,6,920,1,2,3,1,3,055,"2, CV DES BESSONS",M,4333896,0539234,130
201300013980,13,12,31,1045,1,2,1,1,3,055,"73, CHE DES BOURRELY",M,4338113,0536304,130
201300013981,13,1,25,2120,5,2,1,1,6,055,"67, AVE DE LA FOURRAGERE",M,4330026,0543067,130
201300013982,13,9,20,1215,1,2,1,1,6,055,"42, BD CAMILLE FLAMMARIO",M,4330539,0539168,130
201300013983,13,1,6,1505,1,2,1,1,3,055,"80, AVE DES ROCHES",M,4327975,0536355,130
201300013984,13,1,6,1900,5,2,1,1,6,055,"24, AVE DU PRADO",M,4328430,0538466,130
201300013985,13,12,29,1320,1,2,3,1,3,055,"347, AVE DE SAINT ANTOIN",M,4338024,0535742,130
201300013986,13,1,20,1520,1,2,1,1,6,055,"01, AVE DES OLIVES",M,4332984,0542952,130
201300013987,13,1,21,1820,5,2,1,1,6,055,"1, BD DE PLOMBIERES",M,4331489,0538787,130
201300013988,13,5,2,715,1,2,1,1,3,055,"62, RUE GEORGE",M,4329594,0539786,130
201300013989,13,9,30,1150,1,2,1,1,3,055,BD JEAN MOULIN,,,,130
201300013990,13,10,4,1355,1,2,1,1,2,055,"95, BD SAKAKINI",M,4329397,0540158,130
201300013991,13,12,27,750,1,2,3,1,3,055,"35, AVE DE LA POINTE ROU",M,4324797,0537481,130
201300013992,13,1,6,1300,1,2,1,1,3,055,"25, BD FRANCOISE DUPARC",M,4330191,0540053,130
201300013993,13,1,23,915,1,1,1,3,6,055,RTE LEON LACHAMP,,,,130
201300013994,13,1,7,1230,1,2,1,1,4,055,COR PRESIDENT JOHN F KEN,,,,130
201300013995,13,1,22,1050,1,1,1,1,2,055,"217, RUE DE ROME",M,4328656,0538338,130
201300013996,13,1,18,820,1,2,1,1,6,055,"21, RUE DES ORGUES",M,4329987,0539965,130
201300013997,13,1,18,2047,5,2,1,8,1,055,"20, BD DE LA CONCORDE",M,4324981,0540269,130
201300013998,13,1,22,2015,5,2,1,1,2,055,"89, AVE CLOT BEY",M,4325849,0538383,130
201300013999,13,1,23,1230,1,2,1,2,2,055,"268, BD HENRI BARNIER",M,4336813,0534432,130
201300014000,13,1,26,1530,1,2,1,1,1,055,RUE KRUGER,,,,130
201300014001,13,1,6,710,5,2,1,1,7,055,BD JEAN MOULIN,,,,130
201300014002,13,1,8,800,1,2,1,1,6,055,"00, ESC GARE SAINT CHARL",M,4330204,0538192,130
201300014003,13,11,30,1200,1,2,1,1,5,055,"34, AVE DE SAINT BARNABE",M,4330403,0541033,130
201300014004,13,9,24,1155,1,2,1,1,3,055,"20, RUE ALBERT EINSTEIN",M,4333729,0543547,130
201300014005,13,1,19,1845,5,2,1,2,6,055,"1, TRA DE LA MONTRE",M,4329122,0547302,130
201300014006,13,1,23,1115,1,2,1,2,3,055,"28, BD DU CABOT",M,4325933,0541661,130
201300014007,13,1,9,1400,1,2,1,1,6,055,"140, CHE DE LA COLLINE S",M,4325269,0542022,130
201300014008,13,12,23,2030,5,2,1,1,2,055,"43, AVE DES OLIVES",M,4332895,0543138,130
201300014009,13,1,15,1415,1,2,3,1,2,055,"73, Bd de SAINT MARCEL",M,4328880,0546138,130
201300014010,13,10,23,2100,5,2,1,1,6,055,PCE MARCEAU,M,4330504,0537292,130
201300014011,13,1,10,800,1,2,1,1,6,055,BD DE L' HUVEAUNE,,,,130
201300014012,13,1,9,740,2,2,1,1,6,055,"73, BD RABATAU",M,4327570,0539632,130
201300014013,13,1,8,1340,1,2,1,1,3,055,"280, BD MICHELET",M,4325922,0539887,130
201300014014,13,1,2,930,1,2,1,1,2,055,AVE DE LATTRE DE TASSIGN,,,,130
201300014015,13,1,30,1305,1,2,1,1,6,055,"6A, RUE ARMENY",M,4329081,0537941,130
201300014016,13,1,7,1750,5,2,1,1,3,055,"73, TRA DE LA GAYE",M,4325797,0540863,130
201300014017,13,1,21,745,1,2,1,1,3,055,CHE DE LA PARETTE,,,,130
201300014018,13,8,3,2100,2,2,1,1,6,055,"00, BD DU CAPITAINE GEZE",,,,130
201300014019,13,1,7,1100,1,2,1,1,6,055,"52, BD ICARD",M,4327697,0541848,130
201300014020,13,1,12,1200,1,1,1,1,3,055,RTE LEON LACHAMP,,,,130
201300014021,13,11,29,1630,1,2,1,1,6,055,"343, BD DE SAINTE MARGUE",M,4326132,0541488,130
201300014022,13,1,19,2020,5,2,1,3,4,055,"23, AVE DE SAINT MENET",M,4328926,0549717,130
201300014023,13,9,24,1630,1,2,1,1,3,055,"0, BD PIERRE MENARD",,,,130
201300014024,13,1,16,1350,1,2,1,1,6,055,"325, BD ROMAIN ROLLAND",M,4327187,0541027,130
201300014025,13,10,22,1430,1,2,1,1,7,055,"263, AVE DE LA CAPELETTE",M,4327911,0541247,130
201300014026,13,1,31,1045,1,2,1,1,6,055,"12, BD DE PARIS",M,4330583,0537248,130
201300014027,13,1,16,1150,1,2,1,1,6,055,"121, RUE CHARLES KADDOUZ",M,4331377,0543185,130
201300014028,13,1,3,810,1,2,1,1,3,055,"38, AVE JEAN LOMBARD",M,4328893,0542889,130
201300014029,13,1,2,1150,1,2,3,1,3,055,"336, AVE DE MAZARGUES",M,4325914,0539417,130
201300014030,13,10,2,1130,1,2,1,1,2,055,RUE SAINTE BARBE,M,4330091,0537418,130
201300014031,13,10,10,1400,1,2,1,1,6,055,"56, RUE ANTOINE DEL BELL",M,4328119,0541191,130
201300014032,13,12,22,130,5,2,1,1,6,055,"00, AVE ESCADRILLE NORMA",,,,130
201300014033,13,1,31,2336,5,2,3,1,7,055,"76, AVE DES CHARTREUX",M,4330539,0539932,130
201300014034,13,3,11,1200,1,2,1,1,3,055,PGE DE L' ESTAQUE,,,,130
201300014035,13,12,26,1630,1,2,1,1,5,055,"274, VOL CHE DU LITTORAL",M,4334057,0534840,130
201300014036,13,1,5,30,5,2,1,1,2,055,"2, BD DE LA LIBERATION G",M,4329931,0538619,130
201300014037,13,1,17,1155,1,2,1,1,6,055,"00, BD DE PLOMBIERES AER",,,,130
201300014038,13,1,13,1820,5,2,1,1,2,055,RPT PERE WRESINKI,,,,130
201300014039,13,11,28,830,1,2,1,1,4,055,"1, CHE HENRI BEYLE",M,4335057,0535872,130
201300014040,13,1,19,1830,5,2,1,1,2,055,"00, BD MICHELET",,,,130
201300014041,13,1,18,550,5,2,1,9,6,055,"148, AVE PIERRE MENDES F",M,4325477,0537627,130
201300014042,13,1,22,1530,1,2,8,1,6,055,RPT DU PRADO,M,4327250,0539126,130
201300014043,13,1,17,1415,1,2,1,1,2,055,"225, BD PAUL CLAUDEL",M,4326927,0542082,130
201300014044,13,1,3,130,5,2,1,1,3,055,AVE JULES CANTINI,,,,130