Num_Acc,an,mois,jour,hrmn,lum,agg,int,atm,col,com,adr,gps,lat,long,dep
201300014307,13,10,19,2305,5,2,1,1,6,055,"141, AVE DE LA VISTE",M,4336139,0535740,130
201300014308,13,2,2,1850,5,2,1,6,3,055,"59, BD PAUL CLAUDEL",M,4326851,0540933,130
201300014309,13,2,12,1530,1,2,1,1,6,055,PCE FELIX BARET,M,4329186,0537953,130
201300014310,13,12,26,1145,1,2,1,1,3,055,"24, ALL LEON GAMBETTA",M,4329908,0538228,130
201300014311,13,2,16,1315,1,2,1,1,4,055,AVE DE LATTRE DE TASSIGN,,,,130
201300014312,13,11,16,2005,5,2,1,2,6,055,"96, BD FRANCOISE DUPARC",M,4330521,0540100,130
201300014313,13,2,24,1530,1,2,9,1,3,055,"001, AVE DU MARCHE NATIO",M,4334148,0537312,130
201300014314,13,2,28,1900,5,2,1,1,2,055,"54, AVE DE LA CROIX ROUG",M,4333153,0543351,130
201300014315,13,2,23,1400,1,2,1,1,6,055,"35, BD DE STRASBOURG",M,4330767,0537602,130
201300014316,13,2,5,1545,1,2,1,1,5,055,"28, BD BUREL",M,4331729,0538981,130
201300014317,13,1,23,1645,1,2,1,8,6,055,"6, BD DE LA VALBARELLE",M,4328600,0544321,130
201300014318,13,2,16,1750,1,2,1,1,6,055,"04, RUE DE LYON",M,4332302,0536771,130
201300014319,13,3,2,1900,2,2,1,1,2,055,"22, CHE DE SAINT ANTOINE",M,4336732,0535662,130
201300014320,13,2,28,905,1,2,1,1,6,055,"24, RUE GUIBAL",M,4330629,0538508,130
201300014321,13,10,29,1340,1,1,1,1,6,055,"131, BD MIREILLE LAUZE",M,4328320,0541195,130
201300014322,13,2,26,1514,1,2,1,1,5,055,"75, BD FRANCOISE DUPARC",M,4330530,0540089,130
201300014323,13,3,8,820,1,2,2,2,3,055,"139, CHE DU VALLON DE L'",M,4327971,0536241,130
201300014324,13,2,20,1830,2,2,3,1,1,055,"45, R DE L AUDIENCE",M,4329629,0548605,130
201300014325,13,1,9,1600,1,2,3,1,3,055,"6, RUE BUGEAUD",M,4330686,0538369,130
201300014326,13,11,28,2045,5,2,1,1,6,055,"00, BD PAUL CLAUDEL",,,,130
201300014327,13,1,13,1010,1,2,3,2,3,055,AV ALEXANDRE ANSALDI,M,4333574,0539886,130
201300014328,13,2,22,945,1,2,1,7,6,055,"163, AVE DE SAINT LOUIS",M,4334868,0535892,130
201300014329,13,2,26,1020,1,2,1,1,6,055,"207, RUE DE ROME",M,4328676,0538325,130
201300014330,13,2,26,1130,1,2,1,1,3,055,"6, PCE CASTELLANE",M,4328606,0538353,130
201300014331,13,2,27,1815,1,2,1,1,2,055,"4, BD THEODORE THURNER",M,4329138,0538316,130
201300014332,13,7,18,1930,1,2,1,1,6,055,"177, RUE DU ROUET",M,4327734,0539337,130
201300014333,13,3,5,1020,1,2,2,2,7,055,"55, RUE DE LA PALUD",M,4329294,0538020,130
201300014334,13,2,7,1130,1,2,1,1,6,055,"06, BD DE LA BOUGIE",M,4332221,0539180,130
201300014335,13,2,22,1500,1,2,1,1,6,055,"65, AVE DE LA CAPELETTE",M,4328287,0540209,130
201300014336,13,2,20,830,1,2,6,1,2,055,"00, RPT AVE DE LA ROSE O",,,,130
201300014337,13,2,8,2130,5,2,4,1,3,055,"12, RUE D' ORANGE",M,4331279,0538635,130
201300014338,13,2,12,2045,5,2,1,1,6,055,"00, CHE DE SAINT JOSEPH",,,,130
201300014339,13,3,11,940,1,2,1,1,4,055,AVEN DE FRAIS VALLON,,,,130
201300014340,13,12,4,1750,5,2,1,1,6,055,"05, RUE DE LYON",M,4332321,0536764,130
201300014341,13,7,21,2335,4,2,1,1,2,055,"376, AVE DU PRADO",M,4326991,0538729,130
201300014342,13,3,8,2040,5,2,1,1,2,055,"53, AVE DE SAINT JUST",M,4331536,0540372,130
201300014343,13,3,12,820,1,2,1,8,3,055,"28, BD PERIER",M,4327956,0538529,130
201300014344,13,2,5,1200,1,2,1,1,6,055,"19, BD DE SAINTE MARGUER",M,4326908,0540317,130
201300014345,13,2,21,1145,1,2,1,1,3,055,PIERRE CHEVALIER (RUE),,,,130
201300014346,13,3,4,555,5,2,1,1,1,055,"21, MTE D' EOURES",M,4330039,0551379,130
201300014347,13,2,15,745,1,2,1,1,6,055,"150, AVE DE MONTREDON",M,4323906,0536562,130
201300014348,13,2,25,1355,1,2,1,1,2,055,"19, BD DE LA PUGETTE",M,4326849,0540103,130
201300014349,13,3,2,450,5,2,1,1,6,055,"4, BD MIREILLE JOURDAN-B",M,4324408,0537849,130
201300014350,13,2,28,1,5,2,6,1,2,075,"1, JEAN GIONO (AVE)",,,,130
201300014351,13,2,23,2300,5,2,1,1,7,055,"28, AVE DE BOIS LUZY",M,4331025,0542089,130
201300014352,13,1,11,845,1,2,1,1,3,055,"79, CHE DE PALAMA",M,4335573,0543957,130
201300014353,13,2,22,1335,1,2,1,1,2,055,"23, CHE DE L ARMEE D AFR",M,4329078,0540473,130
201300014354,13,2,27,1730,1,2,1,1,7,055,"25, QAI DES BELGES",M,4329470,0537454,130
201300014355,13,1,31,1900,5,2,1,1,6,055,AVE CLOT BEY,,,,130
201300014356,13,2,5,1830,5,2,1,1,1,055,AVE DE LUMINY,,,,130
201300014357,13,12,11,1100,1,2,2,1,6,055,"00, BD JEAN MOULIN",M,4329237,0540114,130
201300014358,13,2,9,2000,5,2,1,1,3,055,"410, RUE PARADIS",M,4327618,0538405,130
201300014359,13,11,29,1030,1,2,1,1,6,055,"24, TRA RAYNOUARD",M,4328575,0539109,130
201300014360,13,2,11,1630,1,2,1,1,2,055,"30, RUE LOUIS REGE",M,4328154,0539168,130
201300014361,13,2,14,1515,1,2,1,1,7,055,AVE DE LATTRE DE TASSIGN,,,,130
201300014362,13,2,28,1545,1,1,6,1,2,055,"112, AVE DES PEINTRES RO",M,4330403,0547250,130
201300014363,13,3,5,2300,5,2,1,3,6,055,"03, BD QUEIREL",M,4328275,0543310,130
201300014364,13,3,2,1000,1,2,1,1,3,055,"51, AVE FRANCOIS MIGNET",M,4333175,0542861,130
201300014365,13,3,4,1400,1,2,1,1,6,055,"87, AVE DE FRAIS VALLON",M,4332520,0543377,130
201300014366,13,2,8,1400,1,2,1,1,6,055,"4, CHE DE SAINT ANTOINE",M,4334902,0537576,130
201300014367,13,2,23,515,5,2,1,1,7,055,"50, RUE MADON",M,4329324,0539997,130
201300014368,13,3,6,1830,1,2,1,1,7,055,"99, RUE D ENDOUME",M,4328706,0536422,130
201300014369,13,2,28,1420,1,2,1,1,2,055,"16, RUE DE LA GRANDE ARM",M,4330058,0538393,130
201300014370,13,3,9,2300,5,2,1,1,2,055,"119, COR PRESIDENT JOHN",M,4328751,0535221,130
201300014371,13,1,31,1130,1,2,4,1,3,055,"37, AVE DE LA POINTE ROU",M,4324799,0537473,130
201300014372,13,2,16,1630,1,2,1,1,1,055,"00, CHE DE GIBBES",,,,130
201300014373,13,2,27,1445,1,2,1,1,6,055,"70, RUE MONTGRAND",M,4329103,0537556,130
201300014374,13,3,4,1200,1,2,1,1,6,055,"00, RUE JEAN QUEILLAU",,,,130
201300014375,13,12,4,1440,1,2,1,1,6,055,"38, AVE DE LA VISTE",M,4335562,0535733,130
201300014376,13,12,22,1900,5,2,1,1,6,055,"151, BD PAUL CLAUDEL",M,4326819,0541582,130
201300014377,13,2,18,1000,1,2,1,1,3,055,"32, RUE LOUBON",M,4331204,0537926,130
201300014378,13,9,7,1215,1,2,1,1,2,055,"262 bis, BD DE SAINT LOU",M,4328540,0544130,130
201300014379,13,2,1,2000,5,2,1,1,6,055,"572, CHE DU LITTORAL",M,4335451,0533358,130
201300014380,13,3,15,710,1,2,1,6,1,055,"35, AVE DE MONTREDON",M,4324428,0537160,130
201300014381,13,3,10,2300,5,2,2,1,6,106,HAUTE BEDOULE (CHEMIN DE,M,4340687,0536177,130
201300014382,13,3,5,1900,2,2,2,1,6,055,"1, BD DE SAINTE MARGUERI",M,4326873,0540393,130
201300014383,13,8,4,2300,5,2,1,1,6,055,"35, VSN CROIX ROUGE LA",,,,130
201300014384,13,2,20,1840,1,2,1,1,6,055,"6, RUE TROMPETTE",M,4333135,0540755,130
201300014385,13,2,14,1500,1,2,1,1,6,055,"00, CHE DU LANCIER",,,,130
201300014386,13,2,22,1650,1,2,1,1,6,055,"00, BD DU CAPITAINE GEZE",,,,130
201300014387,13,3,2,230,5,2,1,1,6,055,"00, RUE ESTELLE",,,,130
201300014388,13,3,11,1200,1,2,1,1,6,055,"00, CHE DU LITTORAL",,,,130
201300014389,13,1,12,1830,5,2,1,1,6,055,"51, RUE DU PANIER",M,4329942,0536685,130
201300014390,13,2,13,1120,1,2,1,1,6,055,"00, BD BUREL",,,,130
201300014391,13,10,31,710,2,2,1,1,6,055,"270, BD FERNAND BONNEFOY",M,4328093,0540138,130
201300014392,13,2,5,1740,1,2,1,1,6,055,"00, BD HENRI BARNIER",,,,130
201300014393,13,2,5,900,1,2,1,1,3,055,"92, BD HENRI BARNIER",M,4337220,0534891,130
201300014394,13,2,15,2045,5,2,1,1,3,055,AVE ARNAVON,,,,130
201300014395,13,12,13,1900,5,2,1,1,6,055,"01, BD DE LA VERRERIE",M,4323478,0536041,130
201300014396,13,2,27,1545,1,2,1,1,2,055,"323, COR PRESIDENT JOHN",M,4327429,0536189,130
201300014397,13,2,28,1320,1,2,1,1,2,055,"317, COR PRESIDENT JOHN",M,4327452,0536121,130
201300014398,13,3,4,1130,1,2,1,1,4,055,"143, BD BAILLE",M,4328854,0539352,130
201300014399,13,3,5,1300,1,2,1,6,2,055,"111, AVE DE LA CORSE",M,4328964,0535693,130
201300014400,13,3,9,1520,1,2,1,1,6,055,"4, CRS BELSUNCE",M,4329670,0537746,130
201300014401,13,3,12,1645,1,2,1,1,6,055,"166, CHE DE NOTRE DAME D",M,4333739,0543237,130
201300014402,13,2,14,930,1,2,1,1,2,055,"0, RUE CHALUSSET",M,4331627,0540050,130
201300014403,13,2,9,215,5,2,2,1,6,055,"139, BD BAILLE",M,4328831,0539274,130
201300014404,13,2,1,1400,1,2,1,1,3,055,"173, AVE DE FRAIS VALLON",M,4332448,0543561,130
201300014405,13,3,7,1620,1,2,1,1,1,055,"128, CHE DE SAINT LOUIS",M,4335389,0535261,130
201300014406,13,6,21,2250,5,2,2,1,3,055,"13, BD BAILLE",M,4328645,0538550,130
201300014407,13,3,8,1635,1,2,3,1,3,055,TRA MARITIM,M,4333945,0535538,130
201300014408,13,6,28,1415,1,2,1,1,6,055,"9/11, BD DUGOMMIER",M,4329819,0538097,130
201300014409,13,3,8,2000,3,2,1,1,2,055,RPT PIERRE PARAF,M,4333040,0541010,130
201300014410,13,11,7,425,5,2,1,1,6,055,"37, QAI DES BELGES",M,4329415,0537423,130
201300014411,13,12,21,1640,1,2,1,2,6,055,"47, PCE JEAN JAURES",M,4329457,0538695,130
201300014412,13,3,9,1545,1,2,1,1,2,002,"663, RASCOUS (CHEMIN DES",M,4334551,0547639,130
201300014413,13,3,7,1840,5,2,1,1,4,055,AVE FRANCOIS MIGNET,,,,130
201300014414,13,3,10,1910,2,2,2,1,2,055,"0, BD NATIONAL",M,4330348,0538596,130
201300014415,13,3,15,1530,1,2,1,1,3,055,"76, BD SAKAKINI",M,4329513,0540074,130
201300014416,13,3,16,1115,1,2,8,1,6,055,"16, RUE DECAZES",M,4328791,0535963,130
201300014417,13,3,15,1145,1,2,3,1,3,055,CHE DU LITTORAL,,,,130
201300014418,13,11,27,700,5,2,1,2,6,055,"01, AVE FRANCOIS CHARDIG",M,4329357,0548362,130
201300014419,13,3,16,1150,1,2,1,1,6,055,"00, RUE ABBE DE L EPEE",,,,130
201300014420,13,12,3,1200,1,2,1,1,1,055,"174, BD RABATAU",M,4328138,0539938,130
201300014421,13,3,19,1215,1,2,1,1,6,055,"1, AVE DE SAINT MENE",M,4329011,0549412,130
201300014422,13,3,20,1030,1,2,2,2,3,055,"1, CHE DE LA COMMANDERIE",M,4334816,0536239,130
201300014423,13,3,21,700,1,2,1,1,1,055,"59, AVE ANNE MARIE",M,4337892,0535567,130
201300014424,13,1,26,2330,5,2,3,1,7,055,BD LAVOISIER,M,4333827,0536679,130
201300014425,13,2,17,2040,5,2,1,1,6,055,"00, AVE DE CHATEAU GOMBE",,,,130
201300014426,13,3,8,1200,1,2,3,1,6,055,"00, RUE MARX DORMOY",M,4330229,0539548,130
201300014427,13,3,21,715,1,2,2,1,3,055,"1, BD VINCENT DELPUECH",M,4328304,0539000,130
201300014428,13,3,21,1145,1,2,1,1,6,055,"83, AVE JEAN LOMBARD",M,4328911,0543517,130
201300014429,13,2,12,1715,1,2,2,1,3,055,"252, BD CHAVE",M,4329579,0540033,130
201300014430,13,2,22,1400,1,2,2,1,3,055,CHE DU LITTORAL,M,4334786,0534400,130
201300014431,13,3,11,1845,2,2,1,1,2,055,"40, RUE ALPHONSE DAUDET",M,4331848,0540723,130
201300014432,13,3,24,15,5,2,1,3,6,055,"387, RUE DE LYON",M,4333993,0536151,130
201300014433,13,1,23,815,1,2,1,1,3,055,"6, AVE ALEXANDRE FLEMING",M,4331562,0540150,130
201300014434,13,2,23,1800,5,2,2,1,3,055,"35, RUE DU PETIT SAINT J",M,4329898,0537883,130
201300014435,13,2,20,1645,1,2,1,1,3,055,"159, AVE ROGER SALENGRO",M,4331650,0536927,130
201300014436,13,3,13,1940,2,2,1,1,2,055,"1, AVE ALEXANDRE ANSALDI",M,4333555,0539966,130
201300014437,13,3,14,1630,1,1,3,1,3,055,"1, AVE DU MARCHE NATIONA",M,4334128,0537646,130
201300014438,13,3,15,1815,1,2,1,6,3,055,"219, BD DE SAINT LOUP",M,4328481,0543874,130
201300014439,13,2,24,1030,1,2,3,1,3,055,"65, BD DES DAMES",M,4330240,0536974,130
201300014440,13,2,12,1130,1,2,3,1,3,055,"1, AVE DU VALLON D' OL",M,4338516,0536226,130
201300014441,13,2,17,420,5,2,3,1,3,055,RUE DE LA CREDENCE,M,4332169,0544839,130
201300014442,13,3,4,1040,1,2,1,1,6,055,"529, CHE DE LA MADRAGUE",M,4334630,0535486,130
201300014443,13,3,4,1930,5,2,1,1,3,055,AVE SALVADOR ALLENDE,,,,130
201300014444,13,3,7,1700,1,2,1,1,6,055,"34, BD LAVERAN",M,4332715,0541370,130
201300014445,13,3,17,15,5,2,1,1,6,055,"16, RUE BELLE DE MAI",M,4330841,0538177,130
201300014446,13,3,17,1800,2,2,1,1,4,055,"145, RUE ALPHONSE DAUDET",M,4332211,0541241,130
201300014447,13,3,22,750,1,2,1,1,3,055,"35, AVE DE LA CROIX ROUG",M,4333123,0543240,130
201300014448,13,3,18,1238,1,1,1,2,7,002,"1349, ETIENNE CUCCA-CD90",M,4335193,0547663,130
201300014449,13,3,16,1850,5,2,1,1,2,106,"41, 8 MAI 1945 (AVENUE D",M,4338728,0535938,130
201300014450,13,3,26,1354,1,2,1,1,6,055,"118, BD DE LA CORDERIE",M,4328990,0536702,130
201300014451,13,3,7,400,5,2,1,1,7,055,"313, COR PRESIDENT JOHN",M,4327547,0535989,130
201300014452,13,3,27,755,1,2,1,1,3,055,"76, BD DES FAUVETTES",M,4331559,0543895,130
201300014453,13,3,13,2100,5,2,1,1,3,055,"47, QAI DE RIVE NEUVE",M,4329242,0536629,130
201300014454,13,3,21,750,1,2,3,1,3,055,CHE DE SAINTE MARTHE,M,4333095,0538897,130
201300014455,13,3,21,1500,1,2,1,1,6,055,"26, AVE DU MERLAN",M,4333388,0540754,130
201300014456,13,3,27,2230,5,2,1,1,2,055,"222, RUE SAINT PIERRE",M,4329249,0540093,130
201300014457,13,1,30,1430,1,2,1,1,3,055,"224, AVE DU PRADO",M,4327624,0538920,130
201300014458,13,3,12,750,1,2,1,1,6,055,"200, COR PRESIDENT JOHN",M,4327530,0536001,130
201300014459,13,2,16,1900,5,2,1,1,2,055,"39, RTE LEON LACHAMP",M,4324634,0543250,130
201300014460,13,3,2,1000,1,2,2,1,7,055,"40, AVE JULES CANTINI",M,4328388,0538744,130
201300014461,13,3,12,2130,5,2,1,1,6,055,"430, AVE DE LATTRE DE TA",M,4324483,0542762,130
201300014462,13,3,28,1145,1,2,1,2,3,055,"35, CRS LIEUTAUD",M,4329364,0538225,130
201300014463,13,1,28,1010,1,2,1,1,3,055,"18, BD DE LA CHARBONNEL",M,4329748,0541707,130
201300014464,13,2,24,10,5,2,1,1,6,055,"0, AVE PIERRE MENDES FRA",,,,130
201300014465,13,3,7,1630,1,2,1,1,2,055,"360, BD ROMAIN ROLLAND",M,4327061,0540747,130
201300014466,13,3,13,1830,5,2,1,1,3,055,"66, TRA PARANGON",M,4324248,0537959,130
201300014467,13,2,11,1000,1,2,1,1,6,055,"54, BD DU CAPITAINE GEZE",M,4333095,0537283,130
201300014468,13,2,21,1605,1,2,1,1,6,055,"18, BD DE PARIS",M,4330609,0537233,130
201300014469,13,3,8,1515,1,2,9,1,6,055,"133, AVE CLOT BEY",M,4325722,0538298,130
201300014470,13,3,3,2215,5,2,2,1,3,055,"1, RPT M.LAUZE/FLORIAN D",M,4328584,0542545,130
201300014471,13,3,9,1820,1,2,1,1,3,055,"86, BD DE PONT DE VIVAUX",M,4328065,0542107,130
201300014472,13,3,15,1645,1,2,1,1,6,055,"45, RUE DU ROUET",M,4328293,0538739,130
201300014473,13,3,20,1200,1,2,1,1,3,055,"91, RUE SAINT JEAN DU DE",M,4329631,0543360,130
201300014474,13,3,21,800,1,2,1,1,7,055,"19, AVE DE SAINT MENE",M,4328977,0549545,130
201300014475,13,3,11,1700,1,2,1,1,6,055,"529, CHE DE LA MADRAGUE",M,4334620,0535482,130
201300014476,13,2,27,1900,3,2,1,1,3,055,"77, BD DU REDON",M,4325499,0542021,130
201300014477,13,3,8,1320,1,2,1,1,6,055,"366, AVE DU PRADO",M,4327000,0538738,130
201300014478,13,2,9,2005,3,2,1,1,1,055,"142, BD CHAVE",M,4329544,0539464,130
201300014479,13,2,27,1750,1,2,1,1,2,055,BD ACHILLE MARCEL,M,4328143,0542480,130
201300014480,13,3,4,1312,1,2,1,1,2,055,"25/27, BD DE PONT DE VIV",M,4328018,0541960,130
201300014481,13,3,4,2015,5,2,1,1,3,055,"8, CR DE LA VALBARELLE A",M,4328611,0544335,130
201300014482,13,3,20,1400,1,2,1,1,2,055,"1, RPT PERE WRESINKI",M,4333039,0541012,130
201300014483,13,3,21,1125,1,2,1,1,3,055,"1, RUE ALBERT COHEN",M,4336133,0533722,130
201300014484,13,3,29,1140,1,2,1,8,2,055,AVE DES PEINTRES ROUX,,,,130
201300014485,13,3,22,1700,1,2,6,1,3,055,RPT DOCTEUR MARIA,M,4336365,0534224,130
201300014486,13,3,19,1825,5,2,3,1,6,002,"1268, 7EME TIRAILLEURS A",M,4333766,0546518,130
201300014487,13,1,6,1530,1,2,1,1,2,055,"00, CHE DE SAINTE MARTHE",,,,130
201300014488,13,2,20,1420,1,2,1,1,3,055,"109, CHE DE SAINTE MARTH",M,4332467,0538841,130
201300014489,13,3,21,1930,5,2,1,1,6,055,BD DU METRO,,,,130
201300014490,13,4,3,1600,1,2,1,1,6,055,"189, AVE COLGATE",M,4323236,0540334,130
201300014491,13,3,22,1530,1,2,3,1,6,055,BD DE LA COMTESSE,M,4331308,0544746,130
201300014492,13,3,8,1715,1,2,1,1,6,055,"35, BD DE STRASBOURG",M,4330768,0537605,130
201300014493,13,3,27,1803,2,2,1,1,7,055,"222, RUE SAINT PIERRE",M,4329270,0540014,130
201300014494,13,3,15,745,1,2,1,1,2,055,"15, AVE DE SAINT BARNABE",M,4330458,0540796,130
201300014495,13,3,11,1600,1,2,2,1,2,055,"17, RUE COLBERT",M,4329926,0537412,130
201300014496,13,3,15,2018,5,2,1,2,6,055,"383, BD NATIONAL",M,4330604,0538351,130
201300014497,13,3,14,1915,1,2,1,1,6,055,"80, RUE SAINTE",M,4329135,0537003,130
201300014498,13,4,1,1400,1,2,1,2,3,055,BD FRANCOISE DUPARC,M,4330319,0540070,130
201300014499,13,3,20,1700,1,2,9,1,6,055,"25, CHE DE L ARMEE D A",M,4329075,0540487,130
201300014500,13,3,27,2100,5,2,1,1,2,055,"1, PRO GEORGES POMPIDOU",M,4326766,0537213,130
201300014501,13,3,24,1515,1,2,1,3,6,055,"1, TRA DU COMMANDEUR",M,4332449,0545557,130
201300014502,13,2,11,730,2,2,1,1,6,055,"00, CRS LIEUTAUD",,,,130
201300014503,13,1,17,2000,5,2,1,1,6,055,"00, RUE BENEDIT",,,,130
201300014504,13,3,13,1630,1,1,1,1,6,055,"01, BD DE L' HUVEAUNE",M,4327175,0540565,130
201300014505,13,4,5,1500,1,2,1,1,6,055,"139, AVE DE LA VISTE",M,4336047,0535750,130
201300014506,13,4,6,212,5,2,1,1,1,055,"0, PCE ERNEST DELIBES",,,,130
201300014507,13,4,2,1645,1,2,1,8,5,055,"151, BD MICHELET",M,4326511,0539548,130
201300014508,13,3,9,2245,5,2,1,1,1,055,"12, AVE DE SAINT ANTOINE",M,4336632,0535674,130
201300014509,13,4,8,1250,1,2,1,1,6,055,"1bis, RUE DES TROIS FRER",M,4329256,0538402,130
201300014510,13,2,7,1430,1,2,1,1,3,055,"178, BD DE PARIS",M,4331308,0536834,130
201300014511,13,3,18,1540,1,2,1,1,3,055,"62, BD DE PLOMBIERES",M,4331590,0538483,130
201300014512,13,4,1,1945,1,2,1,2,6,055,"5, BD GUSTAVE DESPLACES",M,4330544,0538101,130
201300014513,13,3,22,945,1,2,4,1,3,055,"1, BD DANIELLE CASANOVA",M,4332094,0537473,130
201300014514,13,3,26,805,1,2,3,1,3,106,NELSON MANDELA (AVE),M,4340846,0536656,130
201300014515,13,3,28,830,1,2,1,2,2,002,"200, PROVENCE (AVENUE DE",M,4333023,0548492,130
201300014516,13,4,8,2105,5,2,1,1,7,055,"3, PCE JEAN JAURES",M,4329600,0538689,130
201300014517,13,4,9,1355,1,2,1,1,6,055,"128, BD DE SAINT LOUP",M,4328299,0543273,130
201300014518,13,3,25,1030,1,2,1,1,6,055,"22, RUE SAINT SEBASTIEN",M,4328533,0538260,130
201300014519,13,4,4,1340,1,2,1,2,3,055,"143, BD BAILLE",M,4328854,0539353,130
201300014520,13,4,1,2015,5,2,6,2,6,055,"1, PCE LEVERRIER",M,4330591,0539330,130
201300014521,13,3,10,1630,1,2,1,1,3,055,PRK PLAGE DE L'ESTAQUE,M,4335809,0528871,130
201300014522,13,3,27,1830,5,2,1,1,2,055,"20, CHE DE SAINTE MARTHE",M,4331835,0539031,130
201300014523,13,3,23,2015,3,2,1,2,4,055,"57, AVE DES PEINTRES ROU",M,4330898,0546684,130
201300014524,13,4,3,710,2,2,1,1,3,002,"676, CANTON VERT (AVENUE",M,4334196,0547122,130
201300014525,13,3,26,1745,1,2,1,1,6,055,"4, RUE D' ITALIE",M,4329057,0538165,130
201300014526,13,3,24,1315,1,2,1,3,3,055,"1, AVE SALVADOR ALLENDE",,,,130
201300014527,13,2,14,1700,1,2,1,1,2,055,"204, AVE DE LA CROIX ROU",M,4333488,0544725,130
201300014528,13,4,7,1700,1,2,1,1,6,055,RUE DU CARGO RHIN FIDELI,,,,130
201300014529,13,3,30,1150,1,1,1,1,7,002,ETIENNE CUCCA-CD908 (AVE,,,,130
201300014530,13,2,24,900,1,1,1,1,3,075,"140, FR?D?RIC CHEVILLON",M,4334828,0546520,130
201300014531,13,3,19,1145,1,2,1,1,2,055,"252, BD DES BASSINS DE R",,,,130
201300014532,13,4,5,1640,1,2,1,1,6,055,"1, BD ROLAND DORGELES",M,4334621,0538049,130
201300014533,13,4,12,800,1,2,1,1,2,055,"00, CHE DU ROY D' ESPAGN",,,,130
201300014534,13,4,12,1320,1,2,1,1,6,055,PCE FELIX BARET,M,4329186,0537953,130
201300014535,13,4,15,735,1,2,3,1,3,055,"2, CRS JEAN BALLARD",M,4329406,0537399,130
201300014536,13,3,26,1130,1,2,1,1,6,055,"00, AVE DU PRADO",,,,130
201300014537,13,3,27,2000,5,2,3,1,3,055,"70, BD DE SAINT LOUP",M,4328231,0543025,130
201300014538,13,4,7,130,5,2,1,1,6,055,"302, BD DE SAINT MARCEL",M,4328621,0547320,130
201300014539,13,3,30,830,1,2,1,1,4,055,"36, BD DE SAINTE MARGUER",M,4326864,0540406,130
201300014540,13,3,20,1130,1,2,1,1,2,055,"122, BD DE SAINTE MARGUE",M,4326763,0540773,130
201300014541,13,3,30,2130,3,2,2,2,3,055,"42, BD LOUIS MAZAUDIER",M,4331202,0541908,130
201300014542,13,3,4,1450,1,2,1,1,3,055,"70, CHE DE LA PAGEOTTE",M,4330159,0552638,130
201300014543,13,4,1,2115,5,2,1,2,6,055,"223, AVE DES CAILLOLS",M,4330401,0544085,130
201300014544,13,4,2,950,2,2,1,1,6,055,"20, AVE DE SAINT JULIEN",M,4330453,0541510,130
201300014545,13,4,3,1830,1,2,1,1,3,002,"1908, PROVENCE (AVENUE D",M,4332281,0546978,130
201300014546,13,4,4,1500,1,2,1,2,6,055,"13, RUE DE LA BOISERAIE",M,4329796,0542158,130
201300014547,13,4,15,1840,1,2,6,1,4,055,"160, AVE DES PEINTRES RO",M,4330023,0547709,130
201300014548,13,3,20,1130,1,2,1,1,3,055,"92, AVE ANDRE ZENATTI",M,4324597,0539013,130
201300014549,13,3,16,2030,5,2,1,2,1,055,"28, RUE RAPHAEL",M,4326827,0539114,130
201300014550,13,3,25,1625,1,2,1,1,6,055,"40, RTE DE LA SABLIERE",,,,130
201300014551,13,3,2,1501,1,2,6,1,3,055,RPT DU LAPIN BLANC,M,4324706,0538261,130
201300014552,13,2,21,2030,5,2,2,1,3,055,"480, AVE DU PRADO",M,4326526,0538002,130
201300014553,13,4,7,1200,1,2,1,1,3,055,"27, AVE DU PRADO",M,4328422,0538505,130
201300014554,13,3,24,1800,2,2,1,2,3,055,"117, CHE DE SORMIOU",M,4323134,0540058,130
201300014555,13,4,8,1300,1,2,3,1,3,055,"387, VSN MICHELET CONTRE",M,4325434,0540133,130
201300014556,13,3,8,2230,4,2,3,1,3,055,"1, AVE JEAN BOUIN",M,4326674,0540285,130
201300014557,13,3,21,810,1,2,1,1,6,055,"1, BD RABATAU",M,4327290,0539216,130
201300014558,13,4,7,245,5,2,1,1,7,055,"11, BD NATIONAL",M,4330212,0538713,130
201300014559,13,1,15,1400,1,2,1,1,3,055,"49, TRA PARANGON",M,4324270,0537965,130
201300014560,13,3,28,1200,1,2,1,3,3,055,"81, RUE AUGUSTIN AUBERT",M,4326524,0540363,130
201300014561,13,3,24,1915,5,2,1,2,6,055,RPT LIEUTENANT COLONEL,M,4329160,0548558,130
201300014562,13,3,10,50,4,2,4,1,3,075,"1, GENERAL LECLERC (AVE",M,4334993,0546513,130
201300014563,13,3,26,745,1,2,1,1,4,055,"19, AVE DE SAINT MENET",M,4328938,0549673,130
201300014564,13,3,26,1750,1,2,1,1,3,055,"186, BD RABATAU",M,4328113,0539943,130
201300014565,13,3,28,1030,1,2,1,2,6,055,"84, AVE DE SAINT JULIEN",M,4330589,0541892,130
201300014566,13,4,16,2133,2,2,3,1,3,055,"358, RUE SAINT PIERRE",M,4329177,0540896,130