Num_Acc,an,mois,jour,hrmn,lum,agg,int,atm,col,com,adr,gps,lat,long,dep
201300014567,13,3,5,1300,1,2,2,1,3,055,"26, RUE MADON",M,4329401,0539982,130
201300014568,13,3,29,1330,1,2,1,1,3,055,"46, BD DE LA FABRIQUE",M,4325463,0539938,130
201300014569,13,3,20,920,1,1,1,3,6,055,RTE LEON LACHAMP,M,4324622,0543136,130
201300014570,13,3,13,1015,1,2,9,1,4,055,"59, AVE DE SAINT JUST",M,4331607,0540400,130
201300014571,13,4,17,915,1,2,1,1,6,055,"103, RUE JULES ISAAC",M,4325106,0540159,130
201300014572,13,3,14,730,1,2,1,6,1,055,"42, RUE CHALUSSET",M,4331686,0539682,130
201300014573,13,4,6,1945,5,2,1,2,3,055,"16, RUE RUISSEAU MIRABEA",M,4335108,0535334,130
201300014574,13,1,12,1815,4,2,1,1,3,055,"94, BD FRANCOISE DUPARC",M,4330576,0540091,130
201300014575,13,3,14,915,1,2,3,1,7,055,"0, AVE JEAN PAUL SARTRE",M,4331378,0540585,130
201300014576,13,3,24,1745,1,2,2,2,6,055,"79, BD DE STRASBOURG",M,4330903,0537840,130
201300014577,13,4,8,840,1,2,1,1,3,055,"75, BD DE PARIS",M,4330875,0537083,130
201300014578,13,1,22,845,1,2,1,1,6,055,"7, RUE DU REMPART",M,4328866,0536553,130
201300014579,13,4,19,520,5,2,1,1,6,055,AVE MILLIE MATHYS,,,,130
201300014580,13,2,8,1730,1,2,1,1,3,055,"325, COR PRESIDENT JOHN",M,4327395,0536230,130
201300014581,13,3,22,735,1,2,1,1,6,055,"97, AVE DE LA CORSE",M,4328906,0535822,130
201300014582,13,4,8,630,2,2,1,1,5,055,CRS LIEUTAUD,M,4329302,0538244,130
201300014583,13,4,8,1640,1,2,1,1,3,055,"13, BD DE LA CORDERIE",M,4329064,0537126,130
201300014584,13,4,9,1630,1,2,1,1,7,055,"206, BD CHAVE",M,4329564,0539818,130
201300014585,13,3,12,1745,5,2,1,1,7,055,"11, BD D ANJOU",M,4333622,0536242,130
201300014586,13,4,13,1650,1,2,1,1,3,055,"21, BD HENRI BARNIER",M,4337320,0535357,130
201300014587,13,3,21,1030,1,2,1,1,3,055,"108, AVE DE LA VISTE",M,4335879,0535764,130
201300014588,13,4,1,1800,1,2,1,2,2,055,"50, CHE DE SAINT ANTOINE",M,4335119,0537379,130
201300014589,13,3,23,526,5,2,1,1,2,055,"00, BD GARIBALDI",,,,130
201300014590,13,3,10,1446,1,2,1,1,2,055,"00, RUE JUNOT",,,,130
201300014591,13,4,19,850,1,2,1,1,6,055,"96, RUE DE L' EVECHE",M,4330169,0536708,130
201300014592,13,4,13,20,5,2,1,1,6,055,"5, SQ SIDI BRAHIM",M,4329751,0539817,130
201300014593,13,3,15,930,1,2,1,1,6,055,"62, AVE DE LA MADRAGUE D",M,4323638,0536214,130
201300014594,13,4,4,820,1,2,1,1,3,002,QUATRE SAISONS (ROUTE DE,,,,130
201300014595,13,4,9,810,1,2,1,1,2,075,"124, LIBERATION (AVE DE",M,4334287,0545757,130
201300014596,13,4,7,1335,1,2,1,1,6,055,"77, AVE DE LA CROIX ROUG",M,4333268,0543564,130
201300014597,13,4,11,840,1,2,1,1,3,055,ECH ECHANGEUR SARTRE / S,,,,130
201300014598,13,4,13,2030,1,2,1,1,6,055,AVE FERNAND SARDOU,,,,130
201300014599,13,4,7,800,1,2,1,1,6,002,"1, ETIENNE CUCCA-CD908 (",M,4335788,0549118,130
201300014600,13,4,21,405,5,2,1,1,6,055,", BD PEBRE",,,,130
201300014601,13,4,15,1840,1,2,1,1,6,055,BD DE PLOMBIERES,,,,130
201300014602,13,3,20,2345,5,2,1,1,6,055,"00, QAI DE LA FRATERNITE",,,,130
201300014603,13,3,2,700,2,2,1,1,1,055,"00, AVE DES CAILLOLS",,,,130
201300014604,13,4,23,1345,1,2,3,1,3,055,"27, BD ERNEST GASQUY",M,4330179,0542270,130
201300014605,13,4,23,2345,5,2,1,2,6,055,"80, RUE EDMOND ROSTAND",M,4328475,0538182,130
201300014606,13,4,12,750,1,2,1,1,7,002,"52, ANGE MARTIN  (BOULEV",M,4333279,0546321,130
201300014607,13,4,9,920,1,2,1,1,6,055,"92, BD FRANCOISE DUPARC",M,4330507,0540100,130
201300014608,13,4,18,1200,1,2,1,1,2,055,"7, CRS JEAN BALLARD",M,4329336,0537450,130
201300014609,13,4,19,1500,1,2,1,1,7,055,"307, COR PRESIDENT JOHN",M,4327563,0535943,130
201300014610,13,1,19,1600,1,2,1,1,2,055,"0, CHE DU VALLON VERT",,,,130
201300014611,13,1,25,1530,1,2,1,1,6,055,"210, BD DE LA LIBERATION",M,4330264,0539619,130
201300014612,13,3,18,930,1,2,1,1,6,055,"23, CHE DE L ARMEE D AFR",M,4329076,0540469,130
201300014613,13,4,2,1630,1,2,1,1,7,055,"30, RUE STANISLAS TORREN",M,4328755,0537841,130
201300014614,13,3,31,630,5,2,1,1,6,055,"40, RUE BRETEUIL",M,4328932,0537623,130
201300014615,13,4,24,2315,5,2,1,1,1,055,"163, AVE DE LA VISTE",M,4336393,0535707,130
201300014616,13,4,9,1115,1,2,1,1,6,055,"2, AVE PROSPER MERIMEE",M,4332707,0539594,130
201300014617,13,4,24,2215,5,2,3,1,7,055,"20, RUE AVIATEUR LE BRIX",M,4326210,0540429,130
201300014618,13,3,6,655,1,2,2,1,3,055,"11, RUE CHATEAUBRIAND",M,4328771,0535909,130
201300014619,13,4,4,1610,1,2,1,2,2,055,"32, AVE DE LA CROIX ROUG",M,4333105,0543186,130
201300014620,13,4,11,1355,1,2,1,1,6,055,"156, AVE DE LA ROSE",M,4332844,0542581,130
201300014621,13,4,17,1600,1,2,1,1,7,055,"12, RUE D' ORANGE",M,4331265,0538638,130
201300014622,13,4,18,1410,1,2,1,1,6,055,"15, RUE JEAN QUEILLAU",M,4333155,0538712,130
201300014623,13,4,25,1430,1,2,1,1,6,055,"126, RUE PARADIS",M,4328796,0537919,130
201300014624,13,4,28,1500,1,2,1,2,1,055,"80, AVE DES AYGALADES",M,4333748,0536716,130
201300014625,13,2,28,1900,5,2,1,1,2,055,"1, AVE RAIMU",,,,130
201300014626,13,3,16,1610,1,2,1,1,3,055,CHE DU MERLAN A LA ROSE,M,4333071,0540484,130
201300014627,13,3,24,1405,1,2,3,2,6,055,"31, RUE COUTELLERIE",M,4329677,0537253,130
201300014628,13,3,25,830,1,2,1,1,2,055,"21, BD DU CAPITAINE GEZE",M,4333031,0537023,130
201300014629,13,4,23,1415,1,2,1,1,7,002,"22, GUERIDON (CHEMIN  DU",M,4333347,0548585,130
201300014630,13,4,11,1840,1,2,1,1,1,106,8 MAI 1945 (AVENUE DU),M,4338589,0535882,130
201300014631,13,4,28,510,4,2,2,1,6,055,"17, RUE CAVAIGNAC",M,4330714,0538421,130
201300014632,13,4,26,1910,2,2,1,1,3,055,PRO DU GRAND LARGE,M,4324193,0536639,130
201300014633,13,4,27,2215,5,2,1,2,7,002,GENERAL LECLERC (AVENUE,,,,130
201300014634,13,1,29,1200,1,2,1,2,6,055,"44, CRS PIERRE PUGET",M,4329017,0537339,130
201300014635,13,3,16,1105,1,1,1,1,7,055,RTE LEON LACHAMP,,,,130
201300014636,13,4,23,1925,1,2,9,1,3,055,CHE DE SAINT ANTOINE A S,,,,130
201300014637,13,4,17,1630,1,2,1,1,3,055,"44, BD DE PLOMBIERES",M,4331563,0538601,130
201300014638,13,4,18,1415,1,2,3,1,1,055,AVE DE LA VISTE,M,4335637,0535742,130
201300014639,13,4,24,1535,1,2,1,1,3,055,145 BD RABATAU,M,4328141,0539948,130
201300014640,13,3,27,1520,1,2,1,1,3,055,"70, BD SAINT JEAN",M,4327923,0540893,130
201300014641,13,1,10,715,2,2,1,1,6,055,RUE FRANCOIS MAURIAC,M,4327915,0541703,130
201300014642,13,4,1,455,2,2,2,1,2,055,RUE DE RUFFI,M,4331292,0537052,130
201300014643,13,3,31,2045,5,2,1,1,3,055,"322, BD ROMAIN ROLLAND",M,4327176,0540999,130
201300014644,13,4,13,730,1,2,1,1,7,055,"39, BD GAY LUSSAC",M,4333579,0537453,130
201300014645,13,5,2,1030,2,2,3,1,2,055,AVE DE SAINT ANTOINE,M,4337762,0535626,130
201300014646,13,4,27,200,5,2,2,2,6,055,"00, RUE BRETEUIL",M,4329029,0537582,130
201300014647,13,4,25,635,2,2,3,1,3,055,"358, RUE SAINT PIERRE",M,4329177,0540896,130
201300014648,13,4,8,1700,1,2,1,1,3,055,"458, AVE DE SAINT ANTOIN",M,4338315,0535829,130
201300014649,13,3,11,900,1,2,1,1,3,055,RUE ALBERT EINSTEIN,,,,130
201300014650,13,4,24,2130,5,2,1,1,3,055,"152, AVE DE FRAIS VALLON",M,4332469,0543513,130
201300014651,13,5,2,1830,1,2,1,1,3,055,"116, BD DE SAINT MARCEL",M,4328835,0546282,130
201300014652,13,2,27,1730,1,2,6,1,2,055,AVE ARNAVON,M,4333003,0538778,130
201300014653,13,4,24,1745,1,2,6,1,6,055,"1, RPT HENRI MARTINET",M,4329760,0547919,130
201300014654,13,4,16,952,1,2,1,1,3,055,"26, CRS JOSEPH THIERRY",M,4330037,0538668,130
201300014655,13,5,3,2220,5,2,1,1,2,055,"344, BD MICHELET",M,4325805,0539947,130
201300014656,13,5,5,1300,1,2,1,2,5,055,"38, BD BARRAL",M,4326425,0539228,130
201300014657,13,4,5,905,1,2,1,1,3,055,"16, CRS LIEUTAUD",M,4329518,0538174,130
201300014658,13,4,23,10,5,2,2,1,3,055,BD FRANCOISE DUPARC,M,4330654,0540101,130
201300014659,13,4,23,1910,1,2,1,1,3,055,"02, BD SAKAKINI",M,4329954,0540073,130
201300014660,13,4,27,1830,1,2,1,1,6,055,"58, VOI LA CANEBIERE",M,4329726,0538010,130
201300014661,13,4,25,1630,1,2,1,1,6,055,"6, BD JEAN MOULIN",M,4328675,0539982,130
201300014662,13,4,26,800,1,2,2,8,3,055,CRS GOUFFE,M,4328607,0538700,130
201300014663,13,2,22,1830,3,2,1,1,6,055,"86, VSN PONT DE VIVAUX B",M,4328054,0542079,130
201300014664,13,5,8,1830,1,2,1,1,6,055,"606, CHE DU LITTORAL",M,4335378,0532867,130
201300014665,13,5,8,1600,1,2,4,1,3,055,"121, CHE DES BOURRELY",M,4338398,0536517,130
201300014666,13,3,2,1045,1,2,1,7,6,055,RUE FRANCOIS MAURIAC,M,4327559,0541758,130
201300014667,13,3,18,630,1,2,3,3,3,055,"322, BD ROMAIN ROLLAND",M,4327131,0540911,130
201300014668,13,4,12,1820,1,2,6,1,6,055,"19, AVE DE LA MARTHELINE",M,4324628,0539880,130
201300014669,13,4,15,1330,1,2,1,1,7,055,"295, RUE PIERRE DOIZE",M,4327023,0542317,130
201300014670,13,4,17,1800,1,2,1,1,6,055,"47, AVE DE LATTRE DE TAS",M,4324818,0540615,130
201300014671,13,4,30,1720,2,2,1,1,6,055,"246, AVE JOSEPH VIDAL",M,4324963,0537536,130
201300014672,13,5,6,1600,1,2,1,1,6,055,AVE FLORIAN,,,,130
201300014673,13,3,29,750,1,2,1,1,2,055,"43, BD VINCENT DELPUECH",M,4328289,0539228,130
201300014674,13,3,30,1700,1,2,3,1,3,055,"20, AVE D HAITI",M,4329727,0540729,130
201300014675,13,3,31,1800,1,2,1,1,2,055,"0000, AVE ALEXANDRE FLEM",,,,130
201300014676,13,4,19,720,2,2,1,1,2,055,"14, BD JEAN MOULIN",M,4328606,0539897,130
201300014677,13,5,7,200,5,2,4,1,1,055,"50, BD VOLTAIRE",M,4330298,0538491,130
201300014678,13,3,15,1220,1,2,1,1,6,055,"4, RUE RAYMOND TEISSEIRE",M,4327506,0539647,130
201300014679,13,3,31,1330,1,2,1,1,3,055,"58, AVE DU MERLAN",M,4333670,0540728,130
201300014680,13,4,25,1815,1,2,1,1,6,055,"08, RUE RIVOIRE",M,4331357,0537704,130
201300014681,13,1,12,1445,1,2,1,1,6,055,"01, BD JEAN EUGENE CABAS",M,4328603,0541283,130
201300014682,13,4,14,205,5,2,3,1,1,055,"432, BD MICHELET",M,4325269,0540227,130
201300014683,13,3,18,1545,1,2,1,1,6,055,TRA DE LA MONTRE,M,4329312,0547378,130
201300014684,13,4,24,1120,1,2,2,1,3,055,RUE BREMOND,M,4332780,0545310,130
201300014685,13,4,26,2200,5,2,1,1,3,055,"01, CHE DU LITTORAL",,,,130
201300014686,13,3,31,1300,1,2,1,7,6,055,"301, BD ROMAIN ROLLAND",M,4327250,0541125,130
201300014687,13,4,3,1330,1,2,1,1,3,055,"285, RPT DU PRADO",M,4327296,0539104,130
201300014688,13,4,8,920,1,2,1,1,7,055,"11, TRA DE POMEGUES",M,4325213,0538392,130
201300014689,13,4,10,830,1,2,3,1,2,055,"2, AVE D' HAIFA",M,4325397,0539428,130
201300014690,13,4,13,1600,1,2,1,1,6,055,"614, AVE DU PRADO",M,4326281,0537585,130
201300014691,13,4,17,1500,1,2,1,1,2,055,BD DE LA PUGETTE,M,4326818,0540018,130
201300014692,13,4,25,2100,5,2,1,1,7,055,"98, TRA DE LA MONTRE",M,4329526,0547892,130
201300014693,13,4,20,1640,1,2,1,1,3,055,RUE RAYMOND TEISSEIRE,,,,130
201300014694,13,1,22,1730,5,2,1,1,6,055,"170, RPT COLLINE ST JOSE",,,,130
201300014695,13,4,14,920,1,2,1,1,1,055,"36, AVE FLORIAN",M,4328365,0542697,130
201300014696,13,1,18,1600,1,2,1,1,6,055,"42, AVE DU VINGT QUATRE",M,4330779,0542933,130
201300014697,13,1,22,1100,1,2,1,1,3,055,"162, BD DES LIBERATEURS",M,4330328,0545421,130
201300014698,13,1,31,1815,5,2,3,1,3,055,"79, AVE DE LA FOURRAGERE",M,4329924,0543039,130
201300014699,13,5,7,1730,1,2,1,1,6,055,"33, RUE DES TROIS ROIS",M,4329313,0538539,130
201300014700,13,4,3,900,1,2,1,1,6,055,"1, RUE LOUIS REYBAUD",M,4329738,0542695,130
201300014701,13,4,6,1545,1,2,1,3,1,055,"42, AVE DE GARLABAN",M,4329900,0542259,130
201300014702,13,4,9,845,1,2,1,1,6,055,"270, RUE PARADIS",M,4328128,0538193,130
201300014703,13,4,10,1300,1,2,1,1,4,055,"3, RTE DE LA VALENTINE",M,4329026,0546344,130
201300014704,13,4,10,1830,1,2,1,1,4,055,AVE DES PEINTRES ROUX,,,,130
201300014705,13,4,12,1125,1,2,1,1,6,075,"116, LIBERATION (AVE DE",M,4334213,0545728,130
201300014706,13,5,12,530,5,2,2,1,3,055,"41, RUE DU DOCTEUR ESCAT",M,4328348,0538235,130
201300014707,13,2,1,2140,5,2,3,1,2,055,"85, AVE COLGATE",M,4323265,0540444,130
201300014708,13,3,14,910,1,2,1,6,6,055,"36, AVE DE LA CORSE",M,4328933,0536314,130
201300014709,13,3,14,1130,1,2,2,1,3,055,RUE DE SUEZ,M,4329131,0535726,130
201300014710,13,4,5,1145,1,2,1,1,6,055,"54 bis, RUE DU DOCTEUR S",M,4329318,0539801,130
201300014711,13,4,30,1615,1,2,3,8,3,055,"11, AVE DE LA CORSE",M,4328969,0536525,130
201300014712,13,4,10,1550,1,2,1,1,3,055,"26, BD DE LA CORDERIE",M,4329060,0537105,130
201300014713,13,4,3,930,1,2,1,1,5,055,"46, RUE CHALUSSET",M,4331682,0539652,130
201300014714,13,4,28,1830,1,2,1,2,2,055,BD DU CAPITAINE GEZE,,,,130
201300014715,13,3,28,1500,1,2,1,3,2,055,"86, BD NATIONAL",M,4330648,0538304,130
201300014716,13,3,4,1630,1,2,1,1,2,055,CHEMIN DE SAINTE MARTHE,,,,130
201300014717,13,5,8,1630,1,2,1,1,7,055,RTE LEON LACHAMP,,,,130
201300014718,13,3,27,1010,1,2,1,1,6,055,"31, ALL TURCAT MERY",M,4328085,0538859,130
201300014719,13,4,15,900,1,2,1,1,7,055,"01, PCE JOSEPH VIDAL",M,4325400,0538151,130
201300014720,13,4,18,1835,1,1,1,1,3,002,"7, BAUQUIERE (CHEMIN DE",M,4333496,0547797,130
201300014721,13,4,19,1505,1,2,1,1,1,055,"39, AVE DE SAINT BARNABE",M,4330408,0541060,130
201300014722,13,5,2,1255,1,2,1,1,3,055,RUE ALBERT EINSTEIN,,,,130
201300014723,13,4,10,1350,1,2,1,1,3,055,"1, RUE AUGUSTIN FRESNEL",M,4334281,0544680,130
201300014724,13,4,24,1855,1,2,1,1,3,055,"107, AVE DES OLIVES",M,4332710,0543681,130
201300014725,13,5,3,845,1,2,1,1,6,055,"87, AVE DE FRAIS VALLON",M,4332520,0543377,130
201300014726,13,4,11,1100,1,2,1,1,2,055,"80, AVE DE LA CROIX ROUG",M,4333278,0543593,130
201300014727,13,4,30,1720,1,2,1,1,3,055,"12, PCE BOUGAINVILLE",M,4331937,0536843,130
201300014728,13,5,15,600,1,2,1,1,7,055,BD RABATAU,,,,130
201300014729,13,1,1,200,5,2,1,1,6,055,"00, BD DE SAINT LOUP",,,,130
201300014730,13,5,15,1300,1,2,2,1,6,055,"106, BD DE PARIS",M,4330991,0537020,130
201300014731,13,5,8,1615,1,2,1,1,6,055,"42, BD ROMAIN ROLLAND",M,4328003,0542513,130
201300014732,13,5,3,1845,1,2,6,1,3,055,"1, PCE LOUIS BONNEFON",M,4325424,0538195,130
201300014733,13,4,10,1630,1,2,1,1,1,055,"180, AVE DE SAINT LOUIS",M,4334947,0535883,130
201300014734,13,4,19,1150,1,2,2,1,3,055,RUE FONTAINIEU,M,4334740,0537843,130
201300014735,13,4,29,1800,1,2,1,2,3,055,"126, AVE DES OLIVES",M,4332684,0543732,130
201300014736,13,5,13,2345,5,2,1,1,3,055,"132, CHE DE SAINTE MARTH",M,4332491,0538833,130
201300014737,13,4,29,1610,1,2,1,1,6,055,"105, RUE DE ROME",M,4329117,0538077,130
201300014738,13,3,2,1545,1,2,1,1,3,055,"171, RUE DE ROME",M,4328812,0538252,130
201300014739,13,3,26,1300,1,2,1,1,2,055,"0, RUE SAINT PIERRE",,,,130
201300014740,13,5,7,1715,1,2,3,1,3,055,"68, CHE DE LA COMMANDERI",M,4334208,0536209,130
201300014741,13,5,22,920,1,2,1,1,7,055,"24, BD ALBE",,,,130
201300014742,13,4,20,1140,1,2,2,2,5,055,"16, CRS LIEUTAUD",M,4329517,0538176,130
201300014743,13,4,29,1400,1,2,1,1,4,055,"39, BD D ARRAS",M,4330870,0540124,130
201300014744,13,5,7,1400,1,2,1,1,6,055,"106, AVE DE LA CORSE",M,4328970,0535681,130
201300014745,13,3,26,1700,2,2,1,1,3,055,"58, CHE DE LA COMMANDERI",M,4334105,0536267,130
201300014746,13,4,30,1630,1,2,1,1,6,055,IMP DE LA PRESENTATION,,,,130
201300014747,13,5,1,1400,1,2,1,1,6,055,"25, RUE CAISSERIE",M,4329681,0536708,130
201300014748,13,5,5,1300,1,2,1,1,2,055,BD DE PLOMBIERES,,,,130
201300014749,13,5,7,1600,1,2,1,1,2,055,BD LEDRU ROLLIN,,,,130
201300014750,13,4,30,1220,1,2,1,1,6,055,"27, AVE JULES CANTINI",M,4328494,0538549,130
201300014751,13,3,4,720,1,2,1,1,6,055,"00, AVE ALEXANDRE FLEMIN",,,,130
201300014752,13,3,28,800,1,2,1,1,2,055,"0, RUE GEORGE",,,,130
201300014753,13,2,26,800,1,2,1,1,5,055,"96, RTE DES CAMOINS",M,4329806,0549825,130
201300014754,13,4,15,2215,5,2,2,1,3,055,"297, RUE DE LA SARIETTE",M,4330326,0544979,130
201300014755,13,4,16,2115,5,2,1,1,3,055,BD DE L' HUVEAUNE,,,,130
201300014756,13,4,30,800,1,2,1,8,3,055,"425, BD ROMAIN ROLLAND",M,4326905,0540437,130
201300014757,13,3,11,2145,5,2,1,1,3,055,"27, BD JEAN MOULIN",M,4328887,0540027,130
201300014758,13,4,20,1215,1,2,1,3,3,055,"322, RUE PIERRE DOIZE",M,4327100,0542478,130
201300014759,13,2,14,1640,1,2,1,1,2,055,"27, BD LEI ROURE",M,4326278,0540892,130
201300014760,13,4,18,815,1,2,1,1,7,055,"49, RUE CAPITAINE GALINA",M,4328629,0539880,130
201300014761,13,4,25,1800,1,2,1,1,2,055,"39, RUE AUGUSTIN AUBERT",M,4326772,0540247,130
201300014762,13,4,29,745,1,2,1,2,2,055,"108, BD FRANCOISE DUPARC",M,4330624,0540094,130
201300014763,13,5,17,1430,1,2,1,1,1,055,RUE LA PARADE,,,,130
201300014764,13,5,3,950,1,2,1,1,3,055,AVE DES PEINTRES ROUX,,,,130
201300014765,13,5,13,1530,1,2,1,1,3,055,"81, AVE WILLIAM BOOTH",M,4329491,0544394,130
201300014766,13,5,14,830,1,2,1,1,2,055,"149, BD RABATAU",M,4327926,0539927,130
201300014767,13,5,2,1010,1,2,1,1,6,055,"13, PRO GEORGES POMPIDOU",M,4326709,0537243,130
201300014768,13,5,20,1950,1,2,4,1,6,055,"123, AVE DE MONTOLIVET",M,4330969,0540862,130
201300014769,13,5,3,815,1,2,1,1,2,055,AVE DE LA CROIX ROUGE,,,,130
201300014770,13,4,19,2215,5,2,1,1,3,055,"161, AVE DE LA VISTE",M,4336371,0535709,130
201300014771,13,5,16,145,5,2,1,2,7,055,"146, BD PERIER",M,4327809,0537781,130
201300014772,13,5,18,1800,1,2,1,2,4,055,"1, RPT PIERRE PARAF",M,4333019,0538835,130
201300014773,13,2,10,1610,1,1,1,2,3,002,CD46A (DE PICHAURIS A GR,,,,130
201300014774,13,3,26,820,1,2,1,1,2,002,"01, QUATRE SAISONS (ROUT",M,4333112,0548854,130
201300014775,13,4,11,945,1,2,4,1,3,055,"194, AVE DU PRADO",M,4327709,0538833,130
201300014776,13,5,12,1619,1,2,3,1,6,075,"99, FR?D?RIC CHEVILLON (",M,4334827,0546517,130
201300014777,13,2,4,1905,5,2,1,1,6,055,"131, CHE DES BOURRELY",M,4338522,0536440,130
201300014778,13,5,17,1720,1,2,3,1,3,055,BD DES BASSINS DE RADOUB,M,4332668,0535838,130
201300014779,13,1,3,1550,1,2,1,1,2,055,"22, CRS PIERRE PUGET",M,4329043,0537578,130
201300014780,13,5,15,2025,2,2,4,2,3,055,"12, CRS JULIEN",M,4329567,0538257,130
201300014781,13,4,19,1300,1,1,1,1,7,002,QUATRE SAISONS (ROUTE DE,,,,130
201300014782,13,5,22,1545,1,2,1,1,3,055,"0, AVE SAINT PAUL",,,,130
201300014783,13,4,8,1345,1,2,1,1,7,055,"22, RUE GAGLIARDO",M,4327784,0537283,130
201300014784,13,4,30,715,1,2,1,2,5,055,"1, PRO GEORGES POMPIDOU",M,4326748,0537203,130
201300014785,13,5,10,1050,1,2,1,1,6,055,"2, RUE MELCHION",M,4328803,0538878,130
201300014786,13,5,3,1320,1,2,1,1,5,055,TUN TUNNEL ST CHARLES /,,,,130
201300014787,13,5,7,950,1,2,1,1,3,055,"12, CRS LIEUTAUD",M,4329524,0538173,130
201300014788,13,5,10,400,5,2,1,1,6,055,"24, RUE PARADIS",M,4329367,0537667,130
201300014789,13,3,14,840,1,2,1,1,2,055,"2, AVE ALEXANDRE ANSALDI",M,4333066,0540484,130
201300014790,13,5,19,1700,1,2,2,1,6,055,"80, Bd*ALBE",M,4331484,0540770,130
201300014791,13,5,21,850,1,2,2,1,6,055,"17, RUE DU DOCTEUR ESCAT",M,4328373,0538353,130
201300014792,13,4,12,1020,1,2,1,1,6,055,"17, BD DE PLOMBIERES",M,4331504,0538736,130
201300014793,13,5,10,1230,1,2,1,1,3,055,BD DE PLOMBIERES,,,,130
201300014794,13,5,11,1540,1,2,1,1,6,055,"07, BD RAYMOND FILLAT",M,4336358,0530896,130
201300014795,13,5,18,1345,1,2,6,3,3,055,Place*BOUGAINVILLE,M,4331930,0536854,130
201300014796,13,3,28,910,1,2,1,2,4,055,"222, BD BAILLE",M,4328943,0539676,130
201300014797,13,4,30,1215,1,2,1,1,6,055,"06, MARCHE DES CAPUCINS",M,4325972,0537950,130
201300014798,13,5,25,130,5,2,1,1,2,055,"34, AVE DE LA CORSE",M,4328933,0536324,130
201300014799,13,5,23,1215,1,2,1,1,6,055,"17, RUE D AIX",M,4330012,0537570,130
201300014800,13,5,18,1520,1,2,1,3,3,055,"33, BD DU MARECHAL JUIN",M,4331177,0540384,130
201300014801,13,5,21,1354,1,2,1,1,3,055,"14, RUE DU MONASTERE",M,4330172,0540165,130
201300014802,13,2,19,1600,1,2,6,1,3,055,"2, RUE JAUFFRET",M,4328360,0539908,130
201300014803,13,5,16,1145,1,2,1,1,3,055,RUE ALBERT EINSTEIN,,,,130
201300014804,13,2,26,1615,1,1,1,1,4,055,BRE AUTOROUT* NORD SORTI,,,,130
201300014805,13,4,4,1245,1,2,1,2,6,055,"120, RUE LE CHATELIER",M,4334712,0536868,130
201300014806,13,5,4,2010,2,2,2,1,6,055,RUE ABRAM,M,4331824,0536918,130
201300014807,13,4,5,830,1,2,1,7,2,055,BD GUIGOU,,,,130
201300014808,13,5,27,1310,1,2,6,1,3,055,"1, RPT ALEXANDRE ET JERO",M,4329218,0544585,130
201300014809,13,5,27,1730,1,2,1,1,1,055,RUE LE CHATELIER,,,,130
201300014810,13,5,27,1800,1,1,1,1,3,002,av PICHAURIS A greasqu,,,,130
201300014811,13,5,22,2210,5,2,2,1,3,055,"10, RUE ESPERANDIEU",M,4330253,0539404,130
201300014812,13,5,16,1640,1,2,1,1,2,055,AVE DE FRAIS VALLON,,,,130
201300014813,13,5,28,830,1,1,1,2,6,055,RTE LEON LACHAMP,,,,130
201300014814,13,5,27,830,1,2,1,1,4,055,"38, AVE DE LA VISTE",M,4335562,0535733,130
201300014815,13,4,28,1635,1,2,1,2,1,055,"229, CHE DE CHATEAU GOMB",M,4334611,0542571,130
201300014816,13,5,30,1150,1,2,6,1,3,055,RPT PROFESSEUR PIERRE GO,M,4324165,0539709,130
201300014817,13,5,28,1315,1,2,1,1,3,055,BD CHARLES MORETTI,M,4332348,0538581,130
201300014818,13,5,30,1935,1,2,1,1,3,055,PIERRE CHEVALIER (RUE),M,0000000,0000000,130
201300014819,13,4,27,1700,1,2,1,1,2,055,"52, BD JEAN MOULIN",M,4328612,0539882,130
201300014820,13,3,16,1720,1,2,1,1,6,055,"4, AVE DU MARECHAL FOCH",M,4330254,0539696,130
201300014821,13,3,22,1400,1,2,1,1,1,055,"27, RUE DU BOIS SACRE",M,4328212,0536961,130
201300014822,13,5,7,2200,5,2,1,1,6,055,"84, RUE MONTE CRISTO",M,4329959,0539649,130
201300014823,13,3,25,1830,5,2,3,1,3,055,"458, BD LYON",M,4334147,0536036,130
201300014824,13,3,24,544,5,2,2,3,6,055,"00, CHE DU LITTORAL",M,4333594,0535422,130
201300014825,13,4,15,2035,5,2,2,1,3,055,"126, CRS LIEUTAUD",M,4328910,0538410,130
201300014826,13,1,10,950,1,2,8,1,6,055,BD CHARLES MORETTI PROLO,,,,130
201300014827,13,6,4,1130,1,2,1,1,6,055,"359, RUE PARADIS",M,4327743,0538355,130
201300014828,13,6,4,2000,1,2,1,1,5,055,"50, BD JEANNE D' ARC",M,4329361,0540210,130
201300014829,13,6,5,1530,1,2,1,1,4,055,"55, AVE DE LATTRE DE TAS",M,4324721,0540724,130
201300014830,13,3,29,920,1,2,1,2,3,055,"153, CHE DE CHATEAU GOMB",M,4334308,0542063,130