Num_Acc,an,mois,jour,hrmn,lum,agg,int,atm,col,com,adr,gps,lat,long,dep
201300015092,13,7,8,655,1,2,1,1,5,055,"215, AVE DU PRADO",M,4327611,0538927,130
201300015093,13,7,8,1820,1,2,1,1,6,055,"148, RUE FELIX PYAT",M,4331833,0537485,130
201300015094,13,6,16,1630,1,2,1,1,3,055,"272, BD CHAVE",M,4329594,0540232,130
201300015095,13,6,24,1050,1,2,1,1,3,055,"88, CHE DE SAINTE MARTHE",M,4332251,0538942,130
201300015096,13,6,28,1,5,2,2,1,3,055,"10, RUE DE LA REPUBLIQUE",M,4329692,0537363,130
201300015097,13,7,9,1600,1,2,1,1,4,055,"0, AVE ALEXANDRE FLEMING",,,,130
201300015098,13,6,4,2000,2,2,1,1,6,055,"86, TRA DE LA GOUFFONNE",M,4324770,0541056,130
201300015099,13,6,17,1520,1,2,1,1,3,055,"84, RUE DU COMMANDANT RO",M,4327230,0538276,130
201300015100,13,7,1,530,2,2,1,1,6,055,CHE DE SAINT ANTOINE A S,,,,130
201300015101,13,6,21,1900,1,2,1,1,2,055,AVE SALVADOR ALLENDE,,,,130
201300015102,13,5,3,1630,1,2,1,1,7,055,"195, CHE DE GIBBES",M,4332708,0538433,130
201300015103,13,5,30,1830,1,2,1,1,3,055,"57, RUE TEISSERE",M,4330477,0540277,130
201300015104,13,5,30,1200,1,2,1,1,3,055,"55, AVE DE LA ROSE",M,4332509,0541830,130
201300015105,13,6,28,1430,1,2,1,1,3,055,BD DU CAPITAINE GEZE,M,4333031,0537025,130
201300015106,13,6,8,1100,1,2,1,1,6,055,"78, AVE JULES CANTINI",M,4328246,0539001,130
201300015107,13,6,24,1530,1,2,1,1,7,055,"2, CHE JOSEPH AIGUIER",M,4325933,0540260,130
201300015108,13,7,2,320,5,2,1,1,3,055,"100, AVE DES OLIVES",M,4332752,0543599,130
201300015109,13,5,31,1005,1,2,1,1,6,055,"01, RPT HENRI FRENAY",M,4325456,0537621,130
201300015110,13,6,21,750,1,2,1,1,3,055,"67, AVE DE LA MADRAGUE D",M,4323665,0536253,130
201300015111,13,7,10,1630,1,2,1,1,6,055,"2, AVE JULES CANTINI",M,4328540,0538466,130
201300015112,13,6,4,1420,1,2,1,1,2,055,"290, RUE PARADIS",M,4328050,0538227,130
201300015113,13,6,17,930,1,2,1,1,2,055,"57, BD ROMAIN ROLLAND",M,4327997,0542493,130
201300015114,13,6,19,1700,1,2,1,1,5,055,"01, BD EDOUARD HERRIOT",M,4327290,0539075,130
201300015115,13,6,19,1310,1,2,3,1,3,055,"256, AVE DU PRADO",M,4327508,0538985,130
201300015116,13,6,17,1720,1,2,1,1,3,075,"99, FR?D?RIC CHEVILLON (",M,4334827,0546515,130
201300015117,13,6,12,1130,1,2,1,1,2,055,AVE DES PEINTRES ROUX,M,4330317,0547358,130
201300015118,13,6,12,1820,1,2,1,1,3,055,"344, BD MICHELET",M,4325793,0539954,130
201300015119,13,6,12,1630,1,2,1,1,1,055,"55, ALL DES PINS",M,4325377,0541532,130
201300015120,13,6,18,800,1,2,1,1,6,055,"311, AVE DU PRADO",M,4327158,0538990,130
201300015121,13,5,2,1145,1,2,1,1,7,055,"1, RPT JEAN DE TCHORLOU",,,,130
201300015122,13,6,24,1530,1,2,1,1,6,055,"421, BD MICHELET",M,4325232,0540270,130
201300015123,13,6,15,1145,1,2,1,1,3,055,"38, RUE AVIATEUR LE BRIX",M,4326060,0540319,130
201300015124,13,5,29,1720,1,2,3,1,3,055,BD DE MOSTAGANEM,M,4325378,0539614,130
201300015125,13,6,14,1230,1,2,1,1,2,055,AVE DU PRADO,,,,130
201300015126,13,6,22,330,5,2,1,1,2,055,"148, AVE PIERRE MENDES F",M,4325425,0537617,130
201300015127,13,6,29,1400,1,2,1,1,5,055,"43, RUE PIERRE BERANGER",M,4331144,0544636,130
201300015128,13,3,26,1540,1,2,2,1,3,055,"0, RUE EDMOND ROSTAND",M,4328042,0538366,130
201300015129,13,6,27,545,1,2,2,1,5,055,"1, BD GAROUTTE",M,4330427,0541306,130
201300015130,13,6,25,820,1,2,1,1,6,055,"10, AVE LOUIS MALOSSE",M,4330248,0544961,130
201300015131,13,6,18,1230,1,2,1,1,3,055,"34, BD DU REDON",M,4325635,0541978,130
201300015132,13,7,13,230,5,2,1,1,6,055,BD DE L ANGELETTE,,,,130
201300015133,13,7,11,115,5,2,1,1,6,055,AVE FELIX ZOCCOLA,,,,130
201300015134,13,7,14,230,5,2,1,2,7,002,PROVENCE (AVENUE DE),,,,130
201300015135,13,7,12,330,5,2,7,1,3,055,"2, PCE ERNEST DELIBES",M,4327907,0538286,130
201300015136,13,7,12,2220,5,2,3,1,3,055,"82, BD DE LA BARASSE RN",M,4328583,0547954,130
201300015137,13,7,10,40,5,2,2,1,3,055,BD MIREILLE LAUZE,M,4328346,0541423,130
201300015138,13,7,6,835,1,2,1,1,2,055,"31, AVE DU MERLAN",M,4333463,0540763,130
201300015139,13,6,18,900,1,2,1,1,6,002,ETIENNE CUCCA-CD908 (AVE,,,,130
201300015140,13,6,29,1730,1,2,1,1,3,055,"563, RUE SAINT PIERRE",M,4329046,0542147,130
201300015141,13,6,6,855,1,1,1,1,4,055,"17, AVE DU VINGT QUATRE",M,4330786,0542706,130
201300015142,13,6,18,725,1,2,1,1,3,055,"76, BD DE PLOMBIERES",M,4331605,0538436,130
201300015143,13,7,6,730,1,2,1,1,6,055,AVE DU CAP PINEDE ROC 3,,,,130
201300015144,13,7,5,2035,1,2,1,1,7,055,"43, BD DE CASTELLANE",M,4337642,0533960,130
201300015145,13,7,6,1430,1,2,1,1,2,055,"102, AVE ROGER SALENGRO",M,4331338,0537129,130
201300015146,13,4,2,1400,1,2,2,1,6,055,"142, VSN MIREILLE LAUZE",M,4328330,0541281,130
201300015147,13,4,22,1030,1,2,1,1,2,055,"231, RUE PIERRE DOIZE",M,4327188,0542764,130
201300015148,13,7,16,1150,1,2,1,1,6,055,"54, CRS LIEUTAUD",M,4329334,0538235,130
201300015149,13,5,16,1645,1,2,9,2,3,055,"32, AVE FLORIAN",M,4328319,0542710,130
201300015150,13,6,13,1345,1,2,1,1,2,075,"45, FR?D?RIC CHEVILLON (",M,4334629,0546230,130
201300015151,13,7,4,720,1,2,1,1,6,055,"15, BD DE PONT DE VIVAUX",M,4327963,0541779,130
201300015152,13,5,20,320,5,2,1,1,2,055,BD MICHELET,,,,130
201300015153,13,6,17,745,1,2,1,1,2,055,", PCE MARCEAU",M,4330504,0537292,130
201300015154,13,6,7,530,2,2,1,1,3,055,"1, AVE ALEXANDRE FLEMING",M,4331654,0539709,130
201300015155,13,6,13,900,1,2,1,1,3,055,"43, AVE PASTEUR",M,4328985,0535932,130
201300015156,13,6,24,1500,1,2,1,1,2,055,"135, BD BAILLE",M,4328824,0539246,130
201300015157,13,5,7,1300,1,1,1,1,3,055,"1, AVE JEAN PAUL SARTRE",,,,130
201300015158,13,7,10,1830,1,2,1,1,3,055,"4, RUE SAINT ETIENNE",M,4328557,0539521,130
201300015159,13,7,17,1820,1,2,1,1,3,055,"222, BD RABATAU DANIEL M",M,4328310,0539972,130
201300015160,13,6,15,1200,1,2,1,1,6,055,"74, VOI LA CANEBIERE",M,4329766,0538119,130
201300015161,13,6,22,1530,1,2,1,1,6,055,"55, BD SAKAKINI",M,4329621,0540021,130
201300015162,13,7,4,1930,1,2,1,1,6,055,"22, RUE D AIX",M,4330012,0537568,130
201300015163,13,6,29,1220,1,2,1,1,6,055,"83, BD CHARLES LIVON",M,4329201,0535871,130
201300015164,13,2,26,1800,1,2,1,1,3,055,"140, RUE DE RUFFI",M,4331577,0536876,130
201300015165,13,5,2,1715,1,2,1,1,2,055,"52368, AVE JEAN PAUL SAR",,,,130
201300015166,13,7,3,1000,1,2,1,1,7,055,"01, BD FRANCOISE DUPARC",M,4330080,0540078,130
201300015167,13,5,26,1745,1,2,2,1,7,055,"2, BD LOUIS SALVATOR",M,4329113,0538081,130
201300015168,13,6,7,320,5,2,1,1,2,055,"39, BD DE LA LIBERATION",M,4329979,0538748,130
201300015169,13,7,11,1000,1,2,1,1,4,055,COR PRESIDENT JOHN F KEN,M,4326857,0537065,130
201300015170,13,7,11,1600,1,2,1,1,3,055,"61, BD DE LA MEDITERRANE",M,4333296,0536162,130
201300015171,13,7,18,2215,5,2,1,1,6,055,"73, BD BAILLE",M,4328738,0538926,130
201300015172,13,4,19,430,5,2,2,1,3,055,"22, BD DES FAUVETTES",M,4331487,0543911,130
201300015173,13,6,27,1545,1,2,9,1,1,055,"09, RUE JOBIN",M,4331124,0538853,130
201300015174,13,6,23,850,1,2,1,1,7,055,"1, VSN ROVE ANC CHE DU",,,,130
201300015175,13,6,21,1445,1,2,1,1,2,055,"0, AVE SALVADOR ALLENDE",,,,130
201300015176,13,7,9,1700,1,2,1,1,3,055,"223, BD DE PLOMBIERES",M,4332068,0537643,130
201300015177,13,7,11,1430,1,2,2,1,3,055,"37, BD CHARLES BOURSEULT",M,4334284,0538012,130
201300015178,13,7,16,1230,1,2,2,1,6,055,BD CHAVE,M,4329559,0539647,130
201300015179,13,7,1,1845,5,2,1,1,3,055,"215, AVE DE MAZARGUES",M,4326369,0539248,130
201300015180,13,5,8,1620,1,2,1,1,6,055,"240, BD DE SAINT LOUP",M,4328489,0543968,130
201300015181,13,5,14,800,1,2,1,1,4,055,"77, RTE DE LA VALENTINE",M,4328977,0547081,130
201300015182,13,7,23,1900,1,2,1,1,3,055,"1, BD JEAN EUGENE CABASS",M,4328603,0541281,130
201300015183,13,7,23,1900,1,2,1,1,6,055,"136, CHE DE CHATEAU GOMB",M,4334235,0542017,130
201300015184,13,7,6,1800,1,2,1,1,4,055,"131, RUE PIERRE DOIZE",M,4327650,0542674,130
201300015185,13,6,12,1650,1,2,1,1,3,055,"537, AVE DE MAZARGUES",M,4325470,0539418,130
201300015186,13,6,24,805,1,2,1,1,3,055,"89, BD SCHLOESING",M,4327270,0540106,130
201300015187,13,7,14,2000,1,2,1,1,3,055,PRK KENNEDY / RAPATRI?S,,,,130
201300015188,13,7,10,1245,1,2,3,1,3,055,"23, RUE AVIATEUR LE BRIX",M,4326145,0540378,130
201300015189,13,7,14,2044,1,2,1,1,3,055,"348, AVE DU PRADO",M,4327094,0538890,130
201300015190,13,7,3,2140,5,2,2,1,3,055,"196, BD DU REDON",M,4324946,0542264,130
201300015191,13,7,16,1130,1,2,1,1,3,055,"104, AVE DE LA ROSE",M,4332720,0542374,130
201300015192,13,7,25,1215,1,2,1,1,6,055,"439, RUE PARADIS",M,4327316,0538535,130
201300015193,13,7,24,1400,1,2,3,1,5,055,"261, AVE DE SAINT LOUIS",M,4335261,0535771,130
201300015194,13,7,28,700,1,2,1,1,7,055,"279, RUE PIERRE DOIZE",M,4327112,0542567,130
201300015195,13,6,22,2200,5,2,1,1,1,055,AVE DES PEINTRES ROUX,,,,130
201300015196,13,7,25,1400,1,2,1,1,2,055,"1, AVE DE L' ARGILITE",M,4336042,0534587,130
201300015197,13,6,21,1430,1,2,1,1,6,055,"36, CHE DE SAINTE MARTHE",M,4331937,0539013,130
201300015198,13,6,13,1940,1,2,1,1,6,055,"24, RUE PAVILLON",M,4329527,0537661,130
201300015199,13,7,2,1045,1,2,3,1,2,055,"07, RUE MARENGO",M,4329069,0538419,130
201300015200,13,7,11,1100,1,2,1,1,4,055,"80, AVE DE LA CROIX ROUG",M,4333279,0543592,130
201300015201,13,7,16,300,5,2,1,1,6,055,CHE DU LITTORAL,,,,130
201300015202,13,7,12,1705,1,2,1,1,6,055,CRS BELSUNCE,,,,130
201300015203,13,7,14,650,2,2,1,1,6,055,AVE DE SAINT JUST,,,,130
201300015204,13,7,17,1610,1,2,1,1,5,055,"78, RUE DE ROME",M,4329230,0538012,130
201300015205,13,6,4,800,1,2,2,1,3,055,"11, RUE GRANOUX",M,4329870,0539878,130
201300015206,13,7,13,1615,1,1,1,1,1,002,ETIENNE CUCCA-CD908 (AVE,,,,130
201300015207,13,7,16,1540,1,2,1,1,2,055,"0, VSN CHALUSSET RUE",,,,130
201300015208,13,6,24,1800,1,2,9,1,2,055,RTE DE LA SABLIERE,,,,130
201300015209,13,7,19,1745,1,2,1,1,3,055,"2, AVE DU CAP PINEDE ROC",,,,130
201300015210,13,7,17,145,5,2,1,1,6,055,"28, BD DES LIBERATEURS",M,4329237,0546224,130
201300015211,13,7,19,404,1,1,3,1,3,055,AVE ARNAVON,,,,130
201300015212,13,7,5,2030,1,2,1,1,3,055,"148, AVE JEAN LOMBARD",M,4328933,0543677,130
201300015213,13,7,4,1505,1,2,3,1,3,055,"132, AVE JULES CANTINI",M,4328070,0539327,130
201300015214,13,7,16,2035,2,2,2,1,3,055,"366, RUE PARADIS",M,4327823,0538322,130
201300015215,13,7,19,720,1,2,2,1,7,055,"322, RUE PIERRE DOIZE",M,4327089,0542490,130
201300015216,13,7,18,1840,1,2,3,3,3,055,"347, BD*MICHELET",M,4325667,0540023,130
201300015217,13,7,18,1330,1,2,1,1,7,055,"57, BD ROMAIN ROLLAND",M,4327996,0542488,130
201300015218,13,3,2,1,5,2,1,1,6,055,"224, BD CHAVE",M,4329571,0539922,130
201300015219,13,5,21,1220,1,2,1,1,2,055,".., BD SCHLOESING",,,,130
201300015220,13,7,8,2040,1,2,1,1,1,055,"10, RUE CHARLES KADDOUZ",M,4330884,0542605,130
201300015221,13,7,3,1050,1,1,1,2,6,002,ETIENNE CUCCA-CD908 (AVE,,,,130
201300015222,13,7,24,110,5,2,1,1,6,055,"26, RUE DESIREE CLARY",M,4330829,0536963,130
201300015223,13,7,17,1500,1,2,1,1,2,055,"19, AVE DE SAINT MENET",M,4328938,0549673,130
201300015224,13,7,17,1215,1,2,2,1,6,055,"255, AVE DU PRADO",M,4327413,0539072,130
201300015225,13,7,13,2020,5,2,1,1,6,055,"7, ALL DE LA GRANDE BAST",M,4330041,0543715,130
201300015226,13,7,17,1850,5,2,1,1,3,055,"300, BD MICHELET",M,4325972,0539853,130
201300015227,13,7,2,1220,1,2,1,1,6,055,"36, BD FERNAND BONNEFOY",M,4327992,0540010,130
201300015228,13,7,20,2010,1,2,1,1,2,055,BD MIREILLE LAUZE,,,,130
201300015229,13,7,3,1900,1,2,1,1,2,055,"285, AVE DU PRADO",M,4327299,0539103,130
201300015230,13,7,19,907,1,2,6,1,2,002,"30, MARCEL PAGNOL (AV)",M,4333117,0548843,130
201300015231,13,6,16,1800,1,2,2,1,3,055,BD MIRABEAU,M,4331454,0537050,130
201300015232,13,6,6,1615,1,2,1,1,3,055,CHE DES BOURRELY,,,,130
201300015233,13,7,3,1330,1,2,3,1,1,055,"50, AVE DE TOULON",M,4328545,0538774,130
201300015234,13,7,25,515,2,2,1,1,6,055,"193, AVE DES CAILLOLS",M,4330399,0544098,130
201300015235,13,4,11,745,1,2,1,7,4,055,"38, RUE ALBERT EINSTEIN",M,4333729,0543547,130
201300015236,13,6,11,1700,1,2,1,1,3,055,"14, CHE DE GIBBES",M,4331944,0537989,130
201300015237,13,6,27,1400,1,2,1,1,3,055,"118, CHE DE MIMET",M,4338184,0535836,130
201300015238,13,6,13,1430,1,2,1,1,2,055,VSN SAINT ANTOINE (CHE),,,,130
201300015239,13,7,10,1745,1,2,1,1,3,055,"48, BD FERDINAND DE LESS",M,4332107,0537516,130
201300015240,13,7,3,1810,1,2,1,1,6,055,"12, AVE RAOUL FOLLEREAU",M,4329240,0544580,130
201300015241,13,7,8,855,1,2,1,1,1,055,"86, BD DE LA MILLIERE",M,4328329,0549791,130
201300015242,13,6,28,1100,1,2,1,1,3,055,"147, AVE DE LA ROSE",M,4332847,0542585,130
201300015243,13,7,3,1035,1,2,1,2,6,055,"49, AVE PASTEUR",M,4328957,0535937,130
201300015244,13,6,24,640,1,2,2,1,3,055,"54, BD BUREL",M,4331728,0538983,130
201300015245,13,7,25,2240,5,2,1,1,6,002,"4, FERNAND RAMBERT (RUE)",M,4333546,0548239,130
201300015246,13,7,9,1420,2,2,1,1,2,055,RTE DE LA VALENTINE,,,,130
201300015247,13,7,1,1735,1,2,1,1,6,055,"3, AVE DE GARLABAN",M,4329817,0541803,130
201300015248,13,7,26,1945,1,2,2,1,6,055,"139, BD BAILLE",M,4328832,0539275,130
201300015249,13,7,14,1600,1,2,1,1,2,055,"54, BD DE LA VALBARELLE",M,4328687,0544574,130
201300015250,13,7,11,1530,1,2,1,1,6,055,"278, RUE RABELAIS",M,4336127,0532642,130
201300015251,13,7,12,1350,1,2,1,1,3,055,"23, AVE DE FUVEAU",M,4332794,0541871,130
201300015252,13,7,1,1609,1,2,1,1,4,055,"333, AVE DES POILUS",M,4331460,0546233,130
201300015253,13,5,15,2000,2,2,1,1,6,055,"36, AVE ELSA TRIOLET",M,4324763,0539173,130
201300015254,13,7,16,1450,1,1,1,1,6,055,AVE DES TROIS LUCS,,,,130
201300015255,13,7,16,1320,1,2,1,1,3,055,AVE DES TROIS LUCS,M,4331037,0546381,130
201300015256,13,6,21,2000,1,2,1,1,3,055,"43, BD RABATAU",M,4327430,0539415,130
201300015257,13,7,3,1750,1,2,1,1,2,055,"475, AVE DE MAZARGUES",M,4325684,0539409,130
201300015258,13,7,31,1845,1,2,1,1,6,055,BD HENRI BARNIER,,,,130
201300015259,13,7,8,445,3,1,1,1,7,055,".., RTE LEON LACHAMP",,,,130
201300015260,13,7,24,1030,1,2,1,1,3,055,"13, BD BERNABO",M,4333705,0535548,130
201300015261,13,7,21,1630,1,2,2,1,3,055,"40, VOI LA CANEBIERE",M,4329638,0537765,130
201300015262,13,7,23,125,5,2,1,1,7,055,"281, COR PRESIDENT JOHN",M,4327732,0535662,130
201300015263,13,7,31,1520,1,2,6,1,3,055,BD PIERRE DRAMARD,M,4337716,0535961,130
201300015264,13,7,25,2045,2,2,1,1,7,055,CRS LIEUTAUD,M,4328794,0538469,130
201300015265,13,7,26,550,2,2,1,1,6,055,"127, AVE DE LA TIMONE",M,4328627,0540699,130
201300015266,13,7,27,2120,5,2,2,1,2,075,FREDERIC*CHEVILLON (AV),M,4334746,0546376,130
201300015267,13,8,5,730,1,2,1,1,6,055,"353, COR PRESIDENT JOHN",M,4327156,0536276,130
201300015268,13,8,4,945,1,2,2,1,3,055,"77, RUE BRETEUIL",M,4328865,0537651,130
201300015269,13,5,21,1420,1,2,1,1,4,055,AVE ALEXANDRE FLEMING,M,4331559,0540155,130
201300015270,13,7,6,1145,1,2,1,1,5,055,"17, RUE FORT NOTRE DAME",M,4329250,0537145,130
201300015271,13,7,8,1345,1,2,1,1,6,055,"2, BD CHARLES LIVON",M,4329225,0536214,130
201300015272,13,7,17,1805,1,2,3,1,6,055,"27, QAI DE RIVE NEUVE",M,4329286,0536872,130
201300015273,13,7,18,1200,1,2,2,1,3,055,"2, RUE DIEUDE",M,4329209,0538058,130
201300015274,13,7,22,1700,1,2,1,1,3,055,"397, COR PRESIDENT JOHN",M,4326991,0536597,130
201300015275,13,7,23,1605,1,2,3,1,3,055,"21, BD FRANCOISE DUPARC",M,4330096,0540076,130
201300015276,13,7,25,1230,1,2,1,1,6,055,"1, RUE D AUBAGNE",M,4329591,0537860,130
201300015277,13,7,29,1320,1,2,1,1,7,055,"5, RUE PARADIS",M,4329437,0537638,130
201300015278,13,7,30,1940,1,2,1,1,6,055,"23, ALL LEON GAMBETTA",M,4329908,0538233,130
201300015279,13,7,30,1540,1,2,1,1,3,055,"31, AVE DU PRADO",M,4328399,0538499,130
201300015280,13,6,6,40,5,2,1,1,7,055,RUE EDMOND ROSTAND,M,4328426,0538202,130
201300015281,13,6,4,1220,1,2,1,1,1,055,AVE ALEXANDRE ANSALDI,,,,130
201300015282,13,7,25,558,2,2,1,1,2,055,".., AVE DE SAINT MENET",,,,130
201300015283,13,7,27,1630,1,2,1,1,6,055,"303, AVE DE MONTOLIVET",M,4331772,0541760,130
201300015284,13,5,27,1300,1,2,1,1,7,055,"67, BD DU CAPITAINE GEZE",M,4333146,0537535,130
201300015285,13,7,23,1445,1,2,1,1,2,055,"144, BD HENRI BARNIER",M,4337066,0534675,130
201300015286,13,7,24,900,1,2,1,1,6,055,BD MICHELET,M,4326655,0539469,130
201300015287,13,7,24,1015,1,2,3,1,3,055,"45, BD DE LA CONCORDE",M,4324914,0540201,130
201300015288,13,7,30,1810,1,2,1,1,6,055,"13 BIS, BD DE LA PUGETTE",M,4326869,0540150,130
201300015289,13,7,27,130,5,2,1,1,6,055,"30, BD JEAN MOULIN",M,4328928,0540009,130
201300015290,13,5,31,2130,5,2,1,1,6,055,"33, BD DE LA BARASSE RN",M,4328622,0547674,130
201300015291,13,6,13,1600,1,2,1,1,2,055,"61, RUE AVIATEUR LE BRIX",M,4325931,0540073,130
201300015292,13,7,2,1800,1,2,1,1,7,055,"143, RPT ALAIN SAVARY",M,4324628,0539477,130
201300015293,13,7,23,1800,1,2,1,1,3,055,MTE DE SAINT MENET,,,,130
201300015294,13,7,24,1815,1,2,1,1,2,055,BD DE LA PUGETTE,M,4326868,0540151,130
201300015295,13,7,23,1830,1,2,6,1,3,055,"214, CHE DE SAINTE MARTH",M,4333021,0538845,130
201300015296,13,7,10,1015,1,2,1,1,6,055,"101, AVE DE SAINT LOUIS",M,4334636,0535922,130
201300015297,13,7,28,850,1,2,1,1,3,055,PCE CAZEMAJOU,M,4331876,0536711,130
201300015298,13,8,1,935,1,2,1,1,6,055,"03, BD DE LA FABRIQUE",M,4325342,0539474,130
201300015299,13,8,2,1140,1,2,1,1,6,055,"83, BD DE SAINT LOUP",M,4328280,0543223,130
201300015300,13,7,25,1830,1,2,1,1,6,055,BD JEAN MOULIN,,,,130
201300015301,13,7,26,930,1,1,1,1,6,055,"2, AVE FERNANDEL",M,4331220,0544760,130
201300015302,13,7,6,2030,1,2,1,1,1,055,CHE DE LA MARTINE,,,,130
201300015303,13,6,20,1400,1,2,1,1,2,055,BD JEAN MOULIN,,,,130
201300015304,13,7,18,1000,1,2,1,1,3,055,"37, RUE DE LODI",M,4329052,0538617,130
201300015305,13,7,24,810,1,2,5,1,6,055,"222, RUE SAINT PIERRE",M,4329278,0540010,130
201300015306,13,7,29,715,1,2,1,1,7,055,"2, BD PAUL PEYTRAL",M,4329057,0537994,130
201300015307,13,6,28,1625,1,2,8,1,6,055,AVE MILLIE MATHYS,,,,130
201300015308,13,7,19,1945,1,2,1,1,6,055,"100, BD DANIELLE CASANOV",M,4332526,0537397,130
201300015309,13,7,29,1907,1,2,1,1,6,055,"450, RUE PARADIS",M,4327438,0538480,130
201300015310,13,7,30,1500,1,2,6,1,7,075,"1, JEAN GIONO (AVE)",,,,130
201300015311,13,6,11,1830,1,2,1,1,2,106,"91, 8 MAI 1945 (AVENUE D",M,4339214,0536397,130
201300015312,13,7,19,2315,5,2,1,1,6,055,"00, RUE DAUMIER",,,,130
201300015313,13,8,9,242,5,2,2,1,3,055,"97, AVE DE LA CORSE",M,4328935,0535760,130
201300015314,13,7,29,1700,1,2,1,1,1,055,"19, BD HENRI BARNIER",M,4337329,0535412,130
201300015315,13,8,4,605,2,2,2,1,6,055,"27, RUE DU PANIER",M,4329938,0536794,130
201300015316,13,8,6,1215,1,2,1,1,7,055,"99, RUE CALLELONGUE",M,4325562,0539181,130
201300015317,13,4,26,830,1,2,1,1,2,055,"69, RUE PIERRE BERANGER",M,4331205,0544741,130
201300015318,13,8,11,2120,5,2,2,1,3,055,AVE BENJAMIN DELESSERT,M,4328233,0540513,130
201300015319,13,5,26,1150,1,2,3,1,3,055,RUE DE LA BOISERAIE,,,,130
201300015320,13,7,1,1330,1,2,3,2,3,055,"85, RUE AUGUSTIN AUBERT",M,4326524,0540364,130
201300015321,13,7,2,745,1,2,1,1,3,055,"151, BD MICHELET",M,4326495,0539555,130
201300015322,13,7,20,1400,1,2,1,1,7,055,"33, AVE CLOT BEY",M,4326191,0538766,130
201300015323,13,8,6,1730,1,2,1,1,3,055,"274, AVE DES POILUS",M,4331688,0546072,130
201300015324,13,8,9,1030,1,2,1,1,6,055,"8, AVE JEAN LOMBARD",M,4328983,0542653,130
201300015325,13,8,1,1400,1,2,1,1,3,055,AVE RAIMU,,,,130
201300015326,13,7,16,1800,1,2,1,1,6,055,BD HENRI BARNIER,,,,130
201300015327,13,6,20,1400,1,2,1,1,3,055,"33, TRA MARDIROSSIAN",M,4333711,0536031,130
201300015328,13,8,13,750,2,2,1,7,6,055,"309, RUE PIERRE DOIZE",M,4327110,0542551,130
201300015329,13,8,6,900,1,2,1,1,3,055,AVE DE SAINT MENET,,,,130
201300015330,13,8,15,1500,1,2,1,1,1,055,AVE JEAN PAUL SARTRE,,,,130
201300015331,13,8,7,1635,1,2,1,1,6,002,"1, TAGARET (CHEMIN DE)",M,4335611,0548509,130
201300015332,13,8,8,910,1,1,1,1,6,055,RTE LEON LACHAMP,,,,130
201300015333,13,8,3,2245,5,2,9,1,1,055,"172, VOI LA CANEBIERE",M,4329907,0538529,130
201300015334,13,8,9,815,1,2,1,1,6,055,"27, RUE LEVAT",M,4331031,0538441,130
201300015335,13,8,9,1615,1,2,1,1,3,055,"51, AVE ROGER SALENGRO",M,4331204,0537216,130
201300015336,13,6,22,130,5,2,1,1,6,055,PCE JOSEPH VIDAL,M,4324359,0537043,130
201300015337,13,7,23,1855,1,2,1,1,6,055,"20, BD DE LA CONCORDE",M,4324981,0540268,130
201300015338,13,5,30,1550,1,2,3,1,3,055,"346, AVE DES*POILUS",M,4331387,0546292,130
201300015339,13,6,11,1610,1,2,1,1,3,055,"28, RTE LEON LACHAMP",M,4324630,0543203,130
201300015340,13,3,27,2305,5,2,4,1,3,055,Av DE SAINT*MENET,M,4329303,0549473,130
201300015341,13,7,31,2000,1,2,1,1,6,055,"9, AVE DU MERLAN",M,4333197,0540656,130
201300015342,13,8,18,1410,1,2,1,1,6,055,"5, AVE DE BOISBAUDRAN",M,4334197,0536936,130
201300015343,13,8,19,750,1,2,1,1,3,055,"221, BD PAUL CLAUDEL",M,4326847,0541927,130
201300015344,13,5,13,1840,1,2,1,1,4,055,"141, AVE DE HAMBOURG",M,4324700,0539350,130
201300015345,13,4,15,845,1,2,1,1,3,055,RTE D' ALLAUCH� aubagne,,,,130
201300015346,13,6,26,730,1,2,1,1,5,055,AVE DES PEINTRES ROUX,,,,130
201300015347,13,8,7,1110,1,2,1,1,6,055,"59, BD DE PONT DE VIVAUX",M,4328019,0541960,130
201300015348,13,8,2,1700,1,2,1,1,6,055,"00, RUE FELIX EBOUE",,,,130
201300015349,13,8,13,2115,5,2,2,1,3,055,"1, RUE SAINT BRUNO",M,4330577,0540155,130
201300015350,13,7,19,930,1,2,1,1,6,055,"27, BD CAMILLE FLAMMARIO",M,4330480,0539048,130
201300015351,13,7,24,1730,1,2,1,1,6,055,"78, BD FRANCOISE DUPARC",M,4330439,0540095,130
201300015352,13,7,2,1815,1,2,1,1,3,055,"154, AVE DE SAINT LOUIS",M,4334843,0535894,130
201300015353,13,8,3,1830,1,2,1,1,6,055,"00, RUE JEAN QUEILLAU",,,,130
201300015354,13,8,23,1300,1,2,1,1,3,055,"76, BD DE PLOMBIERES",M,4331617,0538431,130
201300015355,13,8,25,1745,1,2,1,1,2,055,"54, BD DE LA VALBARELLE",M,4328687,0544574,130
201300015356,13,8,12,1420,1,2,4,1,3,055,"29, AVE DE MONTREDON",M,4324447,0537207,130