Num_Acc,an,mois,jour,hrmn,lum,agg,int,atm,col,com,adr,gps,lat,long,dep
201300015357,13,8,5,1200,1,2,1,1,2,055,BD DU BOSPHORE,,,,130
201300015358,13,8,9,1215,1,1,1,1,3,055,"1, BD DANIELLE CASANOVA",M,4332093,0537474,130
201300015359,13,8,9,1510,1,2,1,1,1,055,"41, RUE FELIX PYAT",M,4331382,0537635,130
201300015360,13,7,27,1350,1,2,2,1,3,055,"00, RUE FERRARI",M,4329292,0539291,130
201300015361,13,8,15,1245,1,2,3,1,2,055,"2, RUE DU MARECHAL FAYOL",M,4330273,0539824,130
201300015362,13,8,13,805,1,2,1,1,4,055,"06, QAI DE LA JOLIETTE",M,4330192,0537350,130
201300015363,13,7,26,500,3,2,2,1,3,055,AVE ESCADRILLE NORMANDIE,M,4333696,0541015,130
201300015364,13,7,30,1750,1,2,1,1,3,055,"82, AVE DES AYGALADES",M,4333691,0536739,130
201300015365,13,7,30,1740,1,2,1,1,3,055,CHE DU LITTORAL,M,4335083,0534087,130
201300015366,13,8,1,930,1,2,1,1,2,055,AVE DE LA CROIX ROUGE,,,,130
201300015367,13,4,11,2000,5,2,6,1,6,055,RPT PERE WRESINKI,,,,130
201300015368,13,8,14,2200,5,2,4,1,3,055,R CONDORCET,M,4335589,0534631,130
201300015369,13,5,19,2120,5,2,3,1,6,055,"58, AVE DE SAINT JULIEN",M,4330529,0541692,130
201300015370,13,6,5,900,1,2,1,1,6,055,"03, RUE DES ELECTRICIENS",M,4330395,0541734,130
201300015371,13,6,5,2200,5,2,1,1,5,055,"31, CR DE LA VALBARELLE",M,4328615,0544341,130
201300015372,13,6,22,2150,5,2,2,1,3,075,FREDERIC*CHEVILLON (AV,M,4334747,0546375,130
201300015373,13,7,30,940,1,2,6,1,6,055,"111, RUE SAINT JEAN DU D",M,4329472,0543330,130
201300015374,13,8,1,910,1,2,6,1,6,055,"88, AVE DE MAZARGUES",M,4326772,0538925,130
201300015375,13,8,4,1445,2,2,1,2,2,055,AVE DE LATTRE DE TASSIGN,,,,130
201300015376,13,8,6,1100,1,2,1,1,6,055,"2, RUE LEON MEISSEREL",M,4330459,0541849,130
201300015377,13,8,11,1820,1,2,1,1,4,055,"18, AVE DU DOCTEUR HECKE",M,4328902,0544144,130
201300015378,13,8,13,810,1,2,1,1,6,055,"65, AVE DE SAINT JULIEN",M,4330587,0541880,130
201300015379,13,8,27,930,1,2,9,1,3,106,"00, BEDOULE (CHEMIN DE L",,,,130
201300015380,13,6,7,1505,1,2,1,1,5,055,"20, BD MIREILLE JOURDAN-",M,4324523,0537577,130
201300015381,13,7,27,1930,1,2,1,1,3,055,"45, AVE DE LA POINTE ROU",M,4324736,0537406,130
201300015382,13,7,6,1800,1,2,1,1,3,055,AVE FLORIAN,,,,130
201300015383,13,7,30,830,1,2,1,1,3,055,"151, BD MICHELET",M,4326497,0539554,130
201300015384,13,8,12,1725,1,2,1,1,4,055,"68, BD DU CABOT",M,4325791,0541803,130
201300015385,13,7,26,2300,5,2,1,1,7,055,"30, BD JEAN MOULIN",M,4328929,0540009,130
201300015386,13,7,28,115,5,2,1,1,3,055,"151, BD GUSTAVE GANAY",M,4326714,0540210,130
201300015387,13,6,1,1100,1,2,1,1,3,055,"283, AVE DU PRADO",M,4327313,0539090,130
201300015388,13,8,10,1935,1,2,6,1,2,055,".........., RPT M.LAUZE/",M,4328582,0542526,130
201300015389,13,7,10,1845,1,2,1,1,2,055,"327, BD DE SAINT MARCEL",M,4328625,0547404,130
201300015390,13,8,20,1715,1,2,1,1,7,055,"40, RUE DE LA CREDENCE",M,4332049,0544501,130
201300015391,13,8,15,2245,5,2,1,1,6,055,"00, RUE DE L AUDIENCE",,,,130
201300015392,13,8,7,1140,1,2,1,1,6,055,"00, AVE FRANCOIS MIGNET",,,,130
201300015393,13,8,11,215,5,2,1,1,6,055,"34, CRS LIEUTAUD",M,4329382,0538218,130
201300015394,13,5,13,2130,5,2,1,1,2,055,"110, RUE CHARLES KADDOUZ",M,4331344,0543158,130
201300015395,13,7,17,1135,1,2,1,1,3,055,"71, RTE DES CAMOINS",M,4329745,0549639,130
201300015396,13,4,12,800,1,2,1,1,6,055,"69, RUE DE LODI",M,4328967,0538700,130
201300015397,13,6,10,730,1,2,2,1,3,055,"94, AVE DU MERLAN",M,4334116,0540735,130
201300015398,13,7,29,710,1,2,1,1,2,055,"91, RUE BELLE DE MAI",M,4331262,0538524,130
201300015399,13,8,14,1130,1,2,1,1,3,055,"34, BD DU CAPITAINE GEZE",M,4333031,0537026,130
201300015400,13,8,21,1930,1,2,1,1,3,055,"158, AVE DES CHARTREUX",M,4330868,0540040,130
201300015401,13,8,23,2200,5,2,1,1,6,055,"128, VOI LA CANEBIERE",M,4329838,0538324,130
201300015402,13,8,22,900,1,2,1,1,6,055,"136, CHE HENRI BEYLE",M,4335225,0536042,130
201300015403,13,6,28,1930,1,2,1,1,3,055,"77, AVE DE LA VISTE",M,4335759,0535749,130
201300015404,13,7,26,1915,1,2,1,1,6,055,"2, MTE DES ECOLES",M,4336169,0531505,130
201300015405,13,7,9,1330,1,2,1,1,1,055,"47, RUE CAVAIGNAC",M,4330811,0538314,130
201300015406,13,8,30,1420,1,2,1,1,3,055,"73, CRS LIEUTAUD",M,4329015,0538356,130
201300015407,13,8,31,530,2,2,1,1,2,055,"72, RUE DES PRES",M,4335945,0541450,130
201300015408,13,8,30,2045,5,2,1,1,7,055,"1, CR DE LA POUNCHE",M,4332645,0545127,130
201300015409,13,8,30,2055,5,2,1,1,6,055,PIERRE CHEVALIER (RUE),,,,130
201300015410,13,6,10,1730,1,2,1,1,2,055,"28, BD DE LA LIBERTE",M,4330098,0538268,130
201300015411,13,7,31,805,1,2,2,1,3,055,"20, BD EUGENE PIERRE",M,4329769,0539057,130
201300015412,13,8,1,920,1,2,1,1,6,055,"13, BD D ATHENES",M,4329993,0538071,130
201300015413,13,8,3,330,5,2,1,1,7,055,"339, COR PRESIDENT JOHN",M,4327266,0536286,130
201300015414,13,8,6,2005,1,2,1,1,6,055,"55, RUE DE ROME",M,4329357,0537941,130
201300015415,13,8,12,600,5,2,1,1,6,055,QAI MARCEL PAGNOL,,,,130
201300015416,13,8,18,145,5,2,3,1,3,055,"1, RUE BRETEUIL",M,4329042,0537577,130
201300015417,13,8,22,1915,1,2,1,1,4,055,"12, BD DE LA BLANCARDE",M,4330268,0539751,130
201300015418,13,8,23,1530,1,2,1,1,7,055,"126, BD DE LA BLANCARDE",M,4330345,0540504,130
201300015419,13,8,23,1630,1,2,2,1,2,055,"6, RUE DU DOCTEUR ALBERT",M,4328396,0538726,130
201300015420,13,8,22,1745,1,2,1,1,3,055,"168bis, COR PRESIDENT JO",M,4328085,0535216,130
201300015421,13,9,3,1952,1,2,1,1,6,055,AVE JULES CANTINI,M,4328384,0538752,130
201300015422,13,6,10,1000,1,2,1,1,6,055,"270, BD DE SAINTE MARGUE",M,4326327,0541108,130
201300015423,13,8,18,1550,1,2,1,1,3,055,"160, BD DE SAINT MARCEL",M,4328760,0546495,130
201300015424,13,8,18,1830,1,2,1,1,3,055,"76, BD RABATAU",M,4327593,0539669,130
201300015425,13,8,25,1900,1,2,1,1,6,055,"0, RUE LE CHATELIER",,,,130
201300015426,13,8,13,2145,5,2,2,1,3,055,"38, RUE DE LA BIBLIOTHEQ",M,4329577,0538554,130
201300015427,13,3,10,1130,1,2,1,1,2,055,"277, CHE DU ROUCAS BLANC",M,4327897,0536808,130
201300015428,13,7,27,1925,1,2,1,1,2,055,"42, COR PRESIDENT JOHN F",M,4328988,0535563,130
201300015429,13,7,28,945,1,2,1,1,1,055,"229, RUE D ENDOUME",M,4328431,0535831,130
201300015430,13,7,30,1500,1,2,1,1,2,055,"22, BD SAKAKINI",M,4329814,0540093,130
201300015431,13,8,26,1405,1,2,1,1,4,055,"32, BD DE LA CARTONNERIE",M,4329171,0546042,130
201300015432,13,7,3,945,1,2,1,2,3,055,"67, AVE DE CHATEAU GOMBE",M,4333792,0542077,130
201300015433,13,7,21,10,5,2,6,1,3,055,CHE DE SAINT ANTOINE A S,M,4334891,0537543,130
201300015434,13,8,21,1850,1,2,3,1,3,055,"75, RUE DE LYON",M,4332609,0536663,130
201300015435,13,9,4,1845,1,2,3,1,1,002,"200, QUATRE SAISONS (RTE",M,4332934,0549030,130
201300015436,13,9,4,2015,5,2,1,1,6,055,"248, BD NATIONAL",M,4331083,0537846,130
201300015437,13,7,10,850,1,2,3,1,3,055,"103, DE LATTRE DE*TASSIG",M,4324551,0541223,130
201300015438,13,7,15,1800,1,2,1,1,6,055,"86, BD DE PONT DE VIVAUX",M,4328056,0542083,130
201300015439,13,9,5,1915,1,2,1,1,3,055,"154, AVE DE LA ROSE",M,4332840,0542571,130
201300015440,13,7,23,1940,5,2,1,1,3,055,"110, BD ROMAIN ROLLAND",M,4327805,0542113,130
201300015441,13,8,24,1500,1,2,6,1,3,055,BD VINCENT DELPUECH,M,4328282,0539238,130
201300015442,13,8,27,2205,5,2,1,1,3,055,"169, AVE DE LA CAPELETTE",M,4328074,0540731,130
201300015443,13,6,19,1400,1,2,1,1,6,055,"118, BD HENRI BARNIER",M,4337164,0534832,130
201300015444,13,7,2,1958,1,2,1,1,6,055,PCE JULES GUESDE,M,4330273,0537518,130
201300015445,13,7,22,1115,1,2,1,1,3,055,"35, AVE DE LA CROIX ROUG",M,4333123,0543238,130
201300015446,13,8,15,115,5,2,1,1,3,055,"1, AVE DE VALDONNE",M,4332259,0541259,130
201300015447,13,8,18,2130,5,2,1,1,3,055,"4, VSN QUAI D' ARENC PRO",,,,130
201300015448,13,7,5,1015,1,2,1,1,6,055,"54, RUE BORDE",M,4327910,0539193,130
201300015449,13,8,2,1700,1,2,1,1,3,055,"2, PCE DU GENERAL FERRIE",M,4327751,0539879,130
201300015450,13,8,7,1900,1,2,1,1,2,055,"6, CHE DU LANCIER",M,4324905,0539685,130
201300015451,13,8,9,2315,5,2,2,1,3,055,RUE AUGUSTIN AUBERT,M,4326668,0540288,130
201300015452,13,8,14,1545,1,2,1,1,5,055,"55, RUE AVIATEUR LE BRIX",M,4325947,0540137,130
201300015453,13,8,16,1200,1,2,1,1,3,055,"24A, CHE JOSEPH AIGUIER",M,4325437,0540764,130
201300015454,13,8,19,2245,5,2,1,1,3,055,"106, AVE JULES CANTINI",M,4328146,0539186,130
201300015455,13,8,25,1940,3,1,1,1,3,055,VSN LEON LACHAMP (RTE),,,,130
201300015456,13,9,4,2240,5,2,1,1,6,055,"33, AVE CLOT BEY",M,4326191,0538766,130
201300015457,13,8,2,2030,5,2,1,1,6,055,"343, AVE DU PRADO",M,4327049,0538819,130
201300015458,13,8,18,100,5,2,3,1,3,055,"230, RUE CHARLES KADDOUZ",M,4331786,0543882,130
201300015459,13,8,18,330,5,2,1,1,7,055,"58, MTE DE SAINT MENET",M,4329353,0549390,130
201300015460,13,8,22,2345,3,1,1,1,7,055,RTE LEON LACHAMP,,,,130
201300015461,13,9,7,755,1,2,1,1,6,075,"25, LOUIS PASTEUR (AVE)",M,4335203,0546782,130
201300015462,13,9,3,1720,1,2,1,1,6,055,"18, BD CAMILLE FLAMMARIO",M,4330404,0538712,130
201300015463,13,8,7,1900,1,2,1,1,2,055,"208, BD DE LA VALBARELLE",M,4328862,0545540,130
201300015464,13,8,20,1940,1,2,1,1,6,055,"219, AVE DU VINGT QUATRE",M,4330950,0544097,130
201300015465,13,8,21,1715,1,2,1,1,7,002,PROVENCE (AVENUE DE),M,4333142,0548618,130
201300015466,13,7,3,1530,1,2,1,1,6,055,"20-26, RUE CAISSERIE",M,4329693,0536782,130
201300015467,13,7,17,730,1,2,1,1,6,055,"80, BD ANATOLE DE LA FOR",M,4333666,0539708,130
201300015468,13,8,17,1200,1,1,1,1,6,055,VSN ROVE ANC CHE DU,,,,130
201300015469,13,8,18,1330,1,2,1,1,6,055,CHE DU LITTORAL,,,,130
201300015470,13,8,29,1200,1,2,2,1,5,055,AVE DE FRAIS VALLON,M,4332494,0542316,130
201300015471,13,8,31,1740,1,2,1,1,2,055,"1, AVE ARNAVON",,,,130
201300015472,13,7,15,1745,1,2,1,1,2,055,"206, CHE DE SAINTE MARTH",M,4333087,0538891,130
201300015473,13,8,15,1815,1,2,1,1,1,055,"01, CHE DE RAGUSE",M,4331857,0540460,130
201300015474,13,9,3,800,1,2,1,1,6,055,"7, TRA DE LA MONTRE",M,4329308,0547377,130
201300015475,13,8,31,730,2,2,3,1,6,055,"171, CHE DE LA MADRAGUE",M,4332779,0535992,130
201300015476,13,8,28,1405,1,2,1,1,3,075,"124, LIBERATION (AVE DE",M,4334280,0545755,130
201300015477,13,8,22,1430,1,2,3,1,6,055,AVE DU MERLAN,M,4333070,0540479,130
201300015478,13,7,22,2130,2,2,1,1,6,055,"169, AVE DE LA CAPELETTE",M,4328074,0540730,130
201300015479,13,9,10,1745,1,2,1,1,3,055,"77, AVE JEAN LOMBARD",M,4328903,0543424,130
201300015480,13,9,12,1510,1,2,1,1,6,055,"2, BD SAKAKINI",M,4329954,0540074,130
201300015481,13,9,6,1930,1,2,1,1,6,055,"2, QAI DES BELGES",M,4329606,0537401,130
201300015482,13,8,10,2115,5,2,1,1,6,055,"3, RUE RODOLPHE POLLAK",M,4329537,0537971,130
201300015483,13,9,7,2015,5,2,1,1,3,055,"190, AVE DES CHARTREUX",M,4331001,0540072,130
201300015484,13,7,20,1335,1,2,1,1,2,055,BD DES BASSINS DE RADOUB,,,,130
201300015485,13,6,10,2230,5,2,3,1,3,055,BD MIRABEAU,M,4331454,0537053,130
201300015486,13,9,4,1220,1,2,1,1,3,055,RUE DU CARGO RHIN FIDELI,,,,130
201300015487,13,9,5,810,1,1,1,1,6,055,"91, CHE DU MERLAN A LA R",M,4333044,0541235,130
201300015488,13,9,3,720,2,2,3,7,6,055,AVE DE CHATEAU GOMBERT,M,4335184,0543447,130
201300015489,13,9,4,1020,1,2,1,1,2,055,BD DE PLOMBIERES,,,,130
201300015490,13,9,2,1300,1,2,2,1,3,055,RUE AUGUSTIN ROUX,M,4334825,0536236,130
201300015491,13,8,8,1415,1,2,1,1,2,055,"170, COR PRESIDENT JOHN",M,4328080,0535224,130
201300015492,13,9,4,1320,1,2,1,1,2,055,"18, AVE DE LA CORSE",M,4328959,0536486,130
201300015493,13,8,7,1215,1,2,1,1,2,055,"1, CHE DE SAINT ANTOINE",M,4336567,0535681,130
201300015494,13,8,31,2230,5,2,3,1,3,055,"103, BD DE LA BLANCARDE",M,4330319,0540312,130
201300015495,13,8,28,1250,1,2,1,1,6,055,"90, AVE DU PRADO",M,4328193,0538598,130
201300015496,13,9,3,1700,1,2,1,1,6,055,"189, BD ROMAIN ROLLAND",M,4327556,0541679,130
201300015497,13,5,14,1310,1,2,1,1,6,055,"43, AVE DE LA POINTE ROU",M,4324769,0537447,130
201300015498,13,9,6,1500,1,2,1,1,7,055,"69, AVE D' HAIFA",M,4325113,0539024,130
201300015499,13,9,13,1,5,2,6,1,7,055,"440, AVE DE LATTRE DE TA",M,4324484,0542746,130
201300015500,13,8,19,1945,2,2,1,1,6,055,"68, RTE DES CAMOINS",M,4329732,0549558,130
201300015501,13,9,3,1800,1,2,1,1,6,055,"3, AVE DU VINGT QUATRE A",M,4330770,0542552,130
201300015502,13,7,4,820,1,2,3,1,3,055,"0, BD DES ACIERIES",M,4327625,0540472,130
201300015503,13,9,4,800,1,2,1,1,6,055,"200, AVE DE LA ROSE",M,4332911,0542740,130
201300015504,13,9,3,1453,1,2,1,1,2,055,"56, BD DE PLOMBIERES",M,4331580,0538516,130
201300015505,13,9,5,755,1,2,1,7,6,055,"34, RUE LE PELLETIER",M,4336264,0532064,130
201300015506,13,9,3,1150,1,2,1,1,6,055,"00, BD JEAN MOULIN",,,,130
201300015507,13,9,4,1910,1,2,1,1,2,055,"00, BD ROMAIN ROLLAND",,,,130
201300015508,13,9,3,1630,1,2,1,1,6,055,"00, AVE DU PRADO",,,,130
201300015509,13,8,11,1830,1,2,1,1,6,055,"00, BD BAILLE",,,,130
201300015510,13,9,16,1552,1,2,2,1,6,055,"8, RUE BRETEUIL",M,4329241,0537495,130
201300015511,13,9,10,2105,5,2,1,1,6,055,"20, ALL LEON GAMBETTA",M,4329909,0538203,130
201300015512,13,9,5,620,1,2,1,1,3,055,BD SAKAKINI,,,,130
201300015513,13,9,11,1205,1,2,1,1,3,055,"253, AVE DE LA CAPELETTE",M,4327914,0541203,130
201300015514,13,9,6,715,1,1,1,1,3,055,"104, RTE LEON LACHAMP",M,4324889,0544212,130
201300015515,13,9,11,645,2,2,3,1,3,055,"0, BD BELLEVUE DE LA BAR",M,4328467,0548566,130
201300015516,13,9,2,1145,1,2,1,1,6,055,"35, RUE GRAND RUE",M,4333546,0545113,130
201300015517,13,9,10,1655,1,2,1,1,4,055,"29, AVE ALEXANDRE FLEMIN",M,4331510,0540294,130
201300015518,13,9,11,745,1,2,1,1,2,055,"344, AVE DE SAINT ANTOIN",M,4337739,0535654,130
201300015519,13,9,11,1515,1,2,1,1,6,055,BD PAUL ARENE,M,4331863,0538246,130
201300015520,13,8,31,1030,1,2,1,1,7,055,"50, BD AGUILLON",M,4326580,0541155,130
201300015521,13,7,16,1210,1,1,1,1,2,002,"520, SALVATORE ALLENDE (",M,4335264,0548205,130
201300015522,13,9,10,830,1,2,1,1,2,002,GENERAL MONTSABERT (AVEN,,,,130
201300015523,13,8,21,1530,1,2,3,1,5,055,"25, QAI DE LA JOLIETTE",M,4330109,0536413,130
201300015524,13,8,30,930,1,2,2,1,3,055,CH DU LITTORAL,M,4333999,0534846,130
201300015525,13,9,3,1030,1,2,3,1,3,055,"46, BD ODDO",M,4332839,0536228,130
201300015526,13,9,13,910,1,2,1,1,6,055,CHE DU MERLAN A LA ROSE,,,,130
201300015527,13,9,3,1015,1,2,1,1,6,055,CHE DE LA COMMANDERIE,M,4333935,0536253,130
201300015528,13,6,19,1225,1,2,1,1,6,055,"123, BD ROMAIN ROLLAND",M,4327691,0541927,130
201300015529,13,8,31,1630,1,2,1,1,3,055,"344, AVE DE SAINT ANTOIN",M,4337741,0535653,130
201300015530,13,9,20,115,5,2,1,1,1,055,"168, AVE CLOT BEY",M,4325565,0538228,130
201300015531,13,9,21,2020,5,2,1,1,3,055,"102, AVE DE LA VISTE",M,4335846,0535760,130
201300015532,13,9,21,1900,5,2,1,1,2,055,"38, BD DE SAINTE MARGUER",M,4326866,0540415,130
201300015533,13,9,25,1330,1,2,1,1,6,055,"375, CHE DE LA MADRAGUE",M,4333942,0535572,130
201300015534,13,6,20,1645,1,2,1,1,6,055,"66, BD BAILLE",M,4328728,0538892,130
201300015535,13,9,4,1230,1,2,1,1,6,055,"116, BD BAILLE",M,4328793,0539136,130
201300015536,13,9,10,1600,1,2,1,1,6,055,COR PRESIDENT JOHN F KEN,M,4327530,0536000,130
201300015537,13,9,12,755,1,2,1,1,2,055,AVE ALEXANDRE FLEMING,,,,130
201300015538,13,9,12,1130,1,2,3,1,3,055,"94, RUE SAINT SAVOURNIN",M,4329635,0538688,130
201300015539,13,9,18,1920,1,2,1,1,6,055,"34, RUE NATIONALE",M,4329969,0537806,130
201300015540,13,6,12,1630,1,2,1,1,2,055,"2, BD DE PONT DE VIVAUX",M,4327957,0541726,130
201300015541,13,9,12,2130,5,2,1,1,3,055,"130, AVE DU VINGT QUATRE",M,4330805,0543456,130
201300015542,13,9,13,115,5,2,1,1,3,106,HAUTE BEDOULE (CHEMIN DE,,,,130
201300015543,13,9,19,1950,3,2,1,1,6,055,"1, CHE DES BOURRELY",M,4337379,0535660,130
201300015544,13,2,6,1915,1,2,1,1,6,055,"40, RUE DE LYON",M,4332471,0536714,130
201300015545,13,9,7,1415,1,2,1,1,6,055,RUE DE LA MAURELLE,,,,130
201300015546,13,9,14,1225,1,2,1,1,2,055,"00, RTE DE LA SABLIERE",,,,130
201300015547,13,9,5,1745,1,2,1,1,2,055,"00, BD FERDINAND DE LESS",,,,130
201300015548,13,9,10,1230,1,2,1,1,2,055,"00, CHE DU LITTORAL",,,,130
201300015549,13,9,3,1200,1,2,1,1,6,055,"45, RUE SAINTE",M,4329227,0537432,130
201300015550,13,9,12,830,1,2,1,1,2,055,CHE DU LITTORAL,M,4335784,0532139,130
201300015551,13,8,31,2355,5,2,1,1,2,055,"201, AVE PIERRE MENDES F",M,4325155,0537571,130
201300015552,13,9,3,1230,1,2,1,1,2,055,"46, BD EDOUARD HERRIOT",M,4327210,0538793,130
201300015553,13,9,5,730,1,2,1,1,3,055,"314, AVE DU PRADO",M,4327221,0539087,130
201300015554,13,9,12,1300,1,2,1,1,2,055,"45, TRA PARANGON",M,4324337,0537983,130
201300015555,13,9,12,1915,1,2,1,1,3,055,"22, BD DE SAINT MARCEL",M,4328866,0545690,130
201300015556,13,9,18,1745,1,2,1,1,6,055,"122, AVE DE HAMBOURG",M,4324972,0538986,130
201300015557,13,5,21,1700,1,2,1,1,6,055,"390, BD MICHELET",M,4325512,0540113,130
201300015558,13,6,24,1315,1,2,1,1,4,055,"262, AVE DE MAZARGUES",M,4326247,0539319,130
201300015559,13,8,2,700,1,2,1,1,5,055,BD JEAN MOULIN,,,,130
201300015560,13,8,23,1430,1,2,3,1,3,055,".., AVE RAMPAL",M,4331788,0544552,130
201300015561,13,9,15,1400,1,2,2,1,3,055,"1, RUE JEAN MERMOZ",M,4327459,0538682,130
201300015562,13,9,11,1630,1,2,2,1,3,055,"300, BD.*MICHELET",M,4325876,0539902,130
201300015563,13,9,15,1715,1,2,1,1,6,055,"97, RUE DE LA GRANIERE",M,4328510,0546021,130
201300015564,13,9,18,1330,1,2,1,1,6,055,"120, RUE SAINT JEAN DU D",M,4329540,0543332,130
201300015565,13,9,6,1530,1,2,1,1,6,055,"180, AVE DU PRADO",M,4327792,0538824,130
201300015566,13,8,29,1020,1,2,1,1,6,055,"22, CHE DE PALAMA",M,4335317,0543806,130
201300015567,13,7,5,1015,1,2,2,1,6,055,"8, PCE DU MARCHE",M,4331824,0536918,130
201300015568,13,7,8,2030,1,2,1,1,6,055,"163, BD NATIONAL",M,4330844,0538100,130
201300015569,13,8,24,25,5,2,1,1,2,055,AVE ALEXANDRE FLEMING,,,,130
201300015570,13,9,25,1730,1,1,1,1,5,055,RTE LEON LACHAMP,,,,130
201300015571,13,8,16,1900,1,2,1,1,2,055,"64, CHE DU MERLAN A LA R",M,4332991,0541357,130
201300015572,13,9,13,1315,1,2,2,1,7,055,AVE JEAN PAUL SARTRE,M,4332517,0542326,130
201300015573,13,1,15,1645,1,2,1,1,1,055,"83, CHE DE SAINT ANTOINE",M,4335494,0537060,130
201300015574,13,9,6,1215,1,2,1,1,6,055,CV DU RUISSEAU MIRABEAU,,,,130
201300015575,13,9,9,1545,1,2,1,1,3,055,AVE JENNY HELIA,M,4336613,0535499,130
201300015576,13,9,13,1400,1,2,1,1,1,055,PRK PLAGE DE L'ESTAQUE,M,4335955,0531701,130
201300015577,13,9,4,815,1,2,1,1,7,055,"20, RUE LOUBON",M,4331184,0537896,130
201300015578,13,9,13,915,1,2,2,1,3,055,RUE DE CRIMEE,M,4330791,0537960,130
201300015579,13,9,13,1450,1,1,1,1,7,002,ETIENNE CUCCA-CD908 (AVE,M,4335787,0549120,130
201300015580,13,9,15,915,1,2,2,2,3,055,"13, RUE DU MARCHE",M,4331824,0536918,130
201300015581,13,9,29,1925,1,2,1,1,6,055,CHE DE L ARMEE D AFRIQUE,M,4328658,0541554,130
201300015582,13,9,27,1549,1,2,1,1,6,055,"20, BD DU COMMANDANT FIN",M,4333108,0538503,130
201300015583,13,9,19,1000,1,1,1,1,3,055,"163, BD DE DUNKERQUE",,,,130
201300015584,13,9,22,1700,1,2,1,1,6,055,"42, AVE CAMILLE PELLETAN",M,4330390,0537356,130
201300015585,13,9,27,1540,1,2,1,1,1,055,"120, AVE DES CHARTREUX",M,4330669,0539969,130
201300015586,13,9,27,1920,1,2,1,1,6,055,"65, RUE DE GENES",M,4328265,0538597,130
201300015587,13,8,13,1750,1,2,1,1,6,055,BD DE LA BARASSE RN 8,M,4328586,0547937,130
201300015588,13,6,7,1230,1,2,1,1,3,055,"0, CR DE LA VALBARELLE A",M,4328617,0544346,130
201300015589,13,7,20,2230,5,1,2,1,3,055,AVE DU MARCHE NATIONAL,M,4334114,0537694,130
201300015590,13,9,12,1900,1,2,1,1,3,055,"63, AVE DES CAMOINS",M,4330538,0551165,130
201300015591,13,7,6,930,1,2,1,1,6,055,CHE DE LA GRAVE,M,4334610,0544843,130
201300015592,13,7,16,1030,1,2,1,1,3,055,"34, BD FERDINAND DE LESS",M,4332057,0537329,130
201300015593,13,9,20,1715,1,2,1,1,3,055,"1, AVE JEAN PAUL SARTRE",M,4332209,0541773,130
201300015594,13,9,10,1700,1,2,3,1,6,055,"00, RUE DE LYON",M,4334252,0535968,130
201300015595,13,9,30,2100,5,2,1,1,6,055,"200, COR PRESIDENT JOHN",M,4327530,0536001,130
201300015596,13,9,25,1600,1,2,1,1,6,055,"0, BD CHARLES NEDELEC",,,,130
201300015597,13,9,30,1405,1,2,1,1,6,055,"256, BD BAILLE",M,4328987,0539847,130
201300015598,13,10,2,700,1,2,1,1,5,055,"82, BD MICHELET",M,4326819,0539372,130
201300015599,13,4,1,1720,1,2,4,3,3,055,CHE DE SAINT JOSEPH A SA,M,4334001,0538801,130
201300015600,13,9,30,1755,1,2,1,1,6,055,"5, TRA DU COLONEL",M,4331917,0538967,130
201300015601,13,9,30,1120,1,2,1,1,6,055,"90, AVE DE MAZARGUES",M,4326693,0538963,130
201300015602,13,9,10,815,1,2,1,1,2,055,"00, BD DE LA MAZARADE",,,,130
201300015603,13,9,13,845,1,2,1,1,6,055,"100, RUE BELLE DE MAI",M,4331274,0538546,130
201300015604,13,9,22,2030,2,2,1,1,2,055,"00, CHE DU ROY D' ESPAGN",,,,130
201300015605,13,9,13,1525,1,2,1,1,6,055,"00, CV DE MORGIOU",,,,130
201300015606,13,9,27,830,1,2,1,1,1,055,"54, AVE SAINT PAUL",M,4332822,0540676,130
201300015607,13,10,1,1800,2,2,1,1,6,055,"2, AVE DU CAP PINEDE ROC",M,4332953,0536724,130
201300015608,13,9,28,1515,1,2,1,1,6,055,"13, MAR DES CAPUCINS",M,4329645,0538049,130
201300015609,13,10,3,1200,1,2,1,1,1,055,"507, CHE DE LA MADRAGUE",M,4334549,0535463,130
201300015610,13,10,7,825,1,2,1,1,6,075,"36, PAUL SIRVENT (AVE)",M,4334358,0546654,130
201300015611,13,7,22,1835,1,2,2,1,3,055,"4, BD NOTRE DAME",M,4329009,0537252,130
201300015612,13,9,18,1015,1,2,1,1,3,055,"14, BD THEODORE THURNER",M,4329176,0538303,130
201300015613,13,9,17,1620,1,2,1,1,6,055,"137, BD NATIONAL",M,4330732,0538215,130
201300015614,13,9,24,1445,1,2,1,1,6,055,"38, AVE DE LA VISTE",M,4335547,0535731,130
201300015615,13,9,25,1515,1,2,1,1,2,055,"92, BD FRANCOISE DUPARC",M,4330497,0540093,130
201300015616,13,9,19,855,1,2,3,1,2,055,"1, RUE GASTON DE FLOTTE",M,4329573,0542273,130