Num_Acc,an,mois,jour,hrmn,lum,agg,int,atm,col,com,adr,gps,lat,long,dep
201300015617,13,9,19,1250,1,1,1,1,7,055,"17, TRA DES LOUBETS",M,4329177,0547076,130
201300015618,13,9,21,2215,5,2,6,1,2,055,PCE LOUIS BONNEFON,M,4325423,0538194,130
201300015619,13,9,23,2110,5,2,1,1,3,055,"74, AVE JULES CANTINI",M,4328263,0538972,130
201300015620,13,9,6,815,1,2,1,1,6,055,"14, AVE PASTEUR",M,4329129,0535909,130
201300015621,13,9,24,830,1,2,2,1,3,055,"35, BD SAKAKINI",M,4329751,0540081,130
201300015622,13,9,8,1445,1,2,1,1,3,055,"73, CRS PIERRE PUGET",M,4328999,0537319,130
201300015623,13,9,29,1330,1,1,1,2,6,055,"37, CHE DU VALLON VERT",M,4333571,0545506,130
201300015624,13,9,18,1110,1,2,3,1,2,055,".........., CHE JOSEPH A",M,4325069,0541538,130
201300015625,13,9,23,1800,1,2,1,7,6,055,"155, AVE DE LA TIMONE",M,4328657,0540958,130
201300015626,13,9,26,935,1,2,3,1,3,055,"36, BD F BONNEFOY",M,4327936,0539929,130
201300015627,13,9,6,1200,1,2,3,1,7,055,"1, TRA CHARLES SUSINI",M,4333366,0542021,130
201300015628,13,10,7,2143,5,2,1,1,6,055,"13, BD RABATAU",M,4327332,0539268,130
201300015629,13,9,10,2030,5,2,2,1,3,055,"34, RUE DE FORBIN",M,4330536,0536936,130
201300015630,13,9,17,850,1,2,1,1,6,055,"306, CHE DU LITTORAL",M,4334425,0534709,130
201300015631,13,9,9,1120,1,2,1,1,6,055,"74, RUE VERDILLON",M,4327473,0542652,130
201300015632,13,9,14,100,5,2,1,1,7,055,"1, AVE FRANCOIS CHARDIGN",M,4329368,0548335,130
201300015633,13,9,16,2020,5,2,3,1,1,055,"371, BD ROMAIN ROLLAND",M,4327060,0540745,130
201300015634,13,9,18,945,1,2,1,1,6,055,VSN VALBARELLE CR SAINT,M,4328114,0543868,130
201300015635,13,9,21,1655,1,2,1,1,3,055,"561, RUE SAINT PIERRE",M,4329048,0542154,130
201300015636,13,7,30,930,1,2,2,1,7,055,"100, CHE DE SAINTE MARTH",M,4332354,0538915,130
201300015637,13,9,26,1525,1,2,2,1,3,055,"46, AVE DE LA ROSE",M,4332561,0541948,130
201300015638,13,9,29,1730,1,2,1,1,6,055,"32, CHE DE LA COMMANDERI",M,4334019,0536261,130
201300015639,13,7,4,1230,1,2,1,1,3,055,"186, CHE DE GIBBES",M,4332678,0538415,130
201300015640,13,10,7,1445,1,2,1,1,3,055,"176, CHE DE SORMIOU",M,4322767,0540277,130
201300015641,13,7,23,1130,1,2,1,1,2,055,"213, CHE DU ROUCAS BLANC",M,4328138,0536903,130
201300015642,13,7,29,1130,1,2,1,1,3,055,"0, BD CHAVE",,,,130
201300015643,13,9,17,1730,1,2,1,1,2,055,"366, AVE DES POILUS",M,4331299,0546384,130
201300015644,13,9,18,1,5,2,1,1,3,055,"46, AVE DES OLIVES",M,4332863,0543311,130
201300015645,13,9,19,1815,1,2,1,1,1,055,"68, RTE DES CAMOINS",M,4329741,0549630,130
201300015646,13,9,22,1600,1,2,1,1,1,055,"9, RUE DU DOCTEUR LEON P",M,4331366,0538659,130
201300015647,13,9,21,900,1,2,1,1,3,075,"156, LIBERATION (AVE DE",M,4334469,0546037,130
201300015648,13,9,26,1110,1,2,3,1,3,055,"2, AVE DES BALUSTRES",M,4333799,0542157,130
201300015649,13,9,29,330,5,2,3,1,2,055,"00, BD MIRABEAU",M,4331323,0536629,130
201300015650,13,10,8,1330,1,2,2,1,6,055,"17, RUE SAINT ETIENNE",M,4328570,0539618,130
201300015651,13,9,19,1425,1,2,1,1,1,055,"174, CHE DE L ARMEE D AF",M,4328728,0541221,130
201300015652,13,9,26,2100,5,2,1,1,3,055,"245bis, BD MICHELET",M,4326095,0539782,130
201300015653,13,9,30,1200,1,2,1,1,6,055,AVE D' HAIFA,,,,130
201300015654,13,10,9,715,1,2,1,1,6,055,"556, CHE DU LITTORAL",M,4335455,0533377,130
201300015655,13,9,23,1304,1,2,1,1,2,055,"100, AVE DE SAINT JEROME",M,4333364,0542021,130
201300015656,13,9,4,1800,1,2,1,1,6,055,"211, AVE DE LA CAPELETTE",M,4327984,0540997,130
201300015657,13,9,15,1815,1,2,4,1,3,055,AVE DU VINGT QUATRE AVRI,M,4330771,0542535,130
201300015658,13,9,27,1400,1,2,1,1,6,055,"155, RTE DES CAMOINS",M,4329960,0550134,130
201300015659,13,9,10,1100,1,2,1,1,6,055,"00, RUE DRAGON",,,,130
201300015660,13,9,23,1205,1,2,1,1,6,055,"00, BD PAUL CLAUDEL",,,,130
201300015661,13,9,20,1515,1,2,1,1,7,055,"00, AVE ALEXANDRE FLEMIN",,,,130
201300015662,13,9,21,1200,1,2,1,1,1,055,"25, BD LECCIA",M,4331220,0538889,130
201300015663,13,9,5,930,1,2,2,1,6,055,"1, RUE DE FORBIN",M,4330649,0537349,130
201300015664,13,10,1,840,1,2,2,1,3,055,"525, AVE DU PRADO",M,4326969,0538695,130
201300015665,13,10,3,1545,1,2,1,1,6,055,"55, BD DE LA GROTTE ROLL",M,4323393,0536392,130
201300015666,13,10,4,1100,1,2,2,1,3,055,"355, AVE DU PRADO",M,4327016,0538767,130
201300015667,13,10,5,1735,2,2,3,1,3,055,"20, RUE AVIATEUR LE BRIX",M,4326209,0540431,130
201300015668,13,5,2,845,1,2,1,1,6,055,BD MICHELET,M,4326318,0539657,130
201300015669,13,9,7,1345,1,2,1,1,6,055,"86, AVE JOSEPH VIDAL",M,4325147,0537771,130
201300015670,13,9,8,2030,5,2,2,1,2,055,"174, CH ARMEE AFRIQUE",M,4328690,0541243,130
201300015671,13,9,10,1130,1,2,3,1,3,055,"110, AVE DU PRADO",M,4327988,0538714,130
201300015672,13,9,25,1430,1,2,3,1,3,055,"159, AVE JOSEPH VIDAL",M,4324902,0537514,130
201300015673,13,9,30,2020,5,2,1,1,4,055,AVE ALEXANDRE FLEMING,,,,130
201300015674,13,9,23,1715,1,2,1,1,3,055,"203, RUE JOSEPH CLERISSY",M,4329504,0542710,130
201300015675,13,9,20,850,1,2,1,1,3,055,"99, RTE DES CAMOINS",M,4329802,0549808,130
201300015676,13,10,10,2205,5,2,1,1,7,002,JEAN GIONO (AVENUE),M,4333224,0548462,130
201300015677,13,9,24,2340,5,2,6,1,3,055,BD HENRI BARNIER,M,4337008,0534622,130
201300015678,13,9,27,2115,5,2,3,1,7,055,"79, RUE JEAN CRISTOFOL",M,4331077,0538369,130
201300015679,13,10,6,1940,4,2,1,2,6,055,"56, RUE DU DOCTEUR LEON",M,4331540,0538921,130
201300015680,13,9,16,1630,1,2,2,1,3,055,"29, RUE DU ROUET",M,4328416,0538554,130
201300015681,13,9,16,1715,1,2,1,1,3,055,"65, AVE DE LA CORSE",M,4328891,0536088,130
201300015682,13,9,23,745,1,2,3,1,2,055,"188, AVE DES OLIVES",M,4332569,0544114,130
201300015683,13,10,2,800,1,2,1,1,6,055,"74, BD NATIONAL",M,4330571,0538387,130
201300015684,13,10,1,2050,5,2,1,1,3,055,AVE JEAN LOMBARD,,,,130
201300015685,13,10,2,1510,1,2,1,1,6,055,"6, BD LIONEL TERRAY",M,4331574,0540304,130
201300015686,13,6,20,1945,1,2,1,1,2,055,"22, RUE TERRUSSE",M,4329624,0538790,130
201300015687,13,9,28,1330,1,2,3,1,7,055,"118, RUE D ENDOUME",M,4328708,0536429,130
201300015688,13,10,4,1820,1,2,1,1,2,055,"19, CRS LIEUTAUD",M,4329448,0538199,130
201300015689,13,9,28,1700,1,2,1,1,1,055,"02, AVE DE VALDONNE",M,4332248,0541255,130
201300015690,13,10,3,810,1,2,1,1,6,055,BD MICHELET,,,,130
201300015691,13,10,7,1020,1,2,3,1,6,055,"141, AVE DU PRADO",M,4327877,0538777,130
201300015692,13,5,17,1010,1,2,1,1,6,055,"8, BD LOMBARD",M,4335730,0536975,130
201300015693,13,9,2,740,1,2,1,1,3,055,"103, TRA DE LA MARTINE",M,4329970,0547041,130
201300015694,13,9,27,1100,1,2,1,1,6,055,"79, BD ROMAIN ROLLAND",M,4327918,0542288,130
201300015695,13,10,2,2100,5,2,3,1,3,055,RUE SAINT JEAN DU DESERT,M,4329489,0541747,130
201300015696,13,10,4,1940,3,2,1,8,3,055,"234, CHE DE LA MADRAGUE",M,4333192,0535900,130
201300015697,13,10,12,520,5,2,1,1,6,055,AVE DU CAP PINEDE ROC 3,,,,130
201300015698,13,10,13,530,3,2,1,1,2,055,AVE DU MARECHAL FOCH,M,4330235,0539724,130
201300015699,13,10,12,1745,1,2,1,1,6,055,"1, PCE PLACIDE CAFFO",M,4331314,0538520,130
201300015700,13,9,30,1715,1,2,1,1,2,055,"58, BD DE PLOMBIERES",M,4331586,0538495,130
201300015701,13,10,1,930,1,2,1,1,6,055,"13, BD DE LA GARE",M,4335761,0536618,130
201300015702,13,10,2,920,1,2,1,1,2,055,"146, PCE CHARLES SUSINI",M,4334131,0541046,130
201300015703,13,10,4,1325,1,2,1,1,6,055,"102, RUE FELIX PYAT",M,4331650,0537422,130
201300015704,13,9,21,1645,1,2,1,1,6,055,"00, CHE DU LITTORAL VOIE",,,,130
201300015705,13,8,19,2300,5,2,1,1,6,055,"00, AVE MISTRAL",,,,130
201300015706,13,9,19,750,1,2,1,1,6,055,"00, BD HENRI BARNIER",,,,130
201300015707,13,9,24,700,2,2,1,1,3,055,"151, BD BAILLE",M,4328955,0539729,130
201300015708,13,10,9,1020,1,2,1,1,2,055,"30, BD CHARLES LIVON",M,4329225,0536310,130
201300015709,13,10,7,1950,5,2,1,1,2,055,"79, BD BAILLE",M,4328744,0538949,130
201300015710,13,7,1,1110,1,2,1,1,7,055,"34, BD DU REDON",M,4325638,0541976,130
201300015711,13,9,18,730,1,2,1,1,3,055,"58, AVE ANDRE ZENATTI",M,4324656,0538621,130
201300015712,13,9,24,910,1,2,2,1,3,055,"306, AVE DES CAILLOLS",M,4330324,0544963,130
201300015713,13,10,5,1100,1,2,1,1,6,055,"146, TRA DE LA PENNE",M,4329321,0551157,130
201300015714,13,10,5,1800,5,2,1,1,3,055,"452, AVE DU PRADO",M,4326722,0538311,130
201300015715,13,10,8,2325,5,2,1,1,3,055,"25, BD DU CABOT",M,4325997,0541603,130
201300015716,13,10,14,750,1,2,1,3,3,055,"45, AVE DU MARECHAL FOCH",M,4329998,0540056,130
201300015717,13,10,7,1230,1,2,1,1,6,055,RPT IAN PALACH,M,4327897,0542666,130
201300015718,13,9,23,1610,1,2,1,1,6,055,"00, RUE TEISSERE",,,,130
201300015719,13,6,22,1930,1,2,7,1,3,055,"1, PCE CASTELLANE",M,4328594,0538374,130
201300015720,13,10,9,1610,1,2,1,1,2,055,"90, CHE DE SAINTE MARTHE",M,4332266,0538940,130
201300015721,13,10,5,750,1,2,1,1,2,055,"2, BD CHARLES LIVON",M,4329223,0536346,130
201300015722,13,10,6,1440,1,2,1,1,3,055,"71, BD CAMILLE FLAMMARIO",M,4330630,0539414,130
201300015723,13,10,5,1750,1,2,1,1,3,055,"63, AVE ALEXANDRE ANSALD",M,4333171,0540415,130
201300015724,13,10,8,835,1,2,1,1,2,055,"50, BD DU CAPITAINE GEZE",M,4333079,0537218,130
201300015725,13,5,30,1415,1,2,1,1,2,055,"0, VOL PASSERELLE PLOMBI",,,,130
201300015726,13,10,4,1700,1,2,1,1,6,055,"55, BD SAKAKINI",M,4329620,0540024,130
201300015727,13,9,29,1930,2,2,1,1,2,055,"111, AVE FERNANDEL",M,4331143,0545495,130
201300015728,13,10,10,1245,1,2,1,1,6,055,"250, CHE DE CHATEAU GOMB",M,4334674,0542711,130
201300015729,13,10,9,950,1,2,1,1,3,055,"149, PGE DE L' ESTAQUE",M,4336204,0530904,130
201300015730,13,9,30,915,1,2,1,1,3,002,PROVENCE (AVENUE DE),,,,130
201300015731,13,10,5,1510,1,2,1,1,3,055,AVE DES PEINTRES ROUX,,,,130
201300015732,13,10,3,1810,1,2,1,1,7,055,"1, TRA DE LA MONTRE",M,4329122,0547302,130
201300015733,13,10,12,1320,1,2,3,1,3,055,"120, AVE D HAITI",M,4329789,0541336,130
201300015734,13,10,13,200,5,1,1,1,6,002,ETIENNE CUCCA-CD908 (AVE,,,,130
201300015735,13,10,17,740,1,2,1,1,6,055,VOI LA CANEBIERE,M,4329859,0538386,130
201300015736,13,9,25,1330,1,2,1,1,3,055,"74, AVE DE MAZARGUES",M,4326781,0538919,130
201300015737,13,9,18,1430,1,2,1,1,6,055,"77, AVE ALEXANDRE ANSALD",M,4333074,0540463,130
201300015738,13,9,19,1730,1,2,1,1,6,055,"00, BD VOLTAIRE",,,,130
201300015739,13,9,14,1800,1,2,1,1,6,055,"00, BD DE SAINTE MARGUER",,,,130
201300015740,13,10,17,1035,1,2,1,1,6,055,"171, RUE DU ROUET",M,4327767,0539296,130
201300015741,13,10,10,2310,5,2,1,1,3,055,"37, AVE DE LA POINTE ROU",M,4324785,0537455,130
201300015742,13,10,12,1250,1,2,3,1,7,055,"211, RUE DU ROUET",M,4327614,0539496,130
201300015743,13,10,17,1030,1,2,1,1,7,055,"6, BD FERNAND BONNEFOY",M,4328191,0540262,130
201300015744,13,10,8,840,1,2,1,1,3,055,"196, BD DE SAINT LOUP",M,4328452,0543688,130
201300015745,13,9,26,1230,1,2,1,1,1,055,"74, AVE DES AYGALADES",M,4333640,0536746,130
201300015746,13,9,27,2200,5,2,1,1,1,055,BD DE LA SAVINE,,,,130
201300015747,13,9,29,315,5,2,1,1,6,055,"59, AVE DE SAINT JEROME",M,4333055,0541919,130
201300015748,13,10,17,1245,1,1,3,1,2,055,RUE ERNEST ROUVIER,M,4324983,0540270,130
201300015749,13,10,18,1000,1,2,2,1,2,055,RUE DE LA PALUD,M,4329294,0538020,130
201300015750,13,9,24,1,5,2,3,1,1,055,"16, BD DE LA GARE",M,4335715,0536769,130
201300015751,13,10,16,1735,1,2,1,1,6,055,"9, BD BAILLE",M,4328632,0538504,130
201300015752,13,10,5,1745,1,2,1,1,7,055,"46, RUE DE LA PINEDE",M,4329212,0542638,130
201300015753,13,10,4,2000,5,2,9,1,2,055,"1, AVE JEAN PAUL SARTRE",M,4331391,0540608,130
201300015754,13,10,13,1730,1,2,1,1,6,055,"6, BD DE LA BLANCARDE",M,4330267,0539721,130
201300015755,13,10,15,1055,1,2,1,2,6,055,"6A, RUE ARMENY",M,4329081,0537941,130
201300015756,13,9,2,2140,5,2,1,1,3,055,"246, BD DE LA BARASSE RN",M,4328410,0549051,130
201300015757,13,10,20,645,5,2,1,1,3,055,"130, BD DE LA LIBERATION",M,4330145,0539246,130
201300015758,13,9,16,2000,2,2,1,1,6,055,"27, RUE SAINT SAVOURNIN",M,4329893,0538814,130
201300015759,13,10,9,5,5,2,1,1,2,055,"226, BD BAILLE",M,4328945,0539687,130
201300015760,13,10,15,600,2,2,1,1,6,055,"27, BD JEAN MOULIN",M,4328866,0540021,130
201300015761,13,10,10,640,2,2,1,1,6,055,"57, BD ODDO",M,4332849,0536267,130
201300015762,13,10,10,1130,1,2,1,1,3,055,CHE DU LITTORAL,,,,130
201300015763,13,10,15,330,5,2,1,1,6,055,PCE DE LA MAJOR,M,4329883,0536534,130
201300015764,13,9,23,2040,5,2,9,1,3,055,"41, AVE ANDRE ZENATTI",M,4324678,0538378,130
201300015765,13,10,9,815,1,2,1,1,6,055,"81, TRA DE LA MARTINE",M,4330119,0546536,130
201300015766,13,10,15,1400,1,2,1,2,2,055,"19, AVE DE MAZARGUES",M,4326923,0538831,130
201300015767,13,10,15,1810,1,2,1,1,6,055,"19, BD GILLIBERT",M,4326465,0540793,130
201300015768,13,10,15,2245,5,2,2,1,3,055,av des caillols,M,4330326,0544979,130
201300015769,13,10,16,1530,1,2,1,1,3,106,TRAMONI (BOULEVARD),M,4338962,0535496,130
201300015770,13,10,17,1125,1,2,9,1,6,055,"75, AVE WILLIAM BOOTH",M,4329593,0544612,130
201300015771,13,10,23,1940,5,2,1,2,5,055,"40, AVE DESIRE BIANCO",M,4328867,0542553,130
201300015772,13,5,27,800,1,2,1,1,3,055,"25, RUE AVIATEUR LE BRIX",M,4326181,0540404,130
201300015773,13,10,8,857,1,2,1,1,3,055,"556, CHE DU LITTORAL",M,4335455,0533376,130
201300015774,13,10,7,1345,1,2,1,1,3,055,"36, BD CHARLES LIVON",M,4329209,0535938,130
201300015775,13,10,23,1515,1,2,1,1,2,055,BD LEDRU ROLLIN,,,,130
201300015776,13,10,23,1645,1,2,2,1,3,055,"24, BD DUGOMMIER",M,4329907,0538086,130
201300015777,13,10,24,1545,1,2,1,1,7,055,"34, VSN QUAI DU PORT A L",M,4329628,0537182,130
201300015778,13,9,26,1330,1,2,1,1,6,055,"00, CHE DE PALAMA",,,,130
201300015779,13,7,25,2050,1,2,1,1,3,055,"65, ALL PRADO BLEU",,,,130
201300015780,13,10,9,715,1,2,1,1,3,055,BD BOUYALA D' ARNAUD,,,,130
201300015781,13,9,17,1710,1,2,1,1,3,055,"132, RUE DE RUFFI",M,4331526,0536908,130
201300015782,13,10,20,1515,1,1,1,1,6,055,"14, RUE SERY",M,4331326,0538697,130
201300015783,13,10,19,2207,5,2,2,1,3,055,BD DANIELLE CASANOV,M,4332116,0537471,130
201300015784,13,10,11,1530,1,2,2,1,3,055,"5, RUE DE LA REPUBLIQUE",M,4329692,0537362,130
201300015785,13,9,26,1745,1,2,1,1,3,055,"132, AVE DU PRADO",M,4328017,0538698,130
201300015786,13,10,9,1205,1,2,1,1,3,055,"12, BD DE SAINTE MARGUER",M,4326941,0540221,130
201300015787,13,10,16,1500,1,2,1,1,1,055,"59, AVE DE LA MADRAGUE D",M,4323684,0536287,130
201300015788,13,10,16,1830,1,2,1,1,3,055,"17, BD DE COMPOSTELLE",M,4331843,0542978,130
201300015789,13,10,17,815,1,2,1,1,6,055,"21, RUE PIERRE BERANGER",M,4331152,0544504,130
201300015790,13,9,25,1700,1,2,1,1,3,055,"151, BD MICHELET",M,4326498,0539555,130
201300015791,13,10,3,940,1,2,1,1,6,055,"34, BD FERNAND BONNEFOY",M,4328012,0540037,130
201300015792,13,10,5,2240,4,2,1,1,6,055,"693, AVE DE MAZARGUES",M,4324994,0539612,130
201300015793,13,10,27,850,1,2,1,1,6,055,"02, AVE PASTEUR",M,4329147,0535906,130
201300015794,13,10,26,2100,5,2,1,1,3,055,"64, BD FRANCOISE DUPARC",M,4330516,0540091,130
201300015795,13,10,27,555,2,2,2,1,3,055,"38, BD GUSTAVE GANAY",M,4326669,0540288,130
201300015796,13,11,3,1700,1,2,1,7,6,055,VSN LEON LACHAMP (RTE),,,,130
201300015797,13,11,3,1810,5,2,1,1,3,055,"69, BD HENRI BARNIER",M,4337296,0535111,130
201300015798,13,9,6,1445,1,2,1,1,3,055,AVE DE LA GARE,,,,130
201300015799,13,9,18,2318,5,2,1,1,6,055,"36, BD JEAN MOULIN",M,4328686,0539987,130
201300015800,13,9,7,1120,1,2,6,1,6,055,RPT ANTOINE SARTORIO,M,4336160,0534506,130
201300015801,13,11,6,1815,3,1,1,1,6,055,RTE LEON LACHAMP,,,,130
201300015802,13,8,23,1045,1,2,1,1,7,055,"43, AVE ROBERT SCHUMAN",M,4330333,0536670,130
201300015803,13,9,28,850,1,2,6,1,3,055,RPT FRANCIS CHAMANT,M,4334776,0534385,130
201300015804,13,9,13,2100,5,2,2,1,3,055,"90, BD BAILLE",M,4328759,0539006,130
201300015805,13,10,24,2030,5,2,1,1,4,055,"86, BD RABATAU",M,4327643,0539746,130
201300015806,13,10,24,1325,1,2,6,1,3,055,"1, PCE LOUIS BONNEFON",M,4325423,0538197,130
201300015807,13,10,29,1230,1,2,1,2,3,055,"130, BD DE SAINTE MARGUE",M,4326726,0540792,130
201300015808,13,10,9,940,1,2,6,8,7,055,BD DE LA GAYE,M,4325789,0541009,130
201300015809,13,10,16,1230,1,2,1,1,6,055,"03, BD DE LA CARTONNERIE",M,4329256,0545807,130
201300015810,13,10,27,710,2,2,1,1,6,055,"37, CHE DU VALLON VERT",M,4333571,0545506,130
201300015811,13,10,27,2242,5,2,1,1,2,055,"155, BD ROMAIN ROLLAND",M,4327645,0541831,130
201300015812,13,10,2,2126,5,2,1,1,1,055,"41, RUE FELIX PYAT",M,4331383,0537636,130
201300015813,13,10,30,1130,1,2,3,1,3,055,"01, BD DE PLOMBIERES",M,4331485,0538868,130
201300015814,13,10,9,2000,4,2,1,1,6,055,"14, RUE D ANTHOINE",M,4331612,0536716,130
201300015815,13,10,30,1615,1,2,1,1,3,055,VOL LESSEPS / PASSERELLE,M,4332111,0537522,130
201300015816,13,5,24,1200,1,2,1,1,3,055,AVE DE HAMBOURG,,,,130
201300015817,13,9,16,1710,1,2,1,1,3,055,"5, AVE VITON",M,4326126,0540569,130
201300015818,13,10,21,1850,1,2,1,1,2,055,"30, BD SCHLOESING",M,4327359,0540042,130
201300015819,13,10,26,1155,1,2,1,1,2,055,"260, AVE DE MAZARGUES",M,4326260,0539311,130
201300015820,13,10,30,1120,1,2,1,1,6,055,BD DE LA BLANCARDE,M,4330401,0540728,130
201300015821,13,11,1,1557,1,2,1,1,3,055,"216, CHE DE L ARMEE D AF",M,4328675,0541442,130
201300015822,13,11,11,1104,1,2,1,1,6,055,"32, BD BOUES",M,4331191,0538213,130
201300015823,13,11,8,1850,2,2,1,1,4,055,"145, AVE DES CHARTREUX",M,4330833,0540022,130
201300015824,13,11,10,2030,5,2,1,6,6,055,"378, AVE DE MAZARGUES",M,4325885,0539421,130
201300015825,13,11,9,1700,1,2,1,1,1,055,"1, TRA DU COMMANDEUR",M,4332449,0545556,130
201300015826,13,11,9,1645,1,2,2,1,6,055,"1, AVE DU PRADO",M,4327622,0538921,130
201300015827,13,11,11,2000,5,2,3,1,3,075,"1, JEAN GIONO (AVE)",M,4334498,0545811,130
201300015828,13,10,4,1750,1,2,1,1,6,055,"104, RUE FELIX PYAT",M,4331689,0537395,130
201300015829,13,10,31,1510,1,2,1,1,2,055,"121, BD FRANCOISE DUPARC",M,4330657,0540094,130
201300015830,13,10,5,1810,1,2,1,1,2,055,"153, AVE WILLIAM BOOTH",M,4329656,0544621,130
201300015831,13,5,14,2015,2,2,1,1,3,055,"177, AVE DES POILUS",M,4332132,0545787,130
201300015832,13,10,11,1420,1,2,1,1,6,055,"435, RUE JEAN QUEILLAU",M,4333861,0538621,130
201300015833,13,11,5,100,5,2,1,1,1,055,"28, CHE DE LA BIGOTTE",M,4338505,0536798,130
201300015834,13,11,2,1450,1,2,1,1,7,055,"31, BD BAPTISTE BONNET",M,4325694,0539178,130
201300015835,13,8,8,845,1,2,1,1,3,055,"348, BD ROMAIN ROLLAND",M,4327060,0540744,130
201300015836,13,10,9,2020,5,2,2,1,7,055,RUE AUGUSTE BLANQUI,M,4329225,0538827,130
201300015837,13,8,13,1600,1,2,1,1,6,055,"181, RUE DE ROME",M,4328780,0538269,130
201300015838,13,8,28,2000,1,2,1,1,3,055,"69, COR PRESIDENT JOHN F",M,4328982,0535555,130
201300015839,13,10,8,1120,1,2,3,1,2,055,"45, RUE GOUDARD",M,4329342,0539429,130
201300015840,13,10,16,1615,1,2,1,1,6,055,"11 bis, RUE TAPIS VERT",M,4329822,0537768,130
201300015841,13,10,24,1820,1,2,2,1,3,055,"44, CRS FRANKLIN ROOSEVE",M,4329895,0538816,130
201300015842,13,10,25,1605,1,2,1,1,3,055,"178, CHE DE NOTRE DAME D",M,4333571,0543288,130
201300015843,13,10,31,1100,1,2,1,9,6,055,"10, BD GASTON RAMON",M,4326780,0539899,130
201300015844,13,11,12,1230,1,2,1,1,4,055,"52, BD JEAN MOULIN",M,4328697,0540008,130
201300015845,13,11,11,240,5,2,1,1,6,055,AVE ALEXANDRE FLEMING,,,,130
201300015846,13,7,17,1940,1,2,1,1,5,055,"80, BD DE SAINT LOUP",M,4328246,0543076,130
201300015847,13,8,10,220,5,2,1,1,2,055,"95, BD DE LA BARASSE RN",M,4328560,0548066,130
201300015848,13,10,6,1600,1,2,1,1,2,055,"27, VSN LEON LACHAMP (RT",M,4324570,0542944,130
201300015849,13,10,29,920,1,2,1,2,3,055,"171, BD PAUL CLAUDEL",M,4326810,0541656,130
201300015850,13,10,10,1400,1,2,1,1,4,055,"38, AVE FLORIAN",M,4328383,0542683,130
201300015851,13,10,13,1930,5,2,1,1,6,055,"215, AVE DE LA CAPELETTE",M,4328001,0540946,130
201300015852,13,10,16,2000,5,2,1,1,2,055,CHE DE L ARMEE D AFRIQUE,,,,130
201300015853,13,10,20,1330,1,2,1,2,6,055,"03, AVE JEAN BOUIN",M,4326693,0540302,130
201300015854,13,11,5,745,1,2,1,1,6,055,"106, AVE DE LA FOURRAGER",M,4329842,0543176,130
201300015855,13,11,6,745,1,2,1,1,6,055,"30, BD DE LA CARTONNERIE",M,4329183,0546012,130
201300015856,13,11,6,2214,5,2,1,1,6,055,"108, AVE JULES CANTINI",M,4328130,0539214,130
201300015857,13,11,13,1740,2,2,1,1,5,055,BD DES BASSINS DE RADOUB,,,,130
201300015858,13,11,14,145,5,2,1,1,6,055,"124, BD DE PLOMBIERES",M,4331706,0538174,130
201300015859,13,11,13,1215,1,2,1,1,5,055,BD HAGUENAU,M,4330247,0541309,130
201300015860,13,8,12,1800,1,2,1,1,1,055,"4, RUE D' URFE",M,4330808,0536903,130
201300015861,13,10,3,2055,5,2,1,1,2,055,AVE CLAUDE MONET,,,,130
201300015862,13,10,13,1315,1,2,1,1,2,055,"43, BD GEMY",M,4332071,0541445,130
201300015863,13,10,13,1915,5,2,1,1,6,055,"E8, RUE DE LA BUSSERINE",,,,130
201300015864,13,10,25,1700,1,2,1,1,6,055,"132, AVE DE LA VISTE",M,4335988,0535757,130
201300015865,13,10,24,835,1,2,6,1,3,055,"1, RPT COMTESSE MISTRAL",M,4332338,0544876,130
201300015866,13,11,14,1640,2,2,1,1,6,055,"231, RUE PIERRE DOIZE",M,4327165,0542699,130
201300015867,13,9,28,1330,1,2,1,1,2,055,"00, PCE CASTELLANE",M,4328606,0538357,130
201300015868,13,9,22,1745,1,2,2,1,3,055,RUE MONTOLIEU,M,4330375,0537063,130
201300015869,13,11,14,1145,1,2,1,1,6,055,"25, BD JEAN MOULIN",M,4328915,0540012,130
201300015870,13,11,14,1100,1,2,6,1,3,055,"64, RPT CHUTES LAVIE/ GU",M,4331354,0539711,130
201300015871,13,11,5,1835,5,2,2,1,3,075,"67, LOUIS PASTEUR (AVE)",M,4335650,0546659,130
201300015872,13,11,16,1630,1,2,1,2,2,055,AVE RAIMU,M,4333204,0539863,130
201300015873,13,11,16,1425,1,2,1,1,6,055,"82, AVE DES AYGALADES",M,4333691,0536741,130
201300015874,13,11,18,1125,1,2,1,2,6,055,"239, BD NATIONAL",M,4331062,0537868,130
201300015875,13,10,31,1420,1,2,1,1,6,055,BD PIERRE DRAMARD,M,4337755,0536154,130
201300015876,13,11,17,1400,1,2,1,1,6,055,n ?CHE DES BOURRELY,,,,130