Num_Acc,an,mois,jour,hrmn,lum,agg,int,atm,col,com,adr,gps,lat,long,dep
201300016134,13,11,21,1010,1,2,1,1,2,055,"53, AVE COROT",M,4332183,0540771,130
201300016135,13,11,28,1600,1,2,1,1,6,055,BD PIERRE DRAMARD,M,4337755,0536154,130
201300016136,13,12,4,1700,5,2,1,1,6,055,AVE JEAN PAUL SARTRE,,,,130
201300016137,13,12,6,1450,1,2,2,1,7,055,"50, BD PERRIN",M,4331933,0540812,130
201300016138,13,12,6,1615,5,2,2,1,6,055,"17, AVE ALEXANDRE FLEMIN",M,4331492,0539089,130
201300016139,13,12,8,1030,1,2,6,1,3,055,RPT PIERRE PARAF,M,4333039,0541009,130
201300016140,13,12,9,655,5,2,1,1,3,055,AVE JEAN PAUL SARTRE,,,,130
201300016141,13,12,13,1315,1,2,1,1,7,055,"261, CHE DE SAINTE MARTH",M,4333345,0539062,130
201300016142,13,12,13,1535,1,2,3,1,3,055,"127, BD DANIELLE CASANOV",M,4332589,0537434,130
201300016143,13,12,15,1630,1,2,1,1,4,055,"1, AVE JENNY HELIA",M,4336624,0535524,130
201300016144,13,12,17,1500,1,2,1,1,6,055,BD CHARLES MATTEI,,,,130
201300016145,13,5,19,2200,5,2,1,1,6,055,"2, PRO GEORGES POMPIDOU",M,4326702,0537239,130
201300016146,13,11,19,2030,5,2,1,1,3,055,"22, RPT COLLINE ST JOSEP",M,4325692,0541054,130
201300016147,13,11,25,1915,5,2,3,1,7,055,"35, AVE ALEXANDRE DUMAS",M,4326366,0538944,130
201300016148,13,11,26,1830,5,2,1,1,1,055,"89, AVE CLOT BEY",M,4325900,0538515,130
201300016149,13,12,5,1030,1,2,6,1,3,055,RTE DE LA SABLIERE,,,,130
201300016150,13,12,11,1140,1,2,1,1,6,055,"63, RUE DE L' AIGUILLETT",M,4331411,0542774,130
201300016151,13,12,8,2020,5,2,1,1,6,055,"87, RUE SAINT JEAN DU DE",M,4329702,0543416,130
201300016152,13,12,14,1620,1,2,1,1,6,055,"21, AVE DE LA CAPELETTE",M,4328362,0539984,130
201300016153,13,12,16,1845,5,2,1,1,3,055,"13, AVE DE LA GROGNARDE",M,4329036,0543621,130
201300016154,13,11,29,700,2,2,1,1,3,055,"1, RUE ALBERT EINSTEIN",M,4333412,0543179,130
201300016155,13,9,24,1830,1,1,1,1,2,055,"165, AVE DE SAINT MENET",M,4328924,0549661,130
201300016156,13,11,18,1815,5,2,1,2,6,055,"0, AVE DE LA FOURRAGERE",M,4330256,0542922,130
201300016157,13,12,3,1710,3,2,1,1,3,002,QUATRE SAISONS (ROUTE DE,,,,130
201300016158,13,12,16,615,3,2,1,1,6,055,"14, RUE D ANTHOINE",M,4331611,0536714,130
201300016159,13,11,28,1645,1,2,1,1,6,055,"280, CHE DE SAINT ANTOIN",M,4337533,0535588,130
201300016160,13,12,1,1200,1,2,1,1,3,055,"17, AVE CAMILLE PELLETAN",M,4330318,0537399,130
201300016161,13,12,7,1420,1,2,1,1,7,055,AVE ESCADRILLE NORMANDIE,,,,130
201300016162,13,12,7,1615,1,2,9,1,3,055,"63, RUE FELIX PYAT",M,4331469,0537553,130
201300016163,13,12,11,1500,1,2,1,1,3,055,"1, QAI DU PORT",M,4329624,0537333,130
201300016164,13,12,12,1800,5,2,1,1,3,055,"38, CHE DE LA BIGOTTE",M,4338585,0536906,130
201300016165,13,12,17,1840,5,2,1,1,6,055,"01, AVE DES OLIVES",M,4332985,0542941,130
201300016166,13,12,18,1000,1,2,1,1,6,055,AVE DU CAP PINEDE ROC 3,,,,130
201300016167,13,12,19,1330,1,2,1,3,7,055,BD DU CAPITAINE GEZE,M,4333137,0537685,130
201300016168,13,12,6,2140,5,2,1,1,2,055,"19, BD SAKAKINI",M,4329796,0540093,130
201300016169,13,9,18,1700,1,2,1,1,3,055,"41, CHE DE NOTRE DAME DE",M,4334043,0542454,130
201300016170,13,11,6,1345,1,2,2,1,3,055,"23, RUE D' ITALIE",M,4329016,0538196,130
201300016171,13,11,30,1730,2,2,1,1,6,055,VOI LA CANEBIERE,,,,130
201300016172,13,12,12,1510,1,2,1,1,3,055,BD D ATHENES,,,,130
201300016173,13,12,16,810,2,2,1,1,2,055,"22, BD CAMILLE FLAMMARIO",M,4330420,0538813,130
201300016174,13,12,16,1000,1,2,1,1,6,055,AVE ALEXANDRE FLEMING,,,,130
201300016175,13,11,7,1210,1,2,1,1,3,055,CHE DE LA STATION DU CAN,M,4333176,0538700,130
201300016176,13,11,12,1020,1,2,1,1,2,055,"527, CHE DE LA MADRAGUE",M,4334601,0535467,130
201300016177,13,11,29,1940,5,2,1,1,2,055,AVE ALEXANDRE FLEMING,,,,130
201300016178,13,12,5,1200,1,2,1,1,3,055,TRA DE CHANTE PERDRIX,M,4327415,0543500,130
201300016179,13,12,28,2310,5,2,1,8,7,055,"317, COR PRESIDENT JOHN",M,4327530,0536001,130
201300016180,13,12,29,630,5,2,1,1,6,075,"98, FREDERIC MISTRAL (AV",M,4335114,0547187,130
201300016181,13,12,30,1100,1,2,1,1,6,055,29 Boulevard Roland Dorg,M,4334705,0537885,130
201300016182,13,11,8,1600,1,2,1,1,3,055,"111, BD NATIONAL",M,4330694,0538257,130
201300016183,13,12,18,1330,1,2,1,1,3,055,"199, AVE DE SAINT LOUIS",M,4335108,0535850,130
201300016184,13,9,22,1755,1,2,1,1,6,055,"156, BD RABATAU",M,4328142,0539936,130
201300016185,13,10,27,300,5,2,1,1,6,055,"250, BD MIREILLE LAUZE",M,4328420,0541973,130
201300016186,13,12,12,1100,1,2,1,1,3,055,"8, RUE LOUIS REGE",M,4328124,0538994,130
201300016187,13,6,13,1105,1,2,1,1,6,055,"76, TRA DU MAROC",M,4331451,0545483,130
201300016188,13,6,28,2045,5,2,1,1,1,055,"596, CHE DU LITTORAL",M,4335368,0533057,130
201300016189,13,11,20,1500,1,2,1,1,3,055,"1, CHE DE SAINT ANTOINE",M,4336568,0535685,130
201300016190,13,12,2,2140,5,1,1,1,1,055,"160, BD BAILLE",M,4328855,0539358,130
201300016191,13,1,15,730,2,1,4,2,3,039,RPortuaire 544,M,4344248,0491373,130
201300016192,13,1,17,1145,1,1,1,1,3,039,MICHEL LOUISE (Avenue),M,4346499,0493987,130
201300016193,13,1,17,1335,1,2,2,1,3,077,DRAILLE (chemin de la),M,4341766,0499364,130
201300016194,13,1,10,1355,1,2,1,1,3,056,PARKING GENERAL LECLERC,M,4340294,0505745,130
201300016195,13,1,21,810,2,2,6,1,6,039,MARECHAL JUIN (rond-poin,M,4346511,0494116,130
201300016196,13,1,26,1200,1,1,1,1,3,056,RN 568,M,4340745,0505476,130
201300016197,13,1,28,1000,1,2,1,1,2,056,TURCAN FRANCIS,M,4341170,0504386,130
201300016198,13,1,27,1850,3,1,1,1,1,056,ROUTE DE SAINT PIERRE,M,4338313,0506535,130
201300016199,13,2,4,1345,1,1,9,1,7,039,RN 268,M,4348556,0488380,130
201300016200,13,2,7,2250,3,1,1,1,6,026,CD 48 A,,,,130
201300016201,13,2,13,1845,3,1,1,1,1,026,RN 568,,,,130
201300016202,13,2,16,1935,3,1,9,1,5,026,RN 568 CLM,M,4339009,0516636,130
201300016203,13,2,19,1345,1,1,9,1,2,039,SAINT-GERVAIS (Carrefour,M,4343285,0494153,130
201300016204,13,3,3,910,1,1,1,1,7,039,RN 568,,,,130
201300016205,13,2,18,1200,1,2,3,1,3,056,RAYETTES,M,4342075,0503590,130
201300016206,13,2,25,1930,3,1,1,1,2,039,RN 568,M,4343285,0494148,130
201300016207,13,3,3,1650,1,2,1,1,7,026,JAI (plage du),,,,130
201300016208,13,3,8,1905,5,2,1,1,3,026,"0, CHATEAU MOUSTIER (bld",M,4338628,0515335,130
201300016209,13,3,9,1600,1,2,3,1,1,056,FLEMING AVENUE DU ALEXAN,M,4341364,0505704,130
201300016210,13,3,11,1645,1,2,1,1,4,077,THOREZ MAURICE (avenue),,,,130
201300016211,13,3,19,1215,1,2,1,1,2,056,TURCAN FRANCIS,M,4341218,0504709,130
201300016212,13,3,24,1810,2,1,1,1,2,026,RN 568,,,,130
201300016213,13,3,17,1955,1,2,3,1,3,056,FLEMING AVENUE DU ALEXAN,M,4342294,0505614,130
201300016214,13,3,13,1155,1,2,1,1,1,056,GAULLE AVENUE CHARLES DE,M,4339868,0507665,130
201300016215,13,3,25,1400,1,2,3,1,3,056,DIX NEUF MARS 1962 (Impa,M,4342434,0503993,130
201300016216,13,4,17,1020,1,2,1,1,4,056,TURCAN FRANCIS,M,4341168,0504384,130
201300016217,13,4,3,1810,1,2,9,1,6,026,ANCIENS COMBATTANTS (ave,,,,130
201300016218,13,4,14,945,1,1,1,1,2,056,VERDON,M,4333540,0504903,130
201300016219,13,4,23,1340,1,2,1,1,3,056,CARRO (avenue de),M,4333251,0504374,130
201300016220,13,5,9,220,5,2,1,1,6,056,LECLERC QUAI GENERAL CHA,M,4340212,0505835,130
201300016221,13,5,15,2335,3,1,1,9,6,039,RN 568,M,4345441,0492816,130
201300016222,13,5,17,1100,1,2,1,1,2,056,KLEBER QUAI JEAN BAPTIST,M,4340409,0505694,130
201300016223,13,5,13,1640,1,1,1,1,3,026,CD 9,,,,130
201300016224,13,5,29,1755,1,2,1,1,6,056,FOURNIER BOULEVARD HELEN,M,4341365,0505645,130
201300016225,13,5,30,1815,1,1,1,1,4,056,RN 568,,,,130
201300016226,13,6,2,1505,1,2,1,1,2,056,KENNEDY AVENUE DU PRESID,,,,130
201300016227,13,6,16,1740,1,1,1,1,3,056,RD 49,,,,130
201300016228,13,6,13,855,1,2,1,1,3,039,PHION (Chemin de),M,4345460,0493752,130
201300016229,13,6,11,1610,1,2,1,1,3,056,MARITIME BOULEVARD,,,,130
201300016230,13,6,29,1949,2,2,1,1,3,056,ROUSSEAU JEAN JACQUES,,,,130
201300016231,13,7,3,900,1,1,1,3,3,056,ROUTE DE SAINT PIERRE,,,,130
201300016232,13,6,26,730,2,1,1,1,4,077,LA TREMIE (acc?s RN 568,,,,130
201300016233,13,6,16,1210,1,1,1,1,3,056,COURONNE,,,,130
201300016234,13,6,17,800,2,2,1,1,3,039,JAURES JEAN (Avenue),M,4343388,0494570,130
201300016235,13,6,20,1220,1,1,1,1,4,039,RN 568,M,4343539,0494139,130
201300016236,13,6,26,708,2,1,1,1,2,077,RN 568,,,,130
201300016237,13,7,22,1900,1,1,2,1,3,056,ROUTE DU PORT DE LAVERA,M,4339631,0502620,130
201300016238,13,7,22,1845,1,2,3,1,1,026,CURIE (bld P et M,M,4338682,0515818,130
201300016239,13,7,7,1720,1,2,1,1,7,056,TESSE MAURICE,,,,130
201300016240,13,7,7,1840,1,2,3,1,3,077,CROIZAT AMBROISE (avenue,M,4341102,0498979,130
201300016241,13,7,8,1355,1,2,3,1,3,056,L'HERMINIER AVENUE COMMA,M,4340912,0504659,130
201300016242,13,7,13,1440,1,2,1,1,5,039,POMPIDOU GEORGES (avenue,M,4345553,0494153,130
201300016243,13,7,28,655,2,2,1,1,1,056,ISTRES ROUTE D',,,,130
201300016244,13,6,29,1355,1,2,1,1,3,039,POMPIDOU GEORGES (avenue,M,4345895,0494153,130
201300016245,13,7,13,950,1,2,9,1,3,056,PORT DE BOUC ROUTE DE,,,,130
201300016246,13,7,31,1830,1,2,1,1,2,056,TESSE MAURICE,M,4340700,0505569,130
201300016247,13,8,1,2220,3,2,1,1,7,077,BOUC ANTOINE (rue),,,,130
201300016248,13,8,6,1915,1,2,1,1,7,056,BASTIDES ROUTE DES,,,,130
201300016249,13,8,8,1030,1,1,1,1,2,039,ROUTE NATIONALE 568,,,,130
201300016250,13,8,10,1050,1,2,3,1,6,026,FERRY (rue Jules),M,4338662,0516415,130
201300016251,13,8,17,600,3,1,6,1,7,039,FOSSETTE (Rond-point de,M,4348683,0488518,130
201300016252,13,8,21,2015,2,2,1,1,6,056,VERANDY JEAN,,,,130
201300016253,13,8,12,1115,1,2,3,1,3,026,AUDIBERT (bld Armand),M,4338439,0516754,130
201300016254,13,8,28,1737,1,2,1,1,6,077,CROIZAT AMBROISE (all?e),,,,130
201300016255,13,9,7,1200,1,1,1,1,2,077,RN 568,M,4342178,0497733,130
201300016256,13,9,8,1030,1,2,6,1,6,039,CANTEGRILLET (Avenue de),M,4345590,0494162,130
201300016257,13,9,15,1650,1,1,1,1,7,039,RN 568,,,,130
201300016258,13,9,17,1850,2,1,1,1,3,039,RN 268,,,,130
201300016259,13,9,21,830,1,2,1,1,6,056,KENNEDY AVENUE DU PRESID,M,4340791,0505351,130
201300016260,13,9,30,1617,1,2,6,1,4,056,PORT DE LAVERA ROUTE DU,M,4339722,0503422,130
201300016261,13,9,19,1715,1,1,9,1,2,039,RN 568,M,4347815,0489454,130
201300016262,13,9,24,1140,1,2,1,1,6,056,JOLIOT CURIE BOULEVARD I,M,4333790,0507191,130
201300016263,13,10,1,1300,1,2,6,1,6,056,ROUTE DU PORT DE LAVERA,M,4339723,0503419,130
201300016264,13,10,11,830,1,2,1,1,4,056,FLEMING AVENUE DU ALEXAN,M,4342297,0505614,130
201300016265,13,10,9,2200,5,1,1,1,6,056,RD 49,M,4336604,0506001,130
201300016266,13,10,15,1415,1,2,2,1,1,077,MER (avenu de la),M,4340508,0498435,130
201300016267,13,10,14,1310,1,1,1,1,2,077,RN 568 -,,,,130
201300016268,13,10,12,1845,2,2,1,1,6,056,AIRES PLACE DES,M,4340731,0505648,130
201300016269,13,10,20,1100,1,2,1,1,6,056,QUATORZE JUILLET,M,4340872,0505627,130
201300016270,13,10,25,535,5,2,1,1,1,056,SAINT-PIERRE,M,4339890,0505231,130
201300016271,13,10,29,1600,1,1,1,1,2,039,RN 568,M,4345266,0493099,130
201300016272,13,11,10,800,2,2,1,1,2,056,TURCAN FRANCIS,,,,130
201300016273,13,11,11,35,5,2,1,6,1,026,"7, VIEUX MOULIN (rue du)",M,4338260,0516215,130
201300016274,13,11,5,1640,1,2,1,1,6,077,GENERAL DE GAULLE (avenu,M,4340965,0497772,130
201300016275,13,11,12,1305,1,1,1,1,2,077,RN 568,,,,130
201300016276,13,11,13,1455,1,2,3,1,3,056,CALMETTE ET*GUERIN AV,M,4339969,0504667,130
201300016277,13,11,13,1800,3,1,1,1,5,056,RD 49,,,,130
201300016278,13,11,6,1300,1,2,1,1,6,056,AIRES PLACE DES,,,,130
201300016279,13,11,14,925,1,2,1,1,6,056,ROUTE DU PORT DE LAVERA,,,,130
201300016280,13,11,15,2245,5,2,2,1,1,056,HERRIOT BOULEVARD EDOUAR,M,4339954,0505972,130
201300016281,13,11,18,736,2,1,1,1,3,039,RN 544,,,,130
201300016282,13,12,2,1120,1,1,1,1,3,039,ROUTE NATIONALE 569,,,,130
201300016283,13,11,4,950,1,2,1,2,6,026,RN 568,,,,130
201300016284,13,11,29,1700,2,2,1,1,2,077,GOLFE (avenue du),M,4340638,0497816,130
201300016285,13,11,25,1130,1,2,1,1,2,056,ALLENDE BOULEVARD SALVAD,M,4341669,0505854,130
201300016286,13,12,4,1930,3,1,1,1,3,078,RN 268 (PR 4.500),,,,130
201300016287,13,12,6,930,1,2,1,1,2,077,RN 568,M,4342180,0497734,130
201300016288,13,12,11,1740,2,1,1,1,4,004,RN 268 (PR 11),,,,130
201300016289,13,12,23,2330,3,2,1,1,6,077,RN 568,,,,130
201300016290,13,12,28,1940,2,2,1,1,3,056,CD 49,M,4338823,0503154,130
201300016291,13,12,5,715,2,2,1,7,2,077,RN 568,,,,130
201300016292,13,2,3,550,3,1,1,1,6,103,CHEMIN DES MOULEDAS,,,,130
201300016293,13,3,19,1310,1,2,1,1,6,103,AVENUE JUIN -DU MARECHAL,,,,130
201300016294,13,3,21,1430,1,2,1,1,7,103,"10, PLACE DES ANCIENS CO",,,,130
201300016295,13,3,22,1645,1,2,1,1,6,103,AVENUE DE WERTHEIM,,,,130
201300016296,13,3,30,1650,1,2,1,1,6,103,"40, BOULEVARD DES BLAZOT",M,4364263,0508851,130
201300016297,13,5,25,1200,1,2,1,1,3,103,"271, AVENUE DU 22 AOUT 1",M,4363644,0508116,130
201300016298,13,5,30,1635,1,1,1,1,5,103,ROUTE DE JEAN MOULIN-RN,,,,130
201300016299,13,6,14,2130,3,1,1,1,5,049,ROUTE DE JEAN MOULIN-RN,,,,130
201300016300,13,8,4,835,1,2,2,1,3,103,"23, AVENUE BOREL -GEORGE",M,4364051,0508314,130
201300016301,13,8,8,1435,1,2,2,1,6,103,"2, EUGENE PLACE PELLETAN",M,4364055,0509511,130
201300016302,13,8,27,1730,1,2,2,1,3,103,RUE LABADIE,M,4364218,0509315,130
201300016303,13,9,23,1605,1,2,1,1,6,103,MONTEE DU -RUE PUECH,,,,130
201300016304,13,9,30,1130,1,1,1,1,6,103,"1833, RTE D' EYGUIERES-R",M,4364964,0509157,130
201300016305,13,10,7,1220,1,2,2,1,5,103,BOULEVARD DE LA REPUBLIQ,M,4364052,0509068,130
201300016306,13,10,20,655,3,2,1,1,6,103,RTE DE PELISSANNE-RD 572,,,,130
201300016307,13,11,4,1130,1,2,1,2,3,103,AVENUE FABRE -JULIEN,,,,130
201300016308,13,11,25,1840,5,2,1,1,2,103,RUE JANICOT,,,,130
201300016309,13,11,30,2340,5,2,2,1,3,103,AVENUE CHABAN DELMAS -JA,M,4364043,0505748,130
201300016310,13,11,30,2310,3,2,1,1,7,103,RTE DU VAL DE CUECH-RD 1,,,,130
201300016311,13,12,5,1640,2,2,3,1,2,103,AVENUE DU 22 AOUT 1944,M,4363441,0507812,130
201300016312,13,12,8,1845,3,1,1,1,2,103,ROUTE DE JEAN MOULIN-RN,,,,130
201300016313,13,12,30,1800,5,2,1,1,4,103,"20, AVENUE DE WERTHEIM",M,4364739,0509377,130
201300016314,13,1,4,1000,1,1,1,1,7,108,RD 570N ROUTE D ARLES ),,,,130
201300016315,13,2,1,1010,1,2,1,1,6,108,ARISTIDE BRIAND (COURS),M,4380326,0465683,130
201300016316,13,2,19,1110,1,1,3,1,3,108,VALLABREGUES ( RD 81 ROU,,,,130
201300016317,13,2,24,130,3,1,1,1,1,032,SAINT GILLES ROUTE DE,M,4379172,0458269,300
201300016318,13,2,25,1300,1,1,1,1,5,032,SAINT GILLES ROUTE DE,M,4379347,0458868,300
201300016319,13,4,7,300,5,2,1,1,1,032,D999,M,4380601,0464223,300
201300016320,13,4,12,1630,1,1,3,1,3,108,RD 570 ROUTE D'AVIGNON,,,,130
201300016321,13,5,2,1300,1,1,1,1,7,108,RADOUBS (CHEMIN DES),M,4380082,0465594,130
201300016322,13,5,11,2250,3,1,1,1,7,032,BAGNADE IMPASSE DE LA,M,4380449,0462965,300
201300016323,13,5,17,1015,1,2,3,1,3,108,PROSPER MERIME (AVENUE),M,4381383,0466501,130
201300016324,13,5,27,1130,1,1,1,1,5,032,"1, D999",M,4380599,0464231,300
201300016325,13,6,4,905,1,2,1,1,6,032,MARECHAL JOFFRE AVENUE,,,,300
201300016326,13,6,7,1745,1,1,4,1,3,032,BEAUVOIR CHEMIN DE,M,4378300,0461507,300
201300016327,13,6,12,1750,1,1,6,1,2,045,RD 970 ROUTE D ARLES ),,,,130
201300016328,13,6,14,835,1,1,2,1,3,032,CHARANCONE PONT DE,M,4379530,0462207,300
201300016329,13,6,14,1830,1,2,1,1,6,108,"3, 8 MAI 1945 (AVENUE)",M,4380367,0466386,130
201300016330,13,6,16,345,5,2,6,1,7,032,JEAN MONNET AVENUE,M,4378886,0464399,300
201300016331,13,6,22,1015,1,2,1,1,2,108,"41, ITAM (BOULEVARD)",M,4380665,0465986,130
201300016332,13,7,1,1715,1,2,1,1,6,032,GENERAL DE GAULLE QUAI,M,4380599,0464229,300
201300016333,13,7,5,1600,1,1,1,1,7,032,SAINT JOSEPH CHEMIN DE,M,4379530,0463613,300
201300016334,13,7,13,1110,1,2,1,1,4,032,FARCIENNES AVENUE DE,,,,300
201300016335,13,7,15,505,3,1,1,1,7,108,VALLABREGUES ( RD 81 ROU,M,4381975,0465179,130
201300016336,13,7,16,730,1,1,1,1,7,032,COMPS ROUTE DE,,,,300
201300016337,13,7,24,1715,1,1,1,1,1,032,COMPS ROUTE DE,M,4382921,0461550,300
201300016338,13,7,25,2340,3,1,1,1,7,032,"3723, SAINT GILLES ROUTE",M,4379518,0459869,300
201300016339,13,7,30,1440,1,1,9,1,7,108,RD 570 ROUTE D ARLES ),M,4375551,0468294,130
201300016340,13,7,27,1520,1,1,1,1,7,108,RD 570 ROUTE D ARLES,,,,130
201300016341,13,8,2,915,1,1,1,1,7,108,RD 570 ROUTE D ARLES ),M,4378496,0470460,130
201300016342,13,8,2,2113,5,2,1,1,7,032,CHAMP DE FOIRE ALLEE DU,M,4383782,0434517,300
201300016343,13,8,7,900,1,1,1,1,6,032,SAINT GILLES ROUTE DE,,,,300
201300016344,13,8,14,1315,1,1,1,1,1,108,RD 570 ROUTE D ARLES ),,,,130
201300016345,13,8,10,1230,1,2,2,1,3,108,"1, CH?TEAU (RUE)",M,4380620,0465741,130
201300016346,13,8,15,1500,1,2,1,1,7,108,"1, REVOLUTION (RUE)",M,4380667,0466127,130
201300016347,13,8,19,1250,1,1,1,1,7,108,"1201, RD 970 ROUTE D'AVI",M,4381397,0467203,130
201300016348,13,8,23,1210,1,1,1,1,3,108,RD 570 ROUTE D ARLES ),M,4378496,0470460,130
201300016349,13,8,24,200,3,1,1,1,7,108,RD 570 ROUTE D ARLES ),M,4373901,0467202,130
201300016350,13,8,24,1200,1,1,2,1,3,032,PONT DE CHARANCONNE CHEM,M,4379768,0461925,300
201300016351,13,9,1,754,1,1,1,1,7,108,CD 35 ROUTE DE BOULBON,M,4382889,0467194,130
201300016352,13,9,1,1915,2,1,1,1,7,108,RD 99 ROUTE DE SAINT REM,M,4380049,0467264,130
201300016353,13,9,3,20,3,1,1,1,7,032,DEPARTEMENTALE 90,M,4382339,0461322,300
201300016354,13,9,4,1300,1,2,1,1,2,032,GENERAL DE GAULLE QUAI,M,4380600,0464227,300
201300016355,13,9,6,800,1,1,1,1,1,032,COMPS ROUTE DE,,,,300
201300016356,13,9,22,1200,1,1,3,1,3,108,D33 ROUTE DE FONTVEILLE,,,,130
201300016357,13,9,28,1400,1,1,6,1,2,045,RD 570 ROUTE D ARLES ),,,,130
201300016358,13,9,27,515,3,1,1,1,6,032,FOURQUES ROUTE DE,M,4378243,0462518,300
201300016359,13,10,23,1955,5,2,1,1,6,032,BIJOUTIERS RUE DES,M,4380783,0464554,300
201300016360,13,10,24,1945,3,1,1,1,6,108,D33 ROUTE DE FONTVEILLE,M,4376745,0469350,130
201300016361,13,10,28,630,4,2,1,1,7,032,CLAUX DE GENESTETS AVENU,,,,300
201300016362,13,10,31,945,1,1,1,1,6,032,SAINT GILLES ROUTE DE,M,4379858,0460911,300
201300016363,13,11,2,350,5,2,1,1,6,108,ITAM (BOULEVARD),M,4380684,0465652,130
201300016364,13,11,15,2315,3,1,1,1,7,108,CD 35 ROUTE DE BOULBON,M,4384500,0467747,130
201300016365,13,11,18,750,1,1,1,2,7,108,RD 570 N ROUTE D ARLES,,,,130
201300016366,13,11,22,1300,1,1,9,1,3,108,"951, CD 35 ROUTE DE BOUL",M,4381912,0466654,130
201300016367,13,11,20,1200,1,2,1,1,2,108,SALENGRO ROGER (AVENUE),M,4380703,0465761,130
201300016368,13,11,27,1000,1,1,1,1,7,108,ARLES (PETITE ROUTE D AR,M,4378745,0467599,130
201300016369,13,11,29,2030,3,1,1,1,7,032,JEAN MONNET AVENUE,M,4379259,0463030,300
201300016370,13,12,9,1730,1,2,1,1,6,108,VICTOR HUGO (BOULEVARD),M,4380202,0466404,130
201300016371,13,12,20,800,2,1,3,3,5,032,SAINT GILLES ROUTE DE,M,4378537,0457025,300
201300016372,13,12,17,810,1,2,1,1,6,108,"2, JULES FERRY (BOULEVAR",M,4380224,0466328,130
201300016373,13,12,19,800,1,1,1,1,7,108,"2540, CD 35 ROUTE DE BOU",M,4382882,0467194,130
201300016374,13,12,14,1530,1,1,1,1,7,032,BELLEGARDE ROUTE DE,M,4378928,0458037,300
201300016375,13,12,21,2055,5,2,1,1,7,032,JEAN MONNET AVENUE,,,,300
201300016376,13,12,22,515,3,1,1,2,7,108,RD 970 ROUTE D'AVIGNON,,,,130
201300016377,13,1,2,1320,1,1,3,1,7,019,ROUTE D'APT,,,,130
201300016378,13,1,10,1050,1,1,1,1,7,117,"XXXX, CD 9 ESTROUBLANS",,,,130
201300016379,13,1,10,1200,1,1,1,1,2,117,CD 9 ESTROUBLANS,,,,130
201300016380,13,1,13,1100,1,1,1,2,7,117,ROND-POINT HENRI LOUBET,M,4344856,0523036,130
201300016381,13,1,14,510,5,1,1,1,1,019,D9,,,,130
201300016382,13,1,14,745,1,1,1,1,5,019,D60 A,,,,130
201300016383,13,1,14,1600,1,1,1,1,6,019,RUE APPIENNE,,,,130
201300016384,13,1,17,1840,3,1,1,1,3,071,D 543,,,,130
201300016385,13,1,18,825,1,1,1,8,5,117,CD 9 ESTROUBLANS,,,,130
201300016386,13,1,19,640,5,2,1,2,7,071,CHEMIN DEPARTEMENTAL 6 (,,,,130
201300016387,13,1,23,1320,1,1,1,2,6,071,VAL DES FLEURS ( CHEMIN,,,,130
201300016388,13,1,24,900,1,1,1,1,2,117,CD 9 ESTROUBLANS,,,,130
201300016389,13,1,24,1125,1,2,1,1,2,117,PTT SUD AVENUE JEAN MONN,,,,130
201300016390,13,1,25,730,5,1,1,1,6,071,"2250, VELAUX (CHEMIN)",M,4341603,0534992,130
201300016391,13,1,26,1815,5,2,9,1,3,071,"0, MITTERRAND (AVENUE FR",,,,130
201300016392,13,1,28,920,1,1,1,1,7,117,STADIUM (CD9),,,,130
201300016393,13,1,31,555,3,2,2,1,6,117,"xx, DROITS DE L'HOMME (A",M,4342850,0527084,130
201300016394,13,1,31,1720,1,2,4,1,3,117,ROUTE NATIONALE 113 - AG,,,,130
201300016395,13,2,4,1100,1,2,3,1,3,071,"xxxx, ROUTE NATIONALE 11",M,4341570,0529596,130
201300016396,13,2,5,830,1,1,1,1,3,019,RD 543,,,,130
201300016397,13,2,5,1745,2,2,3,1,3,019,CD 543,M,4342006,0536692,130
201300016398,13,2,7,1740,2,1,1,3,2,071,"177, MITTERRAND (AVENUE",M,4338587,0534584,130
201300016399,13,2,14,15,5,1,1,1,7,071,RIGONS ( CHEMIN DES ),,,,130
201300016400,13,2,14,1915,5,1,1,1,6,117,TULIPES ( ALLEE DES ),,,,130
201300016401,13,2,15,750,1,1,6,1,3,019,CD 6,M,4342055,0536715,130
201300016402,13,2,16,1740,1,2,1,1,6,117,ARVE (AVENUE STEPHEN D'),,,,130
201300016403,13,2,20,2210,5,2,1,1,7,117,DE LATTRE DE TASSIGNY (,,,,130
201300016404,13,2,23,1820,1,2,1,1,6,071,PENNES AUX PINS ( CHEMIN,,,,130
201300016405,13,3,1,1120,1,1,1,1,7,071,JAS DE RHODES (RUE DU),,,,130
201300016406,13,3,4,1325,1,1,1,1,2,117,CHEMIN DEPARTEMENTAL 9 (,,,,130
201300016407,13,3,6,915,1,2,1,6,1,019,ROUTE D'APT,,,,130
201300016408,13,3,6,1500,1,1,1,1,3,071,RD 543,,,,130
201300016409,13,3,12,900,1,2,1,1,3,117,TOULON GERARD ( RUE ),,,,130
201300016410,13,3,20,2210,5,2,1,1,1,117,DAUDET ( AVENUE ALPHONSE,M,4345505,0524283,130
201300016411,13,3,21,1720,1,1,3,1,3,117,ROUCAS ( CORNICHE DU ),,,,130
201300016412,13,3,22,930,1,2,1,1,5,071,ROUTE NATIONALE 113 - M,,,,130
201300016413,13,3,23,1745,1,1,1,1,3,019,D60 A,,,,130