Num_Acc,an,mois,jour,hrmn,lum,agg,int,atm,col,com,adr,gps,lat,long,dep
201300016708,13,7,9,1500,1,2,1,1,2,181,"1, ECHANGEUR N? 15 ( VAL",,,,140
201300016709,13,7,15,1510,1,2,3,1,3,118,DELIVRANDE (RUE DE LA),,,,140
201300016710,13,7,13,2340,5,1,1,1,3,118,"1, DOUVRES (ROUTE DE. CD",,,,140
201300016711,13,7,13,800,2,2,1,1,7,327,HALAGE (CHEMIN DU),,,,140
201300016712,13,7,24,2030,1,1,1,1,7,341,"0, ECHANGEUR N? 13 ( POR",,,,140
201300016713,13,7,25,1150,1,2,1,1,3,118,"104, FALAISE (RUE DE >=9",,,,140
201300016714,13,7,31,1705,1,2,1,1,6,118,"0, GUILLOU (BOULEVARD YV",,,,140
201300016715,13,6,20,1830,1,2,1,1,3,341,40 RUE DES SABLONNETTES,M,4915430,-035330,140
201300016716,13,8,6,1610,1,2,1,1,6,118,"157, BASSE (RUE >= 93 IM",,,,140
201300016717,13,6,30,20,5,2,2,1,3,118,QUAI VENDEUVRE,M,4918370,-035701,140
201300016718,13,8,10,1145,1,2,1,1,6,437,"122, ZOLA (RUE EMILE)",,,,140
201300016719,13,8,11,1100,1,2,1,1,3,118,"1, MOUNTBATTEN (AVENUE D",,,,140
201300016720,13,8,14,2345,3,1,1,1,6,383,"1, R.D. 405",,,,140
201300016721,13,8,20,415,5,1,1,1,7,118,"28, BEAULIEU (RUE DE)",,,,140
201300016722,13,8,23,15,3,1,1,1,6,271,"1, HARCOURT (ROUTE D')",,,,140
201300016723,13,8,31,530,5,2,1,1,6,118,"23, BAYEUX (RUE DE  <= 1",,,,140
201300016724,13,9,4,1945,1,2,1,1,6,118,"3, AVIATION (RUE DE L')",,,,140
201300016725,13,9,5,1550,1,2,1,1,6,118,ECHANGEUR N? 6 ( VALLEE,,,,140
201300016726,13,9,9,1645,1,2,1,1,6,118,"0, COPERNIC (AVENUE NICO",,,,140
201300016727,13,9,12,2045,5,2,1,1,6,118,"200, CAPONIERE (RUE <=",,,,140
201300016728,13,9,14,1615,1,2,1,1,6,587,"1, SOLOGNE (RUE DE)",,,,140
201300016729,13,9,20,1730,1,2,1,1,2,327,PERIPHERIQUE (BOULEVARD),,,,140
201300016730,13,9,24,1810,1,1,1,1,5,118,ROUTE NATIONALE 814,,,,140
201300016731,13,9,26,1740,1,2,3,1,3,327,"99, COLOMBELLES CD226 (R",,,,140
201300016732,13,9,27,1340,1,2,1,1,3,118,"0, FALAISE (RUE DE >=144",,,,140
201300016733,13,9,27,1205,1,2,2,1,3,327,"0, GARBSEN (AVENUE DE)",,,,140
201300016734,13,10,2,1630,1,2,6,1,2,118,"0, RICHEMOND (BOULEVARD)",,,,140
201300016735,13,10,2,1540,1,2,2,1,6,118,"0, EUDES (RUE JEAN)",,,,140
201300016736,13,10,4,1600,1,1,1,1,2,271,ECHANGEUR N? 11 ( SUISSE,,,,140
201300016737,13,10,4,1745,1,2,1,1,6,118,"0, MOULIN (Boulevard Jea",,,,140
201300016738,13,10,8,840,1,2,3,1,3,118,"0, MOUNTBATTEN (AVENUE D",,,,140
201300016739,13,10,10,750,5,2,1,1,2,118,"0, DEMI LUNE (PLACE DE L",,,,140
201300016740,13,10,11,755,2,1,2,2,5,587,"1, CD N?  126 (LASSON >",,,,140
201300016741,13,10,28,1630,1,2,1,2,6,118,"99, CHEMIN VERT (RUE DU",,,,140
201300016742,13,11,7,905,1,2,1,2,6,118,"1, POMPIDOU (BOULEVARD G",,,,140
201300016743,13,11,8,1155,1,2,2,2,3,118,"0, AUTHIE (<=N?106 PAIRS",,,,140
201300016744,13,11,11,2125,5,2,1,1,1,341,"0, BLACK WATCH (AVENUE D",,,,140
201300016745,13,11,13,1500,1,2,1,1,2,118,"101, CHEMIN VERT (RUE DU",,,,140
201300016746,13,11,15,905,1,2,2,1,1,118,"0, AUTHIE (>=N? 106 PAIR",,,,140
201300016747,13,11,23,540,5,2,1,1,6,118,"52, COURTONNE (PLACE)",,,,140
201300016748,13,11,26,900,1,2,1,1,6,118,"2, VAUCELLES (RUE DE)",,,,140
201300016749,13,11,22,1400,1,2,1,2,6,118,"12, COTY (AVENUE DU PRES",,,,140
201300016750,13,11,29,1800,5,2,1,1,6,118,"129, AUTHIE (>=N? 106 PA",,,,140
201300016751,13,12,1,300,5,2,1,1,6,327,"0, CD N? 515 (ROUTE DE O",,,,140
201300016752,13,11,30,915,1,2,2,8,1,118,"0, JUIN (BOULEVARD MAREC",,,,140
201300016753,13,11,19,955,1,2,1,1,7,118,"01, LOUVEL (ESPLANADE JE",,,,140
201300016754,13,12,10,1755,1,2,1,1,3,327,"01, SIETTES (RUE DES)",,,,140
201300016755,13,12,16,1025,1,2,1,1,1,118,"1, LECLERC (BOULEVARD MA",,,,140
201300016756,13,12,16,1410,1,2,1,1,6,118,COPERNIC (AVENUE NICOLAS,,,,140
201300016757,13,12,16,2150,5,2,1,1,6,437,EMILE ZOLA (RUE),,,,140
201300016758,13,12,26,1410,1,2,1,1,6,118,"41, FALAISE (RUE DE  <=9",,,,140
201300016759,13,12,28,1950,5,2,1,1,4,341,"993, CAEN (RUE DE)",,,,140
201300016760,13,2,11,1945,3,1,1,3,6,269,,M,0000000,0000000,310
201300016761,13,4,24,1530,1,1,1,1,1,547,route de labastidette,M,4349056,0128210,310
201300016762,13,4,29,1700,1,2,2,1,3,117,PLATANES (AVENUE DES),M,4929370,-011217,140
201300016763,13,5,29,1115,1,2,6,1,6,117,"02, POINCAREttt",M,4929050,-011510,140
201300016764,13,7,6,1955,1,2,3,1,3,225,"20, PORT (RUE DU)",,,,140
201300016765,13,7,31,1810,1,2,1,1,2,117,"94, GUILLAUME LE CONQUER",,,,140
201300016766,13,8,5,1755,1,2,2,1,3,117,"1, GUILLAUME LE CONQUERA",,,,140
201300016767,13,8,6,1700,1,2,1,1,6,225,"81, GAULLE (RUE DU GAL)",,,,140
201300016768,13,8,10,1950,1,2,3,1,3,225,CLAUS (RUE DES FRERES),,,,140
201300016769,13,8,15,1145,1,2,3,1,3,338,"0, JACQUES LANDRY (BOULE",,,,140
201300016770,13,8,18,720,1,1,1,2,6,225,SARLABOT (COTE),,,,140
201300016771,13,9,12,815,1,2,2,1,6,225,RESISTANTS (AVENUE DES),,,,140
201300016772,13,9,25,1800,1,2,1,1,7,117,"1, GENERAL LECLERC (AVEN",,,,140
201300016773,13,9,27,1500,1,1,1,1,5,338,"1, TROUVILLE (ROUTE DE)",,,,140
201300016774,13,11,30,1325,1,2,3,1,3,225,HETTSTEDT (AVENUE DE),,,,140
201300016775,13,12,22,1745,5,2,4,3,3,117,CHARLES DE GAULLE (AVENU,,,,140
201300016776,13,12,21,1010,1,2,3,1,7,225,BOUCHERIE (RUE DE LA),,,,140
201300016777,13,2,26,1815,2,1,1,1,5,356,,M,4383007,0442239,300
201300016778,13,4,30,2245,3,1,1,2,3,060,,M,4377720,0439799,300
201300016779,13,5,4,1915,1,2,1,1,1,034,chemin de la bouvine,M,4375570,0452047,300
201300016780,13,5,8,1115,1,1,6,1,3,117,,M,4370742,0455420,300
201300016781,13,6,11,1715,1,1,1,1,3,047,,M,4380954,0440198,300
201300016782,13,6,21,1345,1,2,1,1,3,125,rue de Bouillargues,M,4377185,0442757,300
201300016783,13,6,26,1030,1,1,1,1,2,060,,M,4379172,0437317,300
201300016784,13,6,28,1315,1,2,1,1,6,034,route de Beaucaire,M,4375769,0451878,300
201300016785,13,7,13,430,3,1,1,1,2,117,,M,4371271,0454892,300
201300016786,13,9,11,1830,1,2,1,1,1,135,D 999,M,4383037,0456379,300
201300016787,13,10,14,900,1,1,1,1,4,117,,M,4369270,0460381,300
201300016788,13,11,4,1145,1,1,1,1,2,034,,M,4371800,0445978,300
201300016789,13,11,15,1745,1,1,5,8,3,034,,M,4374803,0452076,300
201300016790,13,11,19,715,2,1,1,1,6,117,,M,4371005,0454950,300
201300016791,13,11,25,1830,3,1,6,6,3,047,,M,4379107,0443102,300
201300016792,13,12,19,1900,3,1,1,2,1,034,,M,4373286,0000000,300
201300016793,13,6,30,1800,1,1,1,7,1,188,,M,0000000,0000000,080
201300016794,13,9,11,730,2,1,1,2,1,302,,M,4987090,0472750,080
201300016795,13,12,3,945,1,1,1,9,7,218,,M,0000000,0000000,080
201300016796,13,12,5,1645,2,2,1,2,6,003,RUE AMBROISE CROIZAT,M,4981790,0476438,080
201300016797,13,4,25,1715,1,1,3,1,1,125,,M,4981600,0459052,080
201300016798,13,7,18,1615,1,1,2,1,3,137,,M,4978560,0465825,080
201300016799,13,11,6,1145,1,2,3,2,6,457,RUE DE LA GARE,M,4979440,0463656,080
201300016800,13,12,16,1915,3,1,1,1,1,497,,M,4976090,0463179,080
201300016801,13,11,23,1830,3,2,1,8,7,084,RD 925,M,0000000,0000000,080
201300016802,13,9,4,1745,1,1,1,1,6,419,,M,0000000,0000000,080
201300016803,13,6,8,715,2,1,1,1,6,214,,M,0000000,0000000,080
201300016804,13,3,9,700,1,2,1,1,6,488,RUE TAMBARCH DIETARZ,M,4973400,0483554,080
201300016805,13,12,17,730,2,1,9,9,7,193,,M,4950020,0452474,080
201300016806,13,7,4,745,1,1,1,1,3,535,PR,M,4811081,0508594,520
201300016807,13,1,5,1230,1,1,1,8,7,128,,M,4820210,0526600,520
201300016808,13,7,6,400,5,2,1,1,7,208,D417,M,4793909,0583465,520
201300016809,13,9,6,1415,1,2,2,7,3,914,INTERSECTION D74 ET D10,M,4799945,0548731,520
201300016810,13,12,1,1545,1,1,1,1,7,461,,M,4801209,0541084,520
201300016811,13,1,29,1134,1,2,2,1,3,536,"1, EGLISE (PLACE DE L')",,,,140
201300016812,13,4,8,1711,1,2,1,1,6,333,BREARD (RUE CHARLES PAUL,M,4941820,0023309,140
201300016813,13,5,1,1444,1,2,1,7,7,333,"20, LEPAULMIER (QUAI)",M,4941860,0023740,140
201300016814,13,5,26,1903,1,1,1,1,6,001,"29, LES VATS",,,,140
201300016815,13,6,2,1210,1,2,9,7,2,333,CD513,,,,140
201300016816,13,6,4,1750,1,1,4,1,7,001,CD 140,,,,140
201300016817,13,6,8,45,3,2,1,1,6,333,SAINT PIERRE (CHEMIN DU,M,4940700,0023326,140
201300016818,13,6,13,1807,1,2,7,1,7,001,PL DU DOCTEUR DEBEYRE,M,4939260,0029558,140
201300016819,13,6,23,1530,1,2,2,1,3,536,CANTELOUP (AVENUE DU),M,4940870,0024692,140
201300016820,13,7,24,1930,1,2,1,2,7,333,"3, TOUR (QUAI DE LA)",,,,140
201300016821,13,7,31,1000,1,2,6,8,3,243,CD 579,,,,140
201300016822,13,7,20,2115,1,1,1,1,6,243,"143, REINE (CHEMIN VAL",,,,140
201300016823,13,8,6,2035,1,1,1,1,4,536,CD 580,,,,140
201300016824,13,8,10,1240,1,2,1,7,4,333,"6, VASES (RUE DES)",,,,140
201300016825,13,8,27,1310,1,2,1,1,6,333,"14, BRULEE (RUE)",,,,140
201300016826,13,9,14,1840,1,2,1,8,3,333,"5, ROUILLIE (RUE E.)",,,,140
201300016827,13,9,21,2345,3,2,1,1,7,333,"0, MONTS (CHEMIN DES)",,,,140
201300016828,13,11,5,1025,1,1,1,3,5,304,C D 579,,,,140
201300016829,13,12,7,955,1,2,1,1,2,333,"2, MONTPENSIER (RUE)",,,,140
201300016830,13,12,11,1110,1,2,6,7,7,333,CD 580,,,,140
201300016831,13,12,12,1320,1,2,6,1,6,333,"4, SOREL (PLACE ALBERT)",,,,140
201300016832,13,12,21,2025,3,2,1,2,3,333,CD513,,,,140
201300016833,13,12,24,1205,1,2,1,2,6,333,JEAN DE VIENNE (COURS),,,,140
201300016834,13,7,27,1300,1,1,1,1,7,405,mis milieu,M,4768819,0527575,520
201300016835,13,2,1,1715,2,1,1,3,1,442,,M,4842314,0514553,520
201300016836,13,5,25,1945,1,2,1,1,6,177,59 rue de pougny,M,4832608,0519901,520
201300016837,13,9,7,530,3,1,1,2,1,250,,M,4843340,0515227,520
201300016838,13,8,23,645,1,1,1,1,6,097,,M,0000000,0000000,480
201300016839,13,9,1,1600,3,1,1,1,6,067,,M,0000000,0000000,480
201300016840,13,9,15,1515,1,1,1,1,6,148,,M,0000000,0000000,480
201300016841,13,5,15,1130,1,1,1,3,6,138,,M,0000000,0000000,480
201300016842,13,9,16,1745,1,1,1,2,3,185,,M,4450000,0326400,480
201300016843,13,10,27,1030,1,2,1,1,6,034,Place du Pr? Commun,M,0000000,0000000,480
201300016844,13,11,18,815,1,1,1,8,1,034,,M,0000000,0000000,480
201300016845,13,6,8,1945,1,1,1,2,6,183,,M,0000000,0000000,480
201300016846,13,7,21,1515,1,1,1,1,6,047,,M,0000000,0000000,480
201300016847,13,8,16,945,1,1,1,1,7,076,,M,4471900,0334200,480
201300016848,13,11,15,1330,1,1,1,4,7,132,,M,4477500,0338700,480
201300016849,13,11,19,1800,3,1,1,3,6,128,,M,4478100,0331800,480
201300016850,13,12,6,1100,1,2,7,1,6,009,Place de la Mairie,M,4472600,0328400,480
201300016851,13,12,28,1915,3,1,1,2,1,330,,M,0000000,0000000,300
201300016852,13,3,29,730,1,1,3,1,3,139,D952,M,0000000,0000000,370
201300016853,13,4,14,2100,5,2,1,1,6,084,Les Gares,M,0000000,0000000,370
201300016854,13,8,6,1800,1,2,1,1,1,237,32 rue de la Picherie,M,0000000,0000000,370
201300016855,13,10,10,1445,1,1,2,1,1,084,,M,0000000,0000000,370
201300016856,13,10,29,1700,1,1,1,1,6,062,LE PETIT BOIS,M,0000000,0000000,370
201300016857,13,11,3,2215,3,1,9,2,3,109,LA GUIGNIERE,M,0000000,0000000,370
201300016858,13,2,1,745,2,1,2,2,1,008,,M,0000000,0000000,370
201300016859,13,4,19,2315,5,2,1,1,3,027,avenue andre delaunay,M,0000000,0000000,370
201300016860,13,7,24,315,4,1,1,1,6,091,,M,0000000,0000000,370
201300016861,13,7,28,230,4,2,1,1,6,091,87 rue d'Amboise,M,0000000,0000000,370
201300016862,13,8,10,15,3,1,1,9,6,156,,M,0000000,0000000,370
201300016863,13,9,4,845,1,2,1,7,6,273,18 rue Sarah Bernhardt,M,0000000,0000000,370
201300016864,13,10,16,1745,1,1,1,8,1,156,face camping municipal,M,0000000,0000000,370
201300016865,13,10,18,2245,3,1,1,1,6,075,,M,0000000,0000000,370
201300016866,13,10,30,745,1,2,2,2,3,156,Rue du saule Michaud,M,0000000,0000000,370
201300016867,13,11,4,1845,5,2,1,2,1,027,AVENUE DE L EUROPE,M,0000000,0000000,370
201300016868,13,11,14,1845,3,1,1,1,6,225,,M,0000000,0000000,370
201300016869,13,12,15,600,5,2,1,1,6,079,LIEU DIT LES VAULX,M,0000000,0000000,370
201300016870,13,12,21,1930,3,1,1,2,1,079,,M,0000000,0000000,370
201300016871,13,4,8,1915,1,1,1,1,1,194,,M,0000000,0000000,370
201300016872,13,5,6,2015,1,1,1,1,1,281,,M,0000000,0000000,370
201300016873,13,12,5,1945,3,1,1,1,3,010,,M,0000000,0000000,370
201300016874,13,12,20,1615,1,1,1,1,6,281,,M,0000000,0000000,370
201300016875,13,11,8,1830,5,2,1,2,6,366,"4, DOCTEUR PAUL OUVRY (R",,,,140
201300016876,13,11,13,2000,3,1,1,1,1,487,CD 48,,,,140
201300016877,13,11,25,810,2,2,1,2,6,366,"48, PAUL BANASTON (RUE)",,,,140
201300016878,13,12,5,2120,3,1,1,2,6,069,"0, SAP (ROUTE DU)",,,,140
201300016879,13,12,9,745,2,2,1,1,6,069,ORBEC (ROUTE D'),,,,140
201300016880,13,12,10,1045,1,2,1,1,6,366,"80, VICTOR HUGO (AVENUE)",,,,140
201300016881,13,12,17,900,1,2,1,1,7,069,"3, CLAQUE PEPIN",,,,140
201300016882,13,12,20,1815,5,2,1,1,6,366,"28, PAUL CORNU ( RD48 RU",,,,140
201300016883,13,12,23,1830,5,2,3,6,6,366,"26, SAINTE ANNE (BOULEVA",,,,140
201300016884,13,12,26,1510,1,2,3,1,3,366,"27, DOCTEUR PAUL OUVRY (",,,,140
201300016885,13,12,28,915,1,2,2,1,6,366,"2, CARNOT (BOULEVARD)",,,,140
201300016886,13,1,10,755,5,2,1,2,6,366,"28, PAUL CORNU ( RD48 RU",M,4916240,0021995,140
201300016887,13,1,12,1350,1,2,1,1,3,303,"0, AUGUSTIN FRESNEL",M,4914370,0027285,140
201300016888,13,1,16,1515,1,2,3,1,3,069,"0, SAP (ROUTE DU)",M,4913010,0024749,140
201300016889,13,1,20,1725,2,1,1,4,7,574,"0, DIVES (D.45 ROUTE DE)",M,4915280,0020024,140
201300016890,13,1,30,1345,1,2,1,1,2,069,"0, LOGES (CHEMIN DES)",,,,140
201300016891,13,1,31,1135,1,2,6,2,6,366,"61, SAINTE ANNE (BOULEVA",M,4914400,0022119,140
201300016892,13,2,2,1915,5,2,1,1,1,366,"0, AUGUSTIN FRESNEL",,,,140
201300016893,13,2,4,745,5,1,3,1,5,487,"0, EGLISE (ROUTE)",,,,140
201300016894,13,2,9,1855,5,2,2,2,6,366,"2, LOUIS PASTEUR (BOULEV",M,4914790,0022498,140
201300016895,13,2,16,1540,1,2,4,1,6,366,"0, POINT DE VUE (CHEMIN",,,,140
201300016896,13,3,11,1025,1,2,1,4,7,366,"15, ROGER AINI (RUE)",,,,140
201300016897,13,3,18,1235,1,2,1,2,7,366,"0, PRE D'AUGE (RUE DU)",,,,140
201300016898,13,3,19,1045,1,2,1,1,6,366,"61, SAINTE ANNE (BOULEVA",M,4914380,0022150,140
201300016899,13,3,26,1220,1,2,1,1,6,366,"0, AUGUSTIN FRESNEL",,,,140
201300016900,13,4,3,1000,1,2,1,1,2,366,"58, GENERAL LECLERC (RUE",M,4915150,0022395,140
201300016901,13,4,7,1755,1,2,1,1,6,366,"30, CARMEL (RUE DU)",,,,140
201300016902,13,4,8,1000,1,1,1,1,6,487,EGLISE (ROUTE),,,,140
201300016903,13,4,9,1755,1,1,2,1,3,574,"0, DIVES (D.45 route de)",,,,140
201300016904,13,4,10,1245,1,2,1,1,6,366,"8, SAINT HIPPOLYTE (RUE)",,,,140
201300016905,13,4,20,1130,1,2,1,1,4,574,D 511 SAINT D?SIR 14100,M,4912550,0018967,140
201300016906,13,4,23,1535,1,2,7,1,6,366,"44, REPUBLIQUE (PLACE DE",M,4914390,0022392,140
201300016907,13,4,25,1635,1,2,1,1,4,366,"66, ROGER AINI (RUE)",M,4914440,0025408,140
201300016908,13,4,30,1825,1,1,1,1,6,366,"0, RD 406",M,4915580,0023707,140
201300016909,13,5,23,1040,1,2,1,1,5,366,"16, PRESIDENT RENE COTY",M,4914250,0024152,140
201300016910,13,5,30,1235,1,2,1,2,6,366,"105, ROGER AINI (RUE)",,,,140
201300016911,13,6,7,825,1,2,1,1,6,366,"106, PAUL CORNU ( RD48 R",M,4916720,0021888,140
201300016912,13,6,8,1910,1,1,1,1,6,069,,M,4913190,0023869,140
201300016913,13,6,11,1345,1,1,1,1,3,487,QUATRE ROUTES (LES),M,4917950,0020917,140
201300016914,13,6,13,1925,1,2,3,1,3,326,"80, ALEXANDRE FLEMING (R",M,4915090,0025644,140
201300016915,13,6,18,1655,1,2,1,1,6,366,"11, FOURNET (RUE)",M,4913920,0022729,140
201300016916,13,7,1,2005,1,2,2,1,3,366,"47, REPUBLIQUE (PLACE DE",,,,140
201300016917,13,7,5,1145,1,1,2,1,2,574,DIVES (D.45 route de),,,,140
201300016918,13,7,9,1300,1,1,1,1,6,487,EGLISE (ROUTE),,,,140
201300016919,13,7,18,2220,2,2,1,1,7,366,"108, ORBEC (ROUTE D')",,,,140
201300016920,13,7,20,1930,1,1,3,1,2,366,"0, Parking LECLERC",,,,140
201300016921,13,7,21,1110,1,1,1,1,7,487,R.D 579,,,,140
201300016922,13,7,29,2050,1,2,1,2,6,366,"73, GUIZOT (RUE)",,,,140
201300016923,13,8,1,1555,1,2,3,1,3,366,"14, SAINTE THERESE (AVEN",,,,140
201300016924,13,8,23,1215,1,2,2,1,6,366,"2, CAROLINE DUCHEMIN (RU",,,,140
201300016925,13,8,26,1115,1,2,2,1,3,366,"9, CARNOT (BOULEVARD)",,,,140
201300016926,13,8,31,1930,1,2,1,1,3,366,"11, CRETON (RUE)",,,,140
201300016927,13,9,5,840,1,2,1,1,6,366,"15, TOUQUES (RUE DE LA)",,,,140
201300016928,13,9,6,1800,1,2,3,1,4,069,"105, ORBEC (ROUTE D')",,,,140
201300016929,13,9,7,815,1,2,1,1,6,366,"12, TOUQUES (RUE DE LA)",,,,140
201300016930,13,9,7,1535,1,2,6,1,2,366,"68, LOUIS PASTEUR (BOULE",,,,140
201300016931,13,9,12,1640,1,2,3,1,3,366,"19, NICOLAS ORESME (BOUL",,,,140
201300016932,13,9,12,1725,1,2,1,1,3,366,"6, JEAN BOUIN (RUE)",,,,140
201300016933,13,9,17,1345,1,2,1,3,7,366,"153, ROGER AINI (RUE)",,,,140
201300016934,13,9,25,930,1,1,3,1,3,574,DIVES (D.45 route de),,,,140
201300016935,13,9,26,150,4,2,1,1,7,366,"12, NICOLAS ORESME (BOUL",,,,140
201300016936,13,9,26,2120,5,2,1,1,7,366,"29, GUIZOT (RUE)",,,,140
201300016937,13,10,9,1715,1,2,3,1,6,366,"0, CHAR (RUE AU)",,,,140
201300016938,13,10,26,2320,5,2,1,1,7,366,SURCOUF (ALLEE),,,,140
201300016939,13,12,6,1645,1,1,2,1,3,228,,M,0000000,0000000,370
201300016940,13,7,31,845,1,2,1,1,3,123,82 rue Anne de Bretagne,M,0000000,0000000,370
201300016941,13,6,23,1845,1,1,1,3,6,097,,M,4716300,0090500,370
201300016942,13,6,15,2230,3,1,1,1,1,098,,M,0000000,0000000,370
201300016943,13,10,16,2200,3,1,1,1,6,057,,M,0000000,0000000,370
201300016944,13,7,6,645,2,1,1,1,7,019,LA RICENDELIERE,M,0000000,0000000,370
201300016945,13,6,10,1630,1,1,1,1,1,266,ROUTE DE BALLAN,M,0000000,0000000,370
201300016946,13,8,5,2015,1,2,1,1,1,083,11 RUE NOTRE DAME,M,0000000,0000000,370
201300016947,13,1,3,1830,5,2,9,8,5,088,place Dr Donnet,,,,870
201300016948,13,4,14,1930,1,1,1,1,2,203,,M,0000000,0000000,870
201300016949,13,6,16,1300,1,1,2,1,1,146,,M,0000000,0000000,870
201300016950,13,8,9,1700,1,1,1,1,1,088,,M,0000000,0000000,870
201300016951,13,2,10,200,3,1,1,2,1,097,,M,0000000,0000000,870
201300016952,13,3,26,1115,1,1,2,1,3,055,,M,0000000,0000000,870
201300016953,13,8,27,1930,1,1,1,1,6,116,,M,0000000,0000000,870
201300016954,13,9,30,1545,1,1,3,1,5,059,,M,0000000,0000000,870
201300016955,13,11,15,1030,1,1,1,8,5,061,,M,0000000,0000000,870
201300016956,13,8,14,30,3,1,1,1,6,154,,M,0000000,0000000,870
201300016957,13,2,2,1430,1,1,1,2,7,135,,M,0000000,0000000,870
201300016958,13,5,11,1030,1,1,1,1,1,073,,M,0000000,0000000,870
201300016959,13,12,12,1000,1,1,1,9,7,073,,M,0000000,0000000,870
201300016960,13,4,15,1045,1,2,1,1,6,106,38 Rue Gambetta,M,0000000,0000000,870
201300016961,13,6,3,1615,1,1,1,1,6,032,,M,0000000,0000000,870
201300016962,13,6,25,1415,1,1,1,1,6,127,,M,4559300,0123700,870
201300016963,13,8,10,1615,1,1,1,1,3,106,,M,4565500,0122000,870
201300016964,13,10,3,2015,2,1,1,1,6,187,,M,0000000,0000000,870
201300016965,13,2,16,1145,1,1,1,1,7,099,,M,4604434,0177615,230
201300016966,13,11,4,1745,5,2,3,2,3,030,AVENUE JOLIOT CURIE,M,0000000,0000000,230
201300016967,13,4,24,1830,1,1,1,1,6,130,,M,4643800,0176900,230
201300016968,13,7,6,1700,1,1,1,1,6,045,,M,0000000,0000000,230
201300016969,13,10,31,1745,5,2,1,1,6,035,rue raymond Aucouturier,M,4622400,0246800,230
201300016970,13,11,19,1830,3,1,1,4,3,016,,M,0000000,0000000,230
201300016971,13,5,11,1145,1,1,1,2,1,241,,M,0000000,0000000,230
201300016972,13,9,1,1515,1,1,1,1,6,131,,M,0000000,0000000,230
201300016973,13,9,4,1900,1,1,1,1,7,028,,M,4601900,0223900,230
201300016974,13,3,4,745,2,1,1,1,7,052,,M,4528086,-010397,170
201300016975,13,3,20,1330,1,1,1,1,1,331,,M,4547201,-054242,170
201300016976,13,5,25,1045,1,2,1,1,6,434,Rue Eugene biraud,M,4611074,-075692,170
201300016977,13,2,3,630,3,1,1,1,5,336,,M,4579800,-073200,170
201300016978,13,8,25,1830,1,1,1,2,5,391,,M,4820853,0194600,280
201300016979,13,11,5,1230,1,1,1,2,6,259,,M,0000000,0000000,280
201300016980,13,2,16,1745,2,1,1,1,6,232,,M,0000000,0000000,280
201300016981,13,2,7,1745,1,1,1,8,6,238,,M,0000000,0000000,270
201300016982,13,3,20,800,2,1,1,9,7,570,,M,4904100,0104000,270
201300016983,13,5,4,1945,1,1,1,1,7,472,,M,4918100,0143000,270
201300016984,13,8,28,1715,1,1,1,1,3,165,,M,4857200,0055400,270
201300016985,13,8,30,2230,4,1,6,1,6,451,,M,0000000,0000000,270
201300016986,13,10,2,1730,1,2,1,1,2,229,boulevard du 14 juillet,M,0000000,0000000,270
201300016987,13,10,5,1545,1,1,1,1,1,306,,M,0000000,0000000,270
201300016988,13,11,4,1415,1,1,1,1,6,439,,M,0000000,0000000,270
201300016989,13,12,10,1745,3,1,1,5,1,287,,M,0000000,0000000,270
201300016990,13,12,10,1630,1,1,1,9,1,678,,M,0000000,0000000,270
201300016991,13,12,13,730,3,1,1,5,1,238,,M,0000000,0000000,270
201300016992,13,12,23,2245,3,2,1,6,6,436,2 rue de conches,M,0000000,0000000,270
201300016993,13,4,18,1745,1,1,1,1,3,693,,M,4853200,0105200,270
201300016994,13,9,24,1300,1,1,1,1,3,293,,M,0000000,0000000,270
201300016995,13,2,6,1845,3,1,1,2,6,679,,M,4873700,0093300,270
201300016996,13,6,26,1845,1,1,1,1,5,679,,M,4844300,0050300,270
201300016997,13,8,14,1430,1,1,3,1,3,069,,M,0000000,0000000,270
201300016998,13,8,17,400,3,1,1,1,7,679,,M,4874400,0089600,270
201300016999,13,8,20,845,1,1,1,1,2,679,,M,4875600,0094200,270
201300017000,13,9,19,1915,2,1,1,1,6,679,,M,0000000,0000000,270
201300017001,13,11,17,600,3,2,1,1,6,265,,M,4879300,0085600,270
201300017002,13,1,24,1115,1,2,1,1,6,414,24 rue Grande,M,4856100,0028400,270
201300017003,13,2,6,1615,1,2,2,1,1,398,cd133/vc16,M,4905400,0037200,270
201300017004,13,3,10,2100,3,1,1,1,2,516,,M,4904300,0036300,270
201300017005,13,7,7,600,1,1,1,5,6,608,,M,4906400,0049600,270
201300017006,13,7,27,100,3,1,1,1,6,207,,M,4906400,0028000,270
201300017007,13,8,3,1915,1,1,2,7,3,608,,M,4904200,0031100,270
201300017008,13,8,15,1730,1,1,1,1,1,046,,M,4918400,0054000,270
201300017009,13,8,27,1815,1,2,1,1,1,608,RD 22 lieu dit Les Mares,M,4904000,0031000,270
201300017010,13,8,30,145,3,1,1,1,6,079,,M,0000000,0000000,270
201300017011,13,10,20,100,3,2,1,1,1,056,c?te de Beaumesnil,M,0000000,0000000,270
201300017012,13,10,18,1715,1,1,1,1,6,414,,M,0000000,0000000,270