Num_Acc,an,mois,jour,hrmn,lum,agg,int,atm,col,com,adr,gps,lat,long,dep
201300017637,13,2,26,1245,1,1,1,1,6,199,,M,0000000,0000000,720
201300017638,13,4,12,800,1,1,1,2,3,273,,M,0000000,0000000,720
201300017639,13,7,28,745,1,2,1,1,6,138,01 rue du Docteur HOREAU,M,0000000,0000000,720
201300017640,13,1,4,2045,3,1,1,2,7,027,,M,4889900,0610800,540
201300017641,13,7,7,2130,2,2,1,1,6,425,RUE DE VERDUN,M,4930920,0576624,540
201300017642,13,4,13,1515,1,1,2,1,3,269,,M,4860530,0638383,540
201300017643,13,5,5,1230,1,1,2,1,3,176,,M,4866900,0649100,540
201300017644,13,4,18,2115,2,1,1,1,6,467,,M,4845066,0642824,540
201300017645,13,6,5,1045,1,2,1,1,3,465,,M,4847139,0629509,540
201300017646,13,7,26,1715,1,2,3,1,3,076,rue d'Alsace,M,4855543,0641126,540
201300017647,13,12,18,1415,1,1,1,1,6,054,,M,4849118,0633808,540
201300017648,13,7,30,1400,1,1,9,1,6,030,,M,4860767,0678157,540
201300017649,13,11,5,1630,2,2,1,3,6,014,1 rue de saonte pole,M,0000000,0000000,540
201300017650,13,9,27,1745,1,2,1,1,6,047,52 Grande rue,M,4854100,0584400,540
201300017651,13,10,14,1145,1,1,1,1,6,080,,M,4860621,0581327,540
201300017652,13,5,5,1915,1,1,1,1,6,346,,M,4878005,0592517,540
201300017653,13,12,26,1415,1,1,1,2,7,532,,M,4879798,0592954,540
201300017654,13,8,19,2330,3,1,1,1,6,416,,M,4894003,0580837,540
201300017655,13,7,28,2215,3,1,1,1,6,160,,M,0000000,0000000,660
201300017656,13,9,28,2230,5,2,2,1,3,049,Bd Jean Moullin,M,4249013,0275011,660
201300017657,13,6,19,945,1,2,1,1,6,178,Ave du Canigou,M,4251435,0278692,660
201300017658,13,6,30,550,2,1,1,1,3,701,C.D. 27,M,4932770,0008093,140
201300017659,13,2,17,10,5,2,1,1,3,220,FERNAND MOUREAUX (BOULEV,M,4936380,0008342,140
201300017660,13,9,6,1600,1,1,1,1,1,024,,M,0000000,0000000,660
201300017661,13,9,8,1245,1,1,3,1,3,137,,M,0000000,0000000,660
201300017662,13,9,29,130,3,1,1,1,6,024,,M,0000000,0000000,660
201300017663,13,8,27,1020,1,2,2,1,7,220,"73, DESIRE LE HOC (RUE)",,,,140
201300017664,13,3,30,1520,1,2,1,1,2,220,,M,4936280,0008486,140
201300017665,13,4,6,2315,5,2,1,1,6,557,AVENUE MICHEL D'ORNANO,M,4934400,0008614,140
201300017666,13,11,12,1545,1,2,1,2,6,220,DESIRE LE HOC (RUE),,,,140
201300017667,13,4,16,1740,1,1,1,1,7,715,AGUESSEAU (ROUTE D'),M,4936630,0010698,140
201300017668,13,5,1,1745,1,2,1,1,6,086,"01, LOUVEL ET BRIERE (RU",M,4933930,0010649,140
201300017669,13,5,3,1915,1,2,1,1,6,699,VALLEE D'AUGE (RUE DE LA,M,4934640,0009586,140
201300017670,13,5,5,1845,1,2,1,1,3,220,"09, JOHN FITZGERALD KENN",M,4936080,0008624,140
201300017671,13,5,11,1215,1,1,2,1,3,079,TOURGEVILLE (ROUTE DE),M,4932400,0003632,140
201300017672,13,6,14,425,5,2,3,1,3,699,ARISTIDE BRIAND (AVENUE),M,4934880,0009843,140
201300017673,13,7,14,2015,1,2,1,1,7,220,CORNUCHE (BOULEVARD),,,,140
201300017674,13,7,19,1620,1,2,1,1,7,220,AGUSTE-DECAENS (RUE),,,,140
201300017675,13,7,21,1055,1,1,2,1,3,079,TOURGEVILLE (ROUTE DE),,,,140
201300017676,13,8,4,528,3,1,1,1,7,699,HONFLEUR (ROUTE D'HONFLE,,,,140
201300017677,13,8,9,1505,1,1,6,1,7,699,HONFLEUR (ROUTE D'HONFLE,,,,140
201300017678,13,8,20,1850,1,2,1,1,5,699,CD 677,,,,140
201300017679,13,8,20,1850,1,2,1,1,2,699,CD 677,,,,140
201300017680,13,9,22,925,1,2,1,1,6,699,LOUVEL ET BRIERE (RUE),,,,140
201300017681,13,10,1,2035,1,2,1,1,6,715,ARISTIDE BRIAND (BOULEVA,,,,140
201300017682,13,10,3,1340,1,1,1,1,7,079,TOURGEVILLE (ROUTE DE),,,,140
201300017683,13,10,30,1805,5,2,1,1,7,220,MARINE (QUAI DE LA ),,,,140
201300017684,13,11,24,1125,1,1,1,1,7,079,PONT L'EVEQUE A VILLERS/,,,,140
201300017685,13,11,28,1805,5,2,1,1,7,715,AGUESSEAU (ROUTE D'),,,,140
201300017686,13,12,6,1750,3,1,1,1,7,079,C D 27,,,,140
201300017687,13,12,19,1100,1,2,1,1,6,220,AGUSTE-DECAENS (RUE),,,,140
201300017688,13,12,26,1440,1,2,1,1,3,220,MARINE (QUAI DE LA ),,,,140
201300017689,13,12,31,1820,5,2,1,1,7,715,FERNAND MOUREAUX (BOULEV,,,,140
201300017690,13,1,6,1115,1,1,1,1,1,048,,M,0000000,0000000,660
201300017691,13,8,9,530,3,1,1,1,3,167,,M,0000000,0000000,660
201300017692,13,8,31,1000,1,1,1,1,6,147,,M,0000000,0000000,660
201300017693,13,9,21,2000,2,2,1,1,6,025,Avenue emmanuel Brousse,M,0000000,0000000,660
201300017694,13,1,17,1030,1,1,1,4,5,064,,M,0000000,0000000,660
201300017695,13,9,7,1800,1,1,1,3,1,188,,M,0000000,0000000,660
201300017696,13,3,20,1330,1,2,1,1,5,187,39 avenue Jean Moulin,M,0000000,0000000,660
201300017697,13,3,29,1645,1,1,1,1,2,046,,M,0000000,0000000,660
201300017698,13,4,1,1615,1,1,1,8,6,097,,M,0000000,0000000,660
201300017699,13,7,20,930,1,1,1,1,7,158,,M,0000000,0000000,660
201300017700,13,7,26,1245,1,1,1,7,6,096,,M,0000000,0000000,660
201300017701,13,8,15,1745,1,2,1,1,3,096,Avenue General de Gaulle,M,0000000,0000000,660
201300017702,13,8,18,445,3,1,1,1,7,205,,M,0000000,0000000,660
201300017703,13,10,27,145,3,1,1,5,6,096,,M,0000000,0000000,660
201300017704,13,6,10,2115,1,1,1,1,6,300,,M,4704400,0319300,580
201300017705,13,12,1,1945,5,2,1,1,1,088,La Chaume au Cul Rond,M,0000000,0000000,580
201300017706,13,2,6,730,1,2,1,2,1,273,rue edouard vaillant,M,0000000,0000000,580
201300017707,13,3,30,1145,1,1,1,1,1,278,,M,0000000,0000000,580
201300017708,13,9,14,1030,1,1,1,8,7,072,,M,0000000,0000000,580
201300017709,13,9,16,1930,2,1,1,2,1,311,,M,0000000,0000000,580
201300017710,13,2,1,1915,3,1,1,3,6,267,,M,0000000,0000000,580
201300017711,13,2,9,1015,1,1,1,4,3,267,,M,0000000,0000000,580
201300017712,13,3,15,1900,3,1,1,1,6,004,,M,0000000,0000000,580
201300017713,13,7,27,2330,3,1,1,3,6,281,,M,4732700,0309300,580
201300017714,13,3,26,915,1,1,1,1,7,109,,M,0000000,0000000,580
201300017715,13,11,7,1000,1,1,1,8,1,308,,M,0000000,0000000,580
201300017716,13,11,27,30,3,2,1,1,6,222,grande rue,M,0000000,0000000,580
201300017717,13,12,12,2030,3,1,1,1,6,090,,M,0000000,0000000,580
201300017718,13,2,20,500,5,2,1,1,6,124,RN7 LA PAILLASSE,M,0000000,0000000,260
201300017719,13,4,20,1830,1,1,1,2,6,124,26124,M,0000000,0000000,260
201300017720,13,4,26,930,1,1,1,2,1,166,26166,M,0000000,0000000,260
201300017721,13,5,2,1900,1,2,1,1,2,165,RUE JEAN BOYER,M,4477230,0484620,260
201300017722,13,5,3,1545,1,2,1,1,3,165,RUE JOSEPH COMBIER RN7,M,0000000,0000000,260
201300017723,13,5,6,1745,1,1,1,1,1,006,26006,M,0000000,0000000,260
201300017724,13,5,22,1515,1,1,1,1,3,337,26337,M,0000000,0000000,260
201300017725,13,12,16,1945,3,2,1,1,7,165,,M,4477880,0485670,260
201300017726,13,8,23,2100,5,2,1,1,2,234,ROUTE DE PIEGROS,M,0000000,0000000,260
201300017727,13,11,8,900,1,1,1,1,7,011,26011,M,0000000,0000000,260
201300017728,13,12,31,345,3,1,1,1,7,113,,M,0000000,0000000,260
201300017729,13,6,8,1200,1,1,1,1,7,040,26040,M,0000000,0000000,260
201300017730,13,1,11,1800,3,1,2,1,1,176,26176,M,0000000,0000000,260
201300017731,13,2,12,1900,5,1,1,1,2,106,26106,M,0000000,0000000,260
201300017732,13,3,12,1930,3,1,1,1,1,106,26106,M,0000000,0000000,260
201300017733,13,7,7,1545,1,1,1,1,6,338,26338,M,0000000,0000000,260
201300017734,13,5,24,715,1,1,6,1,6,114,26114,M,0000000,0000000,260
201300017735,13,6,12,1700,1,2,1,1,6,211,,M,4436140,0485780,260
201300017736,13,6,12,1030,1,1,1,1,1,264,26264,M,0000000,0000000,260
201300017737,13,8,17,1200,1,1,1,1,7,181,26181,M,0000000,0000000,260
201300017738,13,12,23,1630,1,1,1,1,6,135,,M,0000000,0000000,260
201300017739,13,6,14,800,1,1,1,1,5,084,26084,M,0000000,0000000,260
201300017740,13,4,13,1615,1,1,1,1,6,330,26330,M,0000000,0000000,260
201300017741,13,6,23,930,1,2,1,1,6,330,PARKING SUPER U,M,4529010,0495320,260
201300017742,13,2,23,1845,5,1,1,4,6,219,,M,0000000,0000000,700
201300017743,13,3,29,1515,1,1,1,1,3,199,,M,0000000,0000000,700
201300017744,13,4,17,1415,1,2,6,1,3,428,CD 322,M,0000000,0000000,700
201300017745,13,6,21,815,1,1,2,1,3,492,,M,0000000,0000000,700
201300017746,13,4,23,700,1,2,1,1,6,282,rue du moulin de l'etang,M,0000000,0000000,700
201300017747,13,7,8,1715,1,1,1,7,1,356,,M,0000000,0000000,700
201300017748,13,7,13,2230,5,2,1,1,7,410,1 Grande Rue,M,0000000,0000000,700
201300017749,13,9,22,215,5,2,1,1,6,408,Rue Saint Hilaire,M,0000000,0000000,700
201300017750,13,1,1,630,4,2,1,1,6,128,01 bis route de Luxeuil,M,0000000,0000000,700
201300017751,13,2,16,1915,5,2,1,1,7,311,Rue Victor HUGO,M,0000000,0000000,700
201300017752,13,3,18,1830,5,2,6,2,7,311,Rue Gambetta,M,0000000,0000000,700
201300017753,13,4,20,1700,3,2,1,1,6,172,CD137 - Les breuleux,M,0000000,0000000,700
201300017754,13,4,25,1645,1,2,1,1,1,007,route de luxeuil,M,0000000,0000000,700
201300017755,13,9,12,1045,1,2,1,8,6,435,rue des vosges,M,0000000,0000000,700
201300017756,13,9,13,1545,1,1,1,2,1,176,,M,0000000,0000000,700
201300017757,13,5,3,200,3,1,1,1,6,191,,M,0000000,0000000,850
201300017758,13,2,6,755,1,1,1,4,5,321,,M,4616420,0535796,010
201300017759,13,6,23,1730,1,2,2,1,3,184,,M,4615940,0541709,010
201300017760,13,1,27,930,1,1,1,1,4,092,,M,4597670,0521725,010
201300017761,13,1,28,700,2,1,1,1,3,074,,M,4598700,0516593,010
201300017762,13,4,15,1455,1,1,1,1,6,359,,M,4607610,0503859,010
201300017763,13,7,7,2145,3,1,1,1,6,090,,,,,010
201300017764,13,9,19,1415,1,1,2,8,3,090,,M,0000000,0000000,010
201300017765,13,8,21,1800,1,2,1,1,7,066,,M,4586800,0553376,010
201300017766,13,11,24,1230,1,1,1,8,6,092,,M,0000000,0000000,010
201300017767,13,12,16,2030,5,2,1,1,6,092,ROUTE DE BUBLANE,M,0000000,0000000,010
201300017768,13,8,16,1250,1,1,1,1,7,093,,M,4615390,0496199,010
201300017769,13,8,27,1145,1,1,1,2,1,146,,M,4612830,0489790,010
201300017770,13,1,30,1025,1,1,1,8,7,232,,M,4632690,0524821,010
201300017771,13,4,11,815,1,1,9,2,3,130,,M,4631220,0514407,010
201300017772,13,4,27,1915,1,1,1,2,7,323,,,,,010
201300017773,13,5,19,945,1,1,1,1,6,124,"""GRAND RONJON""",,,,010
201300017774,13,9,18,945,1,2,1,1,6,024,Grande rue,M,0000000,0000000,010
201300017775,13,9,17,1430,1,2,1,1,5,115,logis neuf,M,0000000,0000000,010
201300017776,13,11,22,630,3,1,1,4,1,229,,M,0000000,0000000,010
201300017777,13,6,9,800,1,1,1,5,1,179,,M,4626170,0487428,010
201300017778,13,10,16,1745,1,1,2,1,3,343,,M,0000000,0000000,010
201300017779,13,3,31,930,1,1,1,1,6,310,,M,4567410,0564710,010
201300017780,13,4,21,2300,3,1,1,2,7,058,,M,4564630,0561059,010
201300017781,13,5,23,1415,1,2,1,1,6,098,ROUTE DU BOURG,,,,010
201300017782,13,5,26,1715,1,1,1,1,1,064,,M,4577730,0547805,010
201300017783,13,5,24,1145,1,1,1,8,1,034,,M,4573820,0567401,010
201300017784,13,7,31,1845,1,1,1,1,3,034,,M,0000000,0000000,010
201300017785,13,3,15,1400,1,1,1,1,6,010,,M,4589770,0580723,010
201300017786,13,2,7,1415,1,2,9,4,6,202,,,,,010
201300017787,13,1,10,745,2,1,1,4,5,392,,M,4625370,0559512,010
201300017788,13,2,28,2245,3,1,1,1,6,392,,M,4625430,0559269,010
201300017789,13,3,18,2115,3,1,1,4,7,192,,M,4621790,0557098,010
201300017790,13,5,14,700,1,1,1,1,1,240,,M,4624940,0554768,010
201300017791,13,7,8,1115,1,1,1,1,7,214,,M,4616200,0547669,010
201300017792,13,7,26,2245,5,1,1,1,3,269,,M,4616350,0559190,010
201300017793,13,2,2,700,3,1,1,4,6,080,,M,4600770,0558977,010
201300017794,13,7,14,1640,1,2,1,1,3,068,RUE DE LA GARE,,,,010
201300017795,13,5,22,745,1,2,1,2,3,273,"""BOSSERON""",M,4607810,0538267,010
201300017796,13,8,3,1800,1,2,1,1,2,304,,M,4605380,0533503,010
201300017797,13,10,3,2330,3,1,1,1,1,145,,M,0000000,0000000,010
201300017798,13,3,11,1400,1,1,3,1,3,052,,M,4602540,0499055,010
201300017799,13,5,25,1300,1,1,1,2,6,333,CHEM DE LA VAVRETTE,,,,010
201300017800,13,7,5,2330,5,2,2,1,3,398,CD 88 / CD 904,M,4600090,0484689,010
201300017801,13,8,13,955,1,2,2,1,3,005,,M,4599870,0490240,010
201300017802,13,8,11,1100,1,2,1,1,3,446,,M,4601930,0483767,010
201300017803,13,3,2,2320,5,1,1,1,7,295,,M,4613560,0480291,010
201300017804,13,10,4,1645,1,1,4,3,1,204,,M,4496100,0228200,150
201300017805,13,9,28,1345,1,2,1,1,1,268,avenue du 15 septembre,M,0000000,0000000,150
201300017806,13,11,8,1030,1,2,1,2,6,184,"RN 122, le Bruel",M,0000000,0000000,150
201300017807,13,11,14,1015,1,1,1,1,3,181,,M,0000000,0000000,150
201300017808,13,4,23,1545,1,1,1,1,6,261,,M,4523400,0236400,150
201300017809,13,1,5,715,3,1,1,9,7,124,,M,4532900,0258600,150
201300017810,13,9,14,1045,1,2,1,1,3,162,Rue du champs de foire,M,4528800,0265600,150
201300017811,13,12,9,1615,1,1,1,1,3,162,,M,4526800,0267500,150
201300017812,13,3,16,1030,1,2,1,1,6,169,Rue du Lavoir,M,4534000,0248000,150
201300017813,13,4,7,730,1,1,1,1,6,092,,M,4542500,0250200,150
201300017814,13,9,22,630,3,1,1,5,7,265,,M,4533300,0244500,150
201300017815,13,6,29,2000,1,1,1,1,7,125,,M,4506600,0313600,150
201300017816,13,6,18,930,1,2,7,1,6,004,Chemin de Gaymond,M,0000000,0000000,150
201300017817,13,4,10,1900,1,1,1,1,7,053,,M,4509200,0297200,150
201300017818,13,3,12,2045,5,1,1,1,6,244,,M,4506800,0297500,150
201300017819,13,6,28,500,2,1,1,1,1,101,,M,4511700,0279800,150
201300017820,13,11,4,2330,3,1,1,1,1,283,,M,4653600,0352200,030
201300017821,13,11,30,1400,1,1,1,1,6,197,,M,4649500,0340200,030
201300017822,13,6,12,645,1,1,1,1,2,092,,M,4644300,0314700,030
201300017823,13,8,2,1915,1,1,1,1,5,073,,M,0000000,0000000,030
201300017824,13,10,27,1430,1,1,1,1,3,099,,M,0000000,0000000,030
201300017825,13,11,22,1545,1,1,1,4,3,292,,M,4640800,0307000,030
201300017826,13,12,9,1645,1,1,1,7,1,292,,M,4641100,0307700,030
201300017827,13,12,24,1715,5,2,1,1,6,275,3 Rue de la Verrerie,M,4653800,0319400,030
201300017828,13,3,18,445,3,1,1,1,7,128,,M,0000000,0000000,030
201300017829,13,5,12,1930,1,1,1,1,6,317,,M,4646500,0238300,030
201300017830,13,10,17,800,1,2,1,1,6,082,rue de la Republique,M,4629300,0274300,030
201300017831,13,11,5,1900,3,1,1,2,6,161,,M,4619800,0263200,030
201300017832,13,1,11,1730,2,1,1,8,6,236,,M,0000000,0000000,030
201300017833,13,2,28,1400,1,1,2,1,3,236,,M,0000000,0000000,030
201300017834,13,6,29,2130,2,1,1,1,1,236,,M,0000000,0000000,030
201300017835,13,7,23,1715,1,1,1,8,3,080,,M,0000000,0000000,030
201300017836,13,8,11,245,3,1,6,1,6,093,,M,4618800,0345400,030
201300017837,13,11,3,1115,1,2,6,1,6,157,02 rue des Landelles,M,4621400,0350400,030
201300017838,13,3,8,1815,3,1,1,1,7,030,,M,0000000,0000000,030
201300017839,13,3,8,1715,1,2,3,1,3,109,rue du Mayet d'ecole,M,0000000,0000000,030
201300017840,13,6,16,1730,1,1,1,1,3,078,,M,0000000,0000000,030
201300017841,13,6,1,1630,1,1,1,1,1,133,,M,0000000,0000000,030
201300017842,13,11,3,1500,1,1,1,8,7,118,,M,0000000,0000000,030
201300017843,13,11,28,645,3,1,1,1,1,043,,M,0000000,0000000,030
201300017844,13,1,20,1545,1,1,1,4,6,141,,M,4597600,0370900,030
201300017845,13,6,6,400,3,1,1,1,7,079,,M,4409800,0532000,840
201300017846,13,7,13,2330,3,1,1,1,6,017,,M,0000000,0000000,840
201300017847,13,8,3,1045,1,1,1,2,7,017,,M,4414000,0530400,840
201300017848,13,10,20,1945,2,1,1,2,7,107,,M,0000000,0000000,840
201300017849,13,2,5,1445,1,1,1,4,3,046,,M,0000000,0000000,020
201300017850,13,4,20,1845,1,1,1,1,2,493,,M,0000000,0000000,020
201300017851,13,6,16,1800,1,1,2,1,3,037,,M,4960521,0362289,020
201300017852,13,8,24,1215,1,1,1,3,6,621,,M,0000000,0000000,020
201300017853,13,12,15,210,3,1,1,1,7,237,,M,0000000,0000000,020
201300017854,13,1,1,1400,1,2,1,1,6,754,31 route de Guivry,M,0000000,0000000,020
201300017855,13,2,19,1515,1,1,2,1,3,461,,M,4956914,0298048,020
201300017856,13,6,1,2215,5,2,2,1,3,820,Croisement D338/D429,M,4963110,0324312,020
201300017857,13,6,10,1600,1,2,1,1,6,631,rue Ren� Sueur,M,0000000,0000000,020
201300017858,13,8,1,2030,1,2,1,1,5,173,33 boulevard gambetta,M,4961375,0322148,020
201300017859,13,12,13,1005,1,2,3,5,3,173,Rue Ernest RENAN,M,4962200,0322132,020
201300017860,13,1,9,545,3,2,1,2,7,475,Rue de Neufchatel,M,0000000,0000000,020
201300017861,13,1,23,1320,1,2,1,1,2,808,17 rue de Priel,M,4995233,0319189,020
201300017862,13,6,6,1800,1,2,1,1,6,293,57 rue Fernand Monot,M,0000000,0000000,020
201300017863,13,5,9,1830,1,2,1,1,1,757,,M,0000000,0000000,020
201300017864,13,7,2,1300,1,2,2,1,3,361,rue du jeu de paume,M,4989530,0362671,020
201300017865,13,3,8,1645,1,1,1,2,1,447,,M,0000000,0000000,020
201300017866,13,4,4,2100,3,1,1,1,6,580,,M,4920200,0337300,020
201300017867,13,5,4,2000,1,1,3,1,3,593,,M,4939381,0330488,020
201300017868,13,6,5,2330,4,2,1,1,7,154,route de la montagne,M,4930900,0340900,020
201300017869,13,3,1,1140,1,2,1,1,6,795,2 rue Brouillaud,M,4940605,0311473,020
201300017870,13,3,21,1820,1,2,3,8,3,795,rue de rivi�re,M,4940645,0311853,020
201300017871,13,4,17,1345,1,1,1,1,4,232,cot� du pav�,M,0000000,0000000,020
201300017872,13,4,18,1900,1,1,1,1,7,673,,M,0000000,0000000,020
201300017873,13,5,24,1210,1,2,1,3,7,810,place aristide BRIAND,M,0000000,0000000,020
201300017874,13,6,22,1330,1,1,9,2,6,795,Route de Moufliers,M,0000000,0000000,020
201300017875,13,10,5,2350,5,2,6,1,6,810,avenue de la Fert� Milon,M,0000000,0000000,020
201300017876,13,10,27,240,3,1,1,1,7,810,,M,0000000,0000000,020
201300017877,13,3,23,1300,1,1,1,8,6,819,,M,0000000,0000000,020
201300017878,13,12,12,1010,1,2,2,1,6,020,,M,0000000,0000000,020
201300017879,13,5,5,2030,1,2,1,1,7,286,rue des pires,M,0000000,0000000,020
201300017880,13,5,6,1500,1,1,1,1,1,308,,M,5005900,0367000,020
201300017881,13,2,4,2000,3,1,1,1,6,036,*,M,4382589,0483578,130
201300017882,13,4,22,745,1,1,1,1,6,045,,M,0000000,0000000,130
201300017883,13,5,3,1230,1,2,1,1,1,045,route d?partementale 28,M,0000000,0000000,130
201300017884,13,6,30,1215,1,1,1,1,1,010,,M,0000000,0000000,130
201300017885,13,3,24,130,5,2,1,3,6,158,154 avenue Jean Jaur?s,M,0000000,0000000,380
201300017886,13,4,1,2215,5,2,1,1,1,158,30 avenue Jean Jaur?s,M,0000000,0000000,380
201300017887,13,9,3,1115,1,2,1,1,2,158,Avenue du general de gau,M,0000000,0000000,380
201300017888,13,5,31,1000,1,1,1,1,1,413,,M,0000000,0000000,380
201300017889,13,8,13,1900,1,1,1,1,1,489,,M,0000000,0000000,380
201300017890,13,6,24,1445,1,1,1,1,7,212,,M,0000000,0000000,380
201300017891,13,7,5,1600,1,1,1,1,1,279,,,,,380
201300017892,13,7,15,730,1,1,1,1,1,068,,M,4509900,0571777,380
201300017893,13,7,30,100,4,1,1,1,1,068,,M,0000000,0000000,380
201300017894,13,8,26,1930,1,2,1,1,1,529,AVENUE D URIAGE,M,0000000,0000000,380
201300017895,13,10,2,830,1,1,1,7,2,063,,M,4543300,0544300,380
201300017896,13,10,19,1515,1,1,1,1,5,043,,M,0000000,0000000,380
201300017897,13,11,2,845,1,1,1,1,7,013,,M,0000000,0000000,380
201300017898,13,2,18,1945,5,2,1,1,6,124,rue de la devise,M,0000000,0000000,380
201300017899,13,6,19,915,1,2,1,1,6,261,lieu dit Thuile,M,0000000,0000000,380
201300017900,13,10,31,1000,1,1,1,1,3,124,,M,0000000,0000000,380
201300017901,13,2,5,930,1,1,1,2,6,229,AV DE L'EUROPE,M,4520840,0579945,380
201300017902,13,7,7,1115,1,1,1,1,7,039,,M,0000000,0000000,380
201300017903,13,7,9,1845,1,1,1,1,3,431,,M,0000000,0000000,380
201300017904,13,8,22,2015,1,2,1,1,3,039,RD 1090,M,0000000,0000000,380
201300017905,13,9,19,1630,1,2,7,1,6,229,,M,4521700,0576700,380
201300017906,13,10,12,1745,2,2,1,2,3,229,AVENUE DE VERDUN,M,0000000,0000000,380
201300017907,13,4,15,1600,1,1,1,1,1,422,,M,0000000,0000000,380
201300017908,13,5,28,1615,1,2,1,3,6,150,2 rue Charles de Gaulle,M,0000000,0000000,380
201300017909,13,7,16,1430,1,1,1,1,6,175,,M,4527100,0590900,380
201300017910,13,9,11,830,1,2,1,1,6,538,,M,0000000,0000000,380
201300017911,13,10,19,1600,1,1,1,1,6,422,,M,4515000,0588500,380
201300017912,13,2,20,1800,2,2,3,1,3,503,AV GRESIVAUDAN/L'ECLUSE,M,4532040,0592775,380
201300017913,13,8,17,1100,1,1,1,1,1,181,,M,0000000,0000000,380
201300017914,13,1,6,1845,3,1,2,2,2,161,AV DES MARAIS/CH PARASSA,M,4539180,0518018,380
201300017915,13,1,8,1930,3,1,1,1,2,274,ROUTE DE CHAMPIER,M,4542250,0526898,380
201300017916,13,2,6,730,2,1,4,4,7,335,,M,4535820,0502941,380
201300017917,13,6,7,1330,1,2,4,1,1,393,R DES ALPES/CH DE LEMPS,M,4539040,0531667,380
201300017918,13,7,14,1500,1,1,1,1,2,300,,M,0000000,0000000,380
201300017919,13,8,13,1045,1,1,1,1,6,130,,M,0000000,0000000,380
201300017920,13,9,8,2030,3,1,1,2,1,134,,M,0000000,0000000,380
201300017921,13,9,23,830,1,2,1,7,1,180,Route du Dauphin?,M,0000000,0000000,380
201300017922,13,12,11,1700,1,2,1,1,4,130,,M,0000000,0000000,380
201300017923,13,2,1,2015,3,1,1,2,6,199,RTE DE CHALON,M,4547750,0490921,380
201300017924,13,2,16,945,1,1,3,1,2,107,INTER CH LA COLOMBETTE,M,4546260,0482628,380
201300017925,13,4,12,1400,1,1,1,2,3,110,,M,4558500,0487400,380
201300017926,13,5,20,1500,1,2,1,1,3,131,CD131A,M,0000000,0000000,380
201300017927,13,6,3,600,1,1,1,1,6,157,,M,4547600,0497500,380
201300017928,13,7,1,800,1,2,1,1,1,558,523 ROUTE DE MARENNES,M,4559800,0491000,380
201300017929,13,1,20,545,5,2,2,5,1,519,RUE JEAN BUJARD,M,4561150,0501020,380
201300017930,13,4,26,830,1,1,1,2,1,389,,M,0000000,0000000,380
201300017931,13,5,17,1600,1,1,3,2,3,389,,M,4556000,0509800,380
201300017932,13,7,16,815,1,1,1,1,1,351,,M,0000000,0000000,380
201300017933,13,7,20,1215,1,1,1,1,6,512,,M,0000000,0000000,380
201300017934,13,7,24,1945,1,2,2,1,3,189,Avenue du g?n?ral LECLER,M,0000000,0000000,380
201300017935,13,9,4,1115,1,1,2,1,3,035,,M,0000000,0000000,380
201300017936,13,2,18,1430,1,2,1,1,6,232,all�e alsace lorraine,M,4377049,0129474,310
201300017937,13,6,26,900,1,1,1,1,6,232,route de launac,M,4376215,0123529,310
201300017938,13,7,12,2000,1,1,1,1,1,232,,M,0000000,0000000,310
201300017939,13,8,16,945,1,1,2,1,3,341,,M,0000000,0000000,310
201300017940,13,10,18,845,1,2,1,1,1,033,D48/rue �tienne billi�re,M,0000000,0000000,310
201300017941,13,2,17,1745,1,2,2,1,3,261,ch vign�/ch amoures,M,4329573,0116171,310
201300017942,13,11,13,1645,5,2,1,1,1,390,avenue du nord,M,0000000,0000000,310
201300017943,13,12,26,1515,1,1,1,4,1,190,,M,0000000,0000000,310
201300017944,13,9,17,1700,1,1,1,1,6,443,,M,0000000,0000000,310
201300017945,13,11,16,1245,1,1,1,8,6,080,,M,0000000,0000000,310
201300017946,13,3,24,800,1,1,2,1,3,037,,M,4790902,-419251,290
201300017947,13,7,15,1830,1,2,1,1,1,158,RUE DU PORT DE KERITY,M,4780184,-435076,290