Num_Acc,an,mois,jour,hrmn,lum,agg,int,atm,col,com,adr,gps,lat,long,dep
201300017948,13,8,13,1345,1,1,1,1,1,165,,M,4780847,-422555,290
201300017949,13,2,1,1530,1,1,6,2,6,235,,M,4840824,-439756,290
201300017950,13,2,28,2045,2,2,1,1,2,075,Avenue de Normandie,M,4843843,-438855,290
201300017951,13,1,4,1545,1,1,1,1,1,093,,M,4856794,-442735,290
201300017952,13,1,22,1745,1,1,1,1,1,290,,M,4854334,-454213,290
201300017953,13,3,17,1615,1,1,1,1,3,035,,M,4850540,-454708,290
201300017954,13,4,1,1530,1,2,1,1,1,160,lieu dit La Martyre,M,4861598,-451463,290
201300017955,13,5,28,930,1,1,1,1,5,160,,M,4847446,-448353,290
201300017956,13,6,23,800,1,1,1,1,7,117,,M,4858241,-452169,290
201300017957,13,7,20,1515,1,2,1,1,2,195,rue de Lannilis,M,4860420,-451060,290
201300017958,13,3,26,700,2,1,1,1,1,208,,M,4849672,-469838,290
201300017959,13,5,29,1615,1,2,1,1,3,178,Avenue de Portsall,M,4855555,-469722,290
201300017960,13,5,13,1415,1,1,1,1,6,162,,M,4821929,-398231,290
201300017961,13,7,26,1,3,1,1,1,6,267,,M,4813464,-390425,290
201300017962,13,9,20,745,2,1,1,1,3,020,Ty Hemon Liors,M,4816086,-404110,290
201300017963,13,10,22,1515,1,1,1,1,6,027,,M,4816683,-386079,290
201300017964,13,12,30,1845,5,2,1,1,6,162,PLACE CHARLES DE GAULLE,M,4822529,-397126,290
201300017965,13,2,18,1715,1,1,1,7,6,104,,M,4829447,-427413,290
201300017966,13,1,8,1900,3,1,1,1,2,264,,M,4851527,-414881,290
201300017967,13,7,28,1100,1,1,1,1,1,204,Kergreguen,M,4851540,-423225,290
201300017968,13,8,10,2100,2,1,1,8,7,010,,M,4849309,-411864,290
201300017969,13,2,17,1530,1,1,1,1,1,285,,M,4862629,-410446,290
201300017970,13,8,8,1845,1,1,1,1,1,132,,M,4860909,-386070,290
201300017971,13,11,24,630,2,1,1,1,6,192,,M,4867462,-400847,290
201300017972,13,12,1,530,5,2,1,1,6,259,Rue Verderel,M,4868216,-398445,290
201300017973,13,5,28,700,2,1,1,1,3,071,,M,4794056,-343862,290
201300017974,13,8,1,1015,1,2,1,7,1,031,RUE DES GLENAN,M,4777073,-356209,290
201300017975,13,3,2,630,2,1,1,1,6,146,,M,4790668,-385106,290
201300017976,13,4,19,2015,1,1,1,1,6,004,,M,4792829,-368819,290
201300017977,13,7,2,1915,1,2,1,3,3,049,CROIX MENEZ BRIS,M,4804388,-391232,290
201300017978,13,7,13,1330,1,1,1,1,1,004,,M,4790428,-370392,290
201300017979,13,7,24,1330,1,1,1,1,6,004,,M,4795428,-365849,290
201300017980,13,2,10,200,3,1,1,1,6,154,,M,4355928,0402968,340
201300017981,13,3,9,2315,3,1,1,1,2,154,,M,4355312,0400217,340
201300017982,13,5,9,1145,1,2,1,1,1,192,CD 62E2,M,4352595,0391930,340
201300017983,13,5,19,1315,1,2,1,1,6,154,CD 62 E2,M,4354910,0398281,340
201300017984,13,10,9,715,2,2,1,1,3,192,130 avenue saint maurice,M,4353800,0395200,340
201300017985,13,1,20,200,3,1,1,1,6,177,,M,4820415,-174309,350
201300017986,13,3,2,115,3,1,1,1,6,027,,M,4815900,-204800,350
201300017987,13,3,9,1830,1,2,2,1,3,184,Avenue de la Gare,M,4819872,-204775,350
201300017988,13,5,16,800,1,1,1,1,1,201,,M,4812686,-216733,350
201300017989,13,8,17,1515,1,2,1,1,1,320,15 rue de la Fontaine,M,0000000,0000000,350
201300017990,13,10,12,1445,1,1,3,1,1,180,,M,4829325,-192249,350
201300017991,13,2,10,630,3,1,1,2,6,223,,M,4801876,-206123,350
201300017992,13,3,10,1715,1,1,1,8,1,133,,M,4812087,-203738,350
201300017993,13,3,23,1500,1,1,1,1,1,227,,M,4819740,-190735,350
201300017994,13,3,20,1450,1,2,2,1,1,188,rue St Nicolas,M,4813849,-195064,350
201300017995,13,4,25,1440,1,1,9,1,2,188,,M,4813023,-193555,350
201300017996,13,4,21,1930,1,1,1,1,6,223,,M,4798756,-213912,350
201300017997,13,5,26,2045,1,1,1,1,6,227,,M,4818898,-191095,350
201300017998,13,5,30,2215,5,2,1,3,6,319,rue antoine blouet,M,4803281,-192903,350
201300017999,13,8,22,1810,1,1,2,1,3,133,Le Bruchet,M,4815413,-201382,350
201300018000,13,10,25,1530,1,2,1,1,6,133,fronlan,M,4809870,-200222,350
201300018001,13,11,27,2200,3,1,1,1,6,331,,M,4809367,-193411,350
201300018002,13,7,13,2345,3,2,2,1,6,321,1 rue Saint Martin,M,4791558,-158885,350
201300018003,13,8,2,1915,1,2,2,1,3,012,rue de m?rhand,M,0000000,0000000,350
201300018004,13,2,17,1715,1,1,1,1,2,179,,M,4854008,-191991,350
201300018005,13,6,8,1615,1,1,1,1,2,299,,M,4864894,-187938,350
201300018006,13,7,6,1600,3,1,1,1,6,299,,M,0000000,0000000,350
201300018007,13,7,16,1945,1,1,1,1,1,263,,M,0000000,0000000,350
201300018008,13,10,20,1945,3,1,2,2,2,043,lieu dit La Butte,M,4850645,-188781,350
201300018009,13,12,10,1115,3,1,1,9,6,362,,M,0000000,0000000,350
201300018010,13,12,14,1930,5,1,2,1,6,224,,M,4852500,-184800,350
201300018011,13,1,16,1845,3,1,1,1,7,248,,M,4854825,-158716,350
201300018012,13,3,13,815,1,1,1,1,5,186,,M,4856111,-177504,350
201300018013,13,1,7,1045,1,2,1,1,6,360,,M,4812060,-120982,350
201300018014,13,4,23,1030,1,1,1,1,5,109,,M,4806373,-119788,350
201300018015,13,2,11,1830,2,1,1,1,3,254,,M,4803922,-148796,350
201300018016,13,2,14,1830,1,2,1,1,6,207,rue francis monnoyeur,M,4812024,-153162,350
201300018017,13,4,12,1630,1,1,1,1,3,068,,M,4809933,-140125,350
201300018018,13,4,19,1900,1,1,1,1,7,096,,M,4806491,-142426,350
201300018019,13,4,27,1230,1,2,1,1,6,069,,M,4804838,-150474,350
201300018020,13,7,17,2315,3,2,1,1,6,264,rue des lavandi?res,M,4809417,-137476,350
201300018021,13,8,1,1800,1,2,3,1,3,207,D92/rue croix forges,M,0000000,0000000,350
201300018022,13,10,17,2245,3,1,3,1,6,264,,M,4810732,0000000,350
201300018023,13,11,29,500,3,1,1,1,6,068,,M,0000000,0000000,350
201300018024,13,12,11,755,1,2,1,9,1,207,Av du General de Gaulle,M,4810967,-152723,350
201300018025,13,1,29,815,5,1,1,3,6,194,rue de bretagne,M,0000000,0000000,440
201300018026,13,5,25,2100,2,1,3,1,3,158,L'etang bernard,M,0000000,0000000,440
201300018027,13,5,26,1830,1,1,1,1,1,045,Les Sables,M,0000000,0000000,440
201300018028,13,9,23,1715,1,2,1,1,6,194,rue de bretagne,M,0000000,0000000,440
201300018029,13,11,15,845,1,2,6,1,3,158,place de la mairie RD 17,M,0000000,0000000,440
201300018030,13,7,24,1615,1,1,1,1,1,003,bd curie,M,0000000,0000000,440
201300018031,13,9,13,1500,1,1,1,1,3,093,,M,0000000,0000000,440
201300018032,13,2,7,915,1,1,1,1,1,115,Le Pont du Havre,M,0000000,0000000,440
201300018033,13,3,1,2045,3,1,1,1,6,144,,M,0000000,0000000,440
201300018034,13,8,1,2230,3,1,1,1,6,082,beau soleil,M,0000000,0000000,440
201300018035,13,10,18,1630,1,1,1,1,3,048,,M,0000000,0000000,440
201300018036,13,8,31,2230,3,1,1,1,7,099,la botte,M,0000000,0000000,440
201300018037,13,11,23,1930,5,1,6,1,7,036,,M,4771100,-138200,440
201300018038,13,6,18,1000,1,2,1,1,3,185,54 AVENUE JEAN BUREL,M,4765100,-207900,440
201300018039,13,6,20,1515,1,1,1,1,6,128,Buhel,M,0000000,0000000,440
201300018040,13,10,22,700,3,1,1,8,5,164,,M,0000000,0000000,440
201300018041,13,12,11,2330,3,1,1,1,7,012,,M,0000000,0000000,440
201300018042,13,12,26,1215,1,1,1,1,6,131,,M,0000000,0000000,440
201300018043,13,3,17,1115,1,1,1,6,7,005,55 rte de la sicaudais,M,0000000,0000000,440
201300018044,13,7,23,1830,1,2,1,7,1,154,Av Raymond Pointcar�,M,0000000,0000000,440
201300018045,13,8,2,1645,1,1,1,1,2,182,,M,0000000,0000000,440
201300018046,13,3,26,1115,1,1,2,1,1,084,rte st barth�l�my,M,0000000,0000000,440
201300018047,13,6,24,1545,1,1,1,1,1,169,l'offci�re,M,0000000,0000000,440
201300018048,13,7,4,2300,3,1,1,1,6,029,la communaut�,M,0000000,0000000,440
201300018049,13,11,5,845,1,1,1,2,1,008,,M,0000000,0000000,440
201300018050,13,11,27,1730,2,1,1,1,1,108,,M,0000000,0000000,440
201300018051,13,11,27,1830,3,1,2,1,3,029,,M,0000000,0000000,440
201300018052,13,11,29,1845,2,1,1,2,3,140,,M,0000000,0000000,440
201300018053,13,3,3,2230,1,1,1,1,6,130,1 r la fontaine laurent,M,0000000,0000000,440
201300018054,13,5,24,1245,1,1,1,1,1,150,route de la bretagnerie,M,0000000,0000000,440
201300018055,13,10,31,1800,2,2,9,2,3,018,rue de la tindi?re,M,0000000,0000000,440
201300018056,13,12,18,1845,5,2,1,2,3,130,rue d'herbauges,M,0000000,0000000,440
201300018057,13,3,21,1900,5,2,3,2,3,083,"rues De Gaulle, du stade",,,,440
201300018058,13,3,29,615,3,1,1,2,1,072,pompas,M,4740700,-235500,440
201300018059,13,4,26,1200,1,1,1,1,3,069,,M,0000000,0000000,440
201300018060,13,6,25,1245,1,1,1,1,7,069,miroux,M,0000000,0000000,440
201300018061,13,7,20,1600,1,1,1,1,4,183,,M,0000000,0000000,440
201300018062,13,6,26,1915,1,1,1,1,6,129,la drechais,M,4743300,-202700,440
201300018063,13,4,30,1930,1,2,1,1,7,542,RUE DES GRANDES PIECES,M,4723187,0593710,250
201300018064,13,7,19,1100,1,1,1,1,4,133,,M,0000000,0000000,250
201300018065,13,5,18,1715,1,2,1,1,1,564,6 rue de la Corv?e,M,0000000,0000000,250
201300018066,13,6,5,2315,3,1,1,1,6,104,,M,0000000,0000000,250
201300018067,13,11,12,2100,3,1,1,8,7,310,,M,4744400,0634600,250
201300018068,13,5,21,1030,1,2,1,1,6,578,45 grande rue,M,0000000,0000000,250
201300018069,13,5,21,2045,1,1,1,2,1,222,,M,0000000,0000000,250
201300018070,13,7,3,1430,1,1,1,3,6,301,,M,0000000,0000000,250
201300018071,13,8,28,1650,1,2,1,1,6,039,3 rue du gymnase,,,,250
201300018072,13,2,6,1315,1,2,1,4,3,228,av. g?n?ral DE GAULLE,M,4751000,0686400,250
201300018073,13,4,9,1415,1,1,1,8,1,071,,M,4743400,0684600,250
201300018074,13,6,3,1530,1,1,1,1,1,517,,M,4705800,0635000,250
201300018075,13,6,13,1100,1,2,1,1,2,259,RD 9,M,0000000,0000000,250
201300018076,13,7,5,2015,2,1,2,1,3,201,,M,0000000,0000000,250
201300018077,13,7,21,730,1,1,1,1,6,110,,M,0000000,0000000,250
201300018078,13,8,7,45,3,1,1,2,6,110,,M,0000000,0000000,250
201300018079,13,10,31,2230,3,1,1,1,6,282,,M,0000000,0000000,250
201300018080,13,5,5,100,3,1,1,5,6,362,,M,0000000,0000000,250
201300018081,13,9,1,1745,1,1,1,1,1,413,,M,0000000,0000000,250
201300018082,13,6,30,1230,1,1,1,1,5,075,,M,4544395,0607495,730
201300018083,13,9,9,1130,1,1,1,1,2,079,,M,4554155,0617487,730
201300018084,13,1,8,2000,3,1,1,5,6,332,,M,0000000,0000000,390
201300018085,13,2,17,730,1,1,1,8,7,217,,M,0000000,0000000,390
201300018086,13,3,15,2000,3,1,1,1,3,531,,M,0000000,0000000,390
201300018087,13,5,16,1345,1,1,1,2,6,390,,M,0000000,0000000,390
201300018088,13,6,20,945,1,1,1,1,2,552,,M,0000000,0000000,390
201300018089,13,6,21,1300,1,1,1,1,5,492,,M,0000000,0000000,390
201300018090,13,10,9,1345,1,1,1,1,6,552,,M,0000000,0000000,390
201300018091,13,5,17,815,1,1,1,2,1,397,,M,0000000,0000000,390
201300018092,13,7,27,1815,1,2,1,1,3,317,RUE DU 19 MARS 1962,M,0000000,0000000,390
201300018093,13,12,25,630,3,1,1,8,6,199,,M,0000000,0000000,390
201300018094,13,1,9,715,3,1,1,5,2,197,,M,0000000,0000000,390
201300018095,13,9,9,715,1,1,1,5,6,295,,M,0000000,0000000,390
201300018096,13,2,8,1100,1,2,1,1,6,500,rue gambetta,M,0000000,0000000,390
201300018097,13,3,23,1330,1,1,1,8,1,267,,M,0000000,0000000,390
201300018098,13,3,11,1130,1,1,1,1,1,299,,M,4698100,0536100,390
201300018099,13,6,16,1715,1,2,1,1,1,415,Rue bruleux,M,4694100,0534300,390
201300018100,13,6,28,930,1,1,1,2,6,387,,M,4701800,0549500,390
201300018101,13,12,10,715,2,1,1,5,1,128,,M,0000000,0000000,390
201300018102,13,1,30,1245,1,1,1,8,5,283,,M,4634000,0568500,390
201300018103,13,7,10,1530,1,1,1,8,1,286,,M,0000000,0000000,390
201300018104,13,1,9,715,3,1,1,2,1,065,LESPOUL,M,4862103,-299965,220
201300018105,13,1,24,1745,4,2,4,8,3,375,le bourg,M,4861630,-298416,220
201300018106,13,6,11,1630,1,2,1,1,3,236,16 rue du languidou,M,4866334,-298636,220
201300018107,13,7,11,1745,1,1,1,7,3,117,,M,4859000,-285900,220
201300018108,13,9,24,845,1,2,1,1,3,007,av du G?n?ral De Gaulle,M,0000000,0000000,220
201300018109,13,9,24,1600,1,2,1,1,6,007,boulevard Cl?menceau,M,0000000,0000000,220
201300018110,13,12,20,1900,3,1,1,2,3,117,,M,4861923,-289622,220
201300018111,13,2,1,2230,3,1,1,3,3,155,BEL AIR,M,4822613,-275617,220
201300018112,13,7,1,1445,1,1,3,1,3,147,,M,0000000,0000000,220
201300018113,13,11,16,2100,3,1,1,1,1,183,,M,4817098,-258473,220
201300018114,13,4,6,1845,1,1,1,1,3,182,,M,0000000,0000000,220
201300018115,13,2,13,815,2,1,2,1,3,258,L'ESPERANCE,M,4844819,-264369,220
201300018116,13,10,21,945,1,1,1,1,1,364,,M,4842700,-208800,220
201300018117,13,2,7,1215,1,1,2,2,3,077,,M,4852837,-242248,220
201300018118,13,2,18,730,2,2,1,9,1,004,hent ty glas,M,4862328,-331212,220
201300018119,13,7,12,1515,1,1,1,1,1,338,,M,4864218,-317925,220
201300018120,13,11,3,400,3,1,6,3,6,298,,M,4820039,-289061,220
201300018121,13,7,18,1745,1,1,3,1,3,257,11 RUE DE KERBRIDO,M,4872368,-332426,220
201300018122,13,11,1,545,3,1,1,2,6,347,,M,4879900,-320200,220
201300018123,13,11,12,1845,5,2,6,1,6,362,Boulevard Jean Guehenno,M,4877887,-323339,220
201300018124,13,9,10,900,1,2,1,3,6,138,41 RUE GENERAL DE GAULLE,M,0000000,0000000,680
201300018125,13,3,3,2030,5,2,1,1,3,068,rue de Delle,M,4762811,0711683,680
201300018126,13,8,22,2030,3,1,1,1,6,267,,M,4777500,0723500,680
201300018127,13,2,6,1100,1,2,9,1,6,349,RUE DU GENERAL DE GAULE,M,4760693,0757451,680
201300018128,13,5,18,1145,1,1,1,1,1,232,,M,4752483,0750787,680
201300018129,13,6,29,1530,1,1,1,1,7,297,,M,4754460,0750485,680
201300018130,13,8,2,2000,1,1,1,1,3,135,,M,4758227,0751410,680
201300018131,13,8,13,1730,1,1,1,1,7,364,,M,4795400,0724700,680
201300018132,13,7,4,930,1,1,1,1,7,307,,M,0000000,0000000,680
201300018133,13,12,6,2300,3,1,1,1,6,060,,M,0000000,0000000,680
201300018134,13,11,2,1300,1,1,1,1,1,038,,M,0000000,0000000,340
201300018135,13,1,11,900,2,1,1,1,1,310,,M,4341222,0313139,340
201300018136,13,4,24,1930,1,1,1,1,7,201,,M,4342104,0296973,340
201300018137,13,7,31,1830,1,2,1,1,3,074,Avenue de la Garenne,M,4346700,0303400,340
201300018138,13,3,16,1600,1,1,1,1,6,139,,M,4342325,0324437,340
201300018139,13,3,20,1830,1,1,1,1,1,025,,M,4340153,0325759,340
201300018140,13,5,26,430,3,1,1,1,6,237,,M,4351557,0331758,340
201300018141,13,2,23,2330,3,1,1,4,6,293,,M,4359718,0272037,340
201300018142,13,3,14,2000,5,2,1,1,7,284,"RD 612,avenue de la gare",M,4348740,0276869,340
201300018143,13,8,4,1045,1,1,1,1,7,107,,M,4360500,0280200,340
201300018144,13,8,18,845,1,1,1,1,7,160,,M,4356500,0297800,340
201300018145,13,5,2,2110,5,2,1,1,6,209,Route  de Cruzy,M,4330586,0332793,340
201300018146,13,5,21,1145,1,2,1,1,3,299,RD 64,M,0000000,0000000,340
201300018147,13,7,26,900,1,1,1,1,1,299,,M,4328934,0329012,340
201300018148,13,9,3,1545,1,2,6,1,3,036,Hameau Cartels du Bosc,M,4368800,0335900,340
201300018149,13,1,7,1015,1,1,1,1,2,197,,M,4356926,0341252,340
201300018150,13,2,10,245,3,1,1,1,6,041,,M,4362734,0346069,340
201300018151,13,2,20,1840,3,1,1,1,2,180,,M,4359326,0344978,340
201300018152,13,5,14,1730,1,1,1,1,6,175,,M,4360677,0337254,340
201300018153,13,8,10,600,2,1,1,1,6,281,,M,4352515,0348492,340
201300018154,13,9,9,630,2,1,1,1,7,079,,M,4361200,0344800,340
201300018155,13,9,22,1745,1,1,1,1,6,175,,M,4361300,0338600,340
201300018156,13,9,27,1445,1,1,1,2,3,175,,M,0000000,0000000,340
201300018157,13,10,5,1615,1,2,1,1,6,079,bd du president wilson,M,4363300,0343500,340
201300018158,13,11,11,830,1,2,1,1,6,076,route de clermont,M,4364446,0345613,340
201300018159,13,12,28,1545,1,1,1,2,6,292,,M,0000000,0000000,340
201300018160,13,2,26,1815,2,2,2,1,3,239,Rue de BAGES,M,4364104,0350183,340
201300018161,13,1,17,1520,1,2,1,7,6,014,"48, CARMES (RUE DES)",,,,150
201300018162,13,2,8,1355,1,2,1,1,6,014,"1, MONTHYON (COURS)",,,,150
201300018163,13,2,18,915,1,2,6,7,6,014,LESCUDILLIERS (BOULEVARD,,,,150
201300018164,13,4,30,1035,1,2,6,2,6,014,DOUMER (AVENUE PAUL),,,,150
201300018165,13,5,11,2025,1,2,1,2,3,014,SEMARD (PLACE PIERRE),,,,150
201300018166,13,5,13,1444,1,2,1,1,6,014,"32, PRADES (AVENUE DES)",,,,150
201300018167,13,6,30,1620,1,1,1,1,7,012,RD 920,,,,150
201300018168,13,8,9,2110,2,2,1,1,6,014,"37, BLUM (RUE LEON)",,,,150
201300018169,13,9,10,1134,1,2,1,1,3,014,"195, LECLERC (AVENUE DU",,,,150
201300018170,13,9,24,730,2,2,2,1,3,014,"120, LECLERC (AVENUE DU",,,,150
201300018171,13,10,24,850,1,2,3,1,3,014,"13, PRADES (AVENUE DES)",,,,150
201300018172,13,12,6,2050,5,2,1,9,1,012,"5, RAMOND (RUE DU DOCTEU",,,,150
201300018173,13,1,18,1445,1,1,1,1,6,207,,M,4338025,0349884,340
201300018174,13,3,22,30,3,1,1,1,6,031,,M,4335623,0344413,340
201300018175,13,4,19,2015,2,1,1,1,1,207,,M,4339204,0351291,340
201300018176,13,7,12,1300,1,2,1,1,7,332,51 avenue d' AGDE,M,0000000,0000000,340
201300018177,13,8,10,1030,1,1,1,1,2,150,,M,4332421,0354823,340
201300018178,13,11,1,1030,1,1,1,1,7,031,,M,0000000,0000000,340
201300018179,13,11,12,1630,1,1,1,1,2,332,,M,0000000,0000000,340
201300018180,13,2,8,330,3,1,3,1,3,024,,M,4346737,0369138,340
201300018181,13,6,13,1500,1,2,1,1,3,023,1 impasse des n?gafols,M,0000000,0000000,340
201300018182,13,8,9,1900,1,1,1,1,6,113,,M,,,340
201300018183,13,8,9,2115,5,1,1,1,1,213,,M,,,340
201300018184,13,9,1,130,3,1,1,1,6,088,,M,0000000,0000000,340
201300018185,13,11,27,900,1,2,1,1,6,087,rue Capdalliech,M,0000000,0000000,340
201300018186,13,1,26,1945,5,2,4,1,1,199,avenue de verdun,M,4345412,0342116,340
201300018187,13,3,11,1730,1,1,1,2,1,285,,M,4352023,0351745,340
201300018188,13,7,8,1400,1,2,1,1,3,166,568 ave de B?ziers D18,M,4340000,0336800,340
201300018189,13,7,16,1730,3,1,1,1,7,199,,M,4347400,0338200,340
201300018190,13,9,15,1800,1,1,1,1,5,199,,M,4343800,0341500,340
201300018191,13,11,2,1945,3,2,1,1,6,199,route de nizas CD 30,M,4346800,0342400,340
201300018192,13,12,1,1945,3,1,1,1,1,199,,M,0000000,0000000,340
201300018193,13,12,8,2130,3,1,1,1,6,063,,M,4348555,0335694,340
201300018194,13,1,22,1530,1,1,1,1,1,290,,M,0000000,0000000,860
201300018195,13,4,20,2015,1,1,1,1,3,148,,M,0000000,0000000,860
201300018196,13,4,21,15,3,2,1,1,6,103,rue guerette du limousin,M,0000000,0000000,860
201300018197,13,9,28,1900,1,1,1,3,6,038,,M,0000000,0000000,860
201300018198,13,11,23,1100,1,2,1,1,6,290,33 all?e des cinq sceaux,M,0000000,0000000,860
201300018199,13,1,7,1845,3,1,1,5,6,213,,M,0000000,0000000,860
201300018200,13,1,18,1115,1,1,1,2,2,293,,M,0000000,0000000,860
201300018201,13,7,20,600,2,1,1,1,7,039,,M,0000000,0000000,860
201300018202,13,8,4,415,3,1,1,1,6,293,,M,0000000,0000000,860
201300018203,13,1,3,1015,1,2,1,1,6,177,1 Boulevard Gambetta,M,0000000,0000000,860
201300018204,13,1,25,1130,1,1,2,8,3,208,,M,0000000,0000000,860
201300018205,13,4,29,1730,1,2,1,1,6,160,20 Bd Foulques Nerra,M,0000000,0000000,860
201300018206,13,5,23,1745,1,1,2,1,5,281,LIEU DIT : ROUSSAIS,M,0000000,0000000,860
201300018207,13,6,9,1400,1,1,1,2,3,177,,M,0000000,0000000,860
201300018208,13,7,5,645,1,1,1,1,1,177,,M,4666100,0028400,860
201300018209,13,8,3,1430,1,1,1,1,6,299,,M,0000000,0000000,860
201300018210,13,8,7,2000,1,2,3,1,3,144,rue de mirebeau,M,0000000,0000000,860
201300018211,13,8,25,1130,1,1,1,2,7,281,,M,0000000,0000000,860
201300018212,13,9,5,1845,1,1,1,1,3,177,,M,4667100,0027700,860
201300018213,13,9,16,945,1,1,1,8,7,177,,M,0000000,0000000,860
201300018214,13,12,4,1430,1,1,1,7,2,300,,M,4667500,0021700,860
201300018215,13,2,6,445,3,2,1,1,3,174,Rue Francois Mauriac,M,4677900,0047000,860
201300018216,13,12,26,415,3,1,1,1,6,183,,M,0000000,0000000,860
201300018217,13,6,29,1245,1,1,3,1,5,137,,M,0000000,0000000,860
201300018218,13,7,20,1700,1,1,1,1,6,274,,M,0000000,0000000,860
201300018219,13,9,16,700,2,1,1,1,5,287,,M,0000000,0000000,860
201300018220,13,10,5,1400,1,1,2,1,3,173,,M,0000000,0000000,860
201300018221,13,10,9,1630,1,2,1,1,3,137,Rue Jeanne d'Arc,M,0000000,0000000,860
201300018222,13,11,30,1045,1,1,1,1,3,137,,M,0000000,0000000,860
201300018223,13,12,20,1830,3,1,1,1,5,227,,M,0000000,0000000,860
201300018224,13,8,21,2100,2,1,1,1,3,086,,M,0000000,0000000,860
201300018225,13,10,26,2100,3,1,1,1,6,037,,M,0000000,0000000,860
201300018226,13,4,8,1745,1,2,1,1,6,080,01 rue Emile SALAUN,M,4837268,-437551,290
201300018227,13,5,10,1330,1,1,6,1,7,045,,M,4840146,-424757,290
201300018228,13,7,21,215,3,2,1,1,6,189,CHEMIN DE KERVENAL,M,4837896,-434690,290
201300018229,13,8,8,900,1,1,1,1,2,140,,M,4835612,-431472,290
201300018230,13,8,19,1530,1,1,1,1,6,189,,M,4837616,-437987,290
201300018231,13,8,20,1415,1,1,1,1,1,043,,M,4835804,-425948,290
201300018232,13,12,29,2115,3,1,1,2,7,137,,M,4833636,-425940,290
201300018233,13,1,18,2015,5,2,1,2,6,025,,M,4756080,0153538,410
201300018234,13,2,4,1845,1,1,1,1,3,104,,M,4758620,0143027,410
201300018235,13,2,20,1900,3,1,1,1,6,034,,M,4764540,0152584,410
201300018236,13,4,1,1745,1,1,1,1,3,050,,,,,410
201300018237,13,5,24,1000,1,1,1,1,3,295,,M,4759450,0137057,410
201300018238,13,6,25,2300,3,1,1,1,6,295,,,,,410
201300018239,13,7,6,1130,1,1,1,1,3,246,,M,0000000,0000000,410
201300018240,13,7,12,2130,1,2,1,1,1,204,3 RUE DE NOZIEUX,,,,410
201300018241,13,7,15,1545,1,2,1,1,6,295,199 ROUTE DE CHAMBORD,M,4757430,0139498,410
201300018242,13,7,18,1230,1,1,1,1,7,086,,M,4751700,0154687,410
201300018243,13,8,19,1100,1,2,6,1,3,150,,M,4756250,0145502,410
201300018244,13,3,28,1545,1,1,1,1,1,097,,M,4727680,0164426,410
201300018245,13,4,20,245,3,1,1,1,6,097,,M,4726490,0165922,410
201300018246,13,6,9,100,3,1,1,1,7,280,,M,4728420,0171612,410
201300018247,13,9,8,1515,1,1,3,1,3,242,,M,4726690,0155331,410
201300018248,13,2,7,1100,1,1,2,1,1,257,,M,4739090,0131424,410
201300018249,13,2,26,445,3,1,1,4,7,164,,M,4729270,0136507,410
201300018250,13,4,8,1,5,2,1,1,6,180,07 ROUTE DE BLOIS,M,4739090,0125492,410
201300018251,13,5,25,1800,1,1,1,1,2,164,,M,4727270,0143489,410
201300018252,13,6,15,2000,1,1,1,1,6,180,,M,4737460,0120653,410
201300018253,13,6,29,1515,1,2,1,1,3,151,Quai de la Republique,M,0000000,0000000,410
201300018254,13,7,15,1945,1,1,1,1,7,043,,M,4727910,0147116,410
201300018255,13,7,17,2000,1,1,1,1,2,051,,M,4735640,0113897,410
201300018256,13,7,22,2045,1,2,1,1,7,043,rue du port,M,4727700,0149100,410
201300018257,13,8,11,1815,1,1,2,1,3,151,,M,4736430,0121107,410
201300018258,13,10,8,1930,3,1,1,1,3,049,,M,4736180,0147566,410
201300018259,13,10,14,815,1,1,1,2,1,051,,M,4736900,0111956,410
201300018260,13,10,18,1215,1,1,2,1,7,146,,M,4735510,0127243,410