Num_Acc,an,mois,jour,hrmn,lum,agg,int,atm,col,com,adr,gps,lat,long,dep
201300018261,13,10,29,1630,1,1,1,1,6,164,,,,,410
201300018262,13,11,17,1030,1,2,7,1,6,211,,,,,410
201300018263,13,12,1,400,3,1,1,5,7,126,,M,4728360,0127755,410
201300018264,13,12,20,1200,1,1,1,1,7,054,,,,,410
201300018265,13,12,28,1115,1,2,1,2,1,059,RUE DE CHEVERNY,M,4742280,0142880,410
201300018266,13,5,23,915,1,1,1,1,7,176,,M,4748270,0209070,410
201300018267,13,9,2,1915,1,2,1,1,6,161,18 RUE SAINT MARC,M,4754230,0203467,410
201300018268,13,11,20,715,2,1,1,1,3,127,,M,4757730,0178262,410
201300018269,13,11,22,1845,3,1,1,2,1,046,,M,4759990,0189822,410
201300018270,13,12,4,1845,5,2,1,1,1,159,72 RUE DU 11 NOVEMBRE,M,4753570,0179490,410
201300018271,13,12,11,1800,3,1,1,1,6,159,,M,4751050,0176278,410
201300018272,13,12,8,1730,3,1,1,1,1,216,,M,4797760,0123082,410
201300018273,13,12,14,1830,3,1,1,1,3,154,,,,,410
201300018274,13,12,19,1200,1,1,3,1,3,214,,M,4792100,0119262,410
201300018275,13,12,24,1900,3,1,1,3,1,048,,M,4793050,0108512,410
201300018276,13,2,14,730,3,1,1,2,1,300,1481 AVENEUE DES LANDES,M,4421290,0049048,470
201300018277,13,6,13,530,3,1,1,1,1,019,,M,4427400,0068500,470
201300018278,13,6,25,1715,1,1,1,1,7,069,,M,0000000,0000000,470
201300018279,13,10,23,1700,1,1,1,1,1,246,,M,4423370,0051187,470
201300018280,13,11,7,845,1,2,1,1,5,040,AVENUE DE LANDES,M,4420370,0054905,470
201300018281,13,11,8,830,1,2,1,1,6,209,AVENUE DE CAHORS,M,4421960,0066044,470
201300018282,13,11,20,1715,1,2,1,1,2,040,AVENUE DES LANDES,M,4420550,0054147,470
201300018283,13,12,12,815,2,1,1,5,3,060,,M,4411790,0071285,470
201300018284,13,12,24,1630,1,2,1,2,1,016,ROUTE DE ROQUEFORT D292,M,4413960,0055914,470
201300018285,13,5,3,830,1,1,1,1,3,213,,M,0000000,0000000,470
201300018286,13,6,5,745,1,1,2,1,3,190,,M,0000000,0000000,470
201300018287,13,6,29,730,1,1,1,1,1,066,,M,4424400,0045100,470
201300018288,13,7,1,1030,1,1,1,1,5,022,LIEU-DIT BARATET,M,4424720,0041334,470
201300018289,13,3,3,415,4,1,1,1,7,138,LIEU-DIT LAGASSE,M,4425780,0072854,470
201300018290,13,7,27,1845,1,1,1,1,6,234,,M,4421000,0075000,470
201300018291,13,8,30,2100,2,1,1,1,1,086,,M,0000000,0000000,470
201300018292,13,12,31,1500,1,2,1,1,1,310,boulevard max dormoy,M,0000000,0000000,470
201300018293,13,7,27,1145,1,1,1,1,7,071,,M,4446620,0048339,470
201300018294,13,10,19,1300,1,2,1,1,4,310,CHARLES DE GAULLE,M,4438980,0031019,470
201300018295,13,10,22,1700,2,1,3,1,3,159,,M,4439060,0019455,470
201300018296,13,11,1,1445,1,1,1,1,7,159,,M,4439570,0022865,470
201300018297,13,11,12,1045,1,2,1,1,1,310,RUE LABRUYERE,M,4439190,0030605,470
201300018298,13,12,16,700,2,1,1,8,2,253,,M,4444030,0013192,470
201300018299,13,8,1,1645,1,1,1,1,6,195,,M,0000000,0000000,470
201300018300,13,10,6,1300,1,1,1,1,2,097,,M,4421650,0037753,470
201300018301,13,11,26,1745,5,2,1,1,6,052,RD 933,M,0000000,0000000,470
201300018302,13,1,22,800,2,1,1,1,6,146,,M,4443010,0068460,470
201300018303,13,3,16,1830,1,1,1,2,7,284,LIEU-DIT MICHELOU,M,4453530,0088677,470
201300018304,13,3,25,15,3,1,1,1,6,117,LIEU-DIT GUILLAMOU,M,4432580,0077971,470
201300018305,13,4,1,1845,1,1,1,2,6,181,,M,4450600,0084800,470
201300018306,13,4,23,1830,1,1,1,1,6,297,LDT PRAT N?OU,M,4431850,0066352,470
201300018307,13,9,5,1900,2,2,1,7,6,280,RUE DE LA R?PUBLIQUE,M,4439740,0080613,470
201300018308,13,6,28,1330,1,2,1,1,6,273,RUE DE GARY,M,4486683,0188125,460
201300018309,13,6,23,2115,1,1,1,2,1,067,,M,4535131,0460791,420
201300018310,13,6,30,1630,1,2,1,1,3,023,rue de la R?publique,M,4529672,0455915,420
201300018311,13,10,25,1800,1,2,1,1,1,097,3 All?e des Florianes,M,4550210,0432117,420
201300018312,13,11,13,1600,1,1,1,1,1,030,,M,4581059,0403943,420
201300018313,13,4,24,1330,1,2,1,1,6,266,CD 109,M,4541635,0406880,420
201300018314,13,5,3,2015,2,1,1,1,3,262,,M,4540003,0416661,420
201300018315,13,3,31,545,3,1,1,2,6,038,,M,4564541,0420088,420
201300018316,13,7,16,1415,1,2,9,1,3,013,Route de bellegarde,M,4564627,0428980,420
201300018317,13,9,4,1445,1,1,1,1,7,010,,M,4556572,0437269,420
201300018318,13,10,4,1700,1,1,1,3,1,059,,M,4562850,0438316,420
201300018319,13,5,30,1615,1,1,1,2,1,334,,M,4585397,0435951,420
201300018320,13,7,7,1945,1,2,1,1,3,334,RUE JACQUES VERGNIER,M,4585139,0435709,420
201300018321,13,9,21,1045,1,1,1,7,3,334,,M,4584967,0430372,420
201300018322,13,6,24,1545,1,1,1,1,6,230,,M,4582309,0403258,420
201300018323,13,1,8,715,3,1,1,5,1,068,,M,0000000,0000000,120
201300018324,13,1,10,200,3,1,1,2,6,188,,M,4428000,0276100,120
201300018325,13,2,16,930,1,1,3,1,3,056,,M,4429400,0243600,120
201300018326,13,3,16,1515,1,1,2,1,3,188,,M,4428100,0277100,120
201300018327,13,6,30,1900,1,1,1,1,1,090,,M,4437200,0253200,120
201300018328,13,7,7,245,3,1,1,1,6,133,,M,0000000,0000000,120
201300018329,13,7,14,1400,1,1,4,1,5,050,,M,4423200,0277600,120
201300018330,13,7,26,745,1,1,1,1,1,090,,M,4437400,0248400,120
201300018331,13,8,8,1530,1,1,1,8,4,050,,M,0000000,0000000,120
201300018332,13,9,12,1830,2,1,1,2,2,032,,M,4430900,0238000,120
201300018333,13,10,12,2030,3,1,1,2,1,032,,M,4430800,0238900,120
201300018334,13,11,15,1645,1,1,1,8,1,090,,M,0000000,0000000,120
201300018335,13,12,31,1630,1,1,1,1,7,277,,M,0000000,0000000,120
201300018336,13,5,18,2030,2,1,1,3,6,061,,M,0000000,0000000,120
201300018337,13,3,24,430,3,2,1,2,6,203,CD 999  LAURAS,M,0000000,0000000,120
201300018338,13,7,21,1515,1,1,1,1,7,203,,M,4398200,0300600,120
201300018339,13,11,6,830,1,1,1,2,7,243,,M,4401700,0295400,120
201300018340,13,7,13,730,1,1,1,1,1,183,,M,4395700,0255600,120
201300018341,13,8,12,1215,1,1,1,1,1,248,,M,4387800,0261900,120
201300018342,13,9,18,1600,1,2,1,1,5,248,,M,4388600,0261400,120
201300018343,13,6,14,1500,1,1,1,7,1,242,,M,0000000,0000000,120
201300018344,13,9,2,1615,1,1,1,1,3,035,,M,4740257,-063195,490
201300018345,13,2,7,1115,1,1,1,1,3,377,Pont Reugnier,M,4754390,-043444,490
201300018346,13,2,12,645,3,1,1,1,3,307,Les Boires,M,4740869,-029743,490
201300018347,13,2,14,1145,1,1,1,8,6,323,,M,4752246,-049722,490
201300018348,13,3,23,1630,1,1,1,1,5,377,,M,4755229,-049388,490
201300018349,13,4,6,1815,1,1,2,1,3,307,,M,4741441,-031160,490
201300018350,13,4,27,830,1,1,1,1,6,238,Rue Nationale,M,4752177,-043725,490
201300018351,13,5,22,1515,1,1,1,2,6,241,,M,4748227,-041515,490
201300018352,13,6,2,1545,1,1,1,1,7,377,,M,4754295,-048584,490
201300018353,13,6,2,1630,1,1,1,1,6,117,GERBEAU,M,4743176,-043084,490
201300018354,13,6,28,2015,1,2,1,1,7,307,82 bis levee du roi Rene,M,4741062,-033151,490
201300018355,13,7,7,1715,1,1,1,1,1,241,La Perdri�re,M,4749328,-045645,490
201300018356,13,9,22,1145,1,1,1,1,2,042,,M,0000000,0000000,490
201300018357,13,9,28,900,1,1,1,8,1,377,La Dionni�re,M,4754202,-048647,490
201300018358,13,10,5,2030,4,1,1,1,6,042,,M,0000000,0000000,490
201300018359,13,10,6,215,3,1,1,1,7,307,Lev� du roi ren�,M,4741120,-033408,490
201300018360,13,10,26,1215,1,1,2,1,3,323,,M,0000000,0000000,490
201300018361,13,11,9,1315,1,1,1,2,3,323,,M,4751300,-047100,490
201300018362,13,11,15,1030,1,1,1,1,1,004,,M,0000000,0000000,490
201300018363,13,3,3,1415,1,1,1,1,7,082,La chapelle des mines,M,4734330,-071027,490
201300018364,13,12,15,1145,1,1,1,8,2,297,L'ile Bigeard,M,4737153,-096955,490
201300018365,13,2,5,1015,1,1,2,2,3,380,,M,4757981,-001967,490
201300018366,13,3,17,1115,1,1,1,1,2,101,La Bertraie,M,4765078,-007261,490
201300018367,13,12,4,1130,1,1,1,5,2,356,,M,4715652,-042040,490
201300018368,13,4,26,400,3,1,1,1,6,219,,M,4722260,0004694,490
201300018369,13,5,3,1700,1,1,1,1,6,112,,M,4717363,-013711,490
201300018370,13,10,5,1630,1,2,1,1,2,215,290 avenue Paul PAINLEVE,M,0000000,0000000,490
201300018371,13,8,18,1700,1,1,1,1,1,136,,M,0000000,0000000,490
201300018372,13,2,1,1115,1,1,1,2,7,043,,M,4758371,-076913,490
201300018373,13,3,8,1915,3,1,6,1,1,200,,M,4755709,-066639,490
201300018374,13,5,18,530,2,1,6,1,7,251,,M,4756719,-067762,490
201300018375,13,12,5,1715,3,1,1,1,4,155,,M,0000000,0000000,490
201300018376,13,6,8,545,2,1,1,1,7,132,l'etang,M,4766749,-042979,490
201300018377,13,11,22,800,1,1,1,1,6,216,,M,0000000,0000000,490
201300018378,13,3,15,1630,1,1,1,1,3,504,,M,4872900,0525200,550
201300018379,13,1,18,1600,1,1,1,1,7,282,,M,4881900,0532100,550
201300018380,13,7,21,1845,1,2,6,1,1,463,avenue de la lib?ration,M,4889900,0553700,550
201300018381,13,3,5,1850,3,1,3,1,3,573,,M,4868434,0562123,550
201300018382,13,2,4,1300,1,2,1,2,1,119,Lotissement le Rougis,M,4936835,0517615,550
201300018383,13,7,7,300,3,1,1,1,6,063,,M,4930500,0574700,550
201300018384,13,7,25,1515,1,2,1,7,3,158,Rue de VERDUN,M,0000000,0000000,550
201300018385,13,8,14,1500,1,1,1,1,3,002,,M,4920500,0555700,550
201300018386,13,8,4,15,5,2,1,1,7,110,2 rue de l'?glise,M,4953600,0529700,550
201300018387,13,11,7,1930,3,1,1,2,1,252,,M,4946470,0540831,550
201300018388,13,5,30,1630,1,1,3,2,3,203,LA PIECE,M,4839454,0005727,610
201300018389,13,9,14,1545,1,1,1,2,1,213,,M,4847434,-011605,610
201300018390,13,2,18,1515,1,1,1,1,1,036,,M,4863328,0010398,610
201300018391,13,3,7,1230,1,1,1,8,7,301,LES TROIS CORNES,M,4855319,0017215,610
201300018392,13,11,9,2230,3,1,1,3,7,133,,M,4860666,0034428,610
201300018393,13,3,7,2115,3,1,1,2,6,283,,M,4880363,-009054,610
201300018394,13,3,23,1900,2,1,1,1,3,179,FROMENTEL,M,4871869,-026904,610
201300018395,13,3,25,1630,1,1,1,1,1,210,,M,4867069,-015189,610
201300018396,13,4,28,700,2,1,1,1,7,298,,M,4873924,-004812,610
201300018397,13,10,9,1430,1,2,1,1,1,194,Le bourg,M,4873280,-009143,610
201300018398,13,11,10,430,3,1,1,1,6,346,L'HOTELLERIE FAROULT,M,4889411,0011008,610
201300018399,13,2,12,1730,1,1,1,1,5,232,LES ISLES,M,4863253,-069825,610
201300018400,13,7,31,1500,1,1,1,1,3,145,LA CROIX DE LA LIEUE,M,4883011,-058271,610
201300018401,13,9,3,1130,1,1,1,7,2,091,,M,4858797,-050067,610
201300018402,13,4,21,2230,3,1,1,1,6,223,LA VIEILLE COUR,M,4870159,-067325,610
201300018403,13,8,12,1355,1,2,1,1,7,376,LE BOURG,M,4868456,-062361,610
201300018404,13,6,4,1745,1,2,1,1,7,168,RUE SOEUR MARIE BOITIER,M,4859507,-035357,610
201300018405,13,12,19,1800,3,1,2,8,2,168,CARREFOUR EPINETTE,M,4856122,-039565,610
201300018406,13,6,19,830,1,1,3,1,3,255,LES PIGEOLETS,M,4845775,0061715,610
201300018407,13,9,12,1745,1,1,1,2,7,476,L'OISELET,M,4838553,0041583,610
201300018408,13,12,19,1900,3,1,1,9,7,229,,M,4851258,0059719,610
201300018409,13,1,1,345,3,1,1,1,7,422,LE VIEUX CHATEAU,M,4868714,0059260,610
201300018410,13,2,13,1715,1,1,3,8,5,140,,M,4871099,0066582,610
201300018411,13,3,8,1500,1,2,6,1,6,214,"1, rue Romain d'archy",M,4876469,0062832,610
201300018412,13,7,4,815,1,1,1,1,1,193,LA HULLIERE,M,4879451,0050194,610
201300018413,13,8,31,45,3,1,1,1,7,193,LE BOCAGE,M,4883633,0047957,610
201300018414,13,11,17,2045,3,1,1,1,6,297,,M,4864390,0045447,610
201300018415,13,8,26,530,4,1,9,1,1,356,L'AIGUILLON,M,4870449,0061578,610
201300018416,13,10,7,2300,3,1,1,1,6,079,GLAYE,M,4820491,0072387,610
201300018417,13,11,3,1800,3,1,1,2,1,246,LE GIBET,M,4827250,0077260,610
201300018418,13,5,24,1745,1,1,1,1,1,429,GENTILLY,M,4863234,0073907,610
201300018419,13,6,16,1815,1,1,1,1,1,125,BONCOUR,M,4840327,0092183,610
201300018420,13,7,22,1830,1,1,1,1,7,230,LA BANDONNIERE,M,4853956,0073440,610
201300018421,13,10,29,1115,1,1,1,1,2,345,,M,4842973,0075458,610
201300018422,13,1,28,1745,1,2,2,1,6,098,CH DU CLOS SAVOYE,M,4998232,0125571,760
201300018423,13,3,18,1645,1,2,2,2,3,255,"23, R JEAN DUHORNAY",M,5004848,0141599,760
201300018424,13,3,28,430,3,1,1,1,1,255,RTE DE SAINT PIERRE,M,5002840,0143433,760
201300018425,13,4,3,745,1,2,3,1,3,618,R DE LA MER,M,4995703,0122238,760
201300018426,13,6,8,1,5,2,1,1,6,507,ROUTE DE EU,M,5004299,0143470,760
201300018427,13,6,8,2345,5,2,1,1,6,711,RUE DU DOCTEUR PEPIN,M,5005820,0138074,760
201300018428,13,6,29,1930,1,2,6,1,3,255,ROND POINT CD 925 - 1915,M,5005306,0139940,760
201300018429,13,7,8,1445,1,2,1,1,3,711,"5, QU SADI CARNOT",M,5005968,0137992,760
201300018430,13,7,21,1215,1,2,1,1,1,644,,M,5000853,0137359,760
201300018431,13,7,28,1145,1,2,1,1,7,252,RUE DU DOUX MESNIL,M,5003380,0138817,760
201300018432,13,8,13,2000,1,1,1,1,6,255,,M,5003583,0142419,760
201300018433,13,8,15,1700,1,2,1,1,7,496,R DES HARES,M,4997972,0123220,760
201300018434,13,9,24,1400,1,2,1,1,6,711,AV CHARLES GOUNOT,M,5005496,0138267,760
201300018435,13,11,19,1330,1,1,1,1,1,644,,M,5001742,0139831,760
201300018436,13,12,16,1545,1,1,1,1,6,207,,M,4993079,0136843,760
201300018437,13,1,7,1530,1,1,1,8,2,673,,M,4946223,0125672,760
201300018438,13,2,18,900,1,1,1,1,1,548,,M,4947266,0135104,760
201300018439,13,3,2,1400,1,2,1,1,3,591,450 BIS RTE DE GOURNAY,M,4944238,0117690,760
201300018440,13,3,16,1730,1,1,1,2,6,358,,M,4947550,0140686,760
201300018441,13,4,11,1630,1,1,1,1,2,591,,M,4944235,0119138,760
201300018442,13,6,21,1,5,2,1,2,7,560,RTE DE LYONS LA FORET,M,4941829,0118789,760
201300018443,13,7,8,1715,1,1,1,7,6,560,CD 7 - PK23+500,M,4942381,0117117,760
201300018444,13,8,3,230,3,1,1,1,7,248,,M,4958364,0130702,760
201300018445,13,8,12,1445,1,1,2,1,3,248,,M,4957918,0129383,760
201300018446,13,10,6,1100,1,1,2,1,6,571,,M,4954151,0134418,760
201300018447,13,3,29,1615,1,1,1,1,1,126,,M,4569200,0315000,630
201300018448,13,6,2,1915,1,1,1,1,1,120,,M,0000000,0000000,630
201300018449,13,6,16,45,3,1,1,1,3,350,,M,4572700,0326200,630
201300018450,13,6,18,515,2,1,1,1,6,126,,M,0000000,0000000,630
201300018451,13,10,17,1445,1,2,1,1,1,457,boulevard du Comt�,M,0000000,0000000,630
201300018452,13,12,2,1615,1,2,1,7,6,455,2 Avenue de la monne,M,4512100,0328500,630
201300018453,13,2,19,1715,1,1,1,1,1,137,,M,4540900,0360400,630
201300018454,13,3,6,1715,1,2,1,1,1,211,AVENUE DU LIVRADOIS,M,0000000,0000000,630
201300018455,13,7,27,2115,2,2,1,1,1,003,13 ave Georges POMPIDOU,M,4555511,0375005,630
201300018456,13,8,30,1100,1,1,1,1,5,374,,M,0000000,0000000,630
201300018457,13,5,5,1500,1,1,1,1,6,207,,M,0000000,0000000,630
201300018458,13,8,12,1515,1,1,1,1,3,465,,M,4543600,0388600,630
201300018459,13,6,6,1715,1,2,1,1,6,353,route des granges,M,4546000,0354200,630
201300018460,13,6,19,1400,1,1,1,1,6,353,,M,4543900,0356200,630
201300018461,13,3,11,1400,1,1,1,2,1,261,,M,0000000,0000000,630
201300018462,13,5,7,1415,1,2,1,1,6,172,Le Bourg,M,0000000,0000000,630
201300018463,13,10,11,1100,1,1,1,2,6,380,,M,0000000,0000000,630
201300018464,13,10,18,1345,1,1,1,1,3,268,,M,0000000,0000000,630
201300018465,13,11,9,945,1,2,1,1,3,178,Boulevard du Mont-Mouche,M,0000000,0000000,630
201300018466,13,12,8,1700,2,2,1,1,1,007,RD 714 le bourg,M,0000000,0000000,630
201300018467,13,1,22,1300,1,1,1,8,3,397,,M,0000000,0000000,630
201300018468,13,6,6,1700,1,1,1,1,1,098,,M,4551200,0272100,630
201300018469,13,9,5,1030,1,2,1,1,6,236,place de la r?publique,M,4557255,0281138,630
201300018470,13,6,25,1730,1,1,1,1,1,400,,M,4604300,0336200,630
201300018471,13,7,19,1815,1,1,1,1,6,362,,M,4593100,0324300,630
201300018472,13,1,4,1330,1,1,1,2,3,223,,M,0000000,0000000,630
201300018473,13,6,6,730,1,2,6,1,6,231,ROND POING A89,M,4587032,0362829,630
201300018474,13,6,9,2330,3,1,1,8,1,066,,M,4586877,0365345,630
201300018475,13,7,15,1815,1,1,1,1,3,430,,M,0000000,0000000,630
201300018476,13,8,10,200,5,2,1,1,6,430,avenue de la 1er arm?e,M,0000000,0000000,630
201300018477,13,9,3,1815,1,2,1,1,6,430,36avenue des Cizolles,M,4584597,0353550,630
201300018478,13,12,3,1815,5,2,1,1,6,430,8 rue des grammonts,M,4585671,0354866,630
201300018479,13,12,15,415,5,2,1,9,6,276,Route de Billom,M,0000000,0000000,630
201300018480,13,10,31,1645,1,2,1,1,6,125,avenue Henri Pourrat,M,0000000,0000000,630
201300018481,13,1,2,1615,1,2,1,2,6,180,route du pont,M,0000000,0000000,630
201300018482,13,5,19,1215,1,1,1,8,3,201,,M,4594500,0338000,630
201300018483,13,8,28,30,3,1,1,2,6,271,,M,4593300,0346300,630
201300018484,13,10,25,1800,1,2,1,1,1,128,bajolet,M,4591600,0337800,630
201300018485,13,12,8,2100,5,1,1,8,6,271,,M,4593400,0349100,630
201300018486,13,12,12,1715,1,1,1,9,6,095,,M,4596300,0346000,630
201300018487,13,10,11,2000,3,1,1,3,1,252,,M,4763905,0349287,890
201300018488,13,2,17,700,5,2,1,5,6,382,Avenue COLBERT,M,4790281,0359976,890
201300018489,13,2,20,1600,1,1,1,1,5,068,,M,4782341,0376621,890
201300018490,13,5,7,1500,1,1,1,1,1,227,,M,4789319,0375857,890
201300018491,13,7,6,1815,1,2,1,1,1,226,rue Saint MARTIN - D.124,M,0000000,0000000,890
201300018492,13,8,3,1730,1,2,2,1,3,341,CARREFOUR D.956 / D.2,M,0000000,0000000,890
201300018493,13,8,11,1830,1,1,1,1,6,282,,M,0000000,0000000,890
201300018494,13,9,3,1045,1,1,1,1,6,198,,M,4788400,0356900,890
201300018495,13,9,26,1715,1,1,3,1,3,198,,M,4786300,0357800,890
201300018496,13,10,6,1600,1,1,1,1,7,034,,M,4781600,0371500,890
201300018497,13,11,20,1845,3,1,1,4,1,250,,M,0000000,0000000,890
201300018498,13,1,28,730,2,1,1,9,5,345,,M,4799881,0370408,890
201300018499,13,5,31,1715,1,2,1,2,5,276,route de Troyes,M,4804551,0379448,890
201300018500,13,7,21,2300,3,1,1,1,1,026,,M,0000000,0000000,890
201300018501,13,8,28,1800,1,2,1,1,2,026,82 RUE ETIENNE FINOT,M,4800409,0367930,890
201300018502,13,10,7,1345,1,2,1,1,6,402,grande rue,M,0000000,0000000,890
201300018503,13,1,6,1810,3,1,1,8,6,272,,M,4770429,0334748,890
201300018504,13,2,9,800,1,1,1,4,6,216,,M,4753483,0326312,890
201300018505,13,5,11,1015,1,1,1,1,6,344,,M,4761763,0307483,890
201300018506,13,5,12,1445,1,1,1,1,7,344,,M,4763127,0305363,890
201300018507,13,5,17,1900,1,1,1,1,7,400,,M,4755867,0333097,890
201300018508,13,6,14,2130,2,2,1,1,6,324,"D14, PK 57",M,4774139,0287707,890
201300018509,13,10,11,1100,1,1,1,8,6,311,,M,4777800,0341900,890
201300018510,13,6,1,1530,1,1,1,1,1,025,,M,4748100,0391600,890
201300018511,13,6,13,1015,1,1,1,1,7,025,,M,4747519,0391528,890
201300018512,13,1,7,1145,1,2,2,1,6,321,,M,0000000,0000000,890
201300018513,13,4,11,1545,1,1,1,3,1,355,,M,4786852,0407161,890
201300018514,13,6,29,615,2,2,1,2,7,211,GRANDE RUE,M,0000000,0000000,890
201300018515,13,7,3,1515,1,1,1,3,6,039,,M,0000000,0000000,890
201300018516,13,12,16,1015,2,1,1,8,1,407,,M,4785400,0404699,890
201300018517,13,4,16,830,1,2,1,1,3,473,Rue du Milieu,M,0000000,0000000,890
201300018518,13,6,14,1445,1,2,1,1,7,074,41 rue du centre,M,4832038,0312430,890
201300018519,13,11,4,1400,1,1,1,1,7,480,,M,0000000,0000000,890
201300018520,13,11,21,1400,1,1,1,8,2,456,,M,4830677,0316824,890
201300018521,13,12,6,1115,1,1,1,1,1,449,,M,0000000,0000000,890
201300018522,13,12,24,1545,1,1,2,2,3,449,,M,4833209,0309799,890
201300018523,13,1,11,1130,1,1,1,2,7,428,,M,4823367,0305745,890
201300018524,13,11,21,1345,1,1,1,1,6,380,,M,4808229,0308774,890
201300018525,13,1,8,900,1,2,1,1,6,348,avenue Wilson,M,4803288,0329589,890
201300018526,13,1,31,2045,3,1,1,1,6,142,Entre Buisson & Chapitre,M,4807762,0336603,890
201300018527,13,4,5,1630,1,1,1,1,3,464,,M,4806337,0329029,890
201300018528,13,11,9,1930,5,2,1,2,1,464,Faubourg Saint Nicolas,M,4809300,0329600,890
201300018529,13,8,28,1630,1,1,1,1,3,495,,M,4652504,0460674,710
201300018530,13,6,8,2215,3,2,1,3,6,550,,M,0000000,0000000,710
201300018531,13,11,1,1630,1,1,3,1,5,591,,M,0000000,0000000,710
201300018532,13,1,22,1045,1,2,1,1,6,014,avenue charles de gaulle,M,4695033,0429860,710
201300018533,13,1,26,1400,1,1,3,8,1,014,,M,0000000,0000000,710
201300018534,13,4,18,2130,3,1,1,1,1,162,,M,0000000,0000000,710
201300018535,13,4,26,330,3,1,1,1,6,162,,M,0000000,0000000,710
201300018536,13,5,7,1430,1,1,1,1,3,535,,M,4700600,0425466,710
201300018537,13,6,1,1100,1,1,2,1,3,144,,M,0000000,0000000,710
201300018538,13,7,5,1830,1,2,2,7,1,190,La dree,M,0000000,0000000,710
201300018539,13,7,22,30,5,2,6,1,6,014,Carrefour de la legion,M,0000000,0000000,710
201300018540,13,7,31,2045,1,1,1,1,6,014,,M,4694929,0434788,710
201300018541,13,8,15,1945,1,2,1,1,5,014,66 av de la republique,M,4695776,0430019,710
201300018542,13,9,5,1100,1,2,1,1,6,014,boulevard mazagran,M,4695574,0430661,710
201300018543,13,9,5,715,1,1,1,7,1,162,,M,0000000,0000000,710
201300018544,13,10,29,1000,1,1,1,1,3,493,,M,0000000,0000000,710
201300018545,13,12,21,800,1,1,1,8,7,438,,M,4703800,0440044,710
201300018546,13,7,5,1200,1,2,6,1,3,192,rond point de l'europe,M,4686674,0419916,710
201300018547,13,4,14,945,1,1,1,1,1,191,,M,0000000,0000000,710
201300018548,13,6,14,730,1,1,1,1,6,347,,M,0000000,0000000,710
201300018549,13,2,16,900,1,1,1,5,3,222,la foug�re,M,0000000,0000000,710
201300018550,13,11,15,645,3,1,1,3,3,463,,M,0000000,0000000,710
201300018551,13,12,9,1615,1,1,1,7,6,483,,M,4633484,0428481,710
201300018552,13,3,4,1330,1,1,1,1,1,132,,M,0000000,0000000,710
201300018553,13,5,5,2000,2,1,1,7,1,340,,M,0000000,0000000,710
201300018554,13,1,14,700,2,2,1,2,3,484,64 rue du bourg,M,0000000,0000000,710
201300018555,13,1,20,2030,3,1,1,4,1,064,,M,0000000,0000000,710
201300018556,13,4,7,1545,1,1,1,1,6,177,,M,0000000,0000000,710
201300018557,13,8,6,845,1,2,1,1,3,380,,M,0000000,0000000,710
201300018558,13,8,21,1715,1,1,3,1,3,263,,M,4664585,0520614,710
201300018559,13,8,31,1400,1,1,1,1,1,056,,M,0000000,0000000,710
201300018560,13,8,30,2015,2,2,1,1,7,263,,M,0000000,0000000,710
201300018561,13,9,21,1500,1,1,1,1,7,484,,M,0000000,0000000,710
201300018562,13,10,3,1600,1,1,1,1,3,196,,M,4665658,0534919,710
201300018563,13,10,14,1700,1,1,1,1,1,143,,M,4645887,0530715,710
201300018564,13,6,15,1900,1,2,1,1,1,061,RD817 - GARE SNCF,M,0000000,0000000,640
201300018565,13,9,21,1000,1,1,1,1,6,301,,M,4341010,-067408,640
201300018566,13,7,13,730,1,1,1,1,6,136,,M,4319300,0204999,110
201300018567,13,7,17,1215,1,1,1,1,5,009,,M,0000000,0000000,110
201300018568,13,10,26,1415,1,2,1,1,3,049,rue des ?coles,M,4324700,0211500,110
201300018569,13,2,18,445,3,2,1,1,6,035,CD 117,M,0000000,0000000,110
201300018570,13,7,27,1130,1,2,1,1,6,106,rue Hoche,M,0000000,0000000,110