Num_Acc,an,mois,jour,hrmn,lum,agg,int,atm,col,com,adr,gps,lat,long,dep
201300020285,13,10,18,1830,1,2,6,1,2,031,BROSSOLETTE (BOULEVARD P,M,4516644,0454189,190
201300020286,13,10,22,1810,2,2,1,2,2,031,"104, POMPIDOU (AVENUE GE",M,4515777,0454866,190
201300020287,13,10,22,1915,5,2,6,2,6,031,LALANDE (ROND-POINT GENE,M,4514751,0448647,190
201300020288,13,10,25,755,2,2,3,1,3,031,PASTEUR (AVENUE),M,4516768,0453149,190
201300020289,13,10,31,1320,1,2,3,1,3,031,GUEDIN (RUE GENERAL),M,4516738,0454341,190
201300020290,13,11,5,2010,5,2,2,2,3,031,TOULZAC (RUE JEAN BAPTIS,M,4515655,0450418,190
201300020291,13,11,6,1800,5,2,1,2,2,031,RIBOT (AVENUE),M,4516470,0450487,190
201300020292,13,11,6,1847,5,2,1,2,6,031,POMPIDOU (AVENUE GEORGES,M,4515792,0455351,190
201300020293,13,11,13,1410,1,2,3,1,3,031,RIBOT (AVENUE),,,,190
201300020294,13,11,15,1630,1,2,3,2,3,031,"""MOULIN (BOULEVARD JEAN)",,,,190
201300020295,13,11,16,750,2,2,1,1,2,031,MOULIN (BOULEVARD JEAN),M,4516305,0450276,190
201300020296,13,11,26,1350,1,2,2,1,3,031,MAILLARD (AVENUE),M,4516587,0454007,190
201300020297,13,11,28,1815,5,1,9,1,3,031,LISSAC (ROUTE DE),M,4513537,0449353,190
201300020298,13,11,30,1716,2,2,1,1,4,031,CLEMENCEAU (BOULEVARD),M,4515354,0453182,190
201300020299,13,12,3,1030,1,2,1,1,6,031,"12, SEVERINE (RUE)",M,4516258,0453776,190
201300020300,13,12,3,1805,5,2,1,1,6,031,KENNEDY (AVENUE JOHN),M,4516654,0454421,190
201300020301,13,12,4,1805,5,2,3,1,6,031,VERLHAC (BOULEVARD DOCTE,M,4516801,0453421,190
201300020302,13,12,5,1800,5,2,1,8,6,031,DAUTRY (AVENUE RAOUL),M,4515659,0154857,190
201300020303,13,12,5,1815,5,2,3,8,3,031,ALSACE LORRAINE (AVENUE),M,4515260,0153998,190
201300020304,13,12,6,1645,1,2,1,1,5,031,"67, RIBOT (AVENUE)",M,4516474,0451356,190
201300020305,13,12,8,10,5,2,2,1,3,031,DE JOUVENEL (BOULEVARD H,M,4516067,0452315,190
201300020306,13,12,10,1810,5,2,2,1,3,031,ROUSSEAU (AVENUE JEAN JA,M,4515268,0451975,190
201300020307,13,12,11,335,5,2,1,5,6,031,RIBOT (AVENUE),M,4516468,0451235,190
201300020308,13,12,12,1025,1,2,1,1,6,031,"02, CLADEL (RUE LEON)",M,4516181,0453700,190
201300020309,13,12,12,1910,5,2,2,1,3,031,DE JOUVENEL (BOULEVARD H,M,4516063,0452314,190
201300020310,13,12,17,1205,1,2,1,1,2,031,MOULIN (BOULEVARD JEAN),M,4516238,0450298,190
201300020311,13,12,23,2110,5,2,1,1,6,031,MALRAUX (AVENUE ANDRE),M,4516466,0149717,190
201300020312,13,12,25,2000,5,2,1,3,6,031,DELMAS (RUE FERNAND),M,4516036,0452616,190
201300020313,13,12,27,1809,5,2,3,1,3,031,"69, MAILLARD (AVENUE)",M,4516587,0454007,190
201300020314,13,12,29,30,5,2,3,2,2,031,LACHAUD (BOULEVARD EDOUA,M,4515675,0453228,190
201300020315,13,2,25,1045,1,1,6,8,3,058,,M,4792358,0719748,680
201300020316,13,10,28,2145,5,1,9,3,2,156,,M,0000000,0000000,680
201300020317,13,4,24,1645,1,1,1,1,3,315,,M,4788926,0725631,680
201300020318,13,4,30,2345,5,2,1,5,3,315,route de jungholtz,M,0000000,0000000,680
201300020319,13,6,16,1700,1,1,1,1,2,156,,M,4791300,0725300,680
201300020320,13,6,30,1615,1,1,2,1,3,177,,M,4794251,0715041,680
201300020321,13,7,15,1130,1,1,1,1,4,315,,M,4789004,0725640,680
201300020322,13,8,4,1730,1,1,1,1,1,315,,M,4787768,0719984,680
201300020323,13,2,21,1400,1,1,1,8,1,309,Chemin de l'Haezepoel,M,5095161,0261669,590
201300020324,13,5,12,1145,1,1,1,7,2,260,Rue de la Fronti�re,M,5105714,0255588,590
201300020325,13,7,21,1530,1,2,1,1,3,309,rue de Cassel,M,5097669,0258083,590
201300020326,13,9,9,1715,1,2,1,2,6,260,route de Furnes,M,5106179,0252227,590
201300020327,13,10,15,1800,1,1,1,1,1,605,Route de Furnes,M,5105097,0247087,590
201300020328,13,1,4,1940,5,2,1,8,1,272,RD89,,,,190
201300020329,13,1,30,735,2,2,3,1,3,272,"1, RAYMOND POINCARE (AV)",M,4527058,0376934,190
201300020330,13,4,3,1900,1,2,1,1,3,272,VENTADOUR (AV),,,,190
201300020331,13,4,10,1545,1,2,1,1,6,272,"57, MARTYRS (RUE)",,,,190
201300020332,13,4,25,1035,1,2,1,7,7,272,RD89,,,,190
201300020333,13,5,4,1547,1,2,9,7,6,272,DR RAMON (RUE),,,,190
201300020334,13,5,7,1250,1,2,1,1,6,272,"35, DR AIME AUDUBERT (RU",,,,190
201300020335,13,6,23,40,5,2,1,2,6,272,"0, JEAN MOULIN (BD)",,,,190
201300020336,13,7,3,1910,1,1,1,2,6,272,ALBERT DE LA PRADEL (AV),,,,190
201300020337,13,7,27,1635,1,2,1,1,6,272,"17, DR VALETTE (RUE)",,,,190
201300020338,13,8,4,2035,2,2,1,1,3,272,VICTOR CONTINSOUZA (QUAI,,,,190
201300020339,13,9,6,1328,1,2,1,1,6,272,CLEMENCEAU (CES),,,,190
201300020340,13,9,11,752,1,2,1,8,7,272,"2, FAGES (RUE)",,,,190
201300020341,13,10,5,850,1,2,1,3,6,272,"35, ALSACE LORRAINE (AVE",,,,190
201300020342,13,10,25,1055,1,2,1,1,6,272,"17G, DR VALETTE (RUE)",,,,190
201300020343,13,12,9,1445,1,2,1,1,6,272,"25, ALSACE LORRAINE (AVE",,,,190
201300020344,13,12,27,1145,1,2,1,2,1,272,"6, DR AIME AUDUBERT (RUE",,,,190
201300020345,13,2,8,230,3,1,4,9,6,275,BUSSIERTAS (RUE DE),M,4556889,0531835,190
201300020346,13,5,15,950,1,2,1,3,6,275,THIERS (AVENUE) N PAIRS,M,4554609,0530652,190
201300020347,13,7,23,1510,1,2,3,1,3,275,CHABRAT (RUE ALPHONSE),M,4554656,0530685,190
201300020348,13,8,18,1135,1,2,3,1,4,275,NEUVIC (ROUTE DE),M,4554242,0530711,190
201300020349,13,11,9,1136,1,2,1,1,2,275,TURGOT (AVENUE) N IMPAI,M,4554397,0530248,190
201300020350,13,11,26,1350,1,2,1,1,6,275,4 FOCH (BOULEVARD),M,4554675,0530814,190
201300020351,13,12,29,1115,1,1,1,2,3,275,R.D. 1089 NORD,M,4557436,0535177,190
201300020352,13,7,13,1500,1,1,1,1,3,300,,M,4779718,0736108,680
201300020353,13,7,17,1715,1,1,1,1,3,289,,M,4783091,0732003,680
201300020354,13,7,23,1745,1,2,6,2,6,300,rue de la hardt,M,4779058,0737947,680
201300020355,13,8,7,1615,1,1,1,1,6,064,,M,4781882,0754280,680
201300020356,13,9,25,845,1,2,1,1,3,020,rue de Battenheim,M,4782900,0751000,680
201300020357,13,10,22,1030,1,2,6,1,3,300,rue de Mulhouse,M,4778400,0736600,680
201300020358,13,12,5,1915,3,1,1,1,6,015,,M,4781292,0743840,680
201300020359,13,12,22,345,3,1,1,1,6,064,,M,0000000,0000000,680
201300020360,13,2,16,1640,1,2,1,1,2,054,"16A, SEURRE (ROUTE DE)",,,,210
201300020361,13,3,21,1345,1,2,3,1,5,054,JOIGNEAUX (RUE PIERRE),,,,210
201300020362,13,4,18,1014,1,2,1,1,3,054,JOURSANVAULT (PLACE),,,,210
201300020363,13,4,23,1445,1,2,2,1,6,054,CHEVIGNEROT (RUE DE),,,,210
201300020364,13,5,4,230,5,2,2,3,3,054,LORRAINE (RUE DE),,,,210
201300020365,13,6,5,1702,1,2,1,1,2,054,"70, SAINT-NICOLAS (RUE D",,,,210
201300020366,13,6,23,1824,1,2,1,1,3,054,"53, BRETONNIERE (RUE DU",,,,210
201300020367,13,6,27,1350,1,2,1,1,3,054,"56, PERPREUIL (RUE DU FA",,,,210
201300020368,13,7,1,922,1,2,2,1,3,054,REON (RUE DE),,,,210
201300020369,13,8,28,1205,1,2,1,1,3,054,COLBERT (RUE),,,,210
201300020370,13,8,30,1155,1,2,1,1,3,054,MALMEDY (SQUARE),,,,210
201300020371,13,10,3,1105,1,2,1,1,6,054,"10, GENET (COURS DU)",,,,210
201300020372,13,10,3,1800,1,2,1,1,3,054,"1, FOCH (BOULEVARD MAREC",,,,210
201300020373,13,10,19,1645,1,2,1,1,3,054,SAINT-JACQUES (BOULEVARD,,,,210
201300020374,13,11,27,1020,1,2,1,1,3,054,"5, CLEMENCEAU (BOULEVARD",,,,210
201300020375,13,1,2,1954,5,2,2,8,1,231,ARQUEBUSE (DE L') (RUE),,,,210
201300020376,13,1,3,1823,5,2,2,1,6,231,PAUL DOUMER (BOULEVARD),,,,210
201300020377,13,1,4,2041,5,2,2,8,6,231,"17, MARECHAL LYAUTEY (AV",,,,210
201300020378,13,1,8,341,5,2,6,1,6,231,8 MAI 1945 (ROND-POINT),,,,210
201300020379,13,1,10,1228,1,2,9,2,3,231,"25, DEVOSGE (RUE)",,,,210
201300020380,13,1,10,908,1,2,3,2,6,231,MARIOTTE (RUE),,,,210
201300020381,13,1,18,802,2,2,9,1,6,231,PIERRE DE COUBERTIN (RUE,,,,210
201300020382,13,1,18,1142,1,2,2,1,3,231,MARECHAL GALLIENI (BOULE,,,,210
201300020383,13,1,30,1047,1,2,1,2,2,231,"8, CARNOT (BOULEVARD)",,,,210
201300020384,13,2,5,452,5,2,3,2,6,231,ARQUEBUSE (DE L') (RUE),,,,210
201300020385,13,2,6,1942,5,2,4,2,6,231,"166, LONGVIC (DE) (RUE)",,,,210
201300020386,13,2,7,1927,5,2,3,2,3,231,HENRI CAMP (BOULEVARD),,,,210
201300020387,13,2,9,2000,5,2,1,1,5,231,"106, AUXONNE (D') (RUE)",,,,210
201300020388,13,2,10,505,5,2,7,1,6,231,WILSON (PLACE),,,,210
201300020389,13,2,13,1745,2,2,3,1,3,231,JEANNE D'ARC (BOULEVARD),,,,210
201300020390,13,2,18,809,1,2,9,1,1,231,"19, DEVOSGE (RUE)",M,4700000,0500000,210
201300020391,13,2,20,1910,3,2,2,1,1,231,CHEVREUL (RUE),,,,210
201300020392,13,2,28,1545,1,2,1,1,6,231,LOUIS ARAGON (RUE),,,,210
201300020393,13,3,3,1835,5,2,1,1,2,355,"102, DIJON (DE) (ROUTE)",,,,210
201300020394,13,3,7,30,5,2,2,1,3,278,"2, AIGUILLOTTES (DES) (B",,,,210
201300020395,13,3,9,1946,5,2,1,1,6,231,"26, LEONARD DE VINCI (RU",,,,210
201300020396,13,4,9,1724,1,2,3,2,3,231,"179, GUSTAVE EIFFEL (AVE",,,,210
201300020397,13,4,12,1130,1,2,1,1,6,231,"9, FORT DE LA MOTTE GIRO",,,,210
201300020398,13,4,16,1919,2,2,3,1,6,231,"4, PONT DES TANNERIES (D",,,,210
201300020399,13,4,19,1335,1,2,1,1,3,231,"53, PREFECTURE (DE LA) (",,,,210
201300020400,13,5,3,2110,1,2,2,2,2,231,CHICAGO (DE) (BOULEVARD),,,,210
201300020401,13,5,6,1116,1,2,4,1,6,166,LEON GAMBETTA (RUE),,,,210
201300020402,13,5,6,1957,1,2,6,1,6,231,LANGRES (DE) (ROUTE),,,,210
201300020403,13,5,7,2244,5,2,1,1,2,231,"5, PAUL CLAUDEL (RUE)",,,,210
201300020404,13,5,15,1834,1,1,9,1,6,231,DEVOSGE (RUE),,,,210
201300020405,13,5,17,1148,1,2,2,2,6,278,ALLOBROGES (DES) (BOULEV,,,,210
201300020406,13,5,18,844,1,2,2,1,2,231,VOIE EXPRESS,,,,210
201300020407,13,5,22,1818,1,2,2,8,1,231,"1, BOUDRONNEE (DE LA) (R",,,,210
201300020408,13,5,24,1026,1,2,1,1,6,231,"114, TALANT (DE) (RUE)",,,,210
201300020409,13,6,5,1639,1,2,2,1,3,355,PREVOTS (DES) (RUE),,,,210
201300020410,13,6,8,49,5,2,3,1,3,231,"32, MONGE (RUE)",,,,210
201300020411,13,6,9,453,5,2,6,1,6,231,NATION (DE LA) (ROND POI,,,,210
201300020412,13,6,13,2150,5,2,1,8,6,231,"12, GENERAL FAUCONNET (D",,,,210
201300020413,13,6,14,1337,1,2,1,1,6,231,PERRIERES (DES) (RUE),,,,210
201300020414,13,6,16,1250,1,2,1,1,2,231,"24, TALANT (DE) (RUE)",,,,210
201300020415,13,6,17,1720,1,2,1,1,3,231,"1, CHANOINE KIR (BOULEVA",,,,210
201300020416,13,6,26,1742,1,2,3,1,4,231,LANGRES (DE) (AVENUE),,,,210
201300020417,13,7,1,955,1,2,2,1,3,231,PASCAL (BOULEVARD),,,,210
201300020418,13,7,1,1140,1,2,1,1,1,231,"220, AUXONNE (D') (RUE)",,,,210
201300020419,13,7,2,1159,1,2,7,1,6,231,"2, MANSART (BOULEVARD)",,,,210
201300020420,13,7,2,1715,1,2,7,1,6,231,"51, SAMBIN (RUE)",,,,210
201300020421,13,7,2,1802,1,2,2,1,3,166,MARECHAL LECLERC (DU) (B,,,,210
201300020422,13,7,5,1440,1,2,1,1,6,231,"1, STRASBOURG (DE) (BOUL",,,,210
201300020423,13,7,8,2215,5,2,1,1,3,231,"34, GRAY (DE) (RUE)",,,,210
201300020424,13,7,9,1152,1,2,1,1,3,231,LEON MAURIS (RUE),,,,210
201300020425,13,7,11,2120,1,2,1,1,3,231,"9, CASTELNAU (RUE)",,,,210
201300020426,13,7,14,2051,1,2,2,1,3,231,GUSTAVE EIFFEL (AVENUE),,,,210
201300020427,13,7,16,2049,1,2,1,1,2,617,"17, RETISSEYS (DES) (RUE",,,,210
201300020428,13,7,16,1655,1,2,2,1,1,231,PONT DES TANNERIES (DU),,,,210
201300020429,13,7,17,145,5,2,2,1,6,231,"74, DRAPEAU (DU) (AVENUE",,,,210
201300020430,13,7,19,2334,5,2,2,1,3,231,"14, DIDEROT (RUE)",,,,210
201300020431,13,7,16,1858,1,2,3,1,6,231,ALPHONSE LEGROS (RUE),,,,210
201300020432,13,8,7,1819,1,2,7,8,6,231,"52, DEVOSGE (RUE)",,,,210
201300020433,13,8,9,1020,1,2,3,1,6,231,DAUBENTON (RUE),,,,210
201300020434,13,8,10,1530,1,2,2,1,1,231,LONGVIC (DE) (RUE),,,,210
201300020435,13,8,13,1204,1,2,3,1,6,231,"13, CHICAGO (DE) (BOULEV",,,,210
201300020436,13,8,14,32,5,2,2,1,3,231,GUSTAVE EIFFEL (AVENUE),,,,210
201300020437,13,8,21,814,1,2,4,1,4,231,GEORGES POMPIDOU (VOIE),,,,210
201300020438,13,8,22,2258,5,2,7,1,2,231,REPUBLIQUE (DE LA) (PLAC,,,,210
201300020439,13,8,22,1913,1,2,1,1,2,231,"4, GEORGES SIMENON (RUE)",,,,210
201300020440,13,8,30,1948,1,2,3,1,1,231,"59, MIRANDE (DE) (RUE)",,,,210
201300020441,13,9,7,152,5,2,7,2,2,231,"3, BARBE (PLACE)",,,,210
201300020442,13,9,11,2317,5,2,2,2,2,231,"11, MONTMARTRE (RUE)",,,,210
201300020443,13,9,14,549,5,2,3,1,6,231,"33, OUEST (DE L') (BOULE",,,,210
201300020444,13,10,5,1635,1,2,2,2,3,355,DIJON (DE) (ROUTE),,,,210
201300020445,13,10,15,1717,1,2,9,2,5,231,"81, MONGE (RUE)",,,,210
201300020446,13,10,16,1515,1,2,2,1,6,355,"9, DIJON (DE) (ROUTE)",,,,210
201300020447,13,10,16,1946,5,2,1,2,5,231,"50, AUXONNE (D') (RUE)",,,,210
201300020448,13,10,17,1223,1,2,2,1,3,231,LAMONNOYE (RUE),,,,210
201300020449,13,10,26,1020,1,2,3,1,6,231,BATAILLON DE CHOC (DU) (,,,,210
201300020450,13,11,5,1816,5,2,2,2,6,231,"23, CARNOT (BOULEVARD)",,,,210
201300020451,13,11,6,1426,1,2,3,1,6,231,"68, TRANSVAAL (DU) (RUE)",,,,210
201300020452,13,11,6,2348,5,2,3,1,6,231,HOPITAL (DE L') (RUE),,,,210
201300020453,13,11,8,1142,1,2,1,2,3,231,"43, DEVOSGE (RUE)",,,,210
201300020454,13,11,14,2119,5,2,3,2,3,231,"142, AUXONNE (D') (RUE)",,,,210
201300020455,13,11,15,1156,1,2,1,1,2,231,"21, JEAN JAURES (AVENUE)",,,,210
201300020456,13,11,22,1343,1,2,3,1,3,355,DIJON (DE) (ROUTE),,,,210
201300020457,13,11,23,1833,1,2,3,1,1,231,LANGRES (DE) (AVENUE),,,,210
201300020458,13,11,24,1123,1,2,3,1,3,278,"14, COTES D'AHUY (RUE DE",,,,210
201300020459,13,11,27,1857,5,2,2,1,6,231,"24, JOUVENCE (DE) (RUE)",,,,210
201300020460,13,11,28,644,5,2,2,1,1,355,INDUSTRIES (DES) (BOULEV,,,,210
201300020461,13,12,6,1453,1,2,2,1,1,166,ROLAND CARRAZ (AVENUE),,,,210
201300020462,13,12,18,1746,5,2,6,1,6,231,PAUL DOUMER (BOULEVARD),,,,210
201300020463,13,12,20,420,5,2,7,1,7,231,30 OCTOBRE ET DE LA LEGI,,,,210
201300020464,13,12,28,713,5,2,9,2,1,231,"3, OUEST (DE L') (BOULEV",,,,210
201300020465,13,5,1,1630,1,1,3,1,3,271,,M,4545060,0460704,420
201300020466,13,5,26,2030,1,1,1,1,1,032,,M,4550715,0454151,420
201300020467,13,7,20,415,3,1,1,1,7,308,,M,4546624,0458404,420
201300020468,13,7,20,2300,3,1,1,8,7,308,,M,4546495,0458430,420
201300020469,13,8,27,2000,2,2,1,2,1,271,47 route de la terrasse,M,4547634,0458210,420
201300020470,13,11,11,1630,1,1,1,1,1,167,,M,4546285,0464878,420
201300020471,13,12,18,2030,3,1,1,8,1,032,,M,4551750,0454260,420
201300020472,13,1,10,750,5,2,1,2,6,050,"1, CAPITAINE HESRY (RUE)",,,,220
201300020473,13,3,14,835,1,2,1,4,6,050,"14, RUE DES ROUAIRIES",M,4845420,-205027,220
201300020474,13,4,6,145,3,1,1,1,7,050,CHEMIN FONTAINE EAUX,M,4846815,-203944,220
201300020475,13,4,21,2045,2,2,3,1,3,050,ESPERANCE/CHATEAUBRIAND,M,4845076,-204751,220
201300020476,13,5,2,1645,1,2,1,1,1,050,CHEMIN DU PONT PINET,M,4846087,-204922,220
201300020477,13,5,23,1540,1,2,1,1,6,050,RUE DE SAINT MALO,M,4845605,-204336,220
201300020478,13,7,15,1705,1,2,1,1,6,050,Bd EXMOUTH,M,4846193,-204195,220
201300020479,13,7,16,1645,1,2,3,1,3,050,Bd AUBERT/PEDRON,M,4846196,-204519,220
201300020480,13,8,22,1715,1,2,1,7,6,050,17 RUE DES ROUAIRIES,M,4845415,-205040,220
201300020481,13,8,20,1730,1,2,1,1,6,050,22. RUE DES ROUAIRIES,M,4845410,-205098,220
201300020482,13,1,3,1345,1,2,1,1,2,113,QUAI D'AIGUILLON,M,4873132,-346033,220
201300020483,13,1,9,920,1,2,1,2,6,113,ROUTE DE TREBEURDEN,M,4873781,-346766,220
201300020484,13,1,21,1210,1,2,1,3,1,113,RUE DES CORDIERS,M,4873185,-344397,220
201300020485,13,1,23,1955,3,2,1,1,7,113,RD 767,M,4874724,-344734,220
201300020486,13,2,12,1202,1,1,1,2,5,113,RD 767,M,4873921,-343966,220
201300020487,13,2,18,800,1,1,6,9,7,113,CHEMIN DE KERZOLLES,M,4875116,-345896,220
201300020488,13,2,21,1835,1,2,6,8,7,113,RUE EDOUARD BRANLY,M,4875728,-345155,220
201300020489,13,2,27,1435,1,2,1,1,6,113,PARKING AIGUILLON,M,4873099,-346051,220
201300020490,13,3,9,1605,1,2,6,1,3,113,Rt TREGUIER/PERROS,M,4873543,-343668,220
201300020491,13,4,8,1950,1,2,1,1,6,113,RUE DES HARAS,M,4873117,-345219,220
201300020492,13,4,12,1310,1,2,6,2,2,113,RUE DE BUZULZO,M,4872774,-345971,220
201300020493,13,4,12,1825,1,1,1,2,4,113,ROUTE DE KERMARIA SULARD,M,4875208,-341249,220
201300020494,13,5,7,2015,1,2,2,1,3,113,Bd MENDES FRANCE,M,4873038,-346886,220
201300020495,13,5,7,1015,1,2,1,1,6,113,PARKING DE KERMARIA,M,4872750,-345707,220
201300020496,13,5,31,1755,1,2,1,1,2,113,SAINT MARC (RUE DE),M,4873390,-344239,220
201300020497,13,6,13,1755,1,2,1,1,3,113,1 RUE DE TROROZEC,M,4872702,-346098,220
201300020498,13,6,9,1615,1,2,1,1,7,113,7 RUE DES FRERES LAGADEC,M,4872766,-346606,220
201300020499,13,6,14,1350,1,2,6,1,6,113,,M,4875129,-345894,220
201300020500,13,6,27,840,1,2,3,1,3,113,RuE J D'ARC/Pl MARCHALLA,M,4873280,-345682,220
201300020501,13,7,10,1415,1,1,1,1,3,113,PERROS (ROUTE DE),,,,220
201300020502,13,7,13,850,1,2,1,1,2,113,"14, ALLEE PALAIS JUSTICE",M,4872817,-345783,220
201300020503,13,8,14,1800,1,2,1,1,2,113,43 BOULEVARD D'ARMOR,M,4874663,-346421,220
201300020504,13,8,16,1130,1,1,1,1,2,113,"80,RUE FRERES LAGADEC",M,4872487,-347259,220
201300020505,13,8,20,1700,1,2,1,1,4,113,"49, ROUTE DE TREGUIER",M,4873846,-343129,220
201300020506,13,8,22,930,1,2,6,1,3,113,RUE DE SAINT MARC,M,4873426,-344044,220
201300020507,13,8,16,825,1,2,1,1,7,113,RUE DE  TROROSEC,M,4872665,-346098,220
201300020508,13,9,24,1000,1,2,1,1,6,113,ALLEE G.CLEMENCEAU,M,4872894,-345989,220
201300020509,13,9,28,1020,1,2,3,9,3,113,Rte TREBEURDEN/R�s BREIZ,M,4874099,-346826,220
201300020510,13,10,4,920,1,2,1,1,7,113,POMPIDOU (RUE GEORGES),,,,220
201300020511,13,11,21,1830,5,1,6,3,3,113,RUSQUET (ROND POINT DU),M,4875113,-344864,220
201300020512,13,11,25,810,3,1,1,1,2,113,R.D.767,M,4871634,-340120,220
201300020513,13,12,15,1920,3,1,1,2,6,113,R.D.767,M,4871468,-339629,220
201300020514,13,12,7,1230,1,2,1,1,7,113,R.D.767 pasDOS GEO,M,4874428,-344487,220
201300020515,13,12,13,1410,1,1,1,1,7,113,KER AR FAOUT (CHEMIN DE),M,4875588,-348459,220
201300020516,13,12,14,1020,1,1,9,1,3,113,TREGASTELPAS DOS GEO,M,4876510,-347753,220
201300020517,13,12,9,1800,2,2,1,1,7,113,BOUTIL pas dos geo,M,4872417,-342987,220
201300020518,13,7,22,2130,1,1,1,1,6,113,"50, BEG LEGUER (ROUTE DE",M,4874181,-350958,220
201300020519,13,1,3,1800,5,2,1,1,4,215,5 Rue du 14 Juillet 1789,M,4849946,-278374,220
201300020520,13,1,4,1920,5,2,3,1,3,278,RUE RAHUEL/FRANC TIREURS,M,4850662,-274868,220
201300020521,13,1,9,1200,1,2,1,1,3,106,8 RUE JM BAUDET,M,4849694,-272265,220
201300020522,13,1,11,1330,1,1,1,1,6,106,PARKING CARREFOUR,M,4849565,-272887,220
201300020523,13,1,11,1200,1,2,1,1,1,278,30 RUE DE LA REPUBLIQUE,M,4852007,-273187,220
201300020524,13,1,12,2045,5,2,3,1,3,278,Bd AUVERGNE/A. CROIZAT,M,4851366,-277493,220
201300020525,13,1,12,235,5,2,1,1,7,278,47 RUE ABBE GARNIER,M,4850509,-276183,220
201300020526,13,1,15,1800,5,2,1,2,6,278,7 RUE ABBE GARNIER,M,4850617,-276119,220
201300020527,13,1,16,1835,5,2,3,1,3,106,RUE DE BREST/MORGAN,M,4850064,-272651,220
201300020528,13,1,21,800,2,1,1,4,7,360,RD 222,M,4847875,-277250,220
201300020529,13,1,22,1100,1,2,1,2,1,278,"31, RUE MICAUDERIE",M,4852481,-279700,220
201300020530,13,1,26,415,5,2,2,2,1,278,RUE CORDERIE/TOUR AUVERG,M,4851555,-277361,220
201300020531,13,1,31,2101,3,1,6,1,7,360,Echangeur du Guerneau,M,4847808,-276803,220
201300020532,13,2,6,115,3,1,1,1,7,360,RUE DE LA VALLEE,M,4848182,-269135,220
201300020533,13,2,11,900,1,2,1,8,7,278,CENTRE COMMERCIAL GEANT,M,4851957,-279180,220
201300020534,13,2,16,1910,5,2,1,1,3,360,RUE MARC SEGUIN,M,4848811,-272112,220
201300020535,13,2,19,1805,2,2,1,1,2,278,101 RUE DE GOUEDIC,M,4850787,-275194,220
201300020536,13,2,23,1010,1,1,1,8,7,360,RUE DES VALLEES,M,4848293,-269160,220
201300020537,13,2,24,200,5,2,1,1,7,278,RUE MONGE,M,4849971,-274264,220
201300020538,13,2,26,1800,2,2,1,1,6,215,5BIS Rue FONTAINE MORIN,M,4849093,-279393,220
201300020539,13,2,26,1820,2,2,3,1,3,215,RUE DES CROIX/GOELO,M,4848856,-278507,220
201300020540,13,3,5,1715,1,1,3,1,4,360,RUE DES VALLEES/CALMET,M,4847881,-271010,220
201300020541,13,3,5,1700,1,2,1,1,4,278,36 RUE DE PARIS,M,4850412,-274141,220
201300020542,13,3,7,1920,1,2,6,1,3,278,RUE DE PARIS/ALEMBERT,M,4850377,-274065,220
201300020543,13,3,8,1615,1,1,3,1,2,360,RUES VALLEES,M,4848181,-269310,220
201300020544,13,3,20,730,1,2,3,1,3,278,"36, TROIS-FRERES-LE-GOFF",M,4851671,-276490,220
201300020545,13,3,21,1820,2,1,1,3,2,215,RUE DU PONT NOIR,M,4848952,-283794,220
201300020546,13,3,21,1330,1,2,6,1,3,278,RUE MONGE/BERTHOLLET,M,4850079,-274102,220
201300020547,13,3,28,1820,1,2,3,1,3,278,RUE LOUIS BLANC/VILLON,M,4849896,-276853,220
201300020548,13,3,29,1710,1,1,1,2,3,215,RUE DU PONT DES ILES,M,4852308,-281818,220
201300020549,13,3,29,1900,2,1,1,2,7,215,RUE DU PONT DES ISLES,M,4852570,-282316,220
201300020550,13,3,29,1945,3,2,1,1,7,215,RUE DES VILLES MOISAN,M,4849843,-277196,220
201300020551,13,3,30,1600,1,2,3,1,3,278,"48, RUE DU DR RAHUEL",M,4850640,-274778,220
201300020552,13,3,30,1545,1,1,1,1,3,106,"0, RN12",M,4849759,-272498,220
201300020553,13,4,3,955,1,2,1,1,6,278,RUE DE ROHAN,M,4851330,-276271,220
201300020554,13,4,3,720,2,2,6,1,6,278,RUE MONGE,M,4850081,-274083,220
201300020555,13,4,5,830,2,1,1,8,4,215,RUE DU PONT NOIR,M,4848967,-284151,220
201300020556,13,4,5,1715,1,1,1,2,7,215,RUE DU PONT DES ISLES,M,4852567,-282271,220
201300020557,13,4,11,1335,1,2,1,3,2,278,"65, RUECHAPTAL",M,4850778,-273297,220
201300020558,13,4,11,1200,1,2,1,1,7,278,RUE DU LEGUE,M,4852276,-276115,220
201300020559,13,4,13,1550,1,1,1,1,7,360,32 RUE DE LA LANDE,M,4847923,-270965,220
201300020560,13,4,15,1806,1,1,1,1,1,360,RUE DES ROCHERS,M,4847170,-275177,220
201300020561,13,4,21,350,5,2,6,1,7,278,Rd Pt ABERYSTWYTH,M,4849774,-275295,220
201300020562,13,4,19,1850,1,2,1,1,7,106,CHEMIN DES NOUETTES,M,4851352,-270907,220
201300020563,13,4,26,955,1,1,3,1,5,360,RUE VALLEES/PETIT BOIS,M,4847790,-271898,220
201300020564,13,4,25,1557,1,2,1,1,7,278,Esplanade Raoul Poupard,M,4851115,-275558,220
201300020565,13,4,27,110,4,2,1,1,7,106,"15, RUE DE RENNES",M,4849422,-271362,220
201300020566,13,5,5,445,5,2,1,1,7,215,4 RUE DE BEL AIR,M,4849747,-278978,220
201300020567,13,5,7,1415,1,2,1,1,6,278,"53, Bd CLEMENCEAU",M,4850740,-276064,220
201300020568,13,5,13,2120,2,2,1,1,7,278,25 RUE CORDIERE,M,4850928,-276842,220