Num_Acc,an,mois,jour,hrmn,lum,agg,int,atm,col,com,adr,gps,lat,long,dep
201300020832,13,10,28,1952,5,2,1,3,6,056,"32, DOLE RUE DE <82",M,4723474,0601188,250
201300020833,13,10,31,955,1,2,1,1,3,056,"sans, FLEMING BOULEVARD",M,4722618,0596557,250
201300020834,13,10,31,2029,5,2,1,1,1,056,"?, VAITE AVENUE DE LA",M,4725189,0603835,250
201300020835,13,11,2,2058,1,2,1,1,2,056,"SANS, OUEST BOULEVARD",,,,250
201300020836,13,11,3,1157,1,2,1,1,6,056,"SANS, SEMARD  RUE PIERRE",M,4725297,0603674,250
201300020837,13,11,4,806,1,2,1,1,6,056,"SANS, FAURE AVENUE EDGAR",M,4724431,0601947,250
201300020838,13,11,4,1806,2,2,1,3,6,056,"gps, MEGEVAND RUE",M,4723639,0602280,250
201300020839,13,11,6,1531,1,2,1,1,2,056,"sans, BELFORT RUE DE BEL",,,,250
201300020840,13,11,8,2034,5,2,3,2,3,056,"SANS, CRAS RUE DES",M,4725717,0603579,250
201300020841,13,11,12,2105,5,2,1,1,6,056,"41, VILLARCEAU AVENUE",M,4723842,0601293,250
201300020842,13,11,13,909,1,2,1,1,3,056,LAGRANGE  AVENUE LEO,,,,250
201300020843,13,11,14,1727,5,2,1,3,6,056,"SANS, DOLE RUE DE >82 &",,,,250
201300020844,13,11,19,138,5,2,1,5,7,056,"SANS, CHARDONNET AV. DE",M,4723276,0603807,250
201300020845,13,11,20,1505,1,2,1,2,6,056,"sans, RN 1057 (CH. EPITA",M,0000000,0000000,250
201300020846,13,11,21,1306,1,2,1,2,6,056,"5, CHARIGNEY RUE DE<16 E",M,4725706,0604534,250
201300020847,13,11,22,146,5,2,1,4,6,056,"sans, MORRE ROUTE DE",M,4713664,0659020,250
201300020848,13,11,22,1530,1,2,1,1,7,056,VESOUL RUE DE > 52,M,4725090,0601837,250
201300020849,13,11,22,2320,3,2,1,2,5,056,OUEST BOULEVARD,M,4712882,0559245,250
201300020850,13,11,23,940,1,2,1,1,6,056,"69, DOLE RUE DE <82",M,4723043,0599398,250
201300020851,13,11,23,1736,2,2,1,1,6,056,BELFORT RUE DE <144,,,,250
201300020852,13,11,26,1102,1,2,1,1,7,056,"24, SAVARY RUE ALAIN",M,4725079,0599633,250
201300020853,13,11,26,1920,1,2,2,1,3,056,"SANS, GAULLE BOULEVARD C",M,4723516,0601879,250
201300020854,13,11,27,1216,1,2,1,1,1,056,"15, CLERC RUE FRANCIS <",M,4725502,0602332,250
201300020855,13,11,28,721,1,2,2,1,3,056,"SANS, CHURCHILL BD WINST",M,4723909,0601904,250
201300020856,13,11,28,1450,1,2,1,1,5,056,"154, BELFORT RUE DE BELF",,,,250
201300020857,13,12,8,150,5,2,1,9,6,056,"149, DOLE RUE DE >185 &",,,,250
201300020858,13,12,9,848,1,2,1,1,2,056,"5, GARNIER RUE LOUIS",M,4721695,0596847,250
201300020859,13,12,17,844,1,2,1,9,1,056,"SANS, SANATORIUM CHEMIN",,,,250
201300020860,13,12,17,1900,5,2,1,1,6,056,"13, DROZ   AVENUE EDOUAR",M,4724000,0603374,250
201300020861,13,12,17,1730,3,2,1,1,6,056,MONTRAPON AVENUE DE,,,,250
201300020862,13,12,20,745,5,2,1,2,6,056,"SANS, TORCOLS CHEMIN DES",M,4715654,0608860,250
201300020863,13,12,22,1022,1,2,1,1,2,056,"SANS, BLUM  BOULEVARD LE",,,,250
201300020864,13,12,26,1335,1,2,1,2,6,056,"SANS, RN 1057 (BD CHURCH",M,4724429,0598274,250
201300020865,13,12,28,1715,2,2,1,2,6,056,"104, DOLE RUE DE >82 & <",M,4723105,0599458,250
201300020866,13,12,28,2250,5,2,1,2,6,056,"sans, FAURE AVENUE EDGAR",,,,250
201300020867,13,2,1,950,5,2,2,1,3,580,OEHMICHEN (RUE),M,4747185,0683459,250
201300020868,13,2,1,1930,5,2,1,3,6,547,"39, AVENUE LECLERC",M,4700000,0682692,250
201300020869,13,3,1,2040,5,2,2,1,3,230,EGOUTTE (RUE D'),,,,250
201300020870,13,3,9,2040,5,2,1,1,6,388,BETHONCOURT (ROUTE DE ),,,,250
201300020871,13,3,12,1640,1,2,1,1,6,031,TEMPLE (PLACE DU),,,,250
201300020872,13,4,25,720,1,2,2,1,3,614,BELFORT (RUE DE),,,,250
201300020873,13,4,17,2200,5,2,3,1,3,547,AVENUE LECLERC,M,4751428,0682977,250
201300020874,13,5,14,940,1,1,1,1,5,580,BEAULIEU- RD 437 ROUTE,,,,250
201300020875,13,6,11,1840,1,2,1,1,3,388,"4, ALLONDANS (ROUTE D')",,,,250
201300020876,13,6,17,1800,1,2,1,1,2,539,AUDINCOURT (RUE D'),,,,250
201300020877,13,6,18,1120,1,2,1,1,6,230,BOUQUIERES (RUE DES),M,4749780,0683328,250
201300020878,13,7,13,1710,1,2,1,1,6,031,REVOLUTION DE 1789 AVENU,,,,250
201300020879,13,8,17,1300,1,2,2,1,3,388,LAIRE (ROUTE DE),M,4751892,0677868,250
201300020880,13,8,19,1830,1,2,1,1,6,580,"27, CUVIER (RUE)",M,4746297,0683506,250
201300020881,13,8,21,1930,1,2,1,1,7,388,"8, MAI (AVENUE DU 8)",M,4749902,0680425,250
201300020882,13,8,23,1948,1,2,1,1,3,388,"1, LUDWIGSBURG (ROND POI",,,,250
201300020883,13,8,26,1652,1,2,3,1,3,031,"8, MAI 1945 (AVENUE DU 8",M,4747422,0685712,250
201300020884,13,8,31,2355,4,2,1,1,1,539,"25, BANNOT (RUE DU)",M,4745811,0685564,250
201300020885,13,8,21,1928,1,2,1,1,7,388,"1, HOLLANDE (RUE DE LA P",M,4750351,0679421,250
201300020886,13,8,9,1531,1,2,2,1,1,388,"17, HUGO (BOULEVARD VICT",M,4751867,0678714,250
201300020887,13,8,5,1331,1,1,1,1,3,580,"10, BEAULIEU- RN 437 (RO",,,,250
201300020888,13,9,1,1547,1,2,3,1,2,388,"8, FOILLET (RUE JACQUES)",M,4750316,0680727,250
201300020889,13,7,26,510,5,2,3,1,6,388,"0, HOLLANDE (RUE DE LA P",M,4750256,0679186,250
201300020890,13,9,26,759,1,2,1,1,3,020,"01, EUROPE (AVENUE DE L'",M,4748723,0681634,250
201300020891,13,9,27,554,5,1,1,1,6,388,"07, BETHONCOURT (ROUTE D",M,4750438,0680335,250
201300020892,13,9,29,2150,5,2,2,1,3,031,"01, DASLE (RUE DE)",M,4748144,0684541,250
201300020893,13,10,10,1246,1,2,1,2,1,547,"0, GRAVIERS (RUE DES)",M,4751549,0683584,250
201300020894,13,10,13,720,2,2,1,1,1,230,AUDINCOURT (RUE D'),M,4749279,0683922,250
201300020895,13,10,14,1805,1,2,1,1,6,388,"40, CHABAUD-LATOUR (AVEN",,,,250
201300020896,13,10,21,1858,5,2,1,1,6,388,"64A, BESANCON (FAUBOURG",,,,250
201300020897,13,10,23,2335,5,2,1,2,7,388,"01, LUDWIGSBURG (ROND PO",,,,250
201300020898,13,11,29,647,5,2,4,1,6,031,"08, RECILLES (RUE DES)",M,4747569,0684332,250
201300020899,13,12,15,1614,1,2,1,1,6,388,"03, FERRAND (RUE JACQUES",M,4751867,0677782,250
201300020900,13,12,11,706,5,2,3,9,6,388,"46, BESANCON (FAUBOURG D",,,,250
201300020901,13,8,28,1152,1,2,1,1,1,580,"10, BEAULIEU- RN 437 (RO",,,,250
201300020902,13,10,21,530,5,2,2,2,3,388,"01, FOILLET (RUE JACQUES",M,4750338,0680526,250
201300020903,13,12,9,1445,1,2,6,1,3,388,"01, BATTERIES DU PARC (R",M,4751874,0681087,250
201300020904,13,12,10,804,1,2,3,1,3,388,"04, PIED DES GOUTTES (RU",M,4750215,0681637,250
201300020905,13,3,4,1655,1,2,1,1,3,462,"55, NEUCHATEL (AVENUE DE",M,4789984,0636148,250
201300020906,13,3,17,55,5,2,6,1,6,204,"1, Besan�on  de",M,4600000,0000000,250
201300020907,13,3,22,2225,3,1,1,1,6,204,Route D�partementale 437,M,4600000,0600000,250
201300020908,13,4,30,1427,1,2,1,1,7,462,REPUBLIQUE DE LA,M,4690000,0630000,250
201300020909,13,6,22,128,5,2,1,1,6,462,ROCADE G.POMPIDOU ( DE 0,,,,250
201300020910,13,6,22,1250,1,2,6,1,3,462,"1, MORTEAU DE (DU 0 AU 3",,,,250
201300020911,13,6,26,1407,1,2,6,1,3,462,WILLY BRANT,M,4690569,0633409,250
201300020912,13,7,13,453,3,1,1,1,6,462,ETRACHES LES,,,,250
201300020913,13,7,26,1635,1,2,1,1,6,462,"5, PEGUY CHARLES",M,4691094,0635994,250
201300020914,13,9,2,2205,4,2,3,1,3,462,"78, BESANCON (RUE DE)",M,4691642,0634475,250
201300020915,13,9,4,1520,1,2,1,1,3,462,"04, PAIX DE LA",M,4691017,0635049,250
201300020916,13,9,19,1618,1,2,1,1,7,462,"1, BERNARDINES",M,4690511,0635464,250
201300020917,13,11,12,835,1,2,1,1,6,462,"5, MOULIN PARNET DU",M,4690406,0635285,250
201300020918,13,3,19,2030,3,1,1,1,7,071,,M,0000000,0000000,840
201300020919,13,4,6,1500,1,1,1,2,1,062,,M,0000000,0000000,840
201300020920,13,4,7,1245,1,1,1,1,6,025,,M,0000000,0000000,840
201300020921,13,5,8,45,3,1,1,1,6,038,,M,0000000,0000000,840
201300020922,13,10,4,1015,1,1,1,1,3,038,,M,0000000,0000000,840
201300020923,13,10,12,1645,1,1,1,1,1,099,,M,0000000,0000000,840
201300020924,13,11,17,2330,3,1,1,1,1,038,,M,0000000,0000000,840
201300020925,13,12,1,1800,3,1,2,1,3,099,,M,0000000,0000000,840
201300020926,13,3,20,1345,1,1,1,1,1,016,,M,5098974,0233778,590
201300020927,13,4,23,1045,1,1,1,1,1,083,Rte de St-Omer,M,5091657,0240837,590
201300020928,13,7,30,1915,1,1,1,2,1,588,route des Neiges,M,5100148,0245259,590
201300020929,13,10,1,815,1,2,1,1,6,319,rue d'Alsace,M,5097099,0244493,590
201300020930,13,10,9,2230,3,1,1,1,1,016,16 Rue du Courghain,M,5097251,0234479,590
201300020931,13,10,23,1500,2,1,1,1,3,478,Rue de Bergues,M,5094795,0243168,590
201300020932,13,2,18,2145,5,2,1,1,1,261,avenue de l'europe,M,0000000,0000000,620
201300020933,13,4,11,1430,1,2,1,9,7,849,108 route de Groffliers,M,0000000,0000000,620
201300020934,13,4,21,1400,1,2,1,1,6,261,rue des iris,M,0000000,0000000,620
201300020935,13,5,12,1645,1,2,1,1,6,261,,M,0000000,0000000,620
201300020936,13,5,30,2145,1,2,1,1,2,261,avenue de la lib?ration,M,0000000,0000000,620
201300020937,13,6,10,1215,1,2,1,1,3,261,BD DE FRANCE,M,5047951,0158193,620
201300020938,13,7,5,1445,1,2,6,1,1,261,,M,0000000,0000000,620
201300020939,13,7,23,1600,1,2,2,2,3,261,avenue de Paris,M,0000000,0000000,620
201300020940,13,7,26,2145,2,1,2,1,3,233,,M,0000000,0000000,620
201300020941,13,7,26,1615,1,1,1,1,6,752,,M,0000000,0000000,620
201300020942,13,8,1,2245,3,1,2,1,3,016,,M,0000000,0000000,620
201300020943,13,8,28,730,1,1,1,1,6,233,,M,0000000,0000000,620
201300020944,13,10,20,1545,1,1,2,8,3,016,,M,5042278,0168265,620
201300020945,13,3,5,1700,1,2,1,1,2,278,36 rue l�on gambetta,M,5061327,0296368,590
201300020946,13,5,29,845,1,1,2,1,3,487,Rue du Bas,M,5063545,0289086,590
201300020947,13,6,12,1400,1,2,1,1,3,553,Route Nationale 41,M,5059882,0293922,590
201300020948,13,6,24,630,1,2,1,7,2,278,236 rue du gal DE GAULLE,M,5060760,0295421,590
201300020949,13,7,1,815,1,1,1,1,5,653,Rue Anatole France,M,5058636,0294411,590
201300020950,13,7,24,1500,1,2,1,1,1,653,Rue L�on Gambetta,M,5056521,0293542,590
201300020951,13,8,1,815,1,1,3,1,3,088,1114 rue de la chapelle,M,5065592,0288537,590
201300020952,13,6,15,545,1,2,1,1,6,217,route de la roche,M,0000000,0000000,740
201300020953,13,6,21,1745,1,1,2,1,1,213,,M,0000000,0000000,740
201300020954,13,7,5,1830,1,1,1,1,7,179,,M,0000000,0000000,740
201300020955,13,7,9,1130,1,1,1,1,6,112,RUE DU CENTRE,M,0000000,0000000,740
201300020956,13,2,23,200,5,2,2,1,3,033,RUES REPUBLIQUE / BRAZZA,,,,010
201300020957,13,6,8,1530,1,1,1,8,1,082,,M,4600860,0574801,010
201300020958,13,7,12,2130,1,2,1,1,6,033,RUE JOLIOT CURIE,,,,010
201300020959,13,5,5,1645,1,2,1,1,7,114,RTE DE CHEZERY,M,4615220,0581951,010
201300020960,13,8,7,1705,1,1,1,3,1,091,,M,4613560,0580260,010
201300020961,13,7,21,1130,1,1,1,1,3,100,,M,0000000,0000000,830
201300020962,13,9,14,930,1,1,1,1,6,049,,M,0000000,0000000,830
201300020963,13,10,10,1700,1,1,1,1,1,244,,M,4903018,0587485,540
201300020964,13,12,18,1232,1,2,1,1,3,198,BOULEVARD CHARLES ANDRE,M,4452670,0473830,260
201300020965,13,1,8,1800,3,1,1,1,3,198,1 BOULEVARD GEORGES POMI,M,4454840,0477390,260
201300020966,13,1,5,1145,1,2,1,1,3,198,127 ROUTE DE MARSEILLE,,,,260
201300020967,13,1,10,1842,5,2,1,1,3,198,ROUTE DE CHATEAUNEUF,,,,260
201300020968,13,1,19,1700,1,2,1,3,3,198,12 BOULEVARD DE GAULLE,,,,260
201300020969,13,3,3,1945,5,2,1,1,3,198,20 AVENUE JEAN JAURES,,,,260
201300020970,13,3,14,1215,1,2,6,1,3,198,1 RUE ANDRE DUCATEZ,,,,260
201300020971,13,4,2,1350,1,2,6,1,2,198,AVENUE KENNEDY,,,,260
201300020972,13,4,14,1200,1,1,1,1,2,198,ROUTE DU TEIL,,,,260
201300020973,13,5,1,1055,1,1,1,3,7,198,ROUTE D ESPELUCHE,,,,260
201300020974,13,5,9,1940,1,2,1,2,3,198,106 AVENUE JEAN JAURES,,,,260
201300020975,13,5,3,930,1,2,1,1,6,198,ROUTE DE CHATEAUNEUF,,,,260
201300020976,13,5,12,1705,1,1,1,1,3,198,ROUTE DE VALENCE RN 7,,,,260
201300020977,13,5,15,1130,1,2,1,2,6,198,175 ROUTE DE MARSEILLE,,,,260
201300020978,13,5,22,1450,1,1,1,1,5,198,ROUTE DE SAUZET,,,,260
201300020979,13,6,15,150,5,1,1,1,6,198,RTE NATIONALE 7,,,,260
201300020980,13,6,18,350,3,1,1,1,1,198,26198,,,,260
201300020981,13,6,23,1605,1,1,1,1,1,198,26198,M,4455230,0472120,260
201300020982,13,6,21,1500,1,2,4,1,1,198,ROUTE DU TEIL,M,4455520,0472120,260
201300020983,13,7,3,1141,1,2,1,1,6,198,33 BD MARRE DESMARAIS,,,,260
201300020984,13,6,29,830,1,2,1,1,3,198,96 AVENUE JEAN JAURES,,,,260
201300020985,13,7,16,705,1,2,1,1,3,198,ROUTE DE ROCHEMAURE,M,4456140,0474630,260
201300020986,13,7,25,1105,1,2,1,1,2,198,45 AVENUE JEAN JAURES,,,,260
201300020987,13,8,18,1804,1,1,1,1,3,198,26198,,,,260
201300020988,13,8,29,1315,1,2,6,1,3,198,ROUTE DU TEIL,,,,260
201300020989,13,9,9,1645,1,2,6,1,3,198,26198,,,,260
201300020990,13,9,23,1937,1,1,1,1,6,198,ROUTE DU TEIL,,,,260
201300020991,13,9,24,2223,5,2,6,1,7,198,26198,,,,260
201300020992,13,9,15,910,1,2,1,1,7,198,BOULEVARD MEYNOT,,,,260
201300020993,13,9,12,620,4,1,1,1,6,198,26198,,,,260
201300020994,13,9,30,1410,1,1,1,1,6,198,26198,,,,260
201300020995,13,10,3,1300,1,1,1,1,6,198,26198,,,,260
201300020996,13,10,11,1530,1,1,3,1,3,198,ROUTE DE DIEULEFIT,,,,260
201300020997,13,10,9,1730,2,2,1,1,7,198,26198,,,,260
201300020998,13,10,18,220,5,2,9,1,5,198,AVENUE DE VILLENEUVE,M,4455930,0475630,260
201300020999,13,10,28,1257,1,2,1,1,6,198,28 AVENUE JEAN JAURES,,,,260
201300021000,13,10,30,2120,5,2,1,1,2,198,AVENUE SAINT MARTIN,,,,260
201300021001,13,11,13,1205,1,2,1,1,7,198,AVENUE DU TEIL,,,,260
201300021002,13,11,2,2130,5,1,1,2,3,198,ROUTE DE SAUZET,,,,260
201300021003,13,11,17,1515,1,2,1,1,3,198,AVENUE KENNEDY,,,,260
201300021004,13,11,28,1635,1,2,1,1,7,198,AVENUE D'AYGU,,,,260
201300021005,13,12,5,2030,5,2,1,1,3,198,ROUTE DU TEIL,,,,260
201300021006,13,12,11,1820,5,2,1,1,3,198,130 ROUTE DU TEIL,,,,260
201300021007,13,1,7,1945,5,2,1,1,3,281,26 PLACE JEAN JAURES,M,4504604,0505360,260
201300021008,13,1,10,920,1,1,1,1,3,281,RD 532 DIRECTION TAIN,M,4504530,0506440,260
201300021009,13,1,11,740,5,2,2,2,6,281,RUE CHENIER ANDRE,M,4505080,0505570,260
201300021010,13,1,19,2345,5,2,1,1,7,281,32 RUE DE BELLEVUE,M,4503760,0504150,260
201300021011,13,1,26,1455,1,2,3,8,3,057,AVENUE VALLON ANTONIN,,,,260
201300021012,13,1,29,1600,1,2,1,1,2,281,PONT LATTRE DE TASSIGNY,M,4504140,0505360,260
201300021013,13,2,13,1100,1,2,3,1,1,281,RUE ABBAT SIMONE,M,4504840,0503740,260
201300021014,13,2,19,1158,1,1,2,1,3,281,RUE PAPIN DENIS,M,4505410,0510100,260
201300021015,13,2,19,1850,2,2,1,1,6,281,RUE BONNEVAUX,M,4504480,0504540,260
201300021016,13,3,13,1445,1,2,1,1,2,281,AVENUE DU MAQUIS,M,4504780,0507250,260
201300021017,13,3,18,1430,1,2,9,1,3,057,BD ALPES PROVENCE,,,,260
201300021018,13,3,28,1730,1,2,1,2,2,281,DIRECTION TAIN RD 532,,,,260
201300021019,13,3,28,1932,1,2,1,2,7,281,DIRECT ST BARDOUX RD 574,M,4504790,0504190,260
201300021020,13,4,5,930,1,2,3,2,1,281,RD 52 A,,,,260
201300021021,13,4,13,1120,1,2,1,7,6,281,26281,M,4504550,0505280,260
201300021022,13,4,20,2230,5,2,1,2,1,281,BOULEVARD VOLTAIRE,M,4504510,0505570,260
201300021023,13,4,22,2340,5,2,1,1,6,281,RUE ABBAT SIMONE,M,4504840,0504020,260
201300021024,13,4,23,1708,1,2,1,1,3,281,26281,,,,260
201300021025,13,5,31,1825,1,2,2,2,3,281,RUE GUILHAUME,M,4504770,0505160,260
201300021026,13,6,6,1005,1,2,2,1,3,281,AV JEAN MOULIN,M,4505210,0504780,260
201300021027,13,6,8,820,1,2,2,1,3,057,RUE VALLON ANTONIN,,,,260
201300021028,13,6,16,1415,1,2,3,1,3,281,AVENUE MOULIN JEAN,M,4505810,0504990,260
201300021029,13,6,16,915,1,2,1,1,1,281,26281,M,4504460,0505710,260
201300021030,13,6,25,738,1,2,1,1,1,281,RN 92,M,4504950,0507710,260
201300021031,13,6,26,1500,1,2,2,1,6,281,RUE JACQUEMART,M,4504580,0504920,260
201300021032,13,6,28,1735,1,2,1,1,6,281,AV FIGUET ADOLPHE,M,4504360,0506160,260
201300021033,13,6,30,1520,1,2,3,1,3,281,RUE DIDEROT,M,4505370,0504640,260
201300021034,13,7,2,1845,1,2,3,1,6,281,BD LAPASSAT ETIENNE JEAN,M,4504730,0508380,260
201300021035,13,7,3,730,1,2,1,2,6,057,RD 2532N,,,,260
201300021036,13,7,3,1725,1,1,1,1,3,281,AV GAMBETTA  DIRECT TAIN,M,4504560,0505750,260
201300021037,13,7,4,1710,1,2,1,1,1,057,QUAI PALLETOURS,M,4504100,0505140,260
201300021038,13,7,9,1410,1,1,2,1,6,057,RD 538,,,,260
201300021039,13,7,10,1225,1,2,2,1,3,281,AV DES ALLOBROGES,,,,260
201300021040,13,7,11,1320,1,1,1,1,6,281,RD 532 DIRECTION TAIN,,,,260
201300021041,13,7,11,1620,1,1,3,1,6,281,RD 123 DIREC CHATIL ST J,,,,260
201300021042,13,7,16,1844,1,2,1,1,6,281,RUE MARTIN GERMAIN,M,4504710,0505900,260
201300021043,13,7,16,2020,1,2,2,1,6,281,RUE GUILHAUME,M,4504760,0505050,260
201300021044,13,7,18,1700,1,2,1,1,6,281,PLACE DU 75EME RI,M,,,260
201300021045,13,7,20,1840,1,2,7,1,6,281,PLACE JAURES JEAN,M,4504540,0505320,260
201300021046,13,7,21,1045,1,2,1,1,6,281,BOULEVARD LIBERATION,M,4504730,0504710,260
201300021047,13,7,24,1800,1,2,1,1,3,281,26281,,,,260
201300021048,13,7,29,1830,1,2,1,1,7,281,BOULEVARD DORMOY MARX,M,4504720,0505500,260
201300021049,13,8,1,1115,1,2,1,1,7,281,26281,M,4504560,0504840,260
201300021050,13,8,9,1600,1,2,2,1,1,281,26281,M,4504760,0505480,260
201300021051,13,8,13,1315,1,2,2,1,7,057,26057,,,,260
201300021052,13,8,13,1720,1,1,1,1,3,281,CHEMIN MEILLEUX,M,4504630,0503220,260
201300021053,13,8,16,1225,1,2,2,1,3,281,26281,M,4504580,0505060,260
201300021054,13,8,18,1219,1,2,6,1,3,281,26281,M,4504530,0506200,260
201300021055,13,8,22,1828,1,2,2,1,3,281,26281,M,4504750,0504970,260
201300021056,13,8,26,1900,1,2,1,1,5,281,DEVIA ROMANS SUR ISERE,,,,260
201300021057,13,9,3,1120,1,2,1,1,4,281,26281,M,4504780,0507250,260
201300021058,13,9,5,1027,1,2,1,1,3,281,26281,M,4504510,0502560,260
201300021059,13,9,5,1250,1,1,1,1,2,281,26281,,,,260
201300021060,13,9,8,30,5,2,1,2,6,281,26281,M,4504250,0505750,260
201300021061,13,9,11,1350,1,1,1,1,4,281,26281,,,,260
201300021062,13,9,14,1350,1,2,1,1,3,281,26281,M,4504220,0504990,260
201300021063,13,9,24,817,1,2,6,1,6,281,26281,M,4504580,0505540,260
201300021064,13,9,24,2110,5,2,6,1,2,281,26281,M,4504710,0507080,260
201300021065,13,9,24,1910,2,2,1,1,6,281,26281,M,4504020,0503430,260
201300021066,13,9,28,1145,1,1,1,1,2,281,26281,,,,260
201300021067,13,10,1,1650,1,2,1,1,7,281,26281,M,4504680,0504690,260
201300021068,13,10,2,1305,1,1,2,1,2,057,26057,,,,260
201300021069,13,10,15,820,1,2,6,2,3,057,RD 538,,,,260
201300021070,13,10,16,1845,1,2,1,1,7,281,26281,M,4504680,0504890,260
201300021071,13,10,17,1715,1,2,1,1,3,281,26281,,,,260
201300021072,13,10,21,1955,5,2,1,1,1,281,26281,M,4504680,0507310,260
201300021073,13,10,22,1239,1,2,1,1,1,281,26281,M,4504120,0508100,260
201300021074,13,10,22,1650,1,2,2,1,3,281,RN 92,,,,260
201300021075,13,10,24,1345,1,2,2,1,3,281,26281,M,4504590,0505180,260
201300021076,13,10,27,1945,5,2,3,1,3,281,26281,M,4504580,0504990,260
201300021077,13,10,29,1700,1,2,1,1,6,281,26281,M,4505110,0506920,260
201300021078,13,11,3,900,1,2,6,2,3,281,BOULEVARD ROURE REMY,M,4505020,0504700,260
201300021079,13,11,5,1820,4,2,3,2,3,281,RUE FOLLEREAU RAOUL,M,4505770,0505790,260
201300021080,13,11,6,1727,2,2,1,1,4,281,BD PIERRE MENDES FRANCE,,,,260
201300021081,13,11,9,1600,1,1,6,1,7,281,BOULEVARD ROURE REMY,M,4505020,0504670,260
201300021082,13,11,16,1920,5,2,2,1,3,281,RUE  PALESTRO,M,4504650,0505050,260
201300021083,13,11,19,1709,2,1,1,2,6,281,BOULEVARD LIBERATION,M,4507300,0504710,260
201300021084,13,11,27,1150,1,1,1,1,3,281,BD LAPASSAT  ETIENNE JEA,,,,260
201300021085,13,11,27,1930,5,2,6,1,2,281,PLACE  MASSENET,M,4504210,0505620,260
201300021086,13,12,3,2143,5,2,1,1,6,057,RUE DU DOCTEUR EYNARD,M,4504070,0505020,260
201300021087,13,12,5,1655,2,2,3,1,6,057,VALLON ANTONIN,M,4504070,0505200,260
201300021088,13,12,9,1800,3,1,6,1,7,281,BD PIERRE MENDES FRANCE,,,,260
201300021089,13,12,20,729,2,2,3,2,7,281,AVENUE MARIUS MOUTET,M,4505350,0505540,260
201300021090,13,12,21,845,1,2,2,1,6,057,GRAND RUE JEAN JAURES,M,4503530,0504630,260
201300021091,13,12,24,1925,5,2,2,1,6,281,RUE JEANNE D'ARC,M,4504990,0503990,260
201300021092,13,12,29,1730,5,2,2,1,3,057,BD ALPES PROVENCE,,,,260
201300021093,13,12,30,955,1,1,1,1,6,057,ALLEE DU DAUPHINE,M,4501750,0503570,260
201300021094,13,12,30,1222,1,2,2,1,3,057,177 GRAND RUE JEAN JAURE,M,4503530,0504630,260
201300021095,13,1,1,1600,1,2,1,1,7,362,122 AVENUE VICTOR HUGO,M,4492480,0488810,260
201300021096,13,1,5,2215,4,1,1,1,6,058,L.A.C.R.A RN7,,,,260
201300021097,13,1,11,1710,2,2,1,1,6,362,"07 BIS, RUE SEVIGNE",M,4492960,0489450,260
201300021098,13,1,23,1120,1,2,2,1,3,058,RUE DU PORT,M,4493780,0489130,260
201300021099,13,1,28,1700,2,2,2,1,3,058,RUE DU PORT,M,4493780,0489130,260
201300021100,13,1,28,1805,5,1,1,1,6,362,BOULEVARD ROOSEVELT,M,4491780,0491310,260
201300021101,13,2,8,1310,1,2,1,1,6,362,RUE DENIS PAPIN,M,4492540,0489160,260
201300021102,13,2,7,700,3,2,3,2,6,362,RUE DE LA FORET,M,4491550,0493120,260
201300021103,13,2,6,2035,4,2,1,1,7,362,ROUTE DE MONTELIER,M,4493770,0492380,260
201300021104,13,2,15,1728,1,2,2,1,3,252,AVENUE DU PORT,,,,260
201300021105,13,2,23,1456,1,2,1,1,7,362,BOULEVARD MAURICE CLERC,M,4490900,0489470,260
201300021106,13,2,24,2200,5,2,1,2,7,058,17 AVENUE URTIN MARC,M,4494450,0489410,260
201300021107,13,3,3,430,4,1,1,1,7,362,L.A.C.R.A. RN 532,,,,260
201300021108,13,3,8,1820,1,1,6,1,2,362,26362,,,,260
201300021109,13,3,13,1645,1,2,1,1,6,362,ROUTE DE ROMANS,M,4494410,0492050,260
201300021110,13,3,15,1530,1,2,1,1,4,362,BOULEVARD MARECHAL JUIN,M,4491200,0490780,260
201300021111,13,3,19,1450,1,2,2,1,3,362,AVENUE DE PROVENCE,,,,260
201300021112,13,3,23,1810,1,2,1,1,6,252,AVENUE SALVADOR ALLENDE,,,,260
201300021113,13,3,26,2310,5,2,2,1,3,058,RUE DE L ILE ADAM,M,4494780,0489560,260
201300021114,13,3,28,1455,1,2,2,1,6,362,BOULEVARD ROOSEVELT,M,4491620,0491130,260
201300021115,13,4,8,1056,2,2,1,2,3,362,269 AVENUE DE ROMANS,M,4493710,0491190,260
201300021116,13,4,11,1614,1,2,1,1,6,362,PLACE DE LA REPUBLIQUE,M,4493040,0489120,260
201300021117,13,4,10,1810,1,1,2,1,3,058,ROUTE LA ROCHE DE GLUN,M,4497390,0490550,260
201300021118,13,4,10,1815,1,1,1,1,5,004,RN 532,,,,260
201300021119,13,4,12,1255,1,2,1,1,3,362,AV DOCTEUR PAUL SANTY,M,4491480,0490790,260
201300021120,13,4,13,1554,1,1,1,1,6,058,L.A.C.R.A RN7 BLV,,,,260
201300021121,13,4,14,1255,1,2,1,1,1,058,AVENUE DE LA RESISTANCE,,,,260