Num_Acc,an,mois,jour,hrmn,lum,agg,int,atm,col,com,adr,gps,lat,long,dep
201300021416,13,5,31,1630,1,2,1,1,7,220,"sans, MAUNOURY (MAURICE)",M,4843096,0147559,280
201300021417,13,6,8,1925,1,2,1,3,6,085,"sans, VIOLETTE (BOULEVAR",M,4844556,0148351,280
201300021418,13,6,6,1738,1,1,1,1,2,229,"sans, D939",,,,280
201300021419,13,6,7,910,1,2,1,1,6,220,"sans, MAUNOURY (MAURICE)",,,,280
201300021420,13,6,12,1320,1,1,6,2,3,085,"SANS, SOURS (ROND POINT",,,,280
201300021421,13,6,18,740,1,2,3,1,6,218,"3, BRUXELLES (RUE DE)",M,4843855,0144994,280
201300021422,13,6,19,1305,1,2,1,1,6,085,"sans, ALLONNES (RUE D')",,,,280
201300021423,13,6,20,2224,5,2,1,1,6,085,"42, COURTILLE (BOULEVARD",M,4844316,0149565,280
201300021424,13,6,21,1655,1,1,1,1,5,209,"SANS, RN 1154",,,,280
201300021425,13,6,22,1728,1,2,1,1,6,085,"face 33, FAUBOURG LA GRA",,,,280
201300021426,13,6,22,1800,1,2,1,1,2,110,"2, VOVES (RUE DE)",,,,280
201300021427,13,6,26,1710,1,2,1,1,6,218,"5, MAUNOURY (CITE JEAN)",M,4843878,0146108,280
201300021428,13,6,30,1522,1,2,2,1,3,218,VARLET (RUE GEORGES),M,4843806,0146202,280
201300021429,13,7,3,1521,1,2,9,1,6,085,"00, VIOLETTE (BOULEVARD",M,4844539,0148354,280
201300021430,13,7,3,1800,1,2,1,1,3,085,"21, CHASLES (BOULEVARD)",M,4844261,0148661,280
201300021431,13,7,6,1910,1,2,2,1,3,218,"01, EUROPE (AVENUE DE L'",,,,280
201300021432,13,7,9,1420,1,2,1,1,6,085,"00, VIOLETTE (BOULEVARD",M,4844574,0148361,280
201300021433,13,7,10,1850,1,2,1,1,2,085,"26, MAUNOURY (RUE DU DOC",M,4844227,0148306,280
201300021434,13,7,11,1016,1,2,2,1,3,229,", PHILIPPE (AVENUE GERAR",M,4844904,0145187,280
201300021435,13,7,11,1219,1,2,2,1,3,220,"sans, MARCEAU (RUE)",M,4842512,0148014,280
201300021436,13,7,13,1915,1,2,1,1,6,085,"39, RESERVOIRS (RUE - IM",M,4843482,0149134,280
201300021437,13,7,17,1600,1,2,1,1,6,220,"SANS, AVENUE DE LA REPUB",M,4843620,0147947,280
201300021438,13,7,18,1015,1,2,2,1,6,085,"sans, SABLONS (AVENUE DE",M,4844753,0151540,280
201300021439,13,7,19,1655,1,2,1,1,2,220,"sans, MARCEAU (RUE)",M,4842483,0148172,280
201300021440,13,7,20,1700,1,2,1,1,2,220,"sans, LECLERC (RUE DU MA",M,4842474,0145511,280
201300021441,13,7,23,1734,1,2,1,1,6,229,PHILIPE (AVENUE GERARD),M,4844869,0145173,280
201300021442,13,7,25,1745,1,2,1,1,3,220,"6, MAUNOURY (MAURICE)",M,4843567,0147906,280
201300021443,13,7,29,1530,1,2,3,1,3,110,,,,,280
201300021444,13,7,31,1640,1,2,1,1,6,220,"31, LIBERTE (RUE DE LA)",M,4842759,0146705,280
201300021445,13,8,5,720,1,2,2,1,3,220,"SANS, LIBERTE (RUE DE LA",M,4842760,0146811,280
201300021446,13,8,8,1045,1,2,1,1,3,220,"113, MAUNOURY (MAURICE)",M,4842951,0147441,280
201300021447,13,8,10,1010,1,2,1,1,6,229,HUGO (AVENUE VICTOR),M,4844887,0146412,280
201300021448,13,8,14,1220,1,1,1,1,6,070,SAINT PREST (RUE DE),M,4847703,0151704,280
201300021449,13,8,13,1320,1,2,1,1,2,085,"9, CHASLES (BOULEVARD)",M,4844243,0148773,280
201300021450,13,8,15,2230,5,2,1,1,3,085,"54, JAURES (BOULEVARD JE",,,,280
201300021451,13,8,16,1122,1,2,1,1,1,085,"2, VIOLETTE (BOULEVARD M",M,4844524,0148344,280
201300021452,13,8,17,1103,1,2,2,1,3,085,"77, SAINT BRICE (RUE)",,,,280
201300021453,13,8,23,900,1,2,2,1,1,085,NICOLE (RUE),M,4844668,0147990,280
201300021454,13,8,27,805,1,1,1,1,1,229,RN 1154,,,,280
201300021455,13,8,27,1500,1,2,1,8,6,085,"1, VIOLETTE (BOULEVARD M",M,4844533,0148355,280
201300021456,13,9,9,1015,1,2,1,2,2,085,"79, REVERDY (RUE DE)",M,4843889,0148423,280
201300021457,13,9,9,758,1,2,1,1,2,085,"77, SAINT CHERON (RUE)",M,4844644,0150856,280
201300021458,13,9,10,1108,1,2,1,1,6,218,"2, CORIOLAN (RUE DE)",M,4843963,0147112,280
201300021459,13,9,10,1550,1,2,1,1,6,085,"15, MAUNOURY (RUE DU DOC",M,4844285,0148325,280
201300021460,13,9,4,930,1,2,1,1,7,085,"1, SEMARD (PLACE PIERRE)",M,4844792,0148196,280
201300021461,13,9,11,1235,1,2,1,1,3,085,PATTON (RUE DU GENERAL),M,4844141,0147424,280
201300021462,13,9,12,1020,1,2,1,2,1,070,SAINT PREST (RUE DE),,,,280
201300021463,13,9,12,2030,5,1,3,2,5,110,VOVES (RUE DE),,,,280
201300021464,13,9,14,1350,1,2,1,2,7,085,"22, FOCH (BOULEVARD DU M",M,4844856,0149268,280
201300021465,13,9,16,700,2,1,1,2,6,209,CHACATIERE (RUE DE LA),M,4847038,0147893,280
201300021466,13,9,17,1520,1,2,1,2,3,070,SAINT PREST (RUE DE),M,4846930,0150817,280
201300021467,13,9,17,1742,1,1,6,1,3,085,"0, RN 10",M,4845381,0153100,280
201300021468,13,9,17,2220,5,1,6,3,3,085,SOURS (ROND POINT ROUTE,,,,280
201300021469,13,9,11,350,3,1,1,1,7,209,RN 1154,,,,280
201300021470,13,9,2,1915,2,2,1,1,3,070,LOUIS BLERIOT (RUE),M,4846164,0150746,280
201300021471,13,9,28,1005,1,2,3,1,3,085,"122, SAINT BRICE (RUE)",,,,280
201300021472,13,9,26,755,1,2,6,1,6,229,CHASLES (RUE PHILARETE),M,4844744,0147641,280
201300021473,13,9,29,1627,1,2,4,1,7,085,BEAUREPAIRE (AVENUE),M,4845920,0148970,280
201300021474,13,10,2,912,1,2,1,1,7,085,MAUNOURY (RUE DU DOCTEUR,M,4844167,0148290,280
201300021475,13,10,3,745,1,2,1,1,6,209,"45, PAIX (AVENUE DE LA )",,,,280
201300021476,13,9,27,1945,1,1,1,1,6,085,LAENNEC (AVENUE DU DOCTE,,,,280
201300021477,13,10,5,2345,5,1,1,1,7,110,RN 123 (ROCADE),,,,280
201300021478,13,10,3,2036,3,1,2,3,2,110,VOVES (Rue de),,,,280
201300021479,13,10,9,2007,5,2,3,2,4,085,"44, FOCH (BOULEVARD DU M",,,,280
201300021480,13,10,11,810,1,2,3,2,3,085,", PATTON (RUE DU GENERAL",M,4844359,0148127,280
201300021481,13,10,11,745,2,2,9,1,6,218,"32, FOREAU (RUE FRANCOIS",M,4843636,0145767,280
201300021482,13,10,12,640,5,1,1,1,6,085,MERMOZ (RUE JEAN),,,,280
201300021483,13,10,13,400,5,2,1,1,7,085,"95, GRAND FAUBOURG (RUE",M,4844230,0147796,280
201300021484,13,10,13,1800,1,2,3,1,6,085,"2-4, LISSES (RUE DES)",M,4844835,0148693,280
201300021485,13,10,15,1255,1,1,3,2,3,209,RD 906,,,,280
201300021486,13,10,18,1800,1,2,3,1,2,085,"87, BOURGNEUF (RUE DU)",M,4846062,0148304,280
201300021487,13,10,18,2135,4,2,1,1,7,085,POILLOT (RUE EDMOND),M,4843278,0151064,280
201300021488,13,10,19,1642,1,1,9,1,3,110,RN 123 (ROCADE),,,,280
201300021489,13,10,21,855,1,2,3,1,3,085,"2, CHEVARD (RUE VINCENT)",M,4843417,0150633,280
201300021490,13,10,26,1515,1,2,1,1,2,085,"44, MERMOZ (RUE JEAN)",M,4844980,0150634,280
201300021491,13,10,30,1720,1,2,2,1,3,220,", AVENUE DE LA REPUBLIQU",M,4842885,0147391,280
201300021492,13,10,31,948,1,2,1,1,4,220,ROUTE NATIONALE 123,,,,280
201300021493,13,11,3,1540,1,2,1,2,2,085,"63, PEGUY (BOULEVARD CHA",M,4845239,0148733,280
201300021494,13,11,3,1410,1,2,2,1,3,085,"10, JEAN BAPTISTE DE LA",M,4846271,0149104,280
201300021495,13,11,4,1145,1,2,1,1,6,085,"0, DROUAISE (PLACE)",,,,280
201300021496,13,11,5,1750,5,2,1,1,6,085,"74, FAUBOURG LA GRAPPE (",,,,280
201300021497,13,11,6,645,3,1,1,2,6,085,LAENNEC (AVENUE DU DOCTE,,,,280
201300021498,13,11,6,1715,1,2,6,1,7,218,LIBERATION (CARREFOUR DE,,,,280
201300021499,13,11,6,1225,1,2,1,1,6,085,"29, SAINT PIERRE (RUE)",M,4844441,0149204,280
201300021500,13,11,7,1855,3,1,3,3,4,229,"2, D939",,,,280
201300021501,13,11,12,850,1,2,3,2,3,209,"1, PAIX (AVENUE DE LA )",,,,280
201300021502,13,11,12,1800,3,1,6,2,2,229,RD 905,,,,280
201300021503,13,11,13,911,1,2,1,1,6,218,KENNEDY (RUE JOHN),M,4842929,0146634,280
201300021504,13,11,14,1755,5,2,1,2,6,209,"11, PAIX (AVENUE DE LA )",,,,280
201300021505,13,11,18,840,1,2,2,2,3,218,FOREAU (RUE FRANCOIS),M,4843586,0146123,280
201300021506,13,11,20,550,5,2,1,1,7,209,"2, HOCHE ALLARD (rue)",,,,280
201300021507,13,11,23,1225,1,1,2,1,3,229,BERLIOZ (RUE HECTOR),M,4845578,0146260,280
201300021508,13,11,24,1610,1,2,1,1,3,218,TOURAINE,M,4843534,0144697,280
201300021509,13,11,29,1846,3,1,1,1,6,085,HUGO (AVENUE VICTOR),M,4844674,0152793,280
201300021510,13,11,30,1055,1,1,1,1,7,209,"1, CHAVANNES (ROUTE DE)",,,,280
201300021511,13,12,2,735,3,2,3,1,7,085,RECHEVRES (CITE - RUE DE,,,,280
201300021512,13,12,2,930,1,2,2,1,3,085,GRANDES PLANTES (RUE DES,M,4846078,0149510,280
201300021513,13,12,2,1720,5,2,1,1,6,218,KENNEDY (RUE JOHN),M,4843026,0146489,280
201300021514,13,12,3,1745,3,1,1,1,3,229,R.D.905,,,,280
201300021515,13,11,14,1750,5,2,1,1,3,110,DU GORD,,,,280
201300021516,13,12,6,1601,1,2,1,1,2,220,rue Jean BOUIN,M,4841908,0147304,280
201300021517,13,12,9,838,1,2,2,1,7,229,"sans, PHILIPPE (AVENUE G",,,,280
201300021518,13,12,9,1150,1,2,2,1,3,218,REPUBLIQUE (AVENUE DE LA,M,4844019,0146659,280
201300021519,13,12,9,1850,5,2,1,8,7,085,"98, SOURS (RUE DE)",,,,280
201300021520,13,12,11,800,1,1,1,9,4,220,ROUTE NATIONALE 123,,,,280
201300021521,13,12,13,945,1,2,1,9,7,218,TAYE (RUE DE LA),M,4842804,0144614,280
201300021522,13,12,14,1750,1,2,3,1,7,085,DUGUE (RUE FERDINAND),M,4844278,0147537,280
201300021523,13,12,15,1155,1,2,2,1,6,218,"14 bis, MATTEI (RUE FRAN",M,4844058,0146596,280
201300021524,13,12,15,1300,1,2,1,1,2,070,"1, VIGNES (RUE DES)",M,4846896,0150267,280
201300021525,13,12,15,1615,1,2,3,1,1,085,PEGUY (BOULEVARD CHARLES,M,4845172,0148649,280
201300021526,13,12,15,1845,5,2,3,1,6,085,"55, GUYNEMER (RUE)",M,4844875,0150676,280
201300021527,13,12,16,755,2,2,1,1,7,085,LAUNAY (RUE DE),,,,280
201300021528,13,12,17,950,1,2,1,7,4,218,KENNEDY (RUE JOHN),M,4842954,0146598,280
201300021529,13,12,17,1650,1,2,1,1,5,085,JAURES (BOULEVARD JEAN),,,,280
201300021530,13,12,16,1650,2,1,1,1,2,209,"1, CHACATIERE (RUE DE LA",,,,280
201300021531,13,12,23,1630,1,2,1,1,7,085,"2, BOURGNEUF (RUE DU)",,,,280
201300021532,13,12,31,720,3,1,1,2,7,229,"1, RN 1154",,,,280
201300021533,13,10,30,1430,1,2,6,2,2,176,Intersection RD9 / RD18,M,4604743,0398495,420
201300021534,13,10,14,1115,1,2,1,1,1,182,243 route de roanne,M,4603953,0401091,420
201300021535,13,1,4,1415,1,1,9,2,1,231,,M,4611661,0397379,420
201300021536,13,1,20,2230,3,1,1,1,1,220,,M,4611780,0394868,420
201300021537,13,2,1,1500,1,1,1,1,4,220,,M,4612514,0393004,420
201300021538,13,3,8,800,1,1,1,8,6,220,,M,4611974,0394388,420
201300021539,13,3,14,1000,1,1,1,4,5,284,,M,4609197,0400293,420
201300021540,13,3,29,845,1,2,1,2,3,182,Lieu dit Le Taron,M,4605904,0392822,420
201300021541,13,4,11,1330,1,1,1,2,6,163,,M,4620903,0389815,420
201300021542,13,5,13,1530,1,1,1,1,2,284,,M,4608320,0402548,420
201300021543,13,6,18,1345,1,2,6,1,7,182,D8/D9,M,4605179,0393537,420
201300021544,13,6,25,1645,1,2,1,1,3,176,137 RUE DES MONTS DE LA,M,4603870,0397978,420
201300021545,13,7,10,1215,1,1,1,1,7,253,,M,4603592,0399614,420
201300021546,13,7,21,1000,1,2,1,1,6,182,61 RUE DU COMMERCE,M,4605183,0392503,420
201300021547,13,8,15,2145,3,1,1,1,6,078,,M,4616920,0386531,420
201300021548,13,9,4,1745,1,2,1,7,3,163,,M,4617542,0386831,420
201300021549,13,11,28,1000,1,2,1,1,6,198,28 rue des marronniers,M,4600884,0393517,420
201300021550,13,1,15,740,5,2,3,8,6,134,SAINT THIBAULT (RUE),,,,280
201300021551,13,2,2,1830,5,1,1,1,2,134,RN 12 (CARREFOUR DELISLE,M,4874604,0136504,280
201300021552,13,2,18,1415,1,2,1,1,3,404,ROCADE OUEST,,,,280
201300021553,13,2,18,1810,1,2,1,1,3,404,CHARTRES (AVE DE),,,,280
201300021554,13,3,25,1850,1,2,2,1,3,404,BREZOLLES (ROUTE DE),,,,280
201300021555,13,3,26,1640,1,2,1,1,6,404,EPINAY (RUE DE),M,4872507,0133123,280
201300021556,13,4,1,1130,1,1,1,1,2,134,RN 12 (CARREFOUR DELISLE,,,,280
201300021557,13,4,11,840,1,1,1,1,5,134,ROCADE EST,,,,280
201300021558,13,4,14,1840,1,2,1,1,6,134,DE LATTRE DE TASSIGNY (A,M,4873881,0138742,280
201300021559,13,4,18,1810,1,2,1,1,6,134,PROD'HOMME (RUE EMILE),,,,280
201300021560,13,5,10,135,3,1,1,2,2,134,RN 12 (DESCENTE ET PONT,,,,280
201300021561,13,6,16,2215,1,2,2,1,3,404,CRECY (ROUTE DE),,,,280
201300021562,13,7,3,2000,1,1,1,1,1,134,CHAMPELON (CHEMIN DES),M,4875608,0134467,280
201300021563,13,7,14,2100,1,2,1,1,3,404,ROUSSEAU (RUE JEAN JACQU,M,4873023,0134159,280
201300021564,13,7,18,755,1,2,1,1,3,332,D 929,,,,280
201300021565,13,7,23,930,1,2,1,1,3,134,LONGS REAGES (RUE DES),M,4874105,0133632,280
201300021566,13,8,5,2010,1,1,1,7,1,134,HODDE (CHEMIN DU PONT),M,4876384,0133444,280
201300021567,13,9,12,1025,1,1,2,2,2,134,RN 12 (CARREFOUR DELISLE,,,,280
201300021568,13,9,14,1300,1,2,1,4,3,134,LECLERC (AVENUE DU GENER,M,4874045,0138290,280
201300021569,13,10,10,910,1,2,6,7,6,134,ROND POINT DUNANT,,,,280
201300021570,13,10,29,1520,1,1,3,7,3,404,CRECY (ROUTE DE),M,0000000,0000000,280
201300021571,13,11,5,1900,5,2,1,2,3,134,"7, LIVRAINDIERES (RUE DE",M,4874853,0135432,280
201300021572,13,12,7,850,1,2,6,1,3,134,MELSUNGEN  (AVENUE DE),,,,280
201300021573,13,12,14,1630,1,2,1,1,1,134,"30, ISAACS (RUE SAM)",,,,280
201300021574,13,12,29,1510,1,2,3,1,3,134,"0, LONGS REAGES (RUE DES",M,4874013,0133604,280
201300021575,13,2,14,1515,1,1,1,2,2,520,,M,0000000,0000000,710
201300021576,13,4,5,430,3,1,1,1,6,052,,M,0000000,0000000,710
201300021577,13,4,12,1145,1,1,1,1,5,170,,M,0000000,0000000,710
201300021578,13,5,13,2200,3,1,1,1,5,052,,M,0000000,0000000,710
201300021579,13,6,19,1615,1,1,1,1,5,052,,M,0000000,0000000,710
201300021580,13,6,28,615,2,1,1,8,2,052,,M,0000000,0000000,710
201300021581,13,7,10,615,1,1,1,1,6,475,,M,0000000,0000000,710
201300021582,13,7,12,2130,1,1,1,1,2,384,,M,0000000,0000000,710
201300021583,13,7,13,800,1,1,1,1,6,444,,M,0000000,0000000,710
201300021584,13,7,27,315,3,1,1,1,2,052,,M,0000000,0000000,710
201300021585,13,8,10,2000,2,1,1,1,6,336,,M,0000000,0000000,710
201300021586,13,8,15,1545,1,1,1,1,2,170,,M,0000000,0000000,710
201300021587,13,8,18,245,3,2,1,1,6,073,rue du 8 Mai 1945,M,4691400,0475348,710
201300021588,13,9,1,915,1,1,1,1,3,118,,M,0000000,0000000,710
201300021589,13,9,8,1900,1,1,1,8,1,189,,M,0000000,0000000,710
201300021590,13,10,10,2045,3,1,1,2,6,138,,M,0000000,0000000,710
201300021591,13,10,25,1845,2,1,1,1,5,019,,M,0000000,0000000,710
201300021592,13,12,14,1245,1,1,1,1,2,245,,M,0000000,0000000,710
201300021593,13,12,27,1015,1,1,1,8,7,384,,M,4669195,0484477,710
201300021594,13,3,4,1445,1,1,1,1,3,179,,M,0000000,0000000,740
201300021595,13,4,22,1815,1,2,4,1,3,272,CHAUMONTET - SILLINGY,M,0000000,0000000,740
201300021596,13,4,18,845,1,1,2,1,3,272,,M,0000000,0000000,740
201300021597,13,4,26,800,1,1,1,1,1,152,,M,0000000,0000000,740
201300021598,13,5,5,1500,1,1,1,1,6,179,,M,0000000,0000000,740
201300021599,13,5,21,730,1,2,1,2,6,272,156 route de Seysollaz,M,0000000,0000000,740
201300021600,13,6,21,100,5,1,1,1,6,112,,M,0000000,0000000,740
201300021601,13,6,22,2200,3,1,1,1,1,152,,M,0000000,0000000,740
201300021602,13,7,11,1615,1,1,1,1,7,231,ROUTE DE LA CHAUDIERE,M,0000000,0000000,740
201300021603,13,12,4,345,3,1,1,9,1,112,,M,0000000,0000000,740
201300021604,13,3,29,1715,1,1,2,1,3,532,,M,4890480,-083378,140
201300021605,13,4,1,1830,1,1,2,1,3,347,,M,4903710,-072952,140
201300021606,13,4,11,1200,1,1,2,1,3,052,LA FERRONNI?RE LE BENY B,M,4892970,-081048,140
201300021607,13,4,17,1630,1,1,3,1,3,413,LE MESNIL AUZOUF,M,4898950,-074456,140
201300021608,13,7,13,1900,1,1,1,1,1,443,,M,4894600,-074200,140
201300021609,13,1,31,330,4,1,1,8,7,206,Kerbouillen,M,4853269,-300667,220
201300021610,13,2,9,1415,1,1,1,2,1,182,,M,4853121,-294253,220
201300021611,13,2,22,1900,3,1,1,1,2,182,RN 12,M,4853074,-291978,220
201300021612,13,2,25,1045,1,1,1,4,7,188,,M,4852328,-288558,220
201300021613,13,4,26,1115,1,1,1,1,7,227,,M,4856559,-354570,220
201300021614,13,4,28,1700,1,1,1,1,4,187,,M,4853200,-275000,220
201300021615,13,6,9,2330,4,1,1,1,2,187,,M,4854509,-280621,220
201300021616,13,7,26,1615,1,1,1,1,2,187,,M,4854623,-278072,220
201300021617,13,7,29,1100,1,1,1,1,6,225,,M,4855300,-310800,220
201300021618,13,8,17,1100,1,1,1,1,2,227,Etang du Moulin Neuf,M,4856705,-357514,220
201300021619,13,9,22,715,2,1,1,5,7,030,,M,4870913,-338259,220
201300021620,13,12,8,2115,3,1,1,1,2,164,,M,4858555,-324883,220
201300021621,13,2,13,1500,1,1,1,1,7,180,,M,4842573,-224151,220
201300021622,13,2,22,845,1,1,9,1,3,259,LA BEZARDAIS,M,4844759,-209525,220
201300021623,13,2,23,1030,1,1,1,4,2,051,,M,4836867,-233317,220
201300021624,13,3,5,440,3,1,1,1,7,389,Aire de repos,M,4847986,-265796,220
201300021625,13,3,11,715,2,1,1,3,7,193,LA CROIX BALISSON,M,4840416,-241364,220
201300021626,13,3,12,2100,3,1,1,4,7,185,LA RUE,M,4844150,-247746,220
201300021627,13,3,15,1230,1,1,1,1,7,337,,M,4835409,-230760,220
201300021628,13,4,28,1400,1,1,1,1,6,339,,M,0000000,0000000,220
201300021629,13,6,15,1945,1,1,9,1,7,339,,M,4848700,-204100,220
201300021630,13,7,15,730,1,1,1,1,2,081,,M,4848111,-264534,220
201300021631,13,7,31,2015,1,1,1,1,7,190,,M,4851993,-203847,220
201300021632,13,10,15,1830,1,1,1,1,6,032,,M,4830000,-222300,220
201300021633,13,12,2,530,3,1,1,1,2,020,Le Chalet,M,4832008,-225125,220
201300021634,13,12,10,1545,1,1,1,1,6,193,PAS DOS GEO,M,4841925,-244438,220
201300021635,13,12,10,2245,3,1,1,1,7,339,PAS DOS GEO,M,4847992,-204430,220
201300021636,13,12,25,1500,1,1,1,2,7,369,PAS DOS GEO,M,4834366,-228795,220
201300021637,13,12,25,1800,3,1,1,2,7,190,PAS DOS GEO,M,4851815,-203864,220
201300021638,13,12,26,1430,1,1,1,1,6,160,PAS DOS GEO,M,4843835,-247432,220
201300021639,13,12,29,200,3,1,9,1,6,389,PAS DOS GEO,M,4848060,-265168,220
201300021640,13,7,1,2345,3,1,1,1,6,266,,M,4853745,-391766,290
201300021641,13,6,30,900,1,1,1,1,7,181,,M,4848871,-423444,290
201300021642,13,7,15,1630,1,1,1,1,6,268,,M,4847180,-432644,290
201300021643,13,8,18,1315,1,1,1,1,6,199,,M,4857752,-365213,290
201300021644,13,8,29,500,3,1,1,5,7,068,,M,4852570,-398637,290
201300021645,13,10,22,1800,1,1,9,2,6,268,,M,4847234,-432595,290
201300021646,13,8,15,1345,1,1,1,1,7,053,,M,4829698,-417068,290
201300021647,13,9,18,1845,1,1,1,1,2,140,,M,4838179,-430328,290
201300021648,13,2,21,2230,3,1,1,1,6,206,,M,4805574,-168092,350
201300021649,13,3,8,1930,2,1,1,1,4,206,,M,4806186,-167870,350
201300021650,13,5,18,630,2,1,1,1,2,012,,M,4785328,-169345,350
201300021651,13,6,4,1315,1,1,1,1,5,139,,M,4797411,-169416,350
201300021652,13,6,10,1345,1,1,1,1,6,139,,M,4797924,-169548,350
201300021653,13,6,19,1130,1,1,1,1,5,139,,M,4797760,-169517,350
201300021654,13,6,23,1815,1,1,1,1,6,206,,M,4806525,-167761,350
201300021655,13,10,6,645,2,1,1,1,6,129,,M,4783500,-182109,350
201300021656,13,10,15,845,1,1,1,3,2,139,,M,4798462,-169555,350
201300021657,13,10,20,330,3,1,1,3,5,012,,M,0000000,0000000,350
201300021658,13,11,13,645,5,2,1,1,2,012,rue des fr?res emery,M,4784142,-168102,350
201300021659,13,9,8,2245,3,1,2,1,3,310,,M,4836937,-130635,350
201300021660,13,10,11,2200,3,1,1,1,7,243,,M,4835570,-125509,350
201300021661,13,4,14,1830,1,1,1,1,2,209,,M,4609560,0587685,010
201300021662,13,4,30,755,1,1,1,1,3,354,,,,,010
201300021663,13,6,21,1715,1,1,1,1,7,109,,M,4612230,0589715,010
201300021664,13,9,10,1815,1,1,3,1,3,354,,M,0000000,0000000,010
201300021665,13,11,1,1500,1,1,1,1,6,109,,M,0000000,0000000,010
201300021666,13,6,28,1315,1,1,1,1,3,419,,,,,010
201300021667,13,12,24,1430,1,1,1,1,1,209,,M,4609200,0588800,010
201300021668,13,7,8,1200,1,2,2,1,3,419,RUE B. STRESEMANN RUE DU,M,4623450,0597915,010
201300021669,13,7,23,1500,1,2,9,1,1,288,1903 ROUTE DE LYON,M,4618600,0592679,010
201300021670,13,9,1,630,1,2,6,1,6,354,Rue de la Faucille,M,0000000,0000000,010
201300021671,13,1,11,545,3,1,1,9,7,314,,M,4950759,0571405,540
201300021672,13,1,27,30,3,1,1,1,3,314,,M,4949800,0574200,540
201300021673,13,3,11,2130,5,2,1,4,1,138,169 Rue de Lorraine -,M,4952808,0574635,540
201300021674,13,4,7,2000,2,1,1,1,7,134,,M,4944100,0559700,540
201300021675,13,4,12,1045,1,2,1,1,6,322,5 RUE DE SETE,M,4944700,0559900,540
201300021676,13,4,14,1645,1,1,1,1,2,428,,M,4940800,0571900,540
201300021677,13,5,25,1345,1,1,1,2,7,236,,M,4944312,0554677,540
201300021678,13,6,15,815,4,2,1,1,6,582,D29C ROUTE DE CHARENCY,M,4947600,0554393,540
201300021679,13,7,6,1815,1,2,1,1,3,322,rue de l'hotel de ville,M,0000000,0000000,540
201300021680,13,7,10,1930,1,1,1,1,1,067,,M,4944480,0569993,540
201300021681,13,7,25,1800,1,1,1,1,7,590,,M,4946689,0562193,540
201300021682,13,7,27,1200,1,1,1,1,7,067,,M,4943751,0564401,540
201300021683,13,8,5,2030,1,1,1,1,7,537,,M,4945989,0569166,540
201300021684,13,9,25,600,2,1,1,5,6,067,,M,4943956,0569810,540
201300021685,13,9,25,1145,1,2,1,1,6,234,11 grand rue,M,4953475,0568534,540
201300021686,13,10,20,2100,1,1,1,1,7,236,,M,4944566,0553710,540
201300021687,13,10,20,800,1,1,1,2,6,290,,M,4943400,0575500,540
201300021688,13,11,27,845,1,2,1,1,6,322,rue de Sete,M,4943908,0560693,540
201300021689,13,12,20,1415,1,1,1,1,3,590,,M,0000000,0000000,540
201300021690,13,3,18,1445,2,1,1,8,1,489,,M,0000000,0000000,670
201300021691,13,7,27,945,1,1,1,1,2,437,,M,0000000,0000000,670
201300021692,13,9,9,1730,1,1,1,2,7,459,,M,0000000,0000000,670
201300021693,13,9,11,2100,3,1,1,3,5,469,,M,0000000,0000000,670
201300021694,13,10,9,2030,3,1,1,2,1,347,,M,0000000,0000000,670
201300021695,13,2,18,745,2,1,1,1,1,048,,M,4332300,0699700,830
201300021696,13,3,8,1100,1,1,1,2,1,048,,M,4332300,0695700,830
201300021697,13,5,3,1145,1,1,1,1,1,036,,M,4327600,0685900,830
201300021698,13,6,4,1900,1,1,1,1,1,048,,M,4319100,0659300,830
201300021699,13,6,21,1545,1,2,3,1,3,048,chemin de provence,M,4320652,0656531,830
201300021700,13,6,21,2000,1,2,1,1,6,036,Chemin des Collieres,M,4319434,0653089,830
201300021701,13,7,2,415,5,2,1,1,6,036,Rue du port,M,4316900,0653800,830
201300021702,13,8,22,915,1,2,1,1,6,048,boulevard de Tabarin,M,4319426,0656981,830
201300021703,13,10,11,1600,1,1,1,1,5,048,,M,0000000,0000000,830
201300021704,13,12,3,1000,1,2,1,1,6,036,1 Rue du Port,M,4317300,0653500,830
201300021705,13,1,20,1745,2,2,1,1,3,151,Le bourg d50,M,0000000,0000000,350
201300021706,13,1,22,1230,1,1,1,8,7,057,,M,4793900,-191200,350
201300021707,13,8,25,1515,1,1,1,1,6,168,,M,0000000,0000000,350
201300021708,13,10,19,1600,1,1,1,1,6,129,,M,0000000,0000000,350
201300021709,13,7,17,2215,2,1,1,7,6,056,,M,0000000,0000000,860
201300021710,13,11,5,615,3,1,1,3,6,056,,M,4651500,0013700,860
201300021711,13,7,9,1045,1,1,1,1,7,491,,M,5002000,0230300,620