Num_Acc,an,mois,jour,hrmn,lum,agg,int,atm,col,com,adr,gps,lat,long,dep
201300021712,13,10,20,1730,1,2,1,1,6,502,rue delflie,M,0000000,0000000,620
201300021713,13,1,2,115,3,1,1,8,6,272,,M,0000000,0000000,210
201300021714,13,7,2,1445,1,1,1,1,1,087,,M,,,210
201300021715,13,8,16,1030,1,1,1,1,6,128,,M,0000000,0000000,210
201300021716,13,8,21,1150,1,1,1,1,6,244,,M,0000000,0000000,210
201300021717,13,9,13,745,1,1,1,1,6,298,,M,,,210
201300021718,13,9,13,945,1,1,1,2,2,501,,M,4741800,0494800,210
201300021719,13,9,20,1230,1,1,1,1,7,633,,M,4757300,0478000,210
201300021720,13,5,20,845,1,1,1,3,5,120,LA GRANDE FERRIERE,M,0000000,0000000,860
201300021721,13,1,29,1835,5,2,1,2,6,143,AVENUE DE GENEVE,M,4635440,0613909,010
201300021722,13,4,1,1200,1,1,1,1,5,436,,M,4634160,0608915,010
201300021723,13,9,21,1600,1,1,1,1,2,436,,M,4634800,0609500,010
201300021724,13,11,9,1045,1,1,1,1,1,153,,M,0000000,0000000,010
201300021725,13,1,10,1845,5,2,1,2,6,096,30 boulevar de Guizard,M,4452800,0276600,120
201300021726,13,1,29,1330,1,1,1,1,2,157,,M,0000000,0000000,120
201300021727,13,3,3,1430,1,1,1,7,1,049,,M,0000000,0000000,120
201300021728,13,3,30,530,3,1,1,2,6,157,,M,0000000,0000000,120
201300021729,13,4,9,1515,1,1,1,2,6,216,,M,4452900,0282700,120
201300021730,13,5,2,1530,1,1,1,1,2,033,,M,4443700,0267900,120
201300021731,13,12,19,900,1,2,1,2,6,096,boulevard joseph poulenc,M,4452800,0276300,120
201300021732,13,11,17,15,3,1,1,8,7,450,,M,4347950,-055289,640
201300021733,13,12,12,1845,5,1,1,1,2,300,,M,4341530,-062874,640
201300021734,13,1,16,720,2,1,2,5,3,322,,M,4594780,0480885,010
201300021735,13,3,6,1700,1,2,1,1,6,427,RUE NEUVE,M,4594040,0477074,010
201300021736,13,4,23,1100,1,1,2,7,3,157,,M,4602420,0475271,010
201300021737,13,6,18,1245,1,2,3,1,3,194,,M,4598600,0475877,010
201300021738,13,7,25,1905,1,1,1,1,6,322,,M,4594060,0480976,010
201300021739,13,8,6,1700,1,1,2,1,3,322,,M,4594280,0482178,010
201300021740,13,1,1,425,5,2,1,2,2,019,"., EUROPE (DE 13 A 15)",M,4841574,-447370,290
201300021741,13,1,2,1755,2,2,1,1,6,019,"., KERJEGU MONTJARET DE",M,4839046,-445200,290
201300021742,13,1,3,1140,1,2,1,1,3,019,DESFOSSES ROMAIN (AMIRAL,M,4842670,-447714,290
201300021743,13,1,11,2335,5,2,1,3,6,019,", MAISSIN",M,4838790,-450338,290
201300021744,13,1,15,1830,5,2,1,1,6,019,"29, LOTI PIERRE",M,4838261,-450567,290
201300021745,13,1,17,2225,5,1,6,3,6,019,"., LE GORGEU (N?29 (TOTA",M,4839977,-449664,290
201300021746,13,1,18,905,1,2,1,1,6,019,"., FOUQUAT FRANCOIS",M,4840448,-446672,290
201300021747,13,1,18,730,5,2,3,1,3,019,"23, DUNANT HENRI",M,4842117,-449679,290
201300021748,13,1,20,610,5,2,1,1,2,019,"0, SCHUMANN ROBERT (PONT",M,4839799,-449119,290
201300021749,13,1,22,1925,5,2,6,1,3,019,"., ROUSSE EMILE",M,4838395,-452784,290
201300021750,13,1,25,1540,1,2,2,1,3,019,"0, JAURES JEAN (DE 1 A 4",M,4839172,-448365,290
201300021751,13,1,26,2310,5,2,3,1,3,019,EUROPE (DE 58 A 166 ET 9,M,4841313,-449285,290
201300021752,13,1,28,850,2,2,1,1,6,019,"., CHERBOURG",M,4838188,-450166,290
201300021753,13,1,29,715,5,2,1,3,6,019,BLUM LEON,M,4840491,-448463,290
201300021754,13,1,29,1330,1,2,1,1,6,019,BOTREL THEODORE (DE 1 A,M,4840469,-450166,290
201300021755,13,1,30,820,2,2,1,1,3,019,"131, JAURES JEAN (DE 105",M,4840182,-446825,290
201300021756,13,1,30,1730,1,2,6,1,3,019,"., ROND POINT Dun Laogha",M,4840199,-450237,290
201300021757,13,1,31,1850,5,2,2,1,3,019,"0, TREMAUDAN ERNESTINE D",M,4842873,-447677,290
201300021758,13,2,1,1210,1,2,1,2,6,019,"., DOCTEUR ROUX",M,4838418,-451720,290
201300021759,13,2,1,1705,1,2,1,1,6,019,PAULET GENERAL (DE 1 A 1,M,4840733,-447540,290
201300021760,13,2,2,1340,1,2,3,1,3,019,EUROPE (DE 13 A 15),M,4841607,-447053,290
201300021761,13,2,4,1410,1,2,6,1,3,019,"0, HUIT MAI 1945 (DE 46",M,4841250,-447593,290
201300021762,13,2,14,755,1,2,1,2,6,019,", TARENTE",M,4840469,-450960,290
201300021763,13,2,16,2000,2,2,1,1,6,019,"80, DROGOU COMMANDANT (D",M,4840461,-449742,290
201300021764,13,2,22,540,4,2,3,1,3,019,SALAUN PENQUER,M,4838432,-448403,290
201300021765,13,2,24,1425,1,2,3,1,6,019,"., TOURVILLE",M,4839309,-449851,290
201300021766,13,2,26,930,1,2,1,1,4,019,"34, MESDOUN",M,4837768,-452234,290
201300021767,13,2,27,1200,1,2,2,1,3,019,LESVEN JULES (DE 1 A 53,M,4840429,-447644,290
201300021768,13,2,28,715,5,2,1,1,2,019,"0, LESVEN JULES (DE 1 A",M,4840283,-447397,290
201300021769,13,3,2,1455,1,2,6,1,6,019,"., LE GORGEU (SANS N? EN",M,4840461,-450601,290
201300021770,13,3,7,505,5,2,2,2,3,019,"0, EINSTEIN ALBERT",M,4840820,-446228,290
201300021771,13,3,11,750,1,2,6,2,2,019,"., PEN AR CH'LEUZ",M,4841501,-447979,290
201300021772,13,3,11,850,1,2,1,1,6,019,"., GLASGOW (DE 1 A 9 ET",M,4839193,-448480,290
201300021773,13,3,14,1650,1,2,6,1,6,019,"., PREMIERE DFL (AVENUE)",M,4837602,-455382,290
201300021774,13,3,16,1055,1,2,1,1,6,019,"19, CLEMENCEAU GEORGES (",M,4838935,-448455,290
201300021775,13,3,17,2035,4,2,1,2,3,019,"., BLUM LEON",M,4840817,-448517,290
201300021776,13,3,18,1020,1,2,2,1,3,019,"0, DIXMUDE",M,4840068,-446002,290
201300021777,13,3,21,1720,1,2,1,2,6,019,"., KERMENGUY",M,4840301,-454933,290
201300021778,13,3,25,1725,1,2,1,1,6,019,"0, DUPUY DE LOME (DE 34",M,4839069,-450916,290
201300021779,13,3,31,1050,1,2,1,1,6,019,GUELMEUR (DE 1 A 61 ET 2,M,4839627,-445818,290
201300021780,13,3,31,2245,5,2,6,1,2,019,DUQUESNE (DE 1 A 11 ET 2,M,4839107,-448873,290
201300021781,13,4,3,1830,1,2,6,1,6,019,DESFOSSES ROMAIN (AMIRAL,M,4842625,-447553,290
201300021782,13,4,4,905,1,2,1,2,2,019,"., HARTELOIRE (RUE)",M,4839339,-449209,290
201300021783,13,4,6,1420,1,1,1,1,6,019,DOUANE (QUAI DE LA),M,4838242,-448563,290
201300021784,13,4,15,1020,1,2,2,1,3,019,"0, BUGEAUD",M,4839671,-447987,290
201300021785,13,4,13,510,5,2,1,1,6,019,"117, ROBESPIERRE (96 ET",M,4840679,-448944,290
201300021786,13,4,21,1525,1,2,1,1,6,019,TOURVILLE,M,4839309,-449851,290
201300021787,13,4,23,1750,1,2,2,1,3,019,JAURES JEAN (DE 1 A 41 E,M,4840206,-446792,290
201300021788,13,4,24,1,5,2,3,1,3,019,"0, KERJEAN VRAS (RUE ET",M,4839280,-447749,290
201300021789,13,4,25,1645,1,2,1,1,3,019,"134, PLYMOUTH (DE 89 A 1",M,4838699,-452589,290
201300021790,13,4,27,2040,1,2,6,1,3,019,"., VILLENEUVE (RUE)",M,4841012,-446254,290
201300021791,13,5,2,1505,1,2,1,1,3,019,LESVEN JULES (DE 1 A 53,M,4840683,-447940,290
201300021792,13,5,7,940,1,2,1,1,6,019,"., PLYMOUTH (DE 89 A 135",M,4838304,-453837,290
201300021793,13,5,7,1220,1,2,1,1,3,019,"0, GALLIENI GENERAL (DE",M,4838985,-450764,290
201300021794,13,5,10,440,5,2,2,1,6,019,"., MONTAIGNE (DE 39 A 11",M,4840181,-448312,290
201300021795,13,5,10,1700,1,2,1,1,2,019,"45, GLASGOW (DE 1 A 9 ET",M,4839522,-448421,290
201300021796,13,5,15,1750,1,2,1,1,3,019,"., DUVAL MARCELLIN (DE 1",M,4841731,-448702,290
201300021797,13,5,17,1250,1,2,6,1,3,019,"., GUILERS (DE 1 A 37 ET",M,4838622,-451264,290
201300021798,13,5,25,5,5,2,1,1,3,019,"64, HUIT MAI 1945 (DE 46",M,4841302,-447752,290
201300021799,13,5,25,1655,1,2,6,1,3,019,"., LE GORGEU (N?ENTRE TA",M,4840461,-450601,290
201300021800,13,5,28,820,1,2,1,1,3,019,MAISSIN,M,4838790,-450338,290
201300021801,13,5,31,2330,5,2,1,1,2,019,"42, SEBASTOPOL",M,4839815,-447238,290
201300021802,13,6,1,1635,1,2,1,1,3,019,"0, TARENTE",M,4840469,-450960,290
201300021803,13,6,3,750,1,2,1,1,2,019,"., POULLIC AL OR",M,4838753,-447543,290
201300021804,13,6,4,1340,1,2,3,1,3,019,"., ARMOR",M,4838386,-451609,290
201300021805,13,6,7,1415,1,2,1,1,2,019,"., EUROPE (DE 201 A 215)",M,4840985,-451646,290
201300021806,13,6,7,1530,1,2,2,3,3,019,"0, EUROPE (DE 58 A 166 E",M,4841313,-449294,290
201300021807,13,6,7,1535,1,2,2,1,6,019,"., EAU BLANCHE (DE 1 A 7",M,4841197,-445789,290
201300021808,13,6,8,1450,1,2,2,1,3,019,"., CHATEAU (DE 37 A 55 E",M,4838561,-448818,290
201300021809,13,6,10,1907,1,2,6,1,3,019,LESVEN JULES (DE 1 A 53,M,4840703,-447947,290
201300021810,13,6,11,930,1,2,1,2,6,019,"0, MESDOUN",M,4837711,-452145,290
201300021811,13,6,15,1750,1,2,1,1,1,019,"52, GOUESNOU (DE 43 A 21",M,4840970,-446831,290
201300021812,13,6,16,840,1,2,1,2,2,019,TARENTE,M,4840666,-451220,290
201300021813,13,6,17,2020,1,2,4,1,3,019,"., VALMY",M,4839948,-446598,290
201300021814,13,6,19,1025,1,2,1,1,6,019,"4, DOLET ETIENNE",M,4838828,-448940,290
201300021815,13,6,20,1207,1,2,1,2,3,019,"12, BEAUMANOIR",M,4838698,-451448,290
201300021816,13,6,20,1735,1,2,2,8,5,019,MONTAIGNE (DE 1 A 37 ET,M,4839999,-448582,290
201300021817,13,6,24,1540,1,2,3,1,3,019,MOULIN JEAN (SANS N? PAI,M,4839079,-449397,290
201300021818,13,6,24,1300,1,2,1,1,6,019,"161, GUYNEMER CAPITAINE",M,4839000,-446432,290
201300021819,13,6,22,2120,1,2,2,1,3,019,"., EUROPE (DE 13 A 15)",M,4841594,-447177,290
201300021820,13,6,25,1405,1,2,1,1,6,019,"21, TRAVERSE",M,4838516,-448952,290
201300021821,13,6,25,1715,1,2,3,1,2,019,"., DOCTEUR GUILLERM",M,4838674,-453542,290
201300021822,13,6,27,1100,1,2,1,1,6,019,"., CLEMENCEAU GEORGES (D",M,4839054,-448681,290
201300021823,13,6,29,2000,1,2,1,1,4,019,"., QUIMPER (154 ET 173 A",M,4839946,-444297,290
201300021824,13,6,30,420,5,2,1,1,6,019,"139, QUATRE POMPES (DE 6",M,4836709,-452897,290
201300021825,13,7,10,1835,1,2,3,1,3,019,GOUESNOU (DE 1 A 29 ET 2,M,4841511,-446828,290
201300021826,13,7,16,1300,1,2,1,1,7,019,PEN AR CH'LEUZ (ROND POI,M,4841474,-447885,290
201300021827,13,7,17,1240,1,2,1,1,1,019,"0, ROCH GLAS (ROUTE ET C",M,4843191,-448751,290
201300021828,13,7,18,2000,1,1,1,1,6,019,"., CEZANNE",M,4841326,-447145,290
201300021829,13,7,20,1215,1,2,1,1,3,019,"22, HUIT MAI 1945 (DE 2",M,4841026,-447091,290
201300021830,13,7,25,635,2,2,1,1,6,019,"33, CORBIERE EDOUARD (DE",M,4839190,-447292,290
201300021831,13,7,27,1840,1,2,3,1,5,019,"., PRIGENT TANGUY (DE ME",M,4839671,-453261,290
201300021832,13,8,2,1100,1,2,2,1,3,019,"., LE GORGEU (N?29 (TOTA",M,4839977,-449664,290
201300021833,13,8,3,1310,1,2,1,1,6,019,"., AIGUILLON (DE 1 A 37",M,4838683,-449061,290
201300021834,13,8,9,720,1,2,1,1,1,019,"., EUROPE (DE 58 A 166 E",M,4841313,-449286,290
201300021835,13,8,13,1720,1,2,1,1,6,019,"., SAINT MARC (DE 1 A 59",M,4838679,-447010,290
201300021836,13,8,15,1200,1,2,1,1,6,019,"., F.F.I.",M,4841691,-449267,290
201300021837,13,8,19,2120,1,2,6,1,6,019,"., TARTU JEAN FRANCOIS (",M,4838308,-452757,290
201300021838,13,8,23,100,5,2,2,1,3,019,PARIS ( 33 ET 42 A FIN),M,4840499,-446348,290
201300021839,13,8,30,1450,1,2,1,1,6,019,"0, ROBESPIERRE (96 ET 10",M,4840718,-448958,290
201300021840,13,9,10,800,1,2,6,1,3,019,"., FOULQUES ROND POINT D",M,4838955,-445872,290
201300021841,13,9,3,1320,1,2,2,1,3,019,"., MUSSET ALFRED DE",M,4839060,-446652,290
201300021842,13,9,4,2020,1,2,3,1,3,019,COROT,M,4841419,-447239,290
201300021843,13,9,4,2243,5,2,2,1,6,019,"0, MASSILLON (DE 1 A 31",M,4839559,-448158,290
201300021844,13,9,5,855,1,2,1,1,6,019,"., TARENTE",M,4840469,-450960,290
201300021845,13,9,6,1735,1,2,1,2,3,019,MADAGASCAR,M,4838453,-447930,290
201300021846,13,9,7,1840,1,2,6,1,3,019,"., LE GORGEU (N?29 (TOTA",M,4840461,-450601,290
201300021847,13,9,9,1210,1,2,1,1,3,019,"34, LESVEN JULES (DE 26",M,4787562,-391729,290
201300021848,13,9,12,1740,1,2,3,2,4,019,"., ROCH GLAS (ROUTE ET C",M,4843191,-448751,290
201300021849,13,9,13,2323,5,2,1,2,6,019,"0, LE GORGEU (N?29 (TOTA",M,4840568,-450741,290
201300021850,13,9,14,1700,1,2,8,1,3,019,"., KERAMPERE",M,4839548,-444849,290
201300021851,13,9,15,555,4,2,6,1,3,019,STRASBOURG (PLACE),M,4840247,-446686,290
201300021852,13,9,16,830,1,2,1,1,6,019,"33, LOTI PIERRE",M,4838263,-450580,290
201300021853,13,9,17,1130,1,2,1,5,1,019,"., PAULET GENERAL (DE 1",M,4841680,-447608,290
201300021854,13,9,20,55,5,2,3,1,3,019,JAURES JEAN (DE 239 ET 2,M,4839996,-447113,290
201300021855,13,9,22,1620,1,2,1,1,3,019,"0, DUVAL MARCELLIN (DE 1",M,4841731,-448702,290
201300021856,13,9,23,1850,1,2,6,7,2,019,"., LE GORGEU (N?29 (TOTA",M,4840036,-449894,290
201300021857,13,9,24,810,1,2,1,1,6,019,HARTELOIRE (PONT),M,4839295,-449917,290
201300021858,13,9,24,850,1,2,1,1,6,019,"2, ARCHINARD GENERAL",M,4840027,-450811,290
201300021859,13,9,27,855,1,2,1,1,6,019,"69, RIVIERE FRANCOIS (RU",M,4839446,-446929,290
201300021860,13,9,27,1715,1,2,1,1,3,019,TARENTE,M,4840380,-450856,290
201300021861,13,9,28,1615,1,2,1,1,3,019,"., GOUESNOU (DE 1 A 29 E",M,4840304,-446730,290
201300021862,13,9,28,1830,1,2,1,1,6,019,"., CLEMENCEAU GEORGES (D",M,4839054,-448681,290
201300021863,13,9,30,955,1,2,1,1,2,019,"71, MONTAIGNE (DE 39 A 1",M,4840358,-448046,290
201300021864,13,10,3,950,1,2,2,1,3,019,LE GORGEU (SANS N? ENTRE,M,4840461,-450601,290
201300021865,13,10,5,1025,1,2,1,1,3,019,"0, NAPOLEON III (PLACE)",M,4840399,-450718,290
201300021866,13,10,7,935,1,2,1,1,6,019,ROSCANVEL (PLACE ET RUE),M,4838575,-451615,290
201300021867,13,10,8,1430,1,2,2,1,3,019,"., DOUANE (QUAI DE LA)",M,4838201,-448676,290
201300021868,13,10,8,1845,1,2,1,1,6,019,"0, FOCH MARECHAL",M,4839530,-448847,290
201300021869,13,10,10,1105,1,2,3,1,3,019,EUROPE (DE 58 A 166 ET 9,M,4841509,-447765,290
201300021870,13,10,11,1500,1,2,2,1,3,019,"., CUVIER GEORGES",M,4839769,-446787,290
201300021871,13,10,11,1825,1,2,9,1,3,019,"., LESVEN JULES (DE 1 A",M,4840752,-447971,290
201300021872,13,10,14,835,1,2,3,1,6,019,"309, FRANCE ANATOLE (DE",M,4838340,-450793,290
201300021873,13,10,15,1540,1,2,1,1,6,019,ROND POINT DE KERESSEIS,M,4839490,-453860,290
201300021874,13,10,17,905,1,2,1,1,6,019,"96, ROBESPIERRE (96 ET 1",M,4840718,-448958,290
201300021875,13,10,18,1710,1,2,2,1,3,019,"., QUIMPER (154 ET 173 A",M,4840088,-445133,290
201300021876,13,10,21,845,2,2,6,1,6,019,PAULET GENERAL (173 ET 2,M,4841758,-447654,290
201300021877,13,10,25,1430,1,2,1,1,2,019,"51, GLASGOW (DE 1 A 9 ET",M,4839565,-448406,290
201300021878,13,10,29,1415,1,2,1,3,2,019,"., POMPIDOU GEORGES (AVE",M,4841097,-448179,290
201300021879,13,11,2,1335,1,2,1,1,2,019,"0, PREMIERE DFL (AVENUE)",M,4837478,-455745,290
201300021880,13,11,3,30,5,2,3,3,3,019,GOUESNOU (DE 1 A 29 ET 2,M,4840356,-446739,290
201300021881,13,11,3,1910,5,2,2,3,5,019,"., BOTREL THEODORE (DE 3",M,4840711,-450164,290
201300021882,13,11,5,1020,1,2,3,2,3,019,Rue Gustave ZEDE,M,4842093,-446346,290
201300021883,13,11,6,2000,5,2,3,1,6,019,1 � 2 rue Y COLLET,M,4838938,-448334,290
201300021884,13,11,7,1705,1,2,3,1,3,019,EUROPE (DE 13 A 15),M,4841583,-447154,290
201300021885,13,11,9,1020,1,2,1,1,2,019,Avenue de PROVENCE,M,4840742,-451606,290
201300021886,13,11,9,1825,5,2,1,1,6,019,41 rue de LYON,M,4838902,-448922,290
201300021887,13,11,11,1110,1,2,1,2,2,019,de  21 �  57 VALY HIR,M,4838534,-452803,290
201300021888,13,11,13,1645,1,2,1,1,6,019,"175, PLYMOUTH",M,4838685,-452745,290
201300021889,13,11,16,1515,1,2,1,1,4,019,BLUM LEON,M,4840559,-448466,290
201300021890,13,11,18,1215,1,2,1,1,2,019,"., HARTELOIRE (PONT)",M,4839295,-449960,290
201300021891,13,11,19,1255,1,2,1,1,3,019,33 � 42 rue de  PARIS,M,4840529,-446316,290
201300021892,13,11,21,815,2,2,1,1,6,019,LOTI PIERRE,M,4838271,-450653,290
201300021893,13,11,22,1235,1,2,1,1,6,019,"3, VENDEE",M,4840434,-451157,290
201300021894,13,11,22,2125,1,2,3,1,3,019,EUROPE (DE 13 A 15),M,4841599,-447099,290
201300021895,13,11,23,1830,3,2,2,1,3,019,"., GALLIENI GENERAL (DE",M,4838893,-450942,290
201300021896,13,11,24,1825,5,2,1,1,6,019,"0, PARIS ( 33 ET 42 A FI",M,4840603,-446213,290
201300021897,13,11,26,740,5,2,1,1,6,019,PLYMOUTH (ENTRE POINT,M,4838710,-452115,290
201300021898,13,11,27,1800,5,2,2,2,3,019,LOTI PIERRE,M,4838262,-450566,290
201300021899,13,11,27,1930,5,2,5,2,3,019,LE GORGEU (29 (TOTAL)+,M,4839837,-449350,290
201300021900,13,11,29,1315,1,2,1,8,6,019,"5, LAMOTTE PICQUET (DE 1",M,4839489,-449261,290
201300021901,13,11,29,1558,1,2,1,8,4,019,"0, LE BRIS JEAN MARIE",M,4838420,-448314,290
201300021902,13,11,30,125,5,2,2,1,6,019,DESFOSSES ROMAIN (AMIRAL,M,4842775,-447300,290
201300021903,13,12,2,1830,5,2,3,1,2,019,"., CASSARD JACQUES",M,4840496,-448016,290
201300021904,13,12,4,1835,5,2,1,2,6,019,LOTI PIERRE,M,4838264,-450582,290
201300021905,13,12,13,1458,1,2,1,2,6,019,"0, LE GORGEU (N29 Total)",M,4840330,-450585,290
201300021906,13,12,14,2230,5,2,1,3,6,019,COLLET YVES (DE 1 A 27 E,M,4838980,-448283,290
201300021907,13,12,14,1525,1,2,2,1,3,019,THIBAUDET ALBERT,M,4837547,-454136,290
201300021908,13,12,16,810,5,2,3,3,6,019,"., TARENTE",M,4840469,-450960,290
201300021909,13,12,16,1538,1,2,1,3,6,019,"0, WARSPITE HMS",M,4839058,-452307,290
201300021910,13,12,16,2020,1,2,1,3,6,019,"8, CLEMENCEAU GEORGES (D",M,4838987,-448549,290
201300021911,13,12,18,1430,1,2,2,3,6,019,"20, HARTELOIRE (RUE)",M,4839353,-449236,290
201300021912,13,12,18,1810,5,2,3,3,6,019,KERBONNE (DE 1 A 29 ET 2,M,4838212,-451536,290
201300021913,13,12,19,1930,5,2,1,1,6,019,LANGEVIN PROFESSEUR,M,4840265,-449846,290
201300021914,13,12,21,1215,1,2,1,3,6,019,DUQUESNE (DE 8 ET 13 A 2,M,4839094,-448884,290
201300021915,13,12,22,120,5,2,1,2,6,019,rue 19 MARS 1962,M,4838771,-451796,290
201300021916,13,12,22,1055,1,2,2,1,3,019,"., MONTAIGNE (DE 39 A 11",M,4840175,-448319,290
201300021917,13,12,23,1754,5,2,1,6,6,019,"0, COMMANDANT SOMME PY",M,4840380,-448570,290
201300021918,13,12,26,1535,1,2,1,1,6,019,"96, GAMBETTA (N5 DORTOI",M,4838991,-447267,290
201300021919,13,12,26,1850,3,2,1,2,6,019,"., DIDAILLER GEORGES",M,4840953,-446619,290
201300021920,13,12,26,2245,3,2,1,2,6,019,SEMARD PIERRE,M,4839247,-446898,290
201300021921,13,12,31,1945,5,2,1,3,2,019,"28, BLUM LEON",M,4840487,-448459,290
201300021922,13,2,6,1245,1,1,1,4,1,001,,M,4369792,-028614,400
201300021923,13,2,23,1515,1,1,1,1,6,185,,M,4362615,-029741,400
201300021924,13,4,9,1500,1,1,1,1,2,234,,M,4399671,-035917,400
201300021925,13,4,19,1415,1,1,1,1,7,238,,M,4385302,-034250,400
201300021926,13,7,28,1625,1,1,1,1,7,050,,M,4397276,-038186,400
201300021927,13,10,12,1500,1,1,1,1,7,238,,M,4386821,-035993,400
201300021928,13,10,31,1015,1,1,1,1,6,105,,M,4403391,-065587,400
201300021929,13,12,11,2100,5,1,6,1,7,103,,M,4394879,-039260,400
201300021930,13,1,4,1720,1,1,1,2,7,039,RD 783,M,4787801,-390125,290
201300021931,13,1,10,1300,1,1,1,2,7,039,"0, KERGUERES (Route de)",M,4789705,-393370,290
201300021932,13,1,10,1405,1,1,1,2,7,039,RN165 (VE),M,4793352,-390735,290
201300021933,13,1,10,1540,1,1,1,2,1,039,RD 783,M,4787513,-389860,290
201300021934,13,1,15,545,5,2,1,8,7,039,VILLENEUVE ( RUE DE LA),M,4789563,-391334,290
201300021935,13,1,17,1210,1,2,1,1,3,039,GARE (AVENUE DE LA),M,4787838,-391989,290
201300021936,13,1,20,1515,1,1,1,1,6,039,"02, CHAPERONS (ALLEE DES",M,4785606,-390929,290
201300021937,13,2,2,105,3,2,1,2,6,039,"12, CHANT DES OISEAUX (R",M,4787472,-389112,290
201300021938,13,2,9,1200,1,1,1,1,7,039,RN165 (VE),M,4792374,-389343,290
201300021939,13,2,9,1255,1,1,1,1,7,039,COAT CONQ ( LIEU-DIT),M,4792631,-389449,290
201300021940,13,2,23,1553,1,2,1,1,5,039,PENANGUER ( RUE DE),M,4790893,-391901,290
201300021941,13,2,25,1512,1,2,1,1,4,039,"08-10, GUEGUIN (AVENUE P",M,4787280,-391784,290
201300021942,13,2,26,1650,1,2,1,1,6,039,MAISON BLANCHE (LIEU-DIT,M,4788920,-391963,290
201300021943,13,3,28,745,1,2,1,1,7,039,"143 ter, TREGUNC ( RUE D",M,4786311,-389536,290
201300021944,13,3,28,1845,1,2,7,1,3,039,"20, GENERAL DE GAULLE (P",M,4787159,-391902,290
201300021945,13,3,31,1,5,2,1,1,7,039,"04, BIELEFELD SENNE ( AV",M,4787750,-391008,290
201300021946,13,4,8,2120,3,1,1,2,7,039,RD 783,M,4787208,-389746,290
201300021947,13,4,18,1055,1,2,9,1,7,039,VILLENEUVE ( RUE DE LA),M,4789585,-391322,290
201300021948,13,4,21,110,5,2,1,1,6,039,"56, GARE (AVENUE DE LA)",M,4787682,-391932,290
201300021949,13,4,21,130,5,1,1,1,6,039,RD 783,M,4788006,-390687,290
201300021950,13,4,24,1708,1,2,1,1,6,039,CHARLEMAGNE ( COURS),M,4786454,-390244,290
201300021951,13,5,10,850,1,2,1,1,7,039,POTEAU VERT ( RUE DU),M,4789725,-391032,290
201300021952,13,5,12,1603,1,1,1,1,7,039,RD 783,M,4787752,-390029,290
201300021953,13,5,18,1930,1,2,1,1,2,039,COAT BRAS (Rond Point),M,4788252,-392404,290
201300021954,13,5,21,1800,1,2,1,1,5,039,RD 783,M,4788485,-391271,290
201300021955,13,5,26,640,1,2,1,1,7,039,LANRIEC ( RUE DE ),M,4786933,-388484,290
201300021956,13,6,6,1710,1,2,1,1,7,039,CHENES (RUE DES),M,4787980,-391588,290
201300021957,13,6,10,1735,1,2,9,1,2,039,RD 122,M,4787821,-387749,290
201300021958,13,6,13,1430,1,2,1,1,6,039,MOULIN A VENT ( RUE DU),M,4786907,-390737,290
201300021959,13,6,26,1700,1,1,1,1,2,039,KERGUERES ( CHEMIN DE ),M,4789660,-393308,290
201300021960,13,6,30,2310,5,2,1,1,6,039,MOROS( PONT DU),M,4787892,-390369,290
201300021961,13,7,15,2200,2,2,1,1,2,039,GUEGUIN (AVENUE PIERRE),M,4787385,-391836,290
201300021962,13,7,17,1015,1,2,9,1,2,039,RD 783 BEUZEC,M,4788644,-391372,290
201300021963,13,7,22,730,1,2,1,1,2,039,VILLENEUVE ( RUE DE LA),M,4789515,-391364,290
201300021964,13,7,23,1743,1,2,1,1,6,039,TREGUNC ( RUE DE ),M,4786333,-389601,290
201300021965,13,7,24,1225,1,1,3,1,3,039,"38, KERGUERES (Route de)",M,4789658,-393312,290
201300021966,13,7,30,1935,1,2,1,2,7,039,PARMENTIER ( RUE),M,4787334,-387924,290
201300021967,13,8,2,1445,1,2,2,1,4,039,RD 783,M,4786819,-389440,290
201300021968,13,8,11,710,1,2,1,1,1,039,"12, SANE ( RUE JEAN NOEL",M,4790423,-391021,290
201300021969,13,8,12,315,3,1,1,1,7,039,RD 783,M,4787789,-390094,290
201300021970,13,8,16,1928,1,1,1,2,7,039,KERGUERES ( CHEMIN DE ),M,4789611,-393540,290
201300021971,13,8,24,1500,1,2,3,1,4,039,GARE (AVENUE DE LA),M,4787948,-391994,290
201300021972,13,8,26,1435,1,2,1,1,6,039,"1, GENERAL DE GAULLE (PL",M,4787160,-391903,290
201300021973,13,8,29,955,1,2,1,1,6,039,VILLENEUVE ( RUE DE LA),M,4789566,-391335,290
201300021974,13,8,31,1030,1,2,1,1,6,039,CARNOT ( QUAI),M,4787573,-391482,290