Num_Acc,an,mois,jour,hrmn,lum,agg,int,atm,col,com,adr,gps,lat,long,dep
201300022236,13,8,16,1500,1,1,1,1,3,007,CASSIN (RUE RENE),,,,300
201300022237,13,9,1,2055,5,2,1,1,4,007,"., JUIN (AVE DU MARECHAL",,,,300
201300022238,13,8,31,1648,1,2,1,1,1,007,"., LUMIERES (AVE DES FRE",,,,300
201300022239,13,8,26,1710,1,2,1,1,6,007,"5, BLANC (BD LOUIS)",M,4412614,0407998,300
201300022240,13,9,5,1734,1,2,1,1,6,007,"., DUMAS (AVE JEAN-BAPTI",,,,300
201300022241,13,9,13,1525,1,2,1,1,3,007,"., CLAVIERES (AVE DE)",M,4413435,0408914,300
201300022242,13,9,20,1030,1,2,1,1,3,007,"., BILINA (QUAI)",,,,300
201300022243,13,10,4,2224,5,1,1,2,2,007,"., 2X2 VOIES (ROND POINT",,,,300
201300022244,13,10,15,1130,1,2,1,2,3,007,"6, PERRIN (RUE JEAN)",M,4414455,0409828,300
201300022245,13,10,25,1720,1,2,1,1,6,007,"., SERRES (AVE OLIVIER D",,,,300
201300022246,13,11,24,1255,1,2,3,1,3,007,"., TALABOT (BOULEVARD)",M,4412702,0407817,300
201300022247,13,7,13,1450,1,2,3,1,3,243,"., MONTEZE (ROUTE DE)",M,4408549,0408544,300
201300022248,13,12,6,750,1,1,1,1,2,243,"552, DRAILLE (ROUTE DE L",M,4407663,0407162,300
201300022249,13,12,24,1040,1,2,1,2,2,007,"., BAGNOLS (ROUTE DE)",M,4412957,0410619,300
201300022250,13,12,28,2250,3,1,1,1,7,007,"., NORD (PLACE DU)",M,4414920,0409842,300
201300022251,13,12,19,726,5,2,1,2,3,007,"., GRABIEUX (ROUTE DU PO",,,,300
201300022252,13,1,7,2105,5,2,1,1,6,028,"1, GARE S.N.C.F. (PLACE",M,4416156,0462648,300
201300022253,13,2,16,1400,1,2,2,1,3,028,BOURDILHAN (CHEMIN DE),M,4414621,0461750,300
201300022254,13,3,4,1545,1,2,3,1,3,028,ANCYSE (AVENUE DEL'),M,4416042,0460913,300
201300022255,13,3,22,1840,1,2,1,1,2,028,"24, MAYRE (AVENUE DE LA)",M,4415632,0462236,300
201300022256,13,4,12,1200,1,1,2,1,3,028,NIMES (ROUTE DE),M,4415479,0461263,300
201300022257,13,4,12,1150,1,2,1,1,6,028,ALPHONSE DAUDET (AVENUE),M,4415479,0461263,300
201300022258,13,4,27,1425,1,2,1,2,6,028,MALRAUX (ROND POINT),M,4415499,0461659,300
201300022259,13,5,5,725,2,2,1,1,6,028,"27, NIMES (ROUTE DE)",M,4414902,0461567,300
201300022260,13,5,7,1340,1,2,1,1,2,028,MAYRE (AVENUE DE LA),M,4415689,0462277,300
201300022261,13,5,21,1905,1,2,1,1,6,028,ROUTE DE PONT SAINT ESPR,,,,300
201300022262,13,7,17,806,1,2,1,1,6,028,"170, CARMIGNAN (CHEMIN D",M,4417251,0462217,300
201300022263,13,6,2,600,1,2,1,1,6,028,ALES (ROUTE D'),M,4416707,0461211,300
201300022264,13,6,6,1350,1,2,1,1,2,028,"1, DAUDET (AVENUE ALPHON",M,4416078,0461817,300
201300022265,13,6,13,1900,1,2,1,1,2,028,"6086, ROUTE DE NIMES",M,4415501,0461659,300
201300022266,13,7,17,840,1,2,1,1,2,028,"1, AURIOL (AVENUE VINCEN",M,4416051,0461817,300
201300022267,13,7,27,935,1,2,1,1,6,028,"46, NIMES (ROUTE DE)",M,4415231,0461616,300
201300022268,13,8,26,1730,1,2,1,1,6,028,"1, HUIT MAI (RUE DU)",M,4415501,0461604,300
201300022269,13,7,19,845,1,2,1,1,3,028,PONT SAINT ESPRIT (ROUTE,,,,300
201300022270,13,9,14,1720,1,2,3,1,3,028,"70, NIMES (RTE DE)",M,4414952,0461575,300
201300022271,13,8,31,920,1,2,1,1,6,028,"1, LANGEVIN (AVENUE PAUL",M,4416518,0461984,300
201300022272,13,9,14,1610,1,2,1,1,2,028,"00, CARMIGNAN (CHEMIN DE",,,,300
201300022273,13,9,19,1705,1,2,3,1,2,028,DAUDET (AVENUE ALPHONSE),M,4414671,0461140,300
201300022274,13,9,20,1545,1,2,1,1,2,028,"2, DE GAULLE (AVENUE DU",M,4416121,0462651,300
201300022275,13,10,22,1940,5,2,3,1,3,028,"1, MAYRE (AVENUE DE LA)",M,4415794,0462352,300
201300022276,13,11,3,1445,1,2,3,1,2,028,EUROPE (AVENUE DE L'),M,4416814,0461927,300
201300022277,13,11,2,1120,1,2,3,1,3,028,ROUTE DE PONT SAINT ESPR,M,4417887,0461945,300
201300022278,13,11,18,2105,5,2,1,1,1,028,"310, PONT SAINT ESPRIT (",M,4417179,0462012,300
201300022279,13,11,22,1100,1,2,1,1,2,028,"1, MAYRE (AVENUE DE LA)",M,4415960,0462476,300
201300022280,13,11,14,1435,1,2,1,1,6,028,"1, EUROPE (AVENUE DE L')",M,4416524,0461900,300
201300022281,13,12,3,720,1,2,1,1,3,028,"354, VIGAN BRAQUET (AVEN",M,4416341,0461180,300
201300022282,13,12,9,1945,5,2,3,1,2,028,"59, EUROPE (AVENUE DE L'",M,4416825,0461926,300
201300022283,13,11,25,1720,5,2,3,6,3,028,BOSQUET (CHEMIN DU),M,4415862,0462534,300
201300022284,13,1,2,1815,3,2,3,1,3,189,"559, BOUILLARGUES (RUE )",M,4383153,0437399,300
201300022285,13,1,3,746,1,2,2,1,2,189,MAS DE CHEYLON,M,4380496,0433678,300
201300022286,13,1,4,1700,1,2,1,1,6,189,"6 A, PERRIER GENERAL (RU",M,4383900,0435958,300
201300022287,13,1,7,1607,1,2,1,1,6,189,"9, AUGUSTE (RUE)",M,4383998,0435561,300
201300022288,13,1,9,1530,1,2,1,1,3,189,"19, BRIAND ARISTIDE (PLA",M,4383873,0435279,300
201300022289,13,1,11,1345,1,2,1,1,6,189,BOUVINE (AVENUE),,,,300
201300022290,13,1,14,1010,1,2,1,1,2,189,CITE FOULC (RUE),,,,300
201300022291,13,1,15,1810,4,1,1,1,1,189,FRANCAIS LIBRES (BD),M,4383837,0431992,300
201300022292,13,1,16,1033,1,1,1,1,6,189,POULX (ROUTE DE),,,,300
201300022293,13,1,18,720,5,2,1,1,3,189,ALES (ROUTE),M,4384756,0434634,300
201300022294,13,1,18,2250,3,2,1,2,7,189,ANCIENS COMBATTANTS D IN,,,,300
201300022295,13,1,19,1759,5,2,3,2,3,189,ROMARIN (IMPASSE),M,4382126,0435582,300
201300022296,13,1,21,1730,2,2,2,1,3,189,"938, FLEMING DOCTEUR (AV",M,4381973,0432275,300
201300022297,13,1,25,1530,1,2,2,1,6,189,POMPIDOU (AVENUE),M,4383222,0434972,300
201300022298,13,1,27,2108,3,2,1,2,7,189,FRANCAIS LIBRES (BD),M,4385688,0432387,300
201300022299,13,1,28,1115,1,2,1,1,6,189,FAITA VINCENT (RUE),M,4384307,0436942,300
201300022300,13,1,30,1217,1,2,1,1,3,189,GENERAC (ANCIENNE ROUTE),M,4382230,0435924,300
201300022301,13,1,31,1245,1,2,1,1,6,189,GARE ST CEZAIRE (AVENUE,M,4381539,0432792,300
201300022302,13,2,1,710,2,2,2,1,1,189,MAS DE CHEYLON,M,4380521,0433648,300
201300022303,13,2,1,1034,1,2,1,1,6,189,MARECHAL JUIN (BOULEVARD,M,4382362,0435190,300
201300022304,13,2,1,1555,1,2,2,1,3,189,SAINTE PERPETUE (RUE),M,4383277,0436963,300
201300022305,13,2,1,1625,1,2,1,1,3,189,"254, ROUQUAIROL (ROUTE)",M,4381417,0433169,300
201300022306,13,2,1,1817,2,2,1,1,3,189,MARECHAL JUIN (BOULEVARD,M,4381987,0434459,300
201300022307,13,2,5,1421,1,2,1,1,2,189,ALLENDE SALVADOR (RUE),M,4382646,0437326,300
201300022308,13,2,7,840,1,2,3,1,3,189,PRIMEVERES (CHEMIN),M,4385485,0432176,300
201300022309,13,2,7,1135,1,2,6,1,6,189,FRANCAIS LIBRES (BD),M,4382353,0432791,300
201300022310,13,2,11,1235,1,2,1,1,2,189,POULX (ROUTE DE),M,4387530,0441473,300
201300022311,13,2,11,1857,5,2,6,1,3,189,LIBERTE(PONT),M,4381775,0436051,300
201300022312,13,2,11,1855,3,2,1,1,3,189,ALES (ROUTE),,,,300
201300022313,13,2,15,930,1,2,1,1,5,189,ALLENDE SALVADOR (RUE),M,4381937,0435369,300
201300022314,13,2,15,1445,1,2,1,1,3,189,"1260, MARECHAL JUIN (BOU",M,4381895,0435369,300
201300022315,13,2,16,200,5,2,1,1,6,189,"23, CITE FOULC (RUE)",M,4383167,0436103,300
201300022316,13,2,18,730,1,2,3,2,3,189,PAPIN (RUE),M,4384231,0437042,300
201300022317,13,2,18,810,1,2,1,2,3,189,"644, MARECHAL JUIN (BOUL",M,4382174,0434902,300
201300022318,13,2,18,1725,1,2,9,1,1,189,CHATEAU (PLACE),M,4383879,0436224,300
201300022319,13,2,20,15,5,2,1,1,6,189,FONTAINE (QUAI),M,4383819,0434919,300
201300022320,13,2,20,1922,2,2,1,1,3,189,DAYAN GEORGES (AVENUE),M,4381502,0433026,300
201300022321,13,2,21,932,1,1,1,1,3,189,ANDUZE (ROUTE OU ANCIENN,,,,300
201300022322,13,2,22,1415,1,2,2,1,6,189,ROOSEVELT FRANKLIN (AV),,,,300
201300022323,13,2,22,1736,1,2,1,1,3,189,LIBERTE (AVENUE),,,,300
201300022324,13,2,27,1419,1,2,1,1,3,189,"15, BART JEAN (RUE)",M,4384528,0439390,300
201300022325,13,2,28,1013,1,2,3,1,1,189,"23, FAITA VINCENT (RUE)",M,4384224,0436805,300
201300022326,13,3,1,1240,1,2,2,1,3,189,MAURICE SCHUMANN,M,4381267,0437033,300
201300022327,13,3,3,3,3,2,1,1,1,189,ANCIENS COMBATTANTS D IN,M,4385992,0432395,300
201300022328,13,3,3,1245,1,2,4,1,1,189,COURBESSAC (ROUTE),M,4384998,0439477,300
201300022329,13,3,3,2155,5,2,3,1,3,189,KENNEDY (AVENUE),M,4382890,0433595,300
201300022330,13,3,4,2148,3,1,1,1,7,189,POULX (ROUTE DE),M,4389271,0441936,300
201300022331,13,3,7,1155,1,2,1,9,3,189,POMPIDOU GEORGES (AVENUE,M,4383720,0434568,300
201300022332,13,3,7,1740,1,2,1,1,3,189,"23, DHUODA (RUE)",M,4382758,0435579,300
201300022333,13,3,8,1400,1,2,2,1,3,189,SAMARITAINE (RUE OU IMPA,M,4387493,0437071,300
201300022334,13,3,8,1700,1,2,1,1,6,189,MONTPELLIER (CHEMIN BAS,M,4381849,0434264,300
201300022335,13,3,12,1650,1,2,2,1,3,189,ARNAVIEILLE (RUE),M,4382264,0434770,300
201300022336,13,3,13,1255,1,2,2,1,3,189,VENTABREN (CHEMIN),M,4385380,0437181,300
201300022337,13,3,15,1330,1,2,2,1,2,189,ARENES,M,4383386,0436000,300
201300022338,13,3,17,1815,3,2,1,2,7,189,ALES (ROUTE),,,,300
201300022339,13,3,18,1540,1,2,1,1,6,189,"390, MONNET JEAN (COURS)",M,4381550,0434856,300
201300022340,13,3,20,725,1,1,1,2,7,189,ALES (ROUTE),M,4385500,0433803,300
201300022341,13,3,21,1155,1,2,1,1,6,189,SULLY (RUE),M,4384297,0436964,300
201300022342,13,3,23,1620,1,2,1,2,2,189,"982, av juliot curie",M,4380717,0431527,300
201300022343,13,3,23,2136,5,2,1,2,3,189,"23, HOTEL DIEU (RUE)",M,4383349,0435535,300
201300022344,13,3,24,155,5,2,1,2,6,189,MONTPELLIER (ROUTE DE),,,,300
201300022345,13,3,24,2140,5,2,2,1,3,189,SAINT ANDRE DE CODOLS (R,M,4381740,0435597,300
201300022346,13,3,26,1145,1,2,2,1,3,189,MENDES FRANCE PIERRE (AV,M,4382614,0437689,300
201300022347,13,3,28,1330,1,2,3,2,1,189,BOURDALOUE (RUE),M,4383221,0436076,300
201300022348,13,3,28,1336,1,2,3,2,6,189,"691, BELLINI (RUE)",M,4382834,0433714,300
201300022349,13,4,4,1601,1,2,3,2,6,189,HENRI IV (RUE),,,,300
201300022350,13,4,5,1240,1,2,1,1,7,189,JEAN LAURET,,,,300
201300022351,13,4,5,2032,2,2,2,1,1,189,RANGUEIL (RUE),M,4384167,0436140,300
201300022352,13,4,6,50,5,2,3,1,6,189,REBOUL JEAN (RUE),M,4383459,0435810,300
201300022353,13,4,6,1350,1,2,1,2,2,189,AVIGNON (ANCIENNE ROUTE),,,,300
201300022354,13,4,6,2240,5,2,2,2,3,189,DOCTEUR CALMETTE  (RUE O,M,4382928,0436694,300
201300022355,13,4,7,615,3,2,1,1,1,189,ALES (ROUTE),M,4385650,0432358,300
201300022356,13,4,8,1755,1,2,2,1,6,189,KENNEDY (AVENUE),M,4382640,0433180,300
201300022357,13,4,9,1405,1,2,4,1,6,189,BEAUCAIRE (ROUTE),M,4383810,0437545,300
201300022358,13,4,9,1620,1,2,1,1,2,189,UZES (ROUTE D'),M,4388735,0438309,300
201300022359,13,4,11,845,1,2,2,1,3,189,GARCIA CRISTINO (RUE),M,4382947,0439447,300
201300022360,13,4,12,1745,1,2,1,1,3,189,LANGUEDOC (AVENUE),M,4381639,0436305,300
201300022361,13,4,12,1915,1,2,1,1,3,189,PUCCINI (RUE),,,,300
201300022362,13,4,13,45,1,2,1,1,1,189,LE CORBUSIER (RUE),M,4383625,0442033,300
201300022363,13,4,13,1140,1,2,1,1,2,189,"2050, SAINT GILLES (ROUT",M,4380469,0437289,300
201300022364,13,4,15,1235,1,2,3,1,3,189,MICHEL DEBRE (RUE),M,4381498,0436871,300
201300022365,13,4,17,1655,1,2,1,1,2,189,ALLENDE SALVADOR (RUE),,,,300
201300022366,13,4,17,1915,1,2,1,1,6,189,"34, TRIAIRE SERGENT (BOU",M,4382957,0436179,300
201300022367,13,4,18,1500,1,2,1,1,6,189,JOFFRE MARECHAL (AVENUE),M,4381370,0432053,300
201300022368,13,4,19,1159,1,2,2,1,3,189,DHUODA (RUE),M,4382812,0435518,300
201300022369,13,4,20,1410,1,2,1,2,1,189,"35, SERRE PARADIS (CHEMI",M,4384668,0438104,300
201300022370,13,4,22,1110,1,2,1,1,6,189,CITE FOULC (RUE),,,,300
201300022371,13,4,24,1752,1,2,1,1,4,189,MITTERAND FRANCOIS (AVEN,M,4380664,0437198,300
201300022372,13,4,30,1149,1,1,1,2,7,189,"16, ALES (ROUTE)",M,4383855,0434346,300
201300022373,13,5,1,1958,1,2,2,1,3,189,GARONS (RUE),M,4383392,0436841,300
201300022374,13,5,2,837,1,2,2,1,3,189,TERRAUBE (RUE),M,4382966,0436497,300
201300022375,13,5,3,127,3,2,1,1,4,189,ALLENDE SALVADOR (RUE),M,4382698,0437412,300
201300022376,13,5,4,1200,1,2,1,1,4,189,"41, JAURES JEAN (BOULEVA",M,4382760,0435336,300
201300022377,13,5,8,45,3,1,1,1,6,189,SAUVE (ROUTE),,,,300
201300022378,13,5,8,2230,5,2,6,1,7,189,SAINT GILLES (ROUTE),M,4382035,0435781,300
201300022379,13,5,10,1200,1,2,6,1,3,189,VICTOR PAUL EMILE  (ROND,M,4381782,0434747,300
201300022380,13,5,13,1130,1,2,1,1,6,189,ALES (ROUTE),M,4385207,0434407,300
201300022381,13,5,13,1600,1,2,2,1,3,189,MONTPELLIER (ROUTE DE),M,4380737,0432498,300
201300022382,13,5,14,1840,1,2,2,1,3,189,KENNEDY (AVENUE),M,4382639,0433176,300
201300022383,13,5,15,1515,1,2,1,2,2,189,ALLENDE SALVADOR (RUE),,,,300
201300022384,13,5,17,1726,1,2,1,1,2,189,MONTPELLIER (ROUTE DE),,,,300
201300022385,13,5,21,1120,1,2,2,1,2,189,TRIAIRE SERGENT (BOULEVA,M,4382847,0435991,300
201300022386,13,5,21,1534,1,2,3,1,3,189,DAUDET ERNEST (RUE),M,4383929,0437178,300
201300022387,13,5,24,1305,1,2,2,1,3,189,POMPIDOU GEORGES (AVENUE,M,4383682,0434601,300
201300022388,13,5,26,2020,1,2,3,9,3,189,TRIAIRE SERGENT (BOULEVA,M,4382511,0435410,300
201300022389,13,5,30,1245,1,2,6,1,2,189,MITTERAND FRANCOIS (AVEN,M,4382008,0435814,300
201300022390,13,5,30,2136,5,2,3,1,3,189,NOTRE DAME DE SANTA CRUZ,M,4385921,0439494,300
201300022391,13,5,31,1205,1,2,2,1,6,189,ABATTOIR (RUE),M,4383205,0435283,300
201300022392,13,5,31,1925,1,2,3,1,3,189,MENDES FRANCE PIERRE (AV,M,4382643,0437640,300
201300022393,13,6,3,1155,1,2,1,1,2,189,"127, ALES (ROUTE)",M,4385332,0434206,300
201300022394,13,6,3,1946,1,2,2,1,3,189,MONTPELLIER (ROUTE DE),M,4381115,0433024,300
201300022395,13,6,4,2111,5,2,1,1,3,189,COURBESSAC (ROUTE),M,4384833,0438972,300
201300022396,13,6,5,1030,1,2,1,1,6,189,"29, NICOT (RUE)",M,4384193,0437059,300
201300022397,13,6,11,1610,1,2,3,1,6,189,COURBET AMIRAL (BOULEVAR,M,4383784,0436303,300
201300022398,13,6,12,1609,1,2,1,1,7,189,KENNEDY (AVENUE),M,4381330,0430916,300
201300022399,13,6,13,1455,1,2,3,1,3,189,MONTJARDIN (RUE),M,4383673,0436831,300
201300022400,13,6,15,1040,1,2,1,1,3,189,"31, JAURES JEAN (BOULEVA",M,4383404,0435146,300
201300022401,13,6,15,2145,2,2,1,1,7,189,"70, GAMBETTA (BD)",M,4384046,0436167,300
201300022402,13,6,16,1800,1,2,1,1,6,189,"135, SAUVE (ROUTE)",M,4383766,0432726,300
201300022403,13,6,16,1820,1,2,1,1,1,189,MESSAGER (RUE),M,4382416,0433759,300
201300022404,13,6,19,949,1,2,1,1,3,189,TRINTIGNANT MAURICE (AVE,M,4381472,0434073,300
201300022405,13,6,19,1115,1,2,2,1,2,189,ALLENDE SALVADOR (RUE),M,4382770,0437531,300
201300022406,13,6,19,1651,1,2,1,1,3,189,BRETELLE SORTIE RN 106,,,,300
201300022407,13,6,19,1700,1,2,2,1,3,189,MAS DU DIABLE,M,4384915,0436420,300
201300022408,13,6,21,1045,1,2,3,1,3,189,ROUMIEUX FELIBRE (RUE),M,4382847,0435392,300
201300022409,13,6,23,2034,1,2,2,1,4,189,MONTPELLIER (ROUTE DE),M,4381116,0433024,300
201300022410,13,6,25,1125,1,2,3,1,6,075,SAUVE (ROUTE),M,4385131,0427474,300
201300022411,13,6,26,1834,1,2,1,1,2,189,ALLENDE SALVADOR (RUE),M,4381584,0434149,300
201300022412,13,6,28,1615,1,2,3,1,7,189,GAMBETTA (BD),M,4384021,0435679,300
201300022413,13,6,29,216,3,1,1,1,7,189,BEAUCAIRE (ROUTE),,,,300
201300022414,13,6,29,1200,1,2,1,1,3,189,PROUST LOUIS (RUE),,,,300
201300022415,13,6,29,2113,2,2,1,1,2,189,ROUTE BEAUCAIRE,M,4383689,0438825,300
201300022416,13,7,1,740,1,1,1,1,7,189,BOEGNER PASTEUR MARC (BO,M,4382056,0433277,300
201300022417,13,7,3,1707,1,2,1,1,6,189,"31, JAURES JEAN (BOULEVA",M,4383468,0434786,300
201300022418,13,7,4,1815,1,2,3,1,6,189,MENARD (RUE),M,4384217,0435551,300
201300022419,13,7,5,403,5,2,2,1,3,189,"9, BACHALAS  (RUE OU PLA",M,4384173,0436041,300
201300022420,13,7,5,1200,1,2,2,1,1,189,SAINT GILLES (ROUTE),M,4381276,0437060,300
201300022421,13,7,5,1830,1,2,2,1,2,189,ESPOIR (RUE),M,4381642,0432274,300
201300022422,13,7,6,1556,1,2,1,1,2,189,CANAUX (CHEMIN),M,4378783,0436159,300
201300022423,13,7,7,1050,1,2,3,1,3,189,"153, BEAUCAIRE (ROUTE)",M,4383721,0438509,300
201300022424,13,7,8,1047,1,2,1,7,4,189,"904, MARECHAL JUIN (BOUL",M,4382057,0434597,300
201300022425,13,7,9,1701,1,2,1,1,7,189,BRETELLE SORTIE RN 106,,,,300
201300022426,13,7,12,357,5,2,2,1,3,189,SAINT GILLES (RUE),M,4383148,0435838,300
201300022427,13,7,16,113,5,2,1,1,7,189,PUCCINI (RUE),M,4382391,0433882,300
201300022428,13,7,16,1835,1,2,1,1,2,189,SAINT GILLES (ROUTE),,,,300
201300022429,13,7,18,1636,1,2,2,2,3,189,CLERISSEAU (RUE),M,4384105,0435603,300
201300022430,13,7,18,2141,2,2,3,1,3,189,TALABOT (BOULEVARD),M,4383543,0436940,300
201300022431,13,7,19,413,5,2,2,1,3,189,GENERAC (RUE),M,4383135,0435788,300
201300022432,13,7,19,1559,1,2,2,1,3,189,VILLARS (RUE),M,4384011,0437005,300
201300022433,13,7,19,1707,1,2,3,1,3,189,FAITA VINCENT (RUE),M,4384748,0437298,300
201300022434,13,7,20,1049,1,2,2,1,2,189,MAS DE CHEYLON,M,4380522,0433647,300
201300022435,13,7,20,1540,1,2,2,1,3,189,DHUODA (RUE),M,4382960,0435331,300
201300022436,13,7,23,41,4,2,2,1,3,189,JAURES JEAN (BOULEVARD),M,4383717,0434568,300
201300022437,13,7,24,1825,1,2,1,1,3,189,SAINT GILLES (ROUTE),M,4380275,0437394,300
201300022438,13,7,25,900,1,2,2,1,6,189,ROUSSEAU  JEAN JACQUES (,M,4383341,0438355,300
201300022439,13,7,25,2045,1,1,1,1,7,189,DIONS (ROUTE DE),M,4390341,0428478,300
201300022440,13,7,25,2102,1,2,2,1,3,189,DAUDET ERNEST (RUE),M,4383962,0437166,300
201300022441,13,7,26,326,3,2,1,1,6,189,FRANCAIS LIBRES (BD),,,,300
201300022442,13,7,26,1135,1,2,2,1,6,189,baillet claude,,,,300
201300022443,13,7,26,1800,1,2,3,1,6,189,MAS DE LAUZE (CHEMIN),M,4382824,0431020,300
201300022444,13,7,26,2030,1,2,3,1,3,189,ROBERVAL GILLES (RUE OU,M,4382888,0433326,300
201300022445,13,7,31,1641,1,2,1,1,4,189,ALLENDE SALVADOR (RUE),M,4382196,0436470,300
201300022446,13,7,31,2150,1,2,1,1,6,189,KLEBER (RUE),M,4384996,0437057,300
201300022447,13,8,1,1945,1,2,1,1,1,189,SAPEUR (CHEMIN),M,4384853,0434167,300
201300022448,13,8,2,1722,1,2,1,1,6,189,AMOUREUX (RUE),M,4383741,0437757,300
201300022449,13,8,6,1550,1,2,2,1,3,189,POMPIDOU GEORGES (AVENUE,M,4383782,0434517,300
201300022450,13,8,9,1720,1,2,1,1,2,189,ALES (ROUTE),,,,300
201300022451,13,8,10,1859,1,2,6,1,3,189,LEDOUX CLAUDE NICOLAS (R,M,4381609,0434820,300
201300022452,13,8,11,1745,1,2,3,1,3,189,PERRIER GENERAL (RUE),M,4383902,0435971,300
201300022453,13,8,11,1820,1,2,6,1,2,189,LANGUEDOC (AVENUE),M,4381793,0436088,300
201300022454,13,8,13,1549,1,2,3,1,3,189,MAS DE BALAN (CHEMIN),M,4385188,0434446,300
201300022455,13,8,13,2025,1,2,2,1,3,189,AQUEDUC (RUE),M,4383025,0435458,300
201300022456,13,8,14,1020,1,1,1,1,4,189,CANAUX (CHEMIN),,,,300
201300022457,13,8,15,1843,1,2,2,1,3,189,A SALVADOR (RUE),M,4382726,0437502,300
201300022458,13,8,16,1425,1,2,2,1,3,189,MONSEIGNEUR CLAVERIE,M,4385510,0439924,300
201300022459,13,8,17,1045,1,2,2,1,7,189,UZES (ROUTE D'),M,4385182,0437682,300
201300022460,13,8,22,1950,1,2,1,1,1,189,PISSEVIN (CHEMIN OU TRAV,M,4383147,0434400,300
201300022461,13,8,27,1529,1,2,1,1,3,189,"42, ALES (ROUTE)",M,4384259,0434228,300
201300022462,13,9,4,1700,1,2,4,1,6,189,FONTAINE (QUAI),M,4383875,0435289,300
201300022463,13,9,5,1305,1,2,3,1,3,189,MICHEL DEBRE (RUE),M,4381498,0436876,300
201300022464,13,8,12,1754,1,2,2,1,2,189,MONTPELLIER (ROUTE DE),,,,300
201300022465,13,9,6,1555,1,2,2,1,3,189,MAS DE CHEYLON,M,4380518,0433650,300
201300022466,13,9,8,612,5,2,3,2,3,189,GAMEL PIERRE (AVENUE),M,4382504,0436197,300
201300022467,13,9,10,830,1,2,1,1,2,189,LAMPEZE (CHEMIN),,,,300
201300022468,13,9,10,1242,1,2,2,1,3,189,BOURDALOUE (RUE),M,4383232,0436169,300
201300022469,13,9,11,1555,1,2,2,1,3,189,"45, JAURES JEAN (BOULEVA",M,4383280,0435183,300
201300022470,13,9,13,5,5,2,2,1,3,189,ANTONIN (SQUARE),M,4383945,0435547,300
201300022471,13,9,13,510,5,2,1,1,7,189,"19, HUGO VICTOR (BOULEVA",M,4383743,0435591,300
201300022472,13,9,13,1620,1,2,2,1,3,189,TALABOT (BOULEVARD),M,4383548,0436948,300
201300022473,13,9,16,1715,1,2,4,1,2,189,SAUVE (ROUTE),M,4383862,0432384,300
201300022474,13,9,18,1215,1,2,1,1,7,189,LIBERTE (AVENUE),,,,300
201300022475,13,9,18,1400,1,1,1,1,4,189,ALES (ROUTE),,,,300
201300022476,13,9,19,900,1,2,2,1,3,189,TALABOT (BOULEVARD),M,4383549,0436949,300
201300022477,13,9,21,1040,1,2,1,1,3,189,MONTPELLIER (ROUTE DE),,,,300
201300022478,13,9,29,610,5,2,1,2,6,189,MARIETTE (IMPASSE),,,,300
201300022479,13,9,30,1145,1,1,1,1,2,189,MENDES FRANCE PIERRE (AV,,,,300
201300022480,13,9,30,1200,1,2,1,1,3,189,TOUR DE L'EVEQUE (RUE),,,,300
201300022481,13,10,4,1605,1,2,1,1,6,189,RUE PAUL LAURENT,,,,300
201300022482,13,10,4,2230,5,1,2,2,3,189,TRIAIRE SERGENT (BOULEVA,M,4382506,0435410,300
201300022483,13,10,5,1830,1,2,3,1,6,189,MENDES FRANCE (AV),M,4382553,0437792,300
201300022484,13,10,6,1125,1,2,1,1,4,189,AVIGNON (ROUTE),M,4380726,0431539,300
201300022485,13,10,6,2330,5,2,2,1,3,189,TRIAIRE SERGENT (BOULEVA,M,4382840,0435992,300
201300022486,13,10,7,735,2,2,2,1,3,189,MONNET JEAN (COURS),M,4381623,0434873,300
201300022487,13,10,8,1110,1,2,2,1,3,189,BIR HAKEIM (Place),M,4384350,0438520,300
201300022488,13,10,8,1920,5,2,1,1,6,189,MENDES FRANCE PIERRE (AV,,,,300
201300022489,13,10,9,920,1,2,2,1,1,189,AVIGNON (ROUTE),M,4384726,0438964,300
201300022490,13,10,9,1520,1,2,2,1,3,189,"13, JAURES JEAN (BOULEVA",M,4383637,0435076,300
201300022491,13,10,10,1745,1,2,1,2,3,189,CANAUX (CHEMIN),,,,300
201300022492,13,10,11,2015,3,2,1,1,7,189,ANDUZE (ROUTE OU ANCIENN,,,,300
201300022493,13,10,14,1650,1,2,1,1,1,189,PAVLOV (AVENUE),,,,300
201300022494,13,10,14,1700,1,2,3,1,6,189,MONTPELLIER (ROUTE DE),M,4380753,0432468,300
201300022495,13,10,15,1120,1,2,2,2,7,189,TALABOT (BOULEVA,M,4383691,0437119,300
201300022496,13,10,16,1415,1,2,1,1,6,189,"216, ALES (ROUTE)",M,4385778,0433666,300
201300022497,13,10,16,2005,5,2,1,1,2,189,"9, SAINTENAC ETIENNE (BO",M,4384018,0436377,300
201300022498,13,10,18,1555,1,1,1,1,4,189,CANAUX (CHEMIN),,,,300
201300022499,13,10,18,2220,3,1,3,2,3,189,CANTE-PERDRIX (CHEMIN),,,,300
201300022500,13,10,19,450,5,2,1,1,6,189,LE CORBUSIER (RUE),,,,300
201300022501,13,10,19,2145,3,2,1,1,6,189,ALES (ROUTE),,,,300
201300022502,13,10,20,2305,5,2,2,1,3,189,JAURES JEAN (BOULEVARD),M,4383785,0434990,300
201300022503,13,10,24,1645,1,2,1,1,6,189,"172, SAUVE (ROUTE)",M,4384154,0431451,300