Num_Acc,an,mois,jour,hrmn,lum,agg,int,atm,col,com,adr,gps,lat,long,dep
201300022796,13,3,20,822,1,2,1,1,1,555,"81, RUE DE LA COLOMBETTE",,,,310
201300022797,13,3,20,750,1,2,1,1,6,555,"999, RUE DU PONT GUILHEM",,,,310
201300022798,13,3,18,805,1,2,1,2,6,555,"999, PL AGAPITO NADAL",,,,310
201300022799,13,3,21,710,1,1,1,7,2,555,VA008482 A624,,,,310
201300022800,13,3,19,1700,1,2,1,1,3,149,"11, SERRES (AVE) EDOUARD",M,4361299,0135253,310
201300022801,13,3,20,2010,5,1,1,1,2,555,VA007539 LA ROSERAIE,,,,310
201300022802,13,3,21,915,1,2,1,1,6,555,"999, AV DE FRONTON",,,,310
201300022803,13,3,22,30,5,2,1,1,3,555,AV PAUL SEJOURNE,,,,310
201300022804,13,3,22,1720,1,1,1,1,2,555,VA007333 LA FAOURETTE,,,,310
201300022805,13,3,23,630,2,1,3,1,3,555,"355, AV DES ETATS UNIS",,,,310
201300022806,13,3,23,2254,5,2,1,1,4,555,"51, BD DE STRASBOURG",,,,310
201300022807,13,3,25,1637,1,2,1,1,3,555,"999, BD DES RECOLLETS",,,,310
201300022808,13,3,26,1710,1,2,1,1,3,555,"11, GRANDE RUE SAINT MIC",,,,310
201300022809,13,3,27,1000,1,2,1,1,1,555,"131, AV DES MINIMES",,,,310
201300022810,13,3,27,1630,1,2,1,1,6,555,"46, AV DE LA GLOIRE",,,,310
201300022811,13,3,27,1750,1,2,1,1,6,555,"79, AV JULES JULIEN",,,,310
201300022812,13,3,28,730,1,2,1,2,3,149,"17, MONNET (AVENUE JEAN)",M,4361918,0134283,310
201300022813,13,3,28,1700,1,2,1,1,6,555,"81, RUE DE PERIOLE",,,,310
201300022814,13,3,29,1916,1,2,1,1,6,555,"2, AV DES MINIMES",,,,310
201300022815,13,3,29,1255,1,2,1,1,3,555,"999, BD LASCROSSES",,,,310
201300022816,13,4,1,1440,1,2,3,1,3,555,"999, AV DE L URSS",,,,310
201300022817,13,4,2,615,4,2,1,2,6,555,RD901,M,4362150,0139305,310
201300022818,13,4,2,1040,1,1,1,2,5,555,AV DU GENERAL EISENHOWER,,,,310
201300022819,13,4,2,1530,1,2,1,1,6,555,"999, AV DE REYNERIE",,,,310
201300022820,13,3,29,1128,1,2,1,1,6,149,Maurice Grynfogel (bd),M,4361590,0134003,310
201300022821,13,4,3,1225,1,2,1,1,3,555,"10, CHE DU RAISIN",,,,310
201300022822,13,4,3,2315,1,2,1,1,7,555,"284, AV DE LARDENNE",,,,310
201300022823,13,4,3,1330,1,1,1,1,4,555,VA008482 A624,,,,310
201300022824,13,4,3,750,1,2,1,1,3,557,DOUMERGUE (RUE GAST,M,4358396,0134261,310
201300022825,13,4,4,900,1,2,1,1,3,555,"48, GRANDE RUE SAINT MIC",,,,310
201300022826,13,4,7,235,5,2,1,1,1,149,"27, SALVETAT (CHEMIN DE",M,4360384,0130625,310
201300022827,13,4,5,2040,1,2,1,1,6,149,PIBRAC (ROUTE DE),M,4361450,0130084,310
201300022828,13,4,6,915,1,2,1,1,6,555,"278, AV ANTOINE DE ST EX",,,,310
201300022829,13,4,6,1645,1,2,1,1,3,555,"71, RUE ERNEST RENAN",,,,310
201300022830,13,4,8,1010,1,2,1,1,6,555,"75, BD DES RECOLLETS",,,,310
201300022831,13,4,8,1115,1,1,1,2,5,555,VA007440 LES MINIMESA620,,,,310
201300022832,13,4,8,1215,1,1,1,1,2,555,"999, RTE DE REVEL",,,,310
201300022833,13,4,9,830,1,1,1,2,2,555,VA007495 A62,,,,310
201300022834,13,4,9,1435,2,2,1,1,6,555,"999, AV DE L URSS",,,,310
201300022835,13,4,9,1845,1,1,1,1,5,555,VA007306 A64,,,,310
201300022836,13,4,8,1120,1,2,1,1,1,557,PEYRETTE (CH DE LA),M,4358669,0131887,310
201300022837,13,4,9,1845,1,1,1,1,3,555,VA007500 CROIX DAURADE A,,,,310
201300022838,13,4,10,1800,1,2,1,1,3,555,"69, RUE BOYSSONNE",,,,310
201300022839,13,4,11,745,1,2,1,1,6,555,"999, AV DE GRANDE BRETAG",,,,310
201300022840,13,4,18,1115,1,1,1,1,3,555,D980,,,,310
201300022841,13,4,12,1920,1,2,1,1,1,555,"999, CHE COTES DE PECH D",,,,310
201300022842,13,4,12,1420,1,1,1,1,4,555,"999, BD D ARCOLE",,,,310
201300022843,13,4,13,1340,1,2,3,1,3,555,"999, AV HENRI GUILLAUMET",,,,310
201300022844,13,4,15,640,1,2,1,1,1,149,ROND POINT JUPITER,M,4360480,0130748,310
201300022845,13,4,18,945,1,2,1,1,1,555,AV DE LATTRE DE TASSIGNY,M,4357734,0143638,310
201300022846,13,4,18,1850,1,2,1,1,6,555,"81, AV DES MINIMES",,,,310
201300022847,13,4,18,2240,1,1,1,1,7,555,VA007379 BAYLAC  A624 So,,,,310
201300022848,13,4,21,1145,1,2,1,1,6,555,VA007456 SESQUIERES A620,,,,310
201300022849,13,4,19,2015,1,2,1,1,4,149,RN124,,,,310
201300022850,13,4,21,750,1,2,1,1,4,555,"47, BD DE STRASBOURG",,,,310
201300022851,13,4,21,1110,1,2,1,1,6,555,"224B, AV DE LARDENNE",,,,310
201300022852,13,4,25,1540,1,2,2,1,3,555,"79, BD DE STRASBOURG",,,,310
201300022853,13,4,27,2135,5,1,1,1,6,555,VA007306 A64,,,,310
201300022854,13,4,26,1355,1,2,3,1,3,555,"999, RUE MIRABEAU",,,,310
201300022855,13,4,29,1730,1,2,1,1,7,555,"255, AV DE LARDENNE",,,,310
201300022856,13,4,29,2150,5,1,1,1,7,555,VA007418 PONTJUMEAUXA620,,,,310
201300022857,13,4,30,950,1,2,1,2,6,555,"14, RUE JULES AMILHAU",,,,310
201300022858,13,5,1,135,5,1,1,1,7,561,VA007518 A68,,,,310
201300022859,13,4,25,925,1,2,1,1,3,555,"1, RUE D AURIOL",,,,310
201300022860,13,4,30,1040,1,2,1,1,2,149,SALVETAT (CHEMIN DE),M,4360650,0131588,310
201300022861,13,5,3,840,1,2,1,1,6,555,"92, RUE DU FAUBOURG BONN",,,,310
201300022862,13,5,4,1715,1,2,1,1,6,555,"66, RUE DE METZ",,,,310
201300022863,13,5,5,445,5,2,2,1,1,555,"999, RUE DE METZ",,,,310
201300022864,13,5,5,1225,1,2,1,1,1,555,"69, AV DE MURET",,,,310
201300022865,13,5,7,1715,1,1,1,1,3,555,ECHANGEUR ST MARTIN(A624,,,,310
201300022866,13,5,8,1130,1,2,2,1,3,557,GASCOGNE (AV DE),M,4358707,0134504,310
201300022867,13,5,10,1125,1,2,1,1,6,555,"999, BD DE BONREPOS",,,,310
201300022868,13,5,10,1630,1,2,1,1,6,555,"999, RTE DE BAYONNE",,,,310
201300022869,13,5,10,1900,1,2,1,1,1,555,"999, AV DE LOMBEZ",,,,310
201300022870,13,5,11,1510,1,2,1,1,3,555,"16, BD DE STRASBOURG",,,,310
201300022871,13,5,12,1750,1,2,1,1,1,555,"69, BD LAZARE CARNOT",,,,310
201300022872,13,5,12,2324,1,1,1,1,3,555,VA007500 CROIXDAURADEA62,,,,310
201300022873,13,5,7,800,1,2,1,2,3,557,"65, PAHIN (CH DE)",M,4359395,0132490,310
201300022874,13,5,13,945,1,2,6,1,3,555,"999, RPT M-MADELEINE FOU",,,,310
201300022875,13,5,13,1300,1,2,1,1,3,149,ingres (auguste),M,4359746,0135078,310
201300022876,13,5,13,1705,1,1,1,1,3,555,VA007355 PURPAN A620 Sor,,,,310
201300022877,13,5,13,2000,1,2,1,1,2,555,"11, AV DES MAZADES",,,,310
201300022878,13,5,14,956,1,2,1,1,3,555,"3, RUE PAUL DECAMPS",,,,310
201300022879,13,5,15,1015,1,1,1,2,6,555,VA007604 DEMOISELLESA620,,,,310
201300022880,13,5,16,500,5,2,1,2,6,555,"129, AV DE LESPINET",,,,310
201300022881,13,5,16,1800,1,2,1,1,6,555,"999, PL SAINT SERNIN",,,,310
201300022882,13,5,17,1805,1,2,1,1,7,555,"999, AV PAUL SEJOURNE",,,,310
201300022883,13,5,18,1405,1,2,1,1,4,555,"999, BD DE BONREPOS",,,,310
201300022884,13,5,16,1030,1,2,1,2,2,555,"19, RUE ARAGO",,,,310
201300022885,13,5,21,1520,1,2,1,1,3,555,"18, BD PIERRE ET MARIE C",,,,310
201300022886,13,5,17,900,1,1,1,1,2,149,RN124,,,,310
201300022887,13,5,23,1225,1,2,1,1,2,555,"3, RUE DE L AUBISQUE",,,,310
201300022888,13,5,24,1533,1,2,1,1,3,149,"999, PIBRAC (BOULEVARD D",,,,310
201300022889,13,5,24,1620,1,1,1,1,4,149,ECHANGEUR ST MICHEL,,,,310
201300022890,13,5,26,1100,1,2,1,1,2,557,"3bis, AURIOL (BD VINCENT",M,4358473,0134439,310
201300022891,13,5,27,800,1,2,1,1,3,149,COLLONGUES (RUE ETIENNE),M,4359935,0133001,310
201300022892,13,5,22,1800,1,2,1,1,2,557,MONTEL (BD EUGENE),M,4358755,0133884,310
201300022893,13,5,28,2150,2,2,1,1,6,555,"53, RTE DE NARBONNE",,,,310
201300022894,13,5,27,915,1,2,1,1,2,555,"999, AV DE REYNERIE",,,,310
201300022895,13,5,30,800,1,2,1,1,2,555,"100, AV DES MINIMES",,,,310
201300022896,13,5,30,1640,1,2,1,2,6,555,"88, ALL JEAN JAURES",,,,310
201300022897,13,5,30,2145,1,2,1,2,3,555,"999, QU DE TOUNIS",,,,310
201300022898,13,5,29,829,1,2,1,1,2,149,"19, ADER (AVENUE CLEMENT",M,4361966,0134787,310
201300022899,13,6,1,1,5,2,1,1,1,555,"4, BD GABRIEL KOENIGS",,,,310
201300022900,13,6,3,2215,1,2,1,1,3,555,"999, QU DE TOUNIS",,,,310
201300022901,13,6,3,1345,1,2,1,1,5,555,"227, RTE D ALBI",,,,310
201300022902,13,6,2,1900,1,2,1,1,3,555,"65, RTE D ALBI",,,,310
201300022903,13,6,4,1900,1,2,1,1,6,555,"17, RUE PAULIN TALABOT",,,,310
201300022904,13,6,4,1830,1,1,1,1,4,555,VA008493 LA CRABE A624 S,,,,310
201300022905,13,6,3,930,1,2,1,1,6,555,"999, AV DU GENERAL EISEN",,,,310
201300022906,13,6,3,1725,1,2,1,1,1,555,"999, CHE DE LESTANG",,,,310
201300022907,13,6,5,1140,1,2,1,1,3,555,"999, CHE DE LAPUJADE",,,,310
201300022908,13,6,5,1300,1,2,1,1,6,557,"5, AURIOL (BD VINCENT)",M,4358492,0134481,310
201300022909,13,6,5,1645,1,2,1,1,6,555,"999, RUE D ALSACE LORRAI",,,,310
201300022910,13,6,5,1955,1,2,1,1,2,069,RONSARD (RUE PIERRE,M,4364308,0137870,310
201300022911,13,6,6,1740,1,2,3,1,5,555,"999, AV SALVADOR ALLENDE",,,,310
201300022912,13,6,6,1800,1,2,1,1,6,555,"109, AV DE FRONTON",,,,310
201300022913,13,6,7,105,5,2,1,2,2,555,VA007566 MONTAUDRAN A61,,,,310
201300022914,13,6,7,1230,1,2,1,1,6,555,"66, AV DE LOMBEZ",,,,310
201300022915,13,6,8,1936,1,1,1,1,2,555,VA007554 LASBORDES A61 S,,,,310
201300022916,13,6,9,725,1,2,1,2,2,555,"999, AV JEAN ZAY",,,,310
201300022917,13,6,7,1456,1,2,1,1,4,555,"56, BD DE STRASBOURG",,,,310
201300022918,13,6,10,2235,5,2,1,1,6,555,"53, RTE DE NARBONNE",,,,310
201300022919,13,6,7,1740,1,2,1,1,6,149,PIC DE NORE (ALLEE),M,4360990,0134548,310
201300022920,13,6,6,1240,1,2,3,1,1,555,"33, RUE DU LOT",,,,310
201300022921,13,6,11,830,1,2,1,1,6,555,"999, RUE VALADE",,,,310
201300022922,13,6,11,2100,2,2,1,1,3,555,"999, BD PIERRE PAUL RIQU",,,,310
201300022923,13,6,11,1425,1,2,1,1,2,555,"165, RTE D ALBI",,,,310
201300022924,13,6,11,1805,1,2,1,1,3,555,"62, CHE DE LA GLACIERE",,,,310
201300022925,13,6,11,1800,1,2,1,1,6,555,"47, AV DE RANGUEIL",,,,310
201300022926,13,6,10,805,1,1,1,1,3,555,VA007456 SESQUIERES A620,,,,310
201300022927,13,6,7,1940,1,2,1,1,3,557,"9, CANAL (CH DU)",M,4355965,0135097,310
201300022928,13,6,12,2350,5,2,1,1,6,555,"76, RTE D AGDE",,,,310
201300022929,13,6,7,1525,1,2,1,1,2,555,"11, GRANDE RUE SAINT MIC",,,,310
201300022930,13,6,11,1830,1,2,1,1,1,555,"3, ALL DE BELLEFONTAINE",,,,310
201300022931,13,6,13,2025,1,2,1,1,4,555,"22, RTE DE SAINT SIMON",,,,310
201300022932,13,6,15,2120,3,2,1,1,3,555,"XX, IMP BARTHE",,,,310
201300022933,13,6,7,1545,1,1,1,1,3,555,"999, BD MATABIAU",,,,310
201300022934,13,6,14,900,1,2,1,1,3,069,"2, COSTES (RUE DIEUDONNE",M,4363099,0137997,310
201300022935,13,6,19,30,5,2,3,2,3,555,IMP DE MAUBEC,,,,310
201300022936,13,6,13,1223,1,2,1,1,1,555,"22, GRANDE RUE SAINT MIC",,,,310
201300022937,13,6,21,1345,1,2,1,1,3,149,CORNEBARRIEU (ROUTE D,M,4362173,0133448,310
201300022938,13,6,21,2350,1,2,1,1,6,555,"58, ALL JEAN JAURES",,,,310
201300022939,13,6,23,620,2,1,1,2,6,555,VA008432 LANGLADE A620 S,,,,310
201300022940,13,6,23,1915,1,2,1,1,1,555,"90, RTE DE NARBONNE",,,,310
201300022941,13,6,20,645,1,1,1,1,5,069,3 LE RITOURET (FIL D'ARI,,,,310
201300022942,13,6,24,1915,1,2,1,1,6,555,"999, CHE DES CANALETS",,,,310
201300022943,13,6,24,2150,5,2,1,1,7,555,"999, AV DE MURET",,,,310
201300022944,13,6,22,10,5,2,1,1,6,149,ROND POINT DE LA LAICITE,M,4360986,0133313,310
201300022945,13,6,25,745,1,1,1,1,5,555,VA007553 A61,,,,310
201300022946,13,6,27,955,1,2,1,1,6,555,"10, BD D ARCOLE",,,,310
201300022947,13,6,27,2300,5,2,3,1,3,555,"65, ALL DES DEMOISELLES",,,,310
201300022948,13,6,28,1,5,2,1,1,7,555,"999, RUE DU POLE",,,,310
201300022949,13,6,27,1355,1,1,1,1,2,555,VA007331 A620,M,4358683,0140187,310
201300022950,13,6,28,1700,1,2,1,1,3,555,"999, RTE DE REVEL",,,,310
201300022951,13,6,29,2340,1,2,1,1,1,555,"999, RUE ROQUEMAUREL",,,,310
201300022952,13,6,30,500,5,2,1,1,1,555,"999, BD MATABIAU",,,,310
201300022953,13,6,30,1230,1,2,1,1,7,149,"27, HUGO (BOULEVARD VICT",M,4361208,0130877,310
201300022954,13,6,30,1345,1,2,1,1,6,555,"23, RUE DE TOULON",,,,310
201300022955,13,7,2,905,1,2,1,1,7,555,"17, RUE DU FAUBOURG BONN",,,,310
201300022956,13,7,2,900,1,2,1,1,2,149,RN124,,,,310
201300022957,13,6,26,1400,1,2,1,1,2,555,"999, BD DEODAT DE SEVERA",,,,310
201300022958,13,7,2,1225,1,2,1,1,6,555,"0, AV DE GRANDE BRETAGNE",,,,310
201300022959,13,7,2,1500,1,2,1,1,6,555,"20, RUE DU CAILLOU GRIS",,,,310
201300022960,13,6,30,1650,1,2,1,1,2,149,SORTIE 4 - 5,,,,310
201300022961,13,7,2,1650,1,2,1,1,6,555,"64, AV YVES BRUNAUD",,,,310
201300022962,13,7,4,500,2,2,1,2,1,555,"2, RUE DU POLE",,,,310
201300022963,13,7,4,650,2,1,1,1,1,555,"83, AV JEAN RIEUX",,,,310
201300022964,13,7,2,510,5,2,1,1,7,555,"999, CHE DE LA CRABE",,,,310
201300022965,13,7,6,15,5,2,1,1,6,149,CORNEBARRIEU (ROUTE),M,4362771,0133138,310
201300022966,13,7,7,100,5,2,1,1,6,555,"999, BD GRIFFOUL DORVAL",,,,310
201300022967,13,7,7,1510,1,2,1,1,2,555,AV DU MIRAIL,,,,310
201300022968,13,7,5,1910,1,1,1,1,6,555,VA007342 LA CEPIERE  A62,,,,310
201300022969,13,7,9,745,1,2,3,1,2,069,RTE GRENADE/RUE ST MICHE,M,4362295,0139533,310
201300022970,13,7,9,745,1,2,1,1,6,555,"71, RTE D ALBI",,,,310
201300022971,13,7,3,1845,1,2,1,1,6,555,"39/41, RTE DE BAYONNE",,,,310
201300022972,13,7,10,830,1,2,1,1,6,555,AV EMMANUEL MAIGNAN,,,,310
201300022973,13,7,10,2120,2,2,1,2,1,069,"33, LOTI (RUE PIERRE)",M,4362803,0139229,310
201300022974,13,7,10,1940,1,2,1,2,3,555,"999, AV DE LAVAUR",,,,310
201300022975,13,7,9,1840,1,1,1,1,2,555,VA007342 LA CEPIERE A620,,,,310
201300022976,13,7,12,1745,1,2,1,1,3,555,"45, RUE DE BAYARD",,,,310
201300022977,13,7,16,1,5,2,1,1,2,555,"28, AV DE LYON",,,,310
201300022978,13,7,13,1200,1,2,1,1,3,555,"999, RTE DE SEYSSES",,,,310
201300022979,13,7,17,950,1,2,1,1,6,557,PANOUSE (RUE BERTRAND),M,4358201,0134331,310
201300022980,13,7,18,2000,1,1,1,1,3,555,VA001490 A621,,,,310
201300022981,13,7,19,1745,1,2,1,1,5,555,"999, AV DES ETATS UNIS",,,,310
201300022982,13,7,21,15,4,2,1,1,6,555,"999, ALL DE BARCELONE",,,,310
201300022983,13,7,22,1545,1,1,1,1,7,555,VA007553 A61,,,,310
201300022984,13,7,22,2049,1,2,3,1,3,555,AV DE LATTRE DE TASSIGNY,,,,310
201300022985,13,7,23,1200,1,2,1,1,7,555,AV DE LYON,,,,310
201300022986,13,7,23,1400,1,2,3,1,5,069,PARC (AV DU)/IMP VENDEE,M,4363225,0138860,310
201300022987,13,7,24,1640,1,2,1,1,7,555,"26, RUE DE LA SARTHE",,,,310
201300022988,13,7,26,730,1,2,1,1,1,555,"999, CHE DE FENOUILLET",,,,310
201300022989,13,7,28,140,5,2,1,1,3,555,"380, AV DE FRONTON",,,,310
201300022990,13,7,27,2345,5,2,1,1,3,555,"999, RUE MATABIAU",,,,310
201300022991,13,7,30,1940,1,2,1,1,2,555,"52, BD DE STRASBOURG",,,,310
201300022992,13,8,1,630,2,2,1,1,7,555,"999, BD LAZARE CARNOT",,,,310
201300022993,13,7,31,1240,1,2,1,1,3,555,"999, PL INTERIEURE ST CY",,,,310
201300022994,13,7,31,1930,1,2,6,1,3,149,COLLONGUES (RUE ETIENNE),M,4359486,0132575,310
201300022995,13,8,3,1630,1,1,3,1,1,555,"999, BD DE STRASBOURG",,,,310
201300022996,13,8,2,2050,1,2,4,1,3,069,MONTPLAISIR (RUE),M,4362250,0139461,310
201300022997,13,8,5,1120,1,2,1,1,1,555,"999, CHE DE FENOUILLET",,,,310
201300022998,13,8,5,1930,1,2,1,1,2,555,"999, BD DE LA GARE",,,,310
201300022999,13,8,6,1215,1,2,1,1,2,555,"308, AV DES ETATS UNIS",,,,310
201300023000,13,8,6,1540,1,2,1,1,2,555,"123, RTE DE REVEL",,,,310
201300023001,13,8,6,1645,1,2,2,1,3,555,"999, AV DU PRESIDENT DOU",,,,310
201300023002,13,8,6,900,1,2,1,1,1,555,"999, AV DE LARDENNE",,,,310
201300023003,13,8,7,1545,1,2,1,1,2,555,"999, RUE ADOLPHE COLL",,,,310
201300023004,13,8,6,130,1,2,1,2,7,557,TARBES (ROUTE DE),M,4357388,0131740,310
201300023005,13,8,8,1805,1,2,3,1,1,555,"84, RUE ARISTIDE MAILLOL",,,,310
201300023006,13,8,7,835,1,1,1,1,3,555,VA001490 A621,,,,310
201300023007,13,8,10,300,5,1,1,1,6,555,VA001490 A621,,,,310
201300023008,13,8,10,1650,1,2,1,2,3,555,"999, AV DE GRANDE BRETAG",,,,310
201300023009,13,8,14,1815,1,2,1,1,6,555,"999, PL DU RAVELIN",,,,310
201300023010,13,8,15,1520,1,2,1,1,1,555,"211, CHE DES ETROITS",,,,310
201300023011,13,8,15,1740,1,2,1,1,1,555,"999, AV JEAN CHAUBET",,,,310
201300023012,13,8,20,1750,1,2,1,1,1,557,"6, TOUCH (CH DU)",M,4359059,0136605,310
201300023013,13,8,22,1515,1,2,1,1,6,555,"10, CHE DE POUVOURVILLE",,,,310
201300023014,13,8,22,1325,1,2,1,1,6,555,"999, RTE D ESPAGNE",,,,310
201300023015,13,8,22,2100,1,2,1,1,1,555,RUE DE PERIOLE,,,,310
201300023016,13,8,22,1455,1,2,1,1,6,555,"136, RUE LOUIS PLANA",,,,310
201300023017,13,8,23,800,2,1,1,1,4,555,VA007554 LASBORDES A61 S,,,,310
201300023018,13,8,23,1420,1,2,1,1,2,555,"50, BD DES MINIMES",,,,310
201300023019,13,8,23,1655,1,2,1,1,3,555,"999, AV PIERRE G LATECOE",,,,310
201300023020,13,8,28,1740,1,1,1,1,2,555,VA007355 PURPAN A620 Sor,,,,310
201300023021,13,8,28,2200,5,2,1,1,4,069,FIL D'ARIANE (RD902),,,,310
201300023022,13,8,30,1655,1,2,1,1,6,555,"54, RTE DE BLAGNAC",,,,310
201300023023,13,9,1,235,1,2,1,1,2,555,"18, BD GRIFFOUL DORVAL",,,,310
201300023024,13,9,1,1500,1,2,1,1,3,555,"18, AV DES MINIMES",,,,310
201300023025,13,9,2,1155,1,2,3,1,2,555,"13, RUE DE METZ",,,,310
201300023026,13,9,2,2125,5,2,2,1,3,555,RUE SAINTE MARIE,,,,310
201300023027,13,9,4,700,2,2,2,1,3,555,"999, RUE D ALSACE LORRAI",,,,310
201300023028,13,9,3,1030,1,2,1,1,1,555,"2, AV JULES JULIEN",,,,310
201300023029,13,9,4,1940,1,2,1,1,4,555,RUE ERNEST RENAN,,,,310
201300023030,13,9,6,515,5,2,3,1,6,555,"44, AV DE CASSELARDIT",,,,310
201300023031,13,9,6,1619,1,2,1,1,2,555,"19, RTE DE LAUNAGUET",,,,310
201300023032,13,9,6,1725,1,2,3,9,6,555,RUE JEAN JACQUES BERNET,,,,310
201300023033,13,9,7,1900,1,2,1,1,3,555,"999, AV JEAN ZAY",,,,310
201300023034,13,9,4,855,1,2,1,1,3,555,"38, RUE JULES AMILHAU",,,,310
201300023035,13,9,10,1140,1,2,1,8,3,555,"12, AV ANTOINE DE ST EXU",,,,310
201300023036,13,9,10,1610,1,2,1,1,6,069,"49, CARRIERE (RUE)",M,4364028,0139230,310
201300023037,13,9,9,825,1,2,1,1,6,557,"210, RAMELET MOUNDI (CH",M,4357924,0135932,310
201300023038,13,9,10,1045,5,2,1,2,6,555,RD901,,,,310
201300023039,13,9,12,837,1,2,1,1,3,555,"26, BD GRIFFOUL DORVAL",,,,310
201300023040,13,9,12,1150,1,2,1,1,3,555,AV DE LATTRE DE TASSIGNY,,,,310
201300023041,13,9,13,750,2,1,1,1,4,555,VA007379 BAYLAC  A624 So,,,,310
201300023042,13,9,13,930,1,2,1,1,4,555,"276, AV ANTOINE DE ST EX",,,,310
201300023043,13,9,13,715,1,2,1,2,2,555,"118, AV FREDERIC ESTEBE",,,,310
201300023044,13,9,13,1935,1,2,1,1,3,555,"176, RTE DE SEYSSES",,,,310
201300023045,13,9,13,2145,5,2,1,1,1,555,"72, AV DE CASTRES",,,,310
201300023046,13,9,14,1235,1,2,1,1,3,555,"999, RUE MATABIAU",,,,310
201300023047,13,9,15,1550,1,2,1,1,6,555,"999, RUE EDMOND ROSTAND",,,,310
201300023048,13,9,15,1940,1,1,9,1,5,555,VA007418 PONT JUMEAUX620,,,,310
201300023049,13,9,15,1530,1,2,1,1,6,555,"999, CHE DE GUILHERMY",,,,310
201300023050,13,9,13,1750,1,2,1,1,3,555,"156, CHE DU RAMELET MOUN",,,,310
201300023051,13,9,17,745,1,2,1,1,6,555,"70, RTE DE NARBONNE",,,,310
201300023052,13,9,18,2215,5,2,6,3,3,149,Rond Point fontaine lumi,M,4360919,0135247,310
201300023053,13,9,19,1035,1,2,1,1,1,555,"110, RTE DE BLAGNAC",,,,310
201300023054,13,9,19,815,2,2,1,2,6,149,NAUROUZE (ALLEE DE),M,4360926,0134843,310
201300023055,13,9,18,700,5,2,1,1,2,557,TARBES (ROUTE DE),M,4357715,0132593,310
201300023056,13,9,18,1005,1,2,1,1,2,149,chemin de gramont,M,4361838,0133921,310
201300023057,13,9,20,1715,1,2,1,1,6,555,"70, BD SILVIO TRENTIN",,,,310
201300023058,13,9,20,1832,1,1,1,1,5,555,VA007331 A620,M,4365460,0142678,310
201300023059,13,9,23,1400,1,2,3,1,3,555,"999, RUE DE THIONVILLE",,,,310
201300023060,13,9,25,1230,1,2,1,1,3,555,"21, AV DE LARDENNE",,,,310
201300023061,13,9,25,1420,1,2,1,1,6,555,RUE DE METZ,,,,310
201300023062,13,9,27,745,1,2,2,1,1,555,BD DE SUISSE,,,,310
201300023063,13,9,30,755,1,2,1,1,1,555,"32, RUE DE METZ",,,,310
201300023064,13,9,30,1005,1,2,1,1,4,555,"359, AV DES ETATS UNIS",,,,310
201300023065,13,9,30,1100,1,2,1,1,6,555,"56, AV HONORE SERRES",,,,310
201300023066,13,9,30,1138,1,2,8,1,1,555,"102, CHE DE GABARDIE",,,,310
201300023067,13,9,30,1635,1,1,1,1,2,555,VA007495 A62,,,,310
201300023068,13,9,30,1645,1,1,1,2,4,555,VA007553 A61,,,,310
201300023069,13,10,1,735,2,1,1,1,3,555,VA007333 LA FAOURETTE A6,,,,310
201300023070,13,10,1,1630,1,1,1,1,4,555,VA007355 PURPAN A620 Sor,,,,310
201300023071,13,10,3,730,2,1,1,1,5,555,VA007553 A61,,,,310
201300023072,13,10,3,1035,1,2,3,2,3,555,"999, RUE BENJAMIN CONSTA",,,,310
201300023073,13,10,3,630,5,2,1,1,6,555,"2, AV ETIENNE BILLIERES",,,,310
201300023074,13,10,3,1315,1,2,1,2,6,149,ROUSSILLON (ALLEE DU),M,4361064,0133552,310
201300023075,13,10,4,746,2,1,1,1,2,555,VA008482 A624,,,,310
201300023076,13,10,5,2300,5,1,1,1,2,555,VA007644 EMPALOT A620 So,,,,310
201300023077,13,10,6,1425,1,2,1,1,3,555,"3, BD D ARCOLE",,,,310
201300023078,13,10,7,724,1,1,1,1,2,149,ECHANGEUR ST MARTIN (A62,,,,310
201300023079,13,10,4,825,1,1,1,1,2,555,VA007342 LA CEPIERE  A62,,,,310
201300023080,13,10,11,1500,1,2,1,1,1,555,"100, AV JEAN RIEUX",,,,310
201300023081,13,10,14,930,1,2,3,1,6,555,"999, RUE DU POLE",,,,310
201300023082,13,10,14,2058,5,2,3,1,2,555,BD DU MARECHAL JUIN,,,,310
201300023083,13,10,14,1800,1,2,1,1,6,555,"35, RUE DE GIRONIS",,,,310
201300023084,13,10,10,1030,1,2,3,1,3,557,"7, MANOIR (RUE)/AVE MARQ",M,4357500,0134607,310
201300023085,13,10,15,1035,1,2,1,1,6,555,"29, RUE DE METZ",,,,310
201300023086,13,10,16,655,1,2,6,2,3,555,R-PT DU DR MAURICE DIDE,,,,310
201300023087,13,10,14,655,2,2,1,1,2,149,GASCOGNE (BOULEVARD DE),M,4360810,0132620,310
201300023088,13,10,16,1945,3,2,1,1,2,555,"25, AV DE LYON",,,,310
201300023089,13,10,16,2035,4,2,3,1,3,555,"999, BD LAZARE CARNOT",,,,310
201300023090,13,10,17,900,1,2,2,1,3,555,"999, RUE SALAMBO",,,,310
201300023091,13,10,17,1220,1,2,1,1,6,555,"17, RUE DU REMPART ST ET",,,,310
201300023092,13,10,17,1100,1,2,1,1,2,555,"999, AV JULES JULIEN",,,,310
201300023093,13,10,19,620,5,2,1,1,6,555,"173, AV RAYMOND NAVES",,,,310
201300023094,13,10,18,2135,5,2,1,1,6,555,"13, RUE JACQUES ROUDIL",,,,310
201300023095,13,10,18,1845,2,2,2,1,3,555,"999, CHE DE L EGLISE DE",,,,310
201300023096,13,10,20,1155,1,2,1,1,6,555,"999, PL DE L ORMEAU",,,,310
201300023097,13,10,20,1,5,2,1,1,7,555,"2, PL DOMINIQUE MARTIN D",,,,310