Num_Acc,an,mois,jour,hrmn,lum,agg,int,atm,col,com,adr,gps,lat,long,dep
201300024369,13,6,10,925,1,2,2,2,3,013,AVE DE L'EGLISE ROMANE,,,,330
201300024370,13,5,4,2230,3,2,1,1,7,343,avenue cl�menceau,M,4700709,-085282,490
201300024371,13,8,28,1745,1,1,4,1,1,355,,M,4714140,-079438,490
201300024372,13,9,20,1515,1,1,1,1,1,343,Avail,M,4700537,-079814,490
201300024373,13,9,22,1945,2,1,6,1,2,092,La Gilberti�re,M,4723575,-071435,490
201300024374,13,9,28,600,3,2,1,1,6,074,45 rue d'anjou,M,4721349,-079751,490
201300024375,13,10,7,1830,1,1,2,1,3,169,La providence,M,4730878,-071083,490
201300024376,13,11,6,900,1,1,3,8,3,092,La beguerie,M,4721023,-070384,490
201300024377,13,12,9,1330,1,1,1,1,1,192,,M,0000000,0000000,490
201300024378,13,12,20,1515,1,1,6,1,7,092,ZI des 3 routes,M,4723840,-072561,490
201300024379,13,12,21,45,3,1,1,1,6,192,,M,0000000,0000000,490
201300024380,13,2,14,2110,3,1,1,2,6,262,,M,4730752,0286641,180
201300024381,13,5,18,1845,1,1,1,1,1,258,,M,0000000,0000000,180
201300024382,13,6,18,1030,1,2,1,1,6,233,"37, rue de FONTENAY",M,4733951,0284390,180
201300024383,13,8,5,2200,5,2,1,1,3,125,"Route de gien, RD751",M,0000000,0000000,180
201300024384,13,8,27,1600,1,2,1,1,6,246,rue du val de Loire,M,4744332,0281937,180
201300024385,13,9,27,900,1,2,1,1,1,233,Rout de SURY EN VAUX,M,4734037,0283702,180
201300024386,13,10,20,1645,1,1,2,1,7,241,,M,4733094,0284494,180
201300024387,13,11,6,1115,1,1,1,2,6,272,,M,4725694,0276294,180
201300024388,13,11,21,1215,1,1,1,2,5,144,,M,4732486,0278891,180
201300024389,13,12,7,1345,1,2,2,1,3,233,rue des ponts,M,4733863,0285943,180
201300024390,13,1,8,1200,5,1,1,9,1,161,,M,0000000,0000000,060
201300024391,13,3,8,2330,5,1,1,1,1,161,,M,0000000,0000000,060
201300024392,13,4,22,1730,1,2,1,1,3,161,avenue de la mer,M,0000000,0000000,060
201300024393,13,7,31,1015,1,2,2,1,2,161,2040 ROUTE NATIONALE 7,M,0000000,0000000,060
201300024394,13,8,10,1645,1,2,1,1,5,044,990 RTE DE CAGNES/MER,M,0000000,0000000,060
201300024395,13,8,28,1800,1,2,6,1,3,161,RD 6007,M,0000000,0000000,060
201300024396,13,12,3,1530,2,2,1,1,2,161,RD 6007,M,0000000,0000000,060
201300024397,13,12,3,1900,5,1,9,1,1,161,,M,0000000,0000000,060
201300024398,13,12,3,1430,1,2,1,7,6,161,RD 4,M,0000000,0000000,060
201300024399,13,12,13,30,5,1,1,1,6,044,,M,0000000,0000000,060
201300024400,13,12,24,1945,5,2,1,2,6,161,rd6007,M,4363700,0713400,060
201300024401,13,1,10,830,1,2,1,1,6,003,"4, HUGO (C12 A D12",M,4331552,0346801,340
201300024402,13,3,20,1410,1,2,9,1,6,003,"ignor?, SAINT CHRIST (M7",M,4331112,0346596,340
201300024403,13,4,26,1750,1,2,1,1,6,003,SOLEIL (G15 A J18,M,4330862,0347693,340
201300024404,13,6,22,115,5,2,1,1,5,003,SERGENTS (I14 A K17,M,4328657,0350782,340
201300024405,13,7,12,1600,1,1,1,1,1,003,RD612,,,,340
201300024406,13,7,29,2020,1,1,1,1,3,003,"0, NOTRE DAME A ST. MART",,,,340
201300024407,13,8,7,710,1,2,9,1,7,003,"0, BEL AIR (PARKING)",M,4327802,0350363,340
201300024408,13,8,7,2000,1,2,1,1,2,003,MERIC (P3 A S2,,,,340
201300024409,13,8,10,1625,1,2,1,1,6,003,DUNES (G6 A K4,,,,340
201300024410,13,8,12,1725,1,1,1,1,3,003,"25, MARSEILLAN (A16 A B1",M,4332314,0347763,340
201300024411,13,8,18,2005,1,1,1,1,3,003,RD612,M,4329306,0349944,340
201300024412,13,8,21,1800,1,1,1,1,1,003,RD612,M,4330463,0345699,340
201300024413,13,8,22,1935,1,2,1,1,3,003,POMPIDOU (H12 A 14,M,4330659,0346919,340
201300024414,13,8,24,1015,1,1,1,1,2,003,RD612,M,4330877,0351301,340
201300024415,13,8,25,1700,1,1,1,1,3,003,RD612,M,4329852,0346704,340
201300024416,13,9,1,2200,5,2,1,1,3,003,"0, ROCHELONGUE (G14 A O1",M,4329869,0347858,340
201300024417,13,9,2,536,5,2,6,1,6,003,"0, BELLE-ISLE (I12 A H15",M,4328508,0350426,340
201300024418,13,9,10,1350,1,2,9,1,3,003,TOURS DE SAINT-MARTIN (R,M,4328319,0349824,340
201300024419,13,9,13,1130,1,2,6,1,2,003,"0, BUTTE (F18 A G18",M,4329567,0351734,340
201300024420,13,10,2,1340,1,2,1,1,2,003,GRAND CAP (RUE),M,4329800,0347640,340
201300024421,13,8,14,1200,1,2,6,1,3,003,"0, SOLEIL (G15 A J18",,,,340
201300024422,13,11,11,1740,2,1,1,1,5,003,RD612,,,,340
201300024423,13,12,11,1630,1,2,3,8,6,003,"inconnu, DE GAULLE (E14",,,,340
201300024424,13,12,31,1800,2,2,1,1,1,003,"0, GUIRAUDETTE (K13 A V1",,,,340
201300024425,13,12,31,2025,5,2,1,9,6,032,"0, QUAI PORT NOTRE DAME",,,,340
201300024426,13,1,2,1850,4,2,1,9,7,032,"01, JOFFRE MARECHAL (AV)",M,4333981,0321841,340
201300024427,13,1,2,2205,5,2,1,9,2,032,"NR, KENNEDY PRESIDENT (B",M,4335080,0323937,340
201300024428,13,1,9,2040,5,2,9,9,6,032,"33, RIQUET PIERRE PAUL (",M,4334418,0321240,340
201300024429,13,1,8,1145,1,2,1,1,7,336,MARIANNE (PLACE DE LA),M,4331624,0328128,340
201300024430,13,1,8,2055,4,2,3,9,3,032,"NR, FABRE (AV.DU DOCTEUR",M,4335453,0322964,340
201300024431,13,1,21,2100,1,2,3,1,7,336,"NR, BEREGOVOY (AVENUE PI",M,4332055,0327773,340
201300024432,13,1,23,1455,1,2,6,9,3,032,VICTOIRE (PLACE DE LA),M,4334478,0321540,340
201300024433,13,1,28,800,1,2,1,1,7,032,"17, LECLERC MARECHAL (BD",M,4334457,0323853,340
201300024434,13,1,28,1100,1,2,3,1,3,032,"29, CLAPAREDE EMILE (AVE",M,4334395,0322838,340
201300024435,13,1,29,750,1,2,1,1,2,032,"NP, NARBONNE (ROUTE DE)",M,4333711,0320321,340
201300024436,13,2,4,30,5,2,2,1,3,032,"63, MISTRAL FREDERIC (BD",M,4334409,0322042,340
201300024437,13,2,3,2125,5,2,2,9,3,032,BOUIN JEAN (BD),M,4333359,0325363,340
201300024438,13,2,12,1155,1,2,1,1,3,032,"NP, NOGUERES HENRI (RD P",M,4335252,0322498,340
201300024439,13,2,16,250,3,1,1,9,7,032,MURVIEL (ROUTE DE),M,4336482,0318948,340
201300024440,13,2,17,940,1,2,9,1,7,032,"58, CLEMENCEAU GEORGES (",M,4334718,0321863,340
201300024441,13,2,15,2010,5,2,3,1,3,032,"NP, BOBILLOT SERGENT (RU",M,4334929,0322108,340
201300024442,13,2,16,1610,1,1,3,1,3,032,BESSAN (ROUTE DE),M,4335237,0326732,340
201300024443,13,2,25,1715,1,2,1,1,7,032,"26, RHIN ET DANUBE (AV)",M,4335400,0322797,340
201300024444,13,3,4,1755,1,2,3,1,3,032,"69, MISTRAL FREDERIC (BD",M,4334356,0322076,340
201300024445,13,3,8,1810,1,2,1,9,7,032,"NR, FABRE (AV.DU DOCTEUR",M,4335387,0322637,340
201300024446,13,3,15,1120,1,2,3,9,7,032,VERDIER PIERRE (AV),M,4334422,0323034,340
201300024447,13,3,17,535,2,1,1,9,7,032,ROUTE DE CORNEILHAN (RD.,M,4337235,0320823,340
201300024448,13,3,16,950,1,1,3,9,3,032,RN.113 - 9 (BEZIERS-PEZE,M,4336414,0326089,340
201300024449,13,3,20,1030,1,2,1,9,7,032,"94, CLEMENCEAU GEORGES (",M,4334845,0322018,340
201300024450,13,3,21,1555,1,2,1,9,2,032,JUIN MARECHAL (RUE DU),M,4335038,0323939,340
201300024451,13,3,22,1900,3,1,1,8,1,032,ROUTE DEPARTEMENTALE  61,M,4336200,0324595,340
201300024452,13,4,3,1400,1,2,1,1,7,032,"43, MOULIN JEAN (AV)",M,4334708,0322030,340
201300024453,13,4,3,1735,1,1,3,1,3,336,ROUTE DEPARTEMENTALE NR.,M,4331351,0329974,340
201300024454,13,4,25,1730,1,2,1,1,5,336,"3, BEREGOVOY (AVENUE PIE",M,4332359,0326305,340
201300024455,13,5,3,1820,1,2,1,1,7,032,"27, DUC VALENTIN (AV)",M,4334037,0320975,340
201300024456,13,5,13,1700,1,2,9,9,7,032,"31, CLEMENCEAU GEORGES (",M,4334616,0388150,340
201300024457,13,5,21,1320,1,2,1,9,7,032,HERRIOT EDOUARD (BD),M,4334582,0321691,340
201300024458,13,5,19,2250,3,1,1,1,7,336,MEDITERRANEE (ROND POINT,M,4332007,0329330,340
201300024459,13,5,24,1535,1,2,1,1,7,032,"4, LACHENAL LOUIS (AV)",,,,340
201300024460,13,6,6,1840,1,2,1,1,7,032,"NP, NOGUERES HENRI (RD P",M,4335243,0322486,340
201300024461,13,5,5,1330,1,2,1,1,7,032,KENNEDY PRESIDENT (BD DU,M,4335480,0323915,340
201300024462,13,6,6,1925,1,2,9,9,6,032,"NR, BEDARIEUX (ANCIENNE",,,,340
201300024463,13,5,21,1805,1,1,3,9,3,032,"NR, RD.909",M,4338581,0322815,340
201300024464,13,6,11,930,1,2,1,1,2,032,"53, RIQUET PIERRE PAUL (",M,4334062,0321847,340
201300024465,13,6,13,1520,1,2,1,1,7,032,"NP, SIX NATIONS (ROND PO",M,4333392,0325017,340
201300024466,13,6,13,1730,1,2,1,1,2,032,"39, MOULIN JEAN (AV)",,,,340
201300024467,13,5,21,615,2,2,1,9,7,032,"NR, BADONES (AV.)",M,4335070,0323974,340
201300024468,13,6,18,1655,1,2,1,1,1,032,"NP, LACHENAL LOUIS (AV)",M,4333801,0325226,340
201300024469,13,6,19,1725,1,2,3,1,7,032,"23, MONTAIGNE (PLACE)",M,4334128,0322487,340
201300024470,13,7,2,1820,1,2,1,1,7,032,"5, PUITS DES ARENES (RUE",,,,340
201300024471,13,7,6,2220,5,2,1,1,3,032,ROUTE DE BEDARIEUX (RD.9,,,,340
201300024472,13,7,7,1825,1,1,1,7,1,336,"""CHEMIN DIT """"GRANDE CAR",,,,340
201300024473,13,7,5,2255,3,1,1,1,3,032,ROUTE DEPARTEMENTALE  61,,,,340
201300024474,13,7,8,135,5,2,1,9,7,032,"2, PONT VIEUX (AVENUE DU",,,,340
201300024475,13,7,14,1520,1,2,1,9,6,032,AGDE (ROUTE D'),,,,340
201300024476,13,7,13,1245,1,2,6,9,7,336,"0, VIGUIER (AVENUE DU) Z",,,,340
201300024477,13,6,8,1350,1,2,1,2,1,032,COSTE MONSEIGNEUR (AV),,,,340
201300024478,13,6,7,1235,1,2,1,1,7,032,"NP, JUIN MARECHAL (RUE D",M,4334806,0323936,340
201300024479,13,7,18,1830,1,2,1,1,7,032,"14, LESSEPS FERDINAND DE",,,,340
201300024480,13,8,3,2345,3,1,6,1,7,336,MEDITERRANEE (ROND POINT,,,,340
201300024481,13,8,16,1040,1,1,9,7,2,336,"NR, ROUTE D'AGDE (RD612)",M,4331375,0332288,340
201300024482,13,8,23,2125,3,2,6,9,7,032,"NR, BADIE VINCENT (RD PO",M,4334694,0325403,340
201300024483,13,8,29,2110,3,1,6,1,6,032,RD.64,M,4334412,0317335,340
201300024484,13,9,5,1845,1,1,1,1,2,032,ARCAS FERNAND (ROND-POIN,,,,340
201300024485,13,9,5,1925,1,1,1,1,2,032,ROUTE DEPARTEMENTALE NR.,,,,340
201300024486,13,9,13,1100,1,2,3,1,7,032,"NP, LAMARCK (RUE)",M,4335034,0322022,340
201300024487,13,9,14,1630,1,2,1,1,7,032,"26, RIQUET PIERRE PAUL (",,,,340
201300024488,13,9,1,210,3,1,1,1,7,032,"NP, LAZARE JOSEPH (AV)",,,,340
201300024489,13,8,30,1400,1,2,1,1,2,032,MISTRAL FREDERIC (BD),,,,340
201300024490,13,8,31,2045,3,1,1,1,3,032,ROUTE DEPARTEMENTALE 612,,,,340
201300024491,13,9,7,1345,1,1,1,1,3,336,"NR, SALANCS (CHEMIN DES)",,,,340
201300024492,13,9,22,505,3,1,9,9,7,336,"NR, COLOMBES (AVENUE DES",,,,340
201300024493,13,9,24,1200,1,2,1,1,6,032,LIBERTE (BD DE LA),,,,340
201300024494,13,9,30,1420,1,2,6,9,3,032,LANGUEDOC (BD DU),,,,340
201300024495,13,10,4,1535,1,1,6,2,2,032,ROUTE DEPARTEMENTALE 612,,,,340
201300024496,13,10,8,1705,1,2,1,9,3,032,MURVIEL (ROUTE DE),,,,340
201300024497,13,10,12,1655,1,2,1,9,7,032,"47, MOULIN JEAN (AV)",M,4334746,0322094,340
201300024498,13,10,20,145,5,2,1,1,6,032,"3, DAGUERRE LOUIS (RUE)",,,,340
201300024499,13,8,8,835,1,2,1,9,7,336,"1, PASTEUR (BOULEVARD)",,,,340
201300024500,13,10,28,1905,3,1,1,9,7,032,NARBONNE (ROUTE DE),,,,340
201300024501,13,11,12,1550,1,1,1,1,3,032,ROUTE DEPARTEMENTALE 612,M,4336680,0321449,340
201300024502,13,11,19,1255,1,2,2,9,7,032,BADONES (AV.),,,,340
201300024503,13,11,12,1610,1,2,1,9,7,032,ALBERTINI AUGUSTE (AVENU,,,,340
201300024504,13,11,12,1710,1,2,1,9,7,032,ORNANO COLONEL D' (AV),,,,340
201300024505,13,11,20,1410,1,2,3,1,1,032,SORANO DAN IEL (RUE),,,,340
201300024506,13,11,26,1722,2,2,1,9,7,032,"NR, DE GAULLE GENERAL (P",,,,340
201300024507,13,12,1,1150,1,2,1,9,7,032,"NR, ERIGNAC CLAUDE (AV)",,,,340
201300024508,13,12,4,715,2,2,1,9,7,032,"8, CASERNES (RUE DES)",,,,340
201300024509,13,12,10,1650,2,2,6,9,7,032,NOGUERES HENRI (RD POINT,,,,340
201300024510,13,12,26,1325,1,2,1,1,7,032,"NR, WILSON PRESIDENT (AV",,,,340
201300024511,13,12,30,330,3,1,1,9,2,032,"18,7, ROUTE DEPARTEMENTA",,,,340
201300024512,13,1,1,540,5,2,1,1,6,172,"91, POSTE VIEILLE DE 2 A",M,4361083,0390036,340
201300024513,13,1,2,1530,1,2,1,1,2,172,MASSENA (AVENUE),M,4361010,0384660,340
201300024514,13,1,2,1940,5,2,3,1,3,172,FLAHAULT (AVENUE CHARLES,M,4362559,0386078,340
201300024515,13,1,3,1100,1,2,3,1,6,172,ROBESPIERRE (RUE),M,4360020,0384584,340
201300024516,13,1,3,1230,1,2,1,1,2,172,FAULQUIER (PLACE),M,4360531,0389192,340
201300024517,13,1,3,1520,1,2,1,1,4,172,"0, MENDES FRANCE (AVENUE",M,4360715,0393286,340
201300024518,13,1,4,900,1,2,1,1,6,172,"74, LODEVE (ROUTE DE)",M,4361510,0382427,340
201300024519,13,1,4,1450,1,2,1,1,3,172,"0, MAURIN (AVENUE DE",M,4358706,0387243,340
201300024520,13,1,4,1820,5,2,1,1,3,172,"0, VALLOIS (RUE PROFESSE",M,4361440,0388377,340
201300024521,13,1,6,525,5,2,1,1,7,172,"0, NERUDA (AVENUE PABLO)",M,4361727,0382020,340
201300024522,13,1,7,1050,1,2,1,1,2,172,"sans, ORIENT (BOULEVARD",M,4360336,0388832,340
201300024523,13,1,7,2100,5,2,3,1,1,172,"SANS, FLAHAULT (AVENUE C",M,4361989,0386532,340
201300024524,13,1,8,1235,1,2,1,1,6,172,"588, ANTIGONE (BOULEVARD",M,4360908,0388975,340
201300024525,13,1,9,1000,1,2,3,1,6,172,"., FIGUEROLLES FAUBOURG",M,4360640,0386430,340
201300024526,13,1,9,1100,1,2,1,1,6,172,"150, GOSSEC (RUE FRANCOI",M,4357520,0385590,340
201300024527,13,1,9,1330,1,2,1,1,1,172,"0, MARTELLE (ALLEE DE LA",M,4360665,0383841,340
201300024528,13,1,9,1420,1,2,1,1,2,172,LIBERTE (AVENUE DE LA,M,4360889,0385310,340
201300024529,13,1,10,1000,1,2,1,1,3,172,"24, GRAND SAINT JEAN (RU",M,4360519,0387511,340
201300024530,13,1,9,1840,5,2,2,1,3,172,"0, DUBOUT (AVENUE ALBERT",M,4359690,0387773,340
201300024531,13,1,9,1655,1,2,1,1,6,172,"30, JUSSIEU (RUE ANTOINE",M,4363644,0387404,340
201300024532,13,1,11,1450,1,2,1,1,3,172,", ABRIVADO (RUE DE L')",M,4358960,0388790,340
201300024533,13,1,11,2025,5,2,1,1,3,172,"sans, SABATIER D'ESPEYRA",M,4362400,0386225,340
201300024534,13,1,11,735,1,2,3,1,3,172,"0, VIEILLE POSTE (RUE DE",M,4361360,0390491,340
201300024535,13,1,11,1000,1,2,1,1,3,172,"sans, JANVIER (RUE GUILL",M,4359678,0386521,340
201300024536,13,1,12,1110,1,2,1,1,3,172,"7, BERTIN-SANS (AVENUE E",M,4362776,0386466,340
201300024537,13,1,13,645,5,2,1,1,6,172,"sans, RAYMOND DUGRAND (A",M,4359489,0390569,340
201300024538,13,1,14,855,1,2,1,1,7,172,"20, ARCEAUX (BOULEVARD D",M,4361187,0386456,340
201300024539,13,1,14,1000,1,2,1,1,3,172,"SANS, MELIES (RUE GEORGE",M,4360643,0392354,340
201300024540,13,1,14,1745,1,2,1,1,3,172,"890, AURIOL (AVENUE VINC",M,4364242,0384781,340
201300024541,13,1,14,1915,5,2,2,1,6,172,JUSTICE DE CASTELNAU (AV,M,4362685,0388937,340
201300024542,13,1,16,840,1,2,2,1,6,172,PONT DE LAVERUNE (RUE DU,M,4360420,0383430,340
201300024543,13,1,16,1150,1,2,3,8,6,172,MONTELS-EGLISE (RUE DE),M,4357930,0387840,340
201300024544,13,1,17,1825,5,2,1,1,2,172,"sans, FOCH (RUE)",M,4361108,0387351,340
201300024545,13,1,17,1120,1,2,1,1,3,172,"53, LAVERUNE (ROUTE DE",M,4360239,0385413,340
201300024546,13,1,19,1950,3,2,1,3,6,172,"1469, MOULARES (CHEMIN D",M,4359350,0388990,340
201300024547,13,1,22,820,1,2,2,1,3,172,LEPINE (RUE LOUIS),M,4361356,0391199,340
201300024548,13,1,23,1550,1,2,1,2,2,172,"sans, CROIX DES ROSIERS",M,4360957,0383707,340
201300024549,13,1,23,1920,3,2,1,8,6,129,"SANS, BOIRARGUES (AVENUE",M,4358286,0392530,340
201300024550,13,1,24,750,1,2,1,1,7,172,"0, ERNEST HEMINGWAY (AVE",M,4363380,0383554,340
201300024551,13,1,24,1325,1,2,1,1,2,172,CHATEAU D'O (ROND-POINT,M,4363136,0384281,340
201300024552,13,1,25,1025,1,2,1,1,7,172,"SANS, SCHUMAN (PLACE ROB",M,4361850,0381818,340
201300024553,13,1,25,1225,1,2,1,1,3,172,"12, TOULOUSE (AVENUE DE",M,4360020,0386726,340
201300024554,13,1,25,1700,1,2,3,1,3,172,LAVERUNE (ROUTE DE,M,4360731,0383836,340
201300024555,13,1,26,450,5,2,1,1,7,172,"SANS, MERMOZ (AVENUE JEA",M,4361364,0388785,340
201300024556,13,1,26,630,3,1,1,1,6,129,"sans, AGAU (AVENUE DE L'",M,4358074,0390842,340
201300024557,13,1,25,1810,3,2,1,1,6,172,"2310, TOULOUSE (AVENUE D",M,4358616,0385232,340
201300024558,13,1,27,1210,1,2,1,1,6,172,"22 bis, ENCLOS FERMAUD (",M,4360200,0387310,340
201300024559,13,1,28,830,1,2,3,1,3,172,BOUISSES (RUE DES),M,4359820,0383541,340
201300024560,13,1,28,1200,1,2,1,1,6,172,"240, MONDIAL 98 (AVENUE",M,4360360,0390710,340
201300024561,13,1,27,2000,5,2,1,2,2,172,"81, CARRIEU (RUE MARIUS)",M,4361725,0384272,340
201300024562,13,1,29,740,1,2,1,1,7,172,"1093, RAVAZ (AVENUE DU P",M,4362343,0384421,340
201300024563,13,1,29,845,1,2,1,1,3,172,PIREE (AVENUE DU),M,4360811,0389674,340
201300024564,13,2,4,1015,1,2,1,1,7,172,"125, PRE AUX CLERCS (RUE",M,4362369,0387378,340
201300024565,13,2,6,1235,1,2,1,1,6,172,"914, MOULARES (CHEMIN DE",M,4360510,0389214,340
201300024566,13,2,6,1330,1,2,1,1,4,172,"sans, NERUDA (AVENUE PAB",M,4361628,0382045,340
201300024567,13,2,8,405,5,2,1,1,7,172,"61, TOULOUSE (AVENUE DE",M,4359709,0386377,340
201300024568,13,2,8,530,5,2,2,1,6,172,RIMBAUD (RUE PAUL),M,4361787,0384275,340
201300024569,13,2,8,935,1,2,3,1,6,172,"17, ARCEAUX (BOULEVARD D",M,4361149,0386512,340
201300024570,13,2,9,1315,1,2,1,1,7,172,"0, GARRATS (AVENUE DES)",M,4361223,0383935,340
201300024571,13,2,9,1515,1,1,2,1,3,129,"0, CARNON (ROUTE DE  D21",M,4358282,0392531,340
201300024572,13,2,10,1920,5,2,1,3,1,172,"57, LAVERUNE (ROUTE DE",M,4360212,0385346,340
201300024573,13,2,9,2240,5,2,3,1,3,172,"0, POITIERS (AVENUE GUIL",M,4363424,0382244,340
201300024574,13,2,10,320,5,2,1,1,7,172,LIBERTE (AVENUE DE LA,M,4359616,0387708,340
201300024575,13,2,11,905,1,2,1,8,2,172,MOULINS (AVENUE DES,M,4363605,0384451,340
201300024576,13,2,12,20,5,2,1,1,7,172,LIBERTE (AVENUE DE LA,M,4360259,0386659,340
201300024577,13,2,12,1035,1,2,1,1,6,172,"4, NOURRIT (RUE ADOLPHE)",M,4360480,0386720,340
201300024578,13,2,14,1850,5,2,1,1,1,172,CLEMENCEAU (AVENUE GEORG,M,4360232,0387015,340
201300024579,13,2,14,1845,5,2,3,1,3,172,"0, VIEILLE POSTE (RUE DE",M,4361687,0391138,340
201300024580,13,2,17,2200,5,2,2,1,6,172,"2, JEU DE PAUME (BOULEVA",M,4360848,0387321,340
201300024581,13,2,18,1745,1,2,3,2,7,172,AIGUELONGUE (RUE DE L'),M,4363332,0387560,340
201300024582,13,2,19,815,1,2,1,1,7,172,"sans, GREZES (RUE DES)",M,4359500,0382169,340
201300024583,13,2,19,1415,1,2,2,1,6,172,PAS DU LOUP (RUE DU,M,4359662,0384490,340
201300024584,13,2,20,950,1,2,3,1,3,172,JUSTICE DE CASTELNAU (AV,M,4362694,0387265,340
201300024585,13,2,20,1240,1,2,3,1,3,172,RABELAIS (BOULEVARD),M,4360110,0388150,340
201300024586,13,2,20,1354,1,2,6,1,3,172,ECOLE D'AGRICULTURE-GABR,M,4361301,0385888,340
201300024587,13,2,21,1005,1,2,3,1,3,172,CHAMPLAIN (AVENUE SAMUEL,M,4360718,0388949,340
201300024588,13,2,21,1314,1,2,1,1,2,129,"0, AGAU (AVENUE DE L')",M,4358698,0390826,340
201300024589,13,2,21,1902,3,1,1,1,3,172,"0, JOUHAUX (AVENUE LEON)",M,4359476,0382019,340
201300024590,13,2,22,1500,1,2,1,1,6,129,"sans, PUECH RADIER (RUE)",M,4357847,0388044,340
201300024591,13,2,23,100,5,2,1,1,7,172,"9 bis, FLAHAULT (AVENUE",M,4362067,0386486,340
201300024592,13,2,23,530,3,2,1,1,3,172,"0, PALAVAS (AVENUE DE)",M,4358880,0389316,340
201300024593,13,2,25,1745,1,1,3,1,7,129,SAPORTA (CHEMIN DE),M,4357640,0388900,340
201300024594,13,2,27,1040,1,2,1,1,1,172,BRIOL (ALLEE DU),M,4359815,0383775,340
201300024595,13,3,2,1420,1,2,1,1,2,172,ARENES (ROND POINT DES P,M,4358915,0389076,340
201300024596,13,3,2,2250,5,2,7,1,3,172,"sans, JUSTICE DE CASTELN",M,4362705,0386952,340
201300024597,13,3,3,1805,1,2,1,1,3,172,BARI (RUE DE),M,4362830,0382090,340
201300024598,13,3,4,1040,1,2,1,1,4,172,VANIERES (AVENUE DE),M,4359585,0384681,340
201300024599,13,3,4,2305,5,2,1,1,6,172,"35 BIS, ASSAS (AVENUE D'",M,4361518,0386403,340
201300024600,13,3,5,810,1,2,2,3,6,172,CANDELIERS (RUE DES),M,4360030,0387430,340
201300024601,13,3,5,1520,1,2,2,2,3,172,"0, JUSTICE DE CASTELNAU",M,4362605,0388242,340
201300024602,13,3,6,1500,1,2,1,2,7,172,"sans, NERUDA (AVENUE PAB",M,4361683,0382010,340
201300024603,13,3,7,610,3,2,1,8,1,129,"0, AGAU (AVENUE DE L')",M,4358002,0390816,340
201300024604,13,3,7,1445,1,2,9,8,3,172,"3650, VALERY (BOULEVARD",M,4358923,0385637,340
201300024605,13,3,7,1810,5,2,1,8,3,172,"sans, PEYSON (RUE FREDER",M,4360058,0387938,340
201300024606,13,3,8,1540,1,2,3,1,3,172,RIMBAUD (RUE PAUL),M,4361660,0383602,340
201300024607,13,3,9,1726,1,2,1,1,7,172,LIBERTE (AVENUE DE LA,M,4360891,0385988,340
201300024608,13,3,10,1500,1,2,2,1,3,172,"0, POMPIGNANE (AVENUE DE",M,4361819,0389759,340
201300024609,13,3,12,538,5,2,6,2,3,172,"0, FLANDRES-DUNKERQUE (P",M,4358966,0385625,340
201300024610,13,3,12,840,1,2,1,1,1,172,"720, LEPINE (RUE LOUIS)",M,4361413,0391434,340
201300024611,13,3,12,1715,1,2,1,1,3,172,"17, FLAHAULT (AVENUE CHA",M,4362403,0386214,340
201300024612,13,3,13,1740,1,2,1,1,3,172,"2452, SOULAS (AVENUE DU",M,4362961,0384398,340
201300024613,13,3,14,915,1,2,1,1,3,172,"sans, LODEVE (ROUTE DE)",M,4361538,0382031,340
201300024614,13,3,14,1130,1,2,1,1,2,172,"SANS, PAVELET (AVENUE DU",M,4358222,0386356,340
201300024615,13,3,14,1815,1,2,1,1,6,172,PONT TRINQUAT (AVENUE DU,M,4359547,0389647,340
201300024616,13,3,14,1825,1,2,9,1,3,172,"., LAVERUNE (ROUTE DE",M,4360082,0384542,340
201300024617,13,3,15,440,5,2,3,1,3,172,"sans, GRAND SAINT JEAN (",M,4360441,0387775,340
201300024618,13,3,15,740,1,2,1,1,3,172,"2590, VALERY (BOULEVARD",M,4359632,0384932,340
201300024619,13,3,15,1235,1,2,1,1,3,172,"sans, TOULOUSE (AVENUE D",M,4359525,0386189,340
201300024620,13,3,15,1310,1,1,3,1,3,172,GRAMMONT (AVENUE DE),M,4361017,0392976,340
201300024621,13,3,17,1435,1,2,2,2,3,172,"0, PONT JUVENAL (AVENUE",M,4360589,0389420,340
201300024622,13,3,18,450,5,2,2,2,7,172,"0, DOMITIENNE (VOIE)",M,4362390,0386200,340
201300024623,13,3,18,1020,1,2,1,1,3,172,"0, ODYSSEUM (PLACE)",M,4360429,0391269,340
201300024624,13,3,18,1305,1,2,1,1,6,172,"sans, HUGO (BOULEVARD VI",M,4360706,0387842,340
201300024625,13,3,18,1600,1,2,1,1,7,172,"15, CLEMENCEAU (AVENUE G",M,4360425,0387347,340
201300024626,13,3,20,2025,5,2,1,8,3,172,VIALA (AVENUE PROFESSEUR,M,4363636,0382726,340
201300024627,13,3,21,930,1,2,3,1,5,172,"620, PARGUEL (AVENUE ABB",M,4363750,0385972,340
201300024628,13,3,21,1620,1,2,1,1,6,172,"1401, SORBES (RUE DE LAS",M,4361429,0384846,340
201300024629,13,3,21,2350,3,2,1,1,2,172,"870, MOULARES (CHEMIN DE",M,4359826,0389332,340
201300024630,13,3,22,1120,1,2,1,8,3,172,AURIOL (AVENUE VINCENT),M,4364974,0385767,340