Num_Acc,an,mois,jour,hrmn,lum,agg,int,atm,col,com,adr,gps,lat,long,dep
201300024880,13,9,23,1440,1,2,1,1,6,172,"27, LODEVE (ROUTE DE)",M,4361464,0382607,340
201300024881,13,9,24,815,1,1,1,8,7,172,JOUHAUX (AVENUE LEON),M,4359989,0381998,340
201300024882,13,9,24,1310,1,2,1,8,2,172,"0, MER (AVENUE DE LA)",M,4359880,0390258,340
201300024883,13,9,27,1,5,2,3,1,3,172,BALANCES (RUE DES),M,4360844,0387374,340
201300024884,13,9,28,1925,2,2,3,8,6,172,PROUDHON (RUE),M,4361597,0388071,340
201300024885,13,9,29,1340,1,2,1,8,6,172,"24, FOCH (RUE)",M,4361081,0387574,340
201300024886,13,9,30,845,1,2,3,1,3,172,MOULIN DE SEMALEN (RUE D,M,4361256,0389517,340
201300024887,13,9,30,910,1,2,1,7,6,172,"163, JUSTICE DE CASTELNA",M,4362703,0387174,340
201300024888,13,10,1,815,1,2,1,1,6,172,"125, MOULIN DE GASCONNET",M,4363448,0387349,340
201300024889,13,9,30,1850,1,2,2,1,1,172,"0, DUBOUT (AVENUE ALBERT",M,4359691,0387769,340
201300024890,13,10,1,1550,1,2,4,1,3,172,"0, PARGUEL (AVENUE ABBE",M,4363212,0386028,340
201300024891,13,10,1,1615,1,2,6,1,2,172,"0, LYRE (ROND-POINT DE L",M,4364042,0387747,340
201300024892,13,10,2,945,1,2,1,1,3,129,"0, FIGUIERES (AVENUE DE)",M,4358432,0392675,340
201300024893,13,10,4,1550,1,2,3,3,1,172,CROIX VERTE (RUE DE LA),M,4364299,0383840,340
201300024894,13,10,4,1802,3,2,1,3,3,172,JOUHAUX (AVENUE LEON),M,4359989,0381998,340
201300024895,13,10,5,2315,5,2,2,1,7,172,"SANS, VALERY (BOULEVARD",M,4359265,0385260,340
201300024896,13,10,6,750,1,1,2,1,3,129,CARNON (ROUTE DE  D21),M,4358761,0391752,340
201300024897,13,10,6,1100,1,2,1,1,6,172,"39, SARRAIL (BOULEVARD)",M,4361122,0388067,340
201300024898,13,10,6,1240,1,1,6,1,3,172,"0, COLOMB (PLACE CHRISTO",M,4360580,0389940,340
201300024899,13,10,7,820,1,2,3,1,3,172,AQUEDUC (ALLEE DE L'),M,4361998,0384209,340
201300024900,13,10,7,1705,1,2,3,1,3,172,"0, PRE AUX CLERCS (RUE D",M,4362539,0387108,340
201300024901,13,10,8,1620,1,2,1,1,3,172,"sans, PALAVAS (AVENUE DE",M,4359301,0388971,340
201300024902,13,10,8,2015,4,2,1,1,6,172,"sans, LIBERTE (AVENUE DE",M,4360922,0383987,340
201300024903,13,10,9,1410,1,2,1,1,3,172,"sans, PONT DE LAVERUNE (",M,4360724,0383839,340
201300024904,13,10,10,1930,3,2,1,1,3,172,LIBERTE (AVENUE DE LA,M,4360433,0386518,340
201300024905,13,10,11,1255,1,2,3,1,3,172,CROVA (RUE),M,4362150,0386843,340
201300024906,13,10,12,1315,1,2,3,1,2,172,"0, LAVERUNE (ROUTE DE",M,4360007,0384417,340
201300024907,13,10,12,1422,1,2,3,1,3,172,"220, PRES D'ARENES (AVEN",M,4359418,0387929,340
201300024908,13,10,12,1700,1,2,1,8,3,172,"30, AGATHOIS (RUE DE L')",M,4363314,0382469,340
201300024909,13,10,12,1940,5,2,1,8,3,172,"0, LIBERTE (AVENUE DE LA",M,4360363,0386553,340
201300024910,13,10,13,1715,1,2,1,1,2,172,"4, LAVERUNE (ROUTE DE",M,4360475,0385916,340
201300024911,13,10,14,700,5,2,1,1,7,172,"0, MOULINS (AVENUE DES",M,4363071,0384175,340
201300024912,13,10,14,700,5,2,1,1,7,172,"0, MOULINS (AVENUE DES",M,4363071,0384175,340
201300024913,13,10,14,1745,1,2,1,1,3,172,"sans, LIBERTE (AVENUE DE",M,4360253,0386664,340
201300024914,13,10,14,1830,1,2,3,1,3,172,"sans, CAPITAINE CROIX DU",M,4360376,0385928,340
201300024915,13,10,15,814,1,2,3,8,3,172,"0, COMTE DE MELGUEIL (RU",M,4360381,0389300,340
201300024916,13,10,16,115,5,2,6,1,6,172,APOTHICAIRES (AVENUE DES,M,4364445,0384190,340
201300024917,13,10,16,1445,1,2,3,1,7,172,PERRUQUE (BOULEVARD DE L,M,4359697,0387757,340
201300024918,13,10,16,1830,2,2,1,1,6,172,"24, ARAUCARIAS (RUE DES)",M,4361574,0383867,340
201300024919,13,10,17,10,3,1,1,1,7,129,"SANS, PEROLS D132 (AVENU",M,4356012,0392347,340
201300024920,13,10,17,1800,1,2,1,1,3,172,"690, NOBEL (RUE ALFRED)",M,4361069,0391237,340
201300024921,13,10,18,530,5,2,1,1,5,172,LIBERTE (AVENUE DE LA,M,4359866,0387274,340
201300024922,13,10,18,905,1,2,1,1,6,172,"06, HUGO (BOULEVARD VICT",M,4360671,0387787,340
201300024923,13,10,18,1130,1,2,3,1,3,172,MARQUEROSE (RUE DE LA,M,4358677,0386869,340
201300024924,13,10,18,1615,1,2,1,8,7,129,"0, CARNON (ROUTE DE  D21",M,4358276,0392578,340
201300024925,13,10,18,1615,1,2,6,1,7,172,"0, CHATEAU D'O (ROND-POI",M,4363166,0384185,340
201300024926,13,10,18,1735,1,2,1,1,6,172,"0, CROIX VERTE (RUE DE L",,,,340
201300024927,13,10,20,1855,5,2,1,1,2,172,"0, LIBERTE (AVENUE DE LA",M,4361138,0382884,340
201300024928,13,10,20,1855,2,2,1,1,3,172,"sans, CABANEL (RUE ALEXA",M,4360780,0387459,340
201300024929,13,10,22,1215,1,2,1,8,2,172,"sans, MICHEL (RUE ERNEST",M,4360163,0387393,340
201300024930,13,10,23,715,5,2,1,8,7,172,"0, LIBERTE (AVENUE DE LA",,,,340
201300024931,13,10,24,1725,1,2,1,8,3,172,"856, ALCO (RUE D'",,,,340
201300024932,13,10,28,1030,1,2,2,1,3,172,"sans, MOULARES (CHEMIN D",,,,340
201300024933,13,11,6,838,1,2,1,1,3,172,"133, SOULAS (AVENUE DU P",M,4361787,0386644,340
201300024934,13,10,30,1315,1,2,2,1,3,172,"0, CLEMENCEAU (AVENUE GE",M,4360151,0386873,340
201300024935,13,10,30,1820,5,2,1,1,1,198,"1018, PAGNOL (AVENUE MAR",M,4356026,0395634,340
201300024936,13,10,31,2225,5,2,2,1,3,172,"sans, CARTIER (AVENUE JA",,,,340
201300024937,13,10,31,2350,5,2,6,1,3,172,"SANS, APPEL DU 18 JUIN (",,,,340
201300024938,13,11,6,1038,1,2,3,1,3,172,LIBERTE (AVENUE DE LA,M,4361113,0383037,340
201300024939,13,11,6,1555,1,2,1,1,7,172,"0, NIMES (AVENUE DE)",,,,340
201300024940,13,11,8,840,1,2,1,8,2,172,"0, RECAMBALE (AVENUE DE",M,4359658,0384490,340
201300024941,13,11,8,910,1,2,3,8,3,198,"0, ROUGET DE L'ISLE (RUE",M,4359545,0384070,340
201300024942,13,11,8,1010,1,2,1,8,7,172,"0, FLANDRES-DUNKERQUE (P",M,4358964,0385671,340
201300024943,13,11,8,1540,1,2,1,8,6,172,"sans, ANTIGONE (BOULEVAR",M,4360911,0388808,340
201300024944,13,11,10,1015,1,2,1,1,2,172,"113, PALAVAS (AVENUE DE)",,,,340
201300024945,13,11,10,1615,1,2,3,8,2,172,CARDONILLE (RUE DE LA),M,4363521,0384463,340
201300024946,13,11,10,2020,5,2,3,6,3,172,PONT JUVENAL (AVENUE DU),M,4360591,0389407,340
201300024947,13,11,12,1415,1,2,1,1,3,172,"0, MONDIAL 98 (AVENUE DU",M,4360429,0391266,340
201300024948,13,11,12,1355,1,2,1,1,3,172,"1209, TOULOUSE (AVENUE D",M,4359201,0385834,340
201300024949,13,11,12,1422,1,2,1,1,3,172,"sans, CHATEAU D'O (ROND-",M,4363159,0384267,340
201300024950,13,11,12,1820,5,2,1,1,3,172,"0, LIBERTE (AVENUE DE LA",M,4360526,0386489,340
201300024951,13,11,13,1610,1,2,9,1,2,172,CAUSSE (RUE PIERRE),M,4360946,0383915,340
201300024952,13,11,13,1715,1,2,1,1,6,172,"sans, LAVERUNE (ROUTE DE",M,4360150,0385176,340
201300024953,13,11,16,620,3,2,1,1,6,172,"2061, TOULOUSE (AVENUE D",M,4358654,0385269,340
201300024954,13,11,16,900,1,2,1,2,6,172,EUROPE (AVENUE DE L'),M,4362952,0382236,340
201300024955,13,11,16,1245,1,2,2,8,3,172,JUSTICE DE CASTELNAU (AV,M,4362612,0387728,340
201300024956,13,11,18,745,1,2,1,2,3,172,"1120, RIMBAUD (RUE PAUL)",M,4361711,0383685,340
201300024957,13,11,18,1335,1,2,1,3,2,172,FABRE DE MORLHON (BOULEV,M,4359483,0387768,340
201300024958,13,11,18,1300,1,2,1,3,7,172,"0, AGROPOLIS (AVENUE)",M,4364517,0386861,340
201300024959,13,11,19,2200,4,2,1,2,1,172,"SANS, JOUHAUX (AVENUE LE",M,4360758,0382116,340
201300024960,13,11,20,1550,1,2,1,8,6,172,"31600, MAURIN (AVENUE DE",M,4357854,0387512,340
201300024961,13,11,20,1955,5,2,2,1,3,172,"sans, PONT DE LATTES (RU",M,4360468,0388313,340
201300024962,13,11,21,1750,5,2,3,1,3,172,MOULINS (AVENUE DES,M,4363606,0384450,340
201300024963,13,11,21,2025,5,2,2,1,3,172,DEZEUZE (RUE FRANCOIS),M,4360865,0384157,340
201300024964,13,11,22,1700,5,2,1,8,6,172,"975, FES (RUE DE)",M,4363264,0383449,340
201300024965,13,11,23,1045,1,2,1,1,3,172,"10bis, RECH (RUE HIPPOLY",M,4361922,0386413,340
201300024966,13,11,25,955,1,2,3,1,2,172,"39, FLAHAULT (AVENUE CHA",M,4362086,0385807,340
201300024967,13,11,25,2030,5,2,1,1,3,172,SAINT MAUR (AVENUE DE),M,4361746,0389317,340
201300024968,13,11,26,835,1,1,1,1,1,129,"0, SAPORTA (CHEMIN DE)",M,4358145,0389742,340
201300024969,13,11,26,1850,3,2,2,1,3,172,"sans, BERTHELOT (BOULEVA",M,4360149,0386874,340
201300024970,13,11,27,1755,5,2,1,1,6,172,"1742, TOULOUSE (AVENUE D",M,4358975,0385479,340
201300024971,13,11,28,1010,1,2,1,1,2,172,PAVELET (AVENUE DU COLON,,,,340
201300024972,13,11,28,1245,1,2,2,1,3,172,"., REPUBLIQUE (RUE DE LA",M,4360530,0387937,340
201300024973,13,11,28,2220,5,2,1,1,1,172,"sans, LAURAGAIS (AVENUE",M,4363088,0382219,340
201300024974,13,11,29,1925,5,2,1,1,2,172,"0, LIBERTE (AVENUE DE LA",M,4359832,0387338,340
201300024975,13,11,29,2245,5,2,1,1,2,172,"SANS, LIBERTE (AVENUE DE",M,4361178,0382555,340
201300024976,13,12,1,55,5,2,3,1,3,172,JUSTICE DE CASTELNAU (AV,M,4362684,0388968,340
201300024977,13,12,1,615,5,2,1,1,7,172,"117, PALAVAS (AVENUE DE)",M,4359113,0389014,340
201300024978,13,12,1,1125,1,2,1,1,7,172,"0, RAVAZ (AVENUE DU PROF",M,4362228,0384571,340
201300024979,13,12,2,2345,5,2,2,1,3,172,FLAHAULT (AVENUE CHARLES,M,4362402,0386211,340
201300024980,13,12,3,1755,5,2,3,1,7,172,CARRIEU (RUE MARIUS),M,4361767,0384339,340
201300024981,13,12,4,840,1,2,3,1,3,172,MOUSSERON (RUE MAX),,,,340
201300024982,13,12,4,1400,1,2,1,1,6,172,"124, LODEVE (AVENUE DE",M,4361128,0384708,340
201300024983,13,12,4,1510,1,2,1,1,3,172,"33, ASSAS (AVENUE D')",M,4361502,0386404,340
201300024984,13,12,5,1220,1,2,3,1,2,172,EUROPE (AVENUE DE L'),M,4362020,0381786,340
201300024985,13,12,5,1915,5,2,1,1,3,172,"49, LAVERUNE (ROUTE DE",M,4360206,0385468,340
201300024986,13,12,5,2215,5,2,4,1,1,172,DEZEUZE (RUE FRANCOIS),M,4360876,0384150,340
201300024987,13,12,7,105,5,2,1,1,7,172,"310, POMPIGNANE (AVENUE",M,4360908,0389861,340
201300024988,13,12,9,1825,5,2,1,1,2,172,GANGES (ROUTE DE,M,4364331,0384444,340
201300024989,13,12,10,650,5,2,1,1,6,172,"sans, JUSTICE DE CASTELN",,,,340
201300024990,13,12,10,1315,1,2,3,1,3,172,TOULOUSE (AVENUE DE,M,4559300,0385946,340
201300024991,13,12,10,1430,1,2,1,1,3,172,"49, VERDANSON (QUAI DU)",M,4361506,0388235,340
201300024992,13,12,10,1800,5,2,1,1,6,172,"95, FAUBOURG FIGUEROLLES",M,4360564,0386139,340
201300024993,13,12,11,1120,1,2,3,1,3,172,HEIDELBERG (AVENUE DE),M,4362573,0381297,340
201300024994,13,12,12,1125,1,1,1,1,2,198,D66  VOIE RAPIDE,M,4356479,0395797,340
201300024995,13,12,12,1915,5,2,1,1,3,172,"2, MOULARES (CHEMIN DE",,,,340
201300024996,13,12,13,1610,1,2,1,7,6,129,"22, LE BERNIN (AVENUE)",M,4357772,0390439,340
201300024997,13,12,13,1745,5,2,1,8,3,172,CASTELLE (RUE DE LA),M,4357984,0386912,340
201300024998,13,12,12,1705,3,2,1,1,3,172,"0, JOUHAUX (AVENUE LEON)",M,4360608,0382038,340
201300024999,13,12,14,1400,1,2,1,1,1,172,"sans, EUROPE (AVENUE DE",M,4363608,0382254,340
201300025000,13,12,14,1850,3,2,1,1,6,129,"1130, PLATANES (AVENUES",M,4358590,0392170,340
201300025001,13,12,14,2140,5,2,2,1,7,172,"sans, LAVERUNE (ROUTE DE",M,4359782,0384060,340
201300025002,13,12,15,1335,1,2,3,1,7,172,PEYSON (RUE FREDERIC),M,4360133,0387962,340
201300025003,13,12,15,1900,5,2,1,1,4,172,LIBERTE (AVENUE DE LA,M,4359950,0387109,340
201300025004,13,12,16,1510,1,2,1,8,5,172,DUBOUT (AVENUE ALBERT),M,4360339,0389049,340
201300025005,13,12,18,800,2,2,1,2,3,172,MONTPELLIER (AVENUE MARI,M,4360087,0389762,340
201300025006,13,12,18,755,1,2,2,2,1,172,FAUBOURG FIGUEROLLES (RU,M,4360418,0385835,340
201300025007,13,12,19,1405,1,2,1,2,2,172,"sans, MERMOZ (AVENUE JEA",M,4361235,0388926,340
201300025008,13,12,19,1458,1,2,1,2,6,172,CITADELLE (ALLEE DE LA),M,4361070,0388300,340
201300025009,13,12,19,1940,5,2,1,8,7,172,"sans, POITIERS (AVENUE G",M,4363634,0381695,340
201300025010,13,12,20,1125,1,2,1,1,3,172,"2177, SOULAS (AVENUE DU",M,4362805,0384622,340
201300025011,13,12,20,1805,5,2,1,8,6,172,"SANS, GRASSET (AVENUE DU",M,4361944,0386949,340
201300025012,13,12,20,1810,5,2,1,1,3,172,"73, DELMAS (RUE)",M,4361059,0386390,340
201300025013,13,12,22,1350,1,2,1,8,6,172,HEIDELBERG (AVENUE DE),M,4362667,0381380,340
201300025014,13,12,26,1326,1,2,1,1,3,129,"sans, FIGUIERES (AVENUE",M,4358363,0392598,340
201300025015,13,12,26,1645,1,2,1,1,3,172,DUBOUT (AVENUE ALBERT),M,4359691,0387771,340
201300025016,13,12,27,1245,1,2,6,1,2,172,"., FRANKLIN (ROND-POINT",M,4361822,0391352,340
201300025017,13,12,27,1550,1,2,1,1,4,172,FABRE DE MORLHON (BOULEV,M,4358869,0388626,340
201300025018,13,12,27,1345,1,2,1,1,3,172,ARQUEBUSE,M,4361360,0388092,340
201300025019,13,12,27,1620,1,2,3,1,3,172,TOIRAS (RUE),M,4360647,0386967,340
201300025020,13,12,31,1920,5,2,1,1,3,172,"799, DEZEUZE (RUE FRANCO",M,4360872,0384143,340
201300025021,13,12,31,2335,5,2,1,1,6,172,"sans, ANTIGONE (BOULEVAR",M,4360906,0389003,340
201300025022,13,1,4,1620,1,2,1,7,6,301,"0, BLANC CAMILLE (BOULEV",M,4340174,0366209,340
201300025023,13,1,25,1215,1,1,9,1,3,108,"0, ETANGS (AV DES)",M,4345537,0381092,340
201300025024,13,2,26,2000,5,2,1,1,6,301,"1, MOULINS (QUAI DES)",M,4340866,0370266,340
201300025025,13,2,22,1715,1,2,1,1,6,108,"0, MISTRAL FREDERIC (AVE",M,4344687,0375381,340
201300025026,13,2,27,1900,2,2,1,1,3,108,"0, LIERLES (RUE DES)",M,4342677,0372789,340
201300025027,13,2,28,1705,1,2,2,1,3,301,"0, VERDUN (BOULEVARD DE)",M,4341053,0367768,340
201300025028,13,3,11,1435,1,2,1,1,2,301,"195, VERDUN (BOULEVARD D",M,4341100,0367891,340
201300025029,13,3,13,1245,1,2,1,1,3,108,"0, BALARUC (ROUTE DE)",M,4343189,0372362,340
201300025030,13,4,8,1200,1,1,1,1,1,301,"0, RD 612",M,4333836,0358012,340
201300025031,13,4,13,1715,1,2,1,1,1,108,"0, ETANGS (AV DES)",M,4343568,0376612,340
201300025032,13,4,17,915,1,2,9,1,2,108,AVENUE DES EAUX BLANCHES,M,4342127,0372387,340
201300025033,13,4,22,2235,5,2,1,1,1,301,"0, MENDES FRANCE PIERRE",M,4341209,0366420,340
201300025034,13,4,23,703,1,2,2,1,3,301,"0, REGY PHILLIPE (QUAI)",M,4340690,0369671,340
201300025035,13,5,1,10,3,1,1,1,1,108,0 RD2 Route de Balaruc,M,4343560,0370120,340
201300025036,13,5,8,2115,5,2,1,2,4,301,"0, BALARUC (ROUTE DE)",M,4341351,0369446,340
201300025037,13,5,13,1130,1,2,1,1,2,301,"0, REPUBLIQUE (QUAI DE L",M,4340716,0370094,340
201300025038,13,6,7,2305,5,2,1,1,5,301,"0, BALARUC (ROUTE DE)",,,,340
201300025039,13,6,14,1410,1,2,1,1,2,301,"0, NEUBURG (CORNICHE DE)",M,4339416,0366701,340
201300025040,13,6,26,1300,1,1,1,1,1,108,"0, RD 612",M,4345748,0376846,340
201300025041,13,7,9,1005,1,2,3,1,3,301,"0, RHIN ET DANUBE (QUAI)",,,,340
201300025042,13,7,11,1650,1,2,1,1,2,301,"0, MARTELLI GILBERT (AVE",,,,340
201300025043,13,7,17,2105,2,2,1,1,2,301,"0, LECLERC PHILIPPE MARE",M,4339279,0369128,340
201300025044,13,7,24,2345,5,2,1,1,3,108,"0, VIGNERONS (AVENUE DES",,,,340
201300025045,13,7,25,2005,1,2,1,1,3,108,"0, ROND POINT SALVADOR A",,,,340
201300025046,13,8,1,1935,1,2,3,1,3,301,"0, VERDUN (BOULEVARD DE)",,,,340
201300025047,13,8,5,1200,1,2,1,1,3,301,"0, VERDUN (BOULEVARD DE)",,,,340
201300025048,13,8,11,222,5,2,1,1,6,108,"24, VERCORS (RUE DU)",,,,340
201300025049,13,8,27,20,3,1,1,1,7,301,"0, RD 612",,,,340
201300025050,13,9,21,1935,2,1,1,1,1,301,"0, BALARUC (ROUTE DE)",,,,340
201300025051,13,9,27,750,1,1,1,2,1,108,"0, PRES DE ST MARTIN (CH",,,,340
201300025052,13,9,29,1910,2,2,1,1,1,301,VICTOIRE (PONT DE LA),,,,340
201300025053,13,10,12,145,3,1,3,1,5,301,"0, EAUX BLANCHES (ZONE I",,,,340
201300025054,13,10,19,2110,5,2,1,1,3,108,RESISTANCE (AVENUE DE LA,,,,340
201300025055,13,10,23,1530,1,2,1,1,3,301,"0, BLANC CAMILLE (BOULEV",,,,340
201300025056,13,10,28,1530,1,2,1,1,6,301,"0, BOSC (QUAI DE)",,,,340
201300025057,13,10,29,1740,3,2,3,1,3,108,"0, SOUFFRE (RUE DU)",,,,340
201300025058,13,11,9,30,5,2,3,1,6,301,"0, REGY PHILLIPE (QUAI)",,,,340
201300025059,13,11,27,1720,2,2,1,1,6,301,"0, SAINT CLAIR (CHEMIN D",,,,340
201300025060,13,12,27,2125,5,2,6,1,3,301,"0,  DELILLE (PLACE)",M,4340477,0370098,340
201300025061,13,12,24,1745,5,2,1,1,6,301,CARNOT SADI (PONT),M,4341166,0369251,340
201300025062,13,1,5,600,3,1,1,8,1,150,D 706,,,,350
201300025063,13,2,8,2132,5,2,3,1,3,115,GROSLAY (BD DE DU N?25 A,M,4836562,-118437,350
201300025064,13,2,19,1650,1,2,1,1,1,115,SAINT GERMAIN (BOULEVARD,,,,350
201300025065,13,2,7,1435,1,2,1,1,6,115,"24, MALARD (RUE CHARLES)",M,4835197,-119644,350
201300025066,13,6,10,1420,1,2,3,1,3,115,VERRERIE (AVENUE DE LA),M,4836088,-119081,350
201300025067,13,7,4,1600,1,2,6,1,2,115,"0, BARON (RUE)",M,4835488,-119863,350
201300025068,13,8,31,2025,2,2,2,1,3,115,"25, CANROBERT (RUE)",M,4835096,-119260,350
201300025069,13,11,9,1230,1,2,2,2,3,115,"57, CANROBERT (RUE)",M,4835101,-118935,350
201300025070,13,12,12,1740,5,2,1,1,3,115,POMPIDOU (RUE GEORGES A,,,,350
201300025071,13,12,19,1045,1,2,1,1,6,115,"5, CHATEAUBRIAND (RUE)",,,,350
201300025072,13,12,19,1740,5,2,1,1,6,115,GORRON (ROUTE DE),M,4836588,-118532,350
201300025073,13,3,18,1910,2,2,1,8,6,115,FEUTERIES (RUE DES),M,4835354,-119643,350
201300025074,13,1,1,530,5,2,3,2,6,238,FOUG?RES/BRUY?RE,M,4812940,-164393,350
201300025075,13,1,1,905,1,2,3,1,1,281,MERMOZ (BOULEVARD JEAN),M,4809609,-169341,350
201300025076,13,1,6,2010,5,2,1,1,6,238,"153, AVENUE G.PATTON",M,4812500,-166684,350
201300025077,13,1,8,945,1,2,1,1,4,278,RN 137,,,,350
201300025078,13,1,9,1950,3,2,1,2,7,278,"00, PORTE DE ST MALO",M,4814060,-168947,350
201300025079,13,1,10,1520,1,2,1,2,7,281,RD 177,,,,350
201300025080,13,1,11,1325,1,2,6,1,6,281,"0, DODIN (AVENUE ROGER)",M,4807809,-171265,350
201300025081,13,1,12,410,5,2,2,2,6,238,ARMORIQUE/G.PATTON,M,4812850,-166419,350
201300025082,13,1,12,920,1,2,1,1,1,281,TEMPLE-DE-BLOSNE (RUE DU,M,4808987,-169541,350
201300025083,13,1,12,1755,2,2,1,8,6,238,ALL?E D'UKRAINE,M,4808180,-168228,350
201300025084,13,1,13,2325,5,2,1,1,6,238,"30, RUE DE BREST",M,4811270,-169269,350
201300025085,13,1,14,1605,1,2,1,2,6,238,78 AV. BUTTES DE CO?SMES,M,4812590,-163180,350
201300025086,13,1,14,1715,1,2,1,3,6,238,"16, BD LA?NNEC",M,4810830,-166579,350
201300025087,13,1,16,750,5,2,6,8,3,281,"00, DODIN (AVENUE ROGER)",M,4807395,-171241,350
201300025088,13,1,16,1355,1,2,2,1,6,238,JANVIER/TOULLIER,M,4810940,-167394,350
201300025089,13,1,16,1800,5,2,1,1,6,238,"23, RUE DU NIVERNAIS",M,4812200,-171224,350
201300025090,13,1,16,2350,5,2,5,1,2,238,PORTE DE CLEUNAY,M,4810240,-171513,350
201300025091,13,1,17,1030,1,2,2,1,2,238,J.MANIEZ/H.GUERRAND,M,4809850,-169837,350
201300025092,13,1,20,2350,3,2,6,1,7,238,PORTE DE MAUREPAS,M,4814230,-166241,350
201300025093,13,1,21,1155,1,2,2,2,6,238,MAGENTA/AUBRY,M,4810570,-167398,350
201300025094,13,1,22,1000,1,2,1,3,6,238,PLACE DE LA TRINIT?,M,4811230,-168350,350
201300025095,13,1,23,1400,1,2,1,8,1,238,RUE LE BASTARD,M,4811300,-167934,350
201300025096,13,1,23,1930,5,2,1,1,4,238,"12, RUE J.VALL?S",M,4810530,-170530,350
201300025097,13,1,24,1635,1,2,1,1,3,281,"15, BUHOTIERE (RUE DE LA",M,4807785,-173273,350
201300025098,13,1,25,1315,1,2,7,1,6,278,"0, DUCHESSE ANNE (RUE DE",M,4815187,-168375,350
201300025099,13,1,25,2240,5,2,1,4,6,238,BD D'ARMORIQUE,M,4813140,-167249,350
201300025100,13,1,25,1925,5,2,1,8,2,238,"87, BD DE S?VIGN?",M,4811620,-166296,350
201300025101,13,1,26,1650,1,2,3,1,2,238,LORIENT/RETARDAIS,M,4810670,-172960,350
201300025102,13,1,29,745,2,2,1,1,7,238,"5, RUE BAHON RAULT",M,4813190,-168345,350
201300025103,13,1,29,825,1,2,1,2,2,238,ROCADE OUEST,M,4811530,-171935,350
201300025104,13,1,29,1420,1,2,1,2,3,238,ROCADE SUD EXT,M,4807990,-168322,350
201300025105,13,1,30,635,5,2,2,2,3,238,G.POMPIDOU/NANTES,M,4810000,-168662,350
201300025106,13,1,31,510,5,2,5,1,4,238,SAINT-HELIER,M,4810553,-166579,350
201300025107,13,1,31,1600,1,2,1,8,6,238,RUE D'ESPAGNE,M,4808660,-167117,350
201300025108,13,2,1,1720,4,2,1,2,2,238,PORTE DE BREST,M,4812170,-171972,350
201300025109,13,2,1,1825,3,2,6,1,4,238,PORTE DE MAUREPAS,M,4814160,-166381,350
201300025110,13,2,1,2150,3,1,9,1,6,055,PORTE DES LOGES,M,4809266,-162584,350
201300025111,13,2,3,630,3,2,1,1,1,206,PORTE DE BR?QUIGNY,M,4807950,-169541,350
201300025112,13,2,4,1630,1,2,6,1,3,238,B.CO?SMES/DONZELOT,M,4812230,-163872,350
201300025113,13,2,5,825,1,2,6,3,6,238,MOAL/DUNKERQUE,M,4812150,-170389,350
201300025114,13,2,5,1340,1,2,1,1,7,278,PORTE DE ST MALO,M,4814057,-168953,350
201300025115,13,2,5,1450,1,2,1,1,6,238,BD DE YOUGOSLAVIE,M,4808790,-165408,350
201300025116,13,2,5,1550,1,2,1,1,7,238,"45, BOULEVARD DE CHEZY",M,4811980,-168341,350
201300025117,13,2,5,1735,1,2,1,1,6,238,22 RUE DES FOSS?S,M,4811360,-167592,350
201300025118,13,2,8,655,3,2,2,1,3,281,HAIE-DES-COGNETS (BOUL D,,,,350
201300025119,13,2,8,920,1,2,2,1,6,238,SAINT-HELIER/P.MARTIN,M,4810350,-166268,350
201300025120,13,2,8,1026,1,1,1,1,2,055,RD 463,M,4807362,-157704,350
201300025121,13,2,8,1853,5,2,6,2,3,238,P.LANGEVIN/O.LEROUX,M,4809140,-165841,350
201300025122,13,2,9,345,5,2,2,2,3,238,B.SALLE/MARBEUF,M,4811450,-170010,350
201300025123,13,2,11,1740,1,2,1,7,3,238,18 BD F.ROOSEVELT,M,4809640,-166013,350
201300025124,13,2,12,925,1,2,2,1,3,238,G.CL?MENCEAU/H.FR?VILLE,M,4809380,-167446,350
201300025125,13,2,12,1700,1,2,6,1,3,238,BIGNON/BREIL,M,4809680,-163532,350
201300025126,13,2,13,900,1,2,2,1,3,238,VITR?/J.JUGAN,M,4811570,-164844,350
201300025127,13,2,14,120,5,2,2,2,6,238,CARREFOUR NITSCH,M,4810180,-168433,350
201300025128,13,2,14,805,2,2,6,1,2,051,PORTE DES LONGS CHAMPS,M,4814010,-162734,350
201300025129,13,2,14,825,2,2,1,2,6,238,"28, RUE DU PUITS MAUGER",M,4810580,-168259,350
201300025130,13,2,14,1210,1,2,1,1,6,238,ALL?E V.GRIGNARD,M,4812010,-163175,350
201300025131,13,2,15,1500,1,2,2,1,4,278,DE GAULLE (AVENUE GENERA,M,4815750,-168759,350
201300025132,13,2,15,1810,1,2,1,8,6,238,"14, RUE DU BREIL",M,4809570,-162633,350
201300025133,13,2,15,2015,3,2,1,1,2,238,ROCADE OUEST,M,4809800,-171368,350
201300025134,13,2,17,315,5,2,3,1,2,238,F.CH?TEAU/A.M?NARD,M,4811000,-165460,350
201300025135,13,2,18,840,1,2,4,1,3,055,BONNIN ANDRE (AVENUE),,,,350
201300025136,13,2,18,1620,1,2,3,1,6,238,LIBERTE/DUC,M,4810740,-167547,350
201300025137,13,2,19,740,1,2,1,1,7,238,"288, RUE DE FOUG?RES",M,4813030,-164033,350