Num_Acc,an,mois,jour,hrmn,lum,agg,int,atm,col,com,adr,gps,lat,long,dep
201300025138,13,2,19,1340,1,2,1,1,2,238,"18, BD P.PAINLEV?",M,4812220,-165693,350
201300025139,13,2,21,830,1,2,4,1,3,238,MARTENOT/V.HUGO,M,4811240,-167327,350
201300025140,13,2,22,1145,1,2,6,1,1,238,J.VALL?S/NIEMEN,M,4810500,-170879,350
201300025141,13,2,22,1630,1,2,3,1,3,238,GALLET/X.GRALL,M,4812830,-164229,350
201300025142,13,2,22,1920,5,2,1,1,4,238,PORTE DE CLEUNAY,M,4810490,-171696,350
201300025143,13,2,23,50,5,2,2,1,6,238,ST H?LIER/JANVIER,M,4810790,-167353,350
201300025144,13,2,23,1030,1,2,2,8,3,238,YOUGOSLAVIE/HONGRIE,M,4808820,-165745,350
201300025145,13,2,25,220,5,2,3,1,6,238,L.BOURGEOIS/M.FEUILL?E,M,4809920,-165274,350
201300025146,13,2,26,1753,1,2,1,1,7,238,"19, RUE ST H?LIER",M,4810710,-167115,350
201300025147,13,2,27,2000,5,2,3,1,2,238,V.MAREUIL/CHARDONNET,M,4810670,-165089,350
201300025148,13,3,2,1515,1,2,1,8,6,238,"32, TREGAIN (DE)",M,4812663,-165871,350
201300025149,13,3,2,1720,1,2,1,8,7,278,MAISON BLANCHE (ROND POI,,,,350
201300025150,13,3,3,2120,5,2,2,1,3,238,LEGRAVEREND,M,4811717,-168083,350
201300025151,13,3,4,1740,1,2,1,1,7,238,PORTE DE BEAULIEU,,,,350
201300025152,13,3,6,2000,5,2,2,1,7,238,GUEHENNO (JEAN),M,4811831,-167061,350
201300025153,13,3,7,55,5,2,3,2,3,238,JANVIER (AVENUE JEAN),M,4810748,-167342,350
201300025154,13,3,7,845,1,2,3,2,3,238,ILLE ET RANCE (QUAI D'),M,4811126,-168672,350
201300025155,13,3,9,1610,1,2,2,1,5,238,"3, JANVIER (AVENUE JEAN)",M,4810972,-167395,350
201300025156,13,3,12,1350,1,2,3,8,2,281,RD 177,M,4806738,-171443,350
201300025157,13,3,12,1700,1,2,1,4,6,238,"29, BREST (DE)",M,4811297,-169507,350
201300025158,13,3,13,835,1,2,2,8,6,238,"44, ALMA (DE L')",M,4810170,-167639,350
201300025159,13,3,14,1320,1,2,1,1,6,238,"45, STRASBOURG (BOULEVAR",M,4811308,-165649,350
201300025160,13,3,14,2100,5,2,3,1,3,238,VALLES (JULES),M,4810522,-170409,350
201300025161,13,3,15,2110,3,2,1,2,7,281,PORTE DE ST NAZAIRE,,,,350
201300025162,13,3,17,1940,1,2,1,1,3,238,ARMORIQUE (BD D'),,,,350
201300025163,13,3,18,1310,1,2,7,2,2,238,DUGUAY TROUIN (QUAI),M,4811018,-168416,350
201300025164,13,3,18,1740,1,2,3,1,3,238,PALESTINE (RUE DE LA),M,4811503,-166196,350
201300025165,13,3,19,1010,1,2,3,1,3,238,MARTENOT,M,4811242,-167345,350
201300025166,13,3,19,2315,5,2,3,1,3,238,"82, SAINT-HELIER",M,4810619,-166730,350
201300025167,13,3,21,805,1,2,1,8,6,238,VALLES (JULES),,,,350
201300025168,13,3,23,1420,1,2,1,1,7,238,MONTS D'ARREE (AVENUE DE,,,,350
201300025169,13,3,23,2105,5,2,1,1,7,238,"45, DECOMBE (LUCIEN)",M,4810472,-166562,350
201300025170,13,3,24,1535,1,2,2,1,3,238,SAINT-MALO (DE) DE 1 A 1,M,4812709,-168651,350
201300025171,13,3,24,1140,1,2,1,1,3,238,STRASBOURG (PASSAGE DE),,,,350
201300025172,13,3,26,1850,1,2,3,1,6,238,CHATEAUGIRON (DE),M,4810138,-165390,350
201300025173,13,3,28,1415,1,2,3,1,2,238,"176, BREST (DE)",M,4811328,-169620,350
201300025174,13,3,30,2250,5,2,1,1,6,238,"30, PICARDIE (DE)",M,4812318,-171433,350
201300025175,13,3,31,2110,1,2,2,1,3,238,SAINT-MALO (DE) DE 131 E,M,4812057,-168184,350
201300025176,13,4,5,830,1,2,1,2,6,238,CHR PONTCHAILLOU,M,4811900,-169218,350
201300025177,13,4,5,1920,1,2,1,2,4,238,PORTE DE BR?QIGNY,M,4808130,-169722,350
201300025178,13,4,6,1630,1,2,1,1,6,238,RUE C.BERNARD,M,4810200,-169460,350
201300025179,13,4,7,1520,1,2,3,1,7,238,M.ROUAULT/M.MARTIN,M,4809770,-167801,350
201300025180,13,4,8,1520,1,2,3,2,6,238,MOINE/LE BRIX,M,4809330,-168190,350
201300025181,13,4,9,750,1,2,1,2,3,238,"16, BD J.MERMOZ",M,4809720,-168987,350
201300025182,13,4,9,1800,1,2,1,1,6,238,"24, RUE DU PR? BOTT?",M,4810930,-167817,350
201300025183,13,4,11,1335,1,2,1,8,1,278,RD437,M,4813705,-169304,350
201300025184,13,4,11,1835,1,2,1,1,6,238,AVENUE LECLERC,M,4811400,-163602,350
201300025185,13,4,14,1045,1,2,3,1,2,238,L.BOURGEOIS/M.FEUILL?E,M,4809920,-165274,350
201300025186,13,4,15,2140,3,2,1,1,3,238,ROCADE OUEST PR13-1,M,4809840,-171383,350
201300025187,13,4,16,715,1,2,6,1,3,238,MONTS D'ARR?E/MORBIHAN,M,4813660,-166704,350
201300025188,13,4,17,1230,1,2,1,7,7,238,AVENUE F.CH?TEAU,M,4811080,-164996,350
201300025189,13,4,18,1745,1,2,1,1,6,238,AVENUE ROCHESTER,M,4812760,-165323,350
201300025190,13,4,19,840,1,2,6,1,3,281,DODIN (AVENUE ROGER),M,4808660,-170745,350
201300025191,13,4,19,2015,1,2,3,1,3,238,ROBERDI?RE/SERVIGN?,M,4810240,-172534,350
201300025192,13,4,20,230,5,2,1,1,6,238,12 RUE PAPU,M,4811110,-169155,350
201300025193,13,4,20,1815,1,2,2,7,6,238,ARMORIQUE/GROS MALHON,M,4812790,-168342,350
201300025194,13,4,20,1815,1,2,1,1,6,238,ROCADE SUD PR8-200,M,4808133,-165775,350
201300025195,13,4,24,855,1,2,2,1,7,238,BREST/ILLE ET RANCE,M,4811230,-168725,350
201300025196,13,4,24,1510,1,2,1,1,3,238,PLACE DE BRETAGNE,M,4810900,-168455,350
201300025197,13,4,24,1550,1,2,3,1,1,238,COLOMBIER/10 ARTILLERIE,M,4810250,-167885,350
201300025198,13,4,26,1240,1,2,1,1,3,238,"32, RUE ALBERT DE MUN",M,4810010,-166472,350
201300025199,13,4,26,2255,5,2,2,1,3,238,H.FR?VILLE/UKRAINE,M,4808370,-167516,350
201300025200,13,4,28,238,5,2,1,1,6,238,AVENUE LECLERC,M,4811400,-163835,350
201300025201,13,4,28,1005,1,2,1,1,3,238,PLACE H.PERRIN,M,4809530,-166787,350
201300025202,13,4,28,1745,1,2,3,1,4,238,LORIENT/ROBERDI?RE,M,4810700,-172603,350
201300025203,13,4,30,545,3,2,4,1,3,238,PORTE DE LORIENT,M,4810940,-171783,350
201300025204,13,4,30,1300,1,2,3,1,2,238,V.MAREUIL/PLANIOL,M,4810220,-164949,350
201300025205,13,5,7,835,1,2,6,1,7,281,"00, DODIN (AVENUE ROGER)",M,4808655,-170737,350
201300025206,13,5,8,1650,1,2,1,1,3,238,24 AVENUE MAGINOT,M,4810980,-166893,350
201300025207,13,5,8,1740,1,2,1,1,2,238,AVENUE H.FR?VILLE,M,4808450,-167511,350
201300025208,13,5,13,1745,1,2,3,1,1,238,A DE MUN/CALIORNE,M,4810050,-166486,350
201300025209,13,5,14,2320,3,2,1,2,6,278,"00, PORTE DE ST MALO",M,4813857,-170042,350
201300025210,13,5,15,815,1,2,1,1,6,238,"11, BD DE BULGARIE",M,4808470,-165907,350
201300025211,13,5,15,1005,1,2,1,1,4,238,"199, SALLE (BLD JEAN BAP",M,4811635,-170874,350
201300025212,13,5,17,1535,1,2,5,1,2,238,MISSION (PONT DE LA),M,4810970,-168459,350
201300025213,13,5,17,1645,1,2,1,1,6,238,RUE DE ST MALO,M,4812030,-168125,350
201300025214,13,5,17,2000,1,2,3,1,3,238,ST H?LIER/VERGER,M,4810610,-166727,350
201300025215,13,5,18,955,1,2,5,1,3,238,LA T.AUVERGNE/NITSCH,M,4810180,-168441,350
201300025216,13,5,18,1130,1,2,3,1,2,238,GROS MALHON/DONELI?RE,M,4813060,-168448,350
201300025217,13,5,21,925,1,2,3,1,6,238,BREST/LEBRET,M,4811330,-169625,350
201300025218,13,5,23,805,1,2,3,7,3,238,ARTS/G?NIAUX,M,4811130,-171316,350
201300025219,13,5,25,1800,1,2,3,1,3,238,MITTERRAND/PAILLETTE,M,4810970,-168914,350
201300025220,13,5,26,1210,1,2,3,1,2,238,G.POMPIDOU/BUF?RON,M,4810000,-168662,350
201300025221,13,5,28,815,1,2,3,2,3,238,PLANTES/FOULON,M,4811940,-164838,350
201300025222,13,5,29,845,1,2,1,1,3,238,RUE R.DAUTRY,M,4810260,-167803,350
201300025223,13,6,1,650,1,2,1,1,6,238,"2BIS, CHATEAUGIRON (DE)",M,4810171,-165944,350
201300025224,13,6,1,2100,4,2,2,1,3,238,COLOMBIER/G.NITSCH,M,4810180,-168441,350
201300025225,13,6,2,1610,1,2,1,1,6,278,"9, DUCHESSE ANNE (RUE DE",M,4815205,-168403,350
201300025226,13,6,3,745,1,2,6,1,6,238,BEL AIR/POTERIE,M,4809400,-164574,350
201300025227,13,6,3,1405,1,2,9,1,7,278,"11, LONGERAIE (RUE DE LA",M,4813516,-168918,350
201300025228,13,6,4,15,5,2,3,1,3,238,C.TILLON/W.CHURCHILL,M,4812450,-170982,350
201300025229,13,6,4,820,1,2,3,1,3,238,LORIENT/DUBOIS,M,4810600,-173287,350
201300025230,13,6,5,2020,1,2,1,1,7,238,"33, RUE MONSIEUR VINCENT",M,4809280,-164822,350
201300025231,13,6,6,745,1,2,2,1,3,238,DANTON/LAVOISIER,M,4811710,-165521,350
201300025232,13,6,7,2210,5,2,1,2,3,238,"117, BD G.CL?MENCEAU",M,4809360,-167200,350
201300025233,13,6,8,800,1,2,1,1,7,055,RD 163,M,4807888,-163348,350
201300025234,13,6,8,826,1,2,1,1,7,278,"00, MAISON BLANCHE  (LIE",M,4814480,-165697,350
201300025235,13,6,8,1535,1,2,5,1,6,238,DUCHESSE ANNE/FOUG?RES,M,4811930,-166743,350
201300025236,13,6,9,112,4,2,1,1,2,281,PORTE DE ST NAZAIRE,M,4809882,-171425,350
201300025237,13,6,10,809,1,2,1,1,4,281,"00, RD 177",M,4806781,-171402,350
201300025238,13,6,10,1700,1,2,6,1,3,238,GAYEULLES/ROCHESTER,M,4812770,-165209,350
201300025239,13,6,10,1815,1,2,3,1,6,238,G.CL?MENCEAU/NICOLET,M,4809410,-168000,350
201300025240,13,6,12,1400,1,2,2,2,6,238,TROIS CROIX/ST MALO,M,4812720,-168660,350
201300025241,13,6,13,655,1,2,1,1,6,238,"31B, MIRABEAU",M,4812420,-164420,350
201300025242,13,6,13,1210,1,2,5,2,2,238,PORTE D'ALMA,M,4808050,-167927,350
201300025243,13,6,14,1330,1,2,1,1,2,281,"00, DODIN (AVENUE ROGER)",M,4808915,-170599,350
201300025244,13,6,14,1745,1,2,2,7,2,238,"00, TILLON (AVENUE CHARL",,,,350
201300025245,13,6,15,2050,1,2,2,1,3,238,MARBEUF/L.GUILLOUX,M,4811200,-170236,350
201300025246,13,6,17,1230,1,2,1,8,4,238,133 RUE DE LORIENT,M,4810710,-171991,350
201300025247,13,6,17,1435,1,2,1,1,2,238,PORTE DE MAUREPAS,M,4814220,-165814,350
201300025248,13,6,17,1600,1,2,1,1,6,238,"220,ROUTE DE SAINTE FOIX",M,4810080,-172098,350
201300025249,13,6,18,1810,1,2,5,1,4,238,PORTE DE BR?QUIGNY,M,4808250,-169736,350
201300025250,13,6,19,135,5,2,1,1,7,238,85 RUE J.GU?HENNO,M,4811840,-166918,350
201300025251,13,6,21,1650,1,2,2,1,6,238,G.CL?MENCEAU/AUDIBERT,M,4809400,-167745,350
201300025252,13,6,22,310,5,2,1,1,6,238,2 RUE DE SAINT-MALO,M,4811550,-168090,350
201300025253,13,6,24,1425,1,2,2,1,6,238,LIBERT?/JOFFRE,M,4810740,-167784,350
201300025254,13,6,26,855,1,2,1,1,2,278,MAISON BLANCHE  (LIEU DI,M,4814205,-166156,350
201300025255,13,6,26,930,1,2,6,1,2,238,PAYS-BAS/SUISSE,M,4808640,-166117,350
201300025256,13,6,26,1025,1,2,2,1,3,238,A.LEFAS/G.ROPARTZ,M,4813050,-165673,350
201300025257,13,6,26,1125,1,2,6,1,3,238,HAUTES OURMES/POLOGNE,M,4808770,-165090,350
201300025258,13,6,27,105,5,2,3,1,6,238,MAGENTA/GURVAND,M,4810440,-167357,350
201300025259,13,6,26,2305,5,2,1,1,6,238,"180, BD J.CARTIER",M,4809790,-166546,350
201300025260,13,6,28,1630,1,2,6,1,3,238,ONU/ALBERT 1ER,M,4809000,-168226,350
201300025261,13,6,29,1950,1,2,5,1,3,238,PORTE DU BLOSNE,M,4808430,-164330,350
201300025262,13,6,30,750,1,2,4,1,6,238,ALMA/CHATILLON,M,4810250,-167659,350
201300025263,13,7,2,1830,1,2,1,8,3,238,"14, QUAI RICHEMONT",M,4810990,-167186,350
201300025264,13,7,3,2130,1,2,3,1,3,238,ISLY/ALLI?S,M,4810510,-167753,350
201300025265,13,7,4,1200,1,2,2,1,3,238,L.GUILLOUX/MARBEUF,M,4811200,-170236,350
201300025266,13,7,4,1425,1,2,1,1,6,278,"00, PORTE DE ST MALO",,,,350
201300025267,13,7,4,1655,1,2,1,1,2,238,"67, RUE J.GU?HENNO",M,4811820,-167144,350
201300025268,13,7,5,1444,1,2,3,1,3,238,"00, SEVIGNE (BD DE)",,,,350
201300025269,13,7,5,1510,1,2,1,7,6,238,"30, BD P.PAINLEV?",M,4812150,-165535,350
201300025270,13,7,5,1745,1,2,1,1,4,238,ROCADE OUEST PR 14-930,M,4811500,-171905,350
201300025271,13,7,6,1725,1,2,3,1,3,238,C.TILLON/W.CHURCHILL,M,4812450,-170982,350
201300025272,13,7,7,935,1,2,3,1,1,238,MOU?ZY/CAMPFRANC,M,4810350,-165156,350
201300025273,13,7,7,1855,1,2,5,1,2,238,PORTE DE LORIENT,M,4811100,-171838,350
201300025274,13,7,7,2029,1,2,6,1,7,238,St MALO/R.COLLIN,M,4813270,-169125,350
201300025275,13,7,7,2120,1,2,5,1,6,238,G.NITSCH (carrefour),M,4810180,-168441,350
201300025276,13,7,8,935,1,2,1,1,6,238,"11, VILLA DE MORAVIE",M,4809040,-165577,350
201300025277,13,7,8,1830,1,2,5,1,4,238,PORTE DE CLEUNAY,M,4810240,-171513,350
201300025278,13,7,9,910,1,2,2,1,2,238,G.CL?MENCEAU/NANTES,M,4809470,-169024,350
201300025279,13,7,10,35,5,2,1,1,7,238,"18, RUE DE BREST",M,4811170,-168949,350
201300025280,13,7,11,1820,1,2,5,1,2,238,PORTE DE LORIENT,M,4811030,-171802,350
201300025281,13,7,12,1930,1,2,1,7,3,238,C.RURAL APIGN?,M,4809350,-174574,350
201300025282,13,7,13,1600,1,2,2,1,3,238,PALESTINE/DUCHESSE ANNE,M,4811500,-166586,350
201300025283,13,7,17,1250,1,2,1,1,7,238,"99, RUE J.GU?HENNO",M,4811890,-166816,350
201300025284,13,7,18,1530,1,2,1,1,7,278,RN 137,M,4816177,-170734,350
201300025285,13,7,19,1300,1,2,3,1,2,238,GARE/BEAUMONT,M,4810390,-167342,350
201300025286,13,7,19,1425,1,2,1,1,7,238,"163, AVENUE G.PATTON",M,4812630,-166560,350
201300025287,13,7,20,2330,5,2,1,1,7,238,CLEMENCEAU (BD GEORGES),M,4809390,-167709,350
201300025288,13,7,21,300,5,2,2,1,6,238,MITTERRAND/VANEAU,M,4810890,-169293,350
201300025289,13,7,22,1658,1,2,3,1,6,238,LIBERT?/MAGENTA,M,4810750,-167456,350
201300025290,13,7,22,1740,1,2,1,1,3,238,CHEMIN PR?VALAYE,M,4809490,-173312,350
201300025291,13,7,23,830,1,2,3,1,6,238,GROS MALHON/DONELI?RE,M,4813060,-168448,350
201300025292,13,7,24,2330,5,2,1,1,7,281,"00, DODIN (AVENUE ROGER)",M,4808677,-170733,350
201300025293,13,7,26,855,1,2,2,7,6,238,MAGENTA/AUBRY,M,4810570,-167398,350
201300025294,13,7,26,910,1,2,1,1,3,278,"00, BETTON (ROND POINT D",M,4816335,-167563,350
201300025295,13,7,26,1900,1,2,1,1,7,238,BD P.MEND?S FRANCE,M,4809840,-169456,350
201300025296,13,7,26,1925,1,2,2,1,2,238,ALMA/BEAUMONT,M,4810350,-167694,350
201300025297,13,7,29,1925,1,2,1,1,2,238,"00, FOULON (AVENUE PROFE",,,,350
201300025298,13,7,26,1925,1,2,1,1,2,238,AVENUE C.FOULON,M,4812080,-164356,350
201300025299,13,7,27,1740,1,2,1,2,6,238,"19, RUE DE BREST",M,4811230,-169191,350
201300025300,13,7,27,2045,1,2,2,1,3,238,GASCOGNE/GUYENNE,M,4812140,-171464,350
201300025301,13,7,31,915,1,2,3,8,7,238,PAPU/P?RE LEBRET,M,4811110,-169720,350
201300025302,13,8,1,245,5,2,1,1,6,238,95 RUE D'ANTRAIN,M,4812110,-167155,350
201300025303,13,8,4,1830,1,2,1,1,3,238,"23, BD O.LEROUX",M,4809140,-166968,350
201300025304,13,8,5,1528,1,2,1,1,4,238,"5, QUAI D'ILLE ET RANCE",M,4811070,-168648,350
201300025305,13,8,7,950,1,2,6,1,7,055,"00, LOGES (RUE DES)",,,,350
201300025306,13,8,8,645,1,2,1,1,6,281,"00, DODIN (AVENUE ROGER)",,,,350
201300025307,13,8,8,1130,1,2,5,1,3,238,PORTE DE CLEUNAY,M,4809920,-171432,350
201300025308,13,8,8,2200,5,2,2,1,3,238,A.FONTAINE/V.MAREUIL,M,4810510,-165047,350
201300025309,13,8,9,105,5,2,1,1,1,238,"11, RUE MARTENOT",M,4811250,-167306,350
201300025310,13,8,9,2105,1,2,1,1,6,238,"20, MAIL F.MITTERRAND",M,4811000,-168782,350
201300025311,13,8,11,730,1,2,3,1,6,238,E.MOUNIER/MARBAUDAIS,M,4812530,-166390,350
201300025312,13,8,17,705,1,2,2,1,3,238,H.FR?VILLE/UKRAINE,M,4808370,-167516,350
201300025313,13,8,17,1140,1,2,5,1,3,238,PORTE DE LORIENT,M,4810760,-171594,350
201300025314,13,8,20,1425,1,2,6,1,7,281,DODIN (AVENUE ROGER),,,,350
201300025315,13,8,20,1730,1,2,2,1,3,238,DUCHESSE ANNE/S?VIGN?,M,4811630,-166620,350
201300025316,13,8,21,1630,1,2,1,1,2,238,"121, BD G.CL?MENCEAU",M,4809360,-167171,350
201300025317,13,8,23,550,5,2,1,1,6,238,"100, MITTERAND (MAIL FRA",M,4810861,-169620,350
201300025318,13,8,24,555,5,2,5,1,6,238,PORTE DES LOGES PR5-3,M,4809050,-162947,350
201300025319,13,8,24,1510,1,2,1,1,5,238,ROCADE NORD-OUEST,M,4813310,-170738,350
201300025320,13,8,24,1850,1,2,2,1,2,281,MERMOZ (BOULEVARD JEAN),,,,350
201300025321,13,8,24,1105,1,2,1,1,7,281,DODIN (AVENUE ROGER),,,,350
201300025322,13,8,26,1900,1,2,3,1,2,238,A.BRIAND/R.LENOIR,M,4811030,-166424,350
201300025323,13,8,26,1835,1,2,1,1,4,238,ROCADE OUEST PR 11,M,4808480,-169921,350
201300025324,13,8,27,715,1,2,1,1,7,281,MARIN (RUE JEAN),,,,350
201300025325,13,8,27,1200,1,2,2,1,6,238,A.LEFAS/G.ROPARTZ,M,4813050,-165673,350
201300025326,13,9,2,2205,5,2,2,1,3,238,PASTEUR/DUJARDIN,M,4811020,-167420,350
201300025327,13,9,4,1210,1,2,2,1,6,238,TRONJOLLY/LIBERT?,M,4810740,-168037,350
201300025328,13,9,4,1855,1,2,1,1,6,238,"1, AVENUE D'ITALIE",M,4808790,-166771,350
201300025329,13,9,5,830,1,2,1,1,2,278,PORTE DE ST MALO,M,4813888,-169951,350
201300025330,13,9,5,1325,1,2,1,1,2,238,FREVILLE (AVENUE HENRI),,,,350
201300025331,13,9,5,1400,1,2,3,1,6,238,GASCOGNE/SQ GASCOGNE,M,4812200,-171463,350
201300025332,13,9,6,1300,1,2,5,1,4,238,PORTE DE LORIENT,M,4810710,-171897,350
201300025333,13,9,7,2010,5,2,3,1,3,238,ALMA/GURVAND,M,4810390,-167710,350
201300025334,13,9,9,915,1,2,1,2,2,238,ROCADE SUD PR 8-500,M,4808120,-166472,350
201300025335,13,9,9,900,1,2,1,2,7,238,CHEMIN DE LA PR?VALAYE,M,4809510,-173285,350
201300025336,13,9,9,1035,1,2,2,1,3,238,MAL FOCH/ILLE ET RANCE,M,4811030,-168630,350
201300025337,13,9,9,1215,1,2,3,1,3,238,LORIENT/BUBOIS,M,4810600,-173287,350
201300025338,13,9,9,1815,1,2,1,1,6,238,"9, AVENUE DE GUYENNE",M,4812140,-171605,350
201300025339,13,9,10,1330,1,2,6,1,3,238,G.BERGER/L.BERNARD,M,4811750,-170466,350
201300025340,13,9,10,1900,1,2,1,1,4,051,RIGOURDIERE (PORTE DE LA,M,4812639,-157455,350
201300025341,13,9,10,2345,3,2,1,1,7,051,"00, RIGOURDIERE (PORTE D",,,,350
201300025342,13,9,11,1810,1,2,1,1,4,238,ROCADE OUEST PR 14-900,M,4811500,-171927,350
201300025343,13,9,11,1925,1,2,1,1,4,278,"00, PORTE DE BEAUREGARD",,,,350
201300025344,13,9,12,600,3,2,1,2,7,278,"00, PORTE DE ST MALO",M,4809350,-170912,350
201300025345,13,9,12,828,1,2,1,2,7,238,"50, RUE C.BERNARD",M,4809930,-169433,350
201300025346,13,9,12,1000,1,2,1,2,6,055,"00, BONNIN ANDRE (AVENUE",,,,350
201300025347,13,9,14,730,2,2,2,2,6,238,ST MALO/VERDUN,M,4812350,-168458,350
201300025348,13,9,15,611,5,2,1,1,7,238,"215, RUE DE ST MALO",M,4812950,-168876,350
201300025349,13,9,17,1205,1,2,2,1,4,238,NANTES/CL?MENCEAU,M,4809470,-169024,350
201300025350,13,9,20,1600,1,2,2,1,6,238,ALBERT 1ER/NANTES,M,4809030,-169219,350
201300025351,13,9,22,1830,1,2,1,1,7,238,"27, RUE DE LORGERIL",M,4811020,-169462,350
201300025352,13,9,22,2115,4,2,1,1,7,278,RN 137,M,4816942,-171304,350
201300025353,13,9,23,1115,1,2,1,7,6,238,"49, MAIL F.MITTERRAND",M,4810920,-168992,350
201300025354,13,9,23,1840,1,2,6,7,6,238,"00, FORCES FRANCAISES DE",,,,350
201300025355,13,9,24,1100,1,2,3,1,3,238,"00, BELGIQUE (DE)",,,,350
201300025356,13,9,24,1350,1,2,1,1,3,238,PORTE DE LORIENT,M,4811030,-171802,350
201300025357,13,9,24,1605,1,2,3,1,3,281,"00, JAURES (COURS JEAN)",,,,350
201300025358,13,9,26,1125,1,2,1,1,3,238,"275, RUE DE CH?TEAUGIRON",M,4809250,-162964,350
201300025359,13,9,25,1700,1,2,3,1,3,238,CH?TEAUGIRON/87 DIVISION,M,4809890,-164511,350
201300025360,13,9,27,920,1,2,1,7,6,238,"245, RUE DE NANTES",M,4809500,-169009,350
201300025361,13,9,27,1000,1,2,3,7,2,238,G.BERGER/J.MOULIN,M,4811870,-170463,350
201300025362,13,9,27,1540,1,2,3,1,3,238,YOUGOSLAVIE/HONGRIE,M,4808820,-165745,350
201300025363,13,9,28,130,5,2,1,1,6,238,"12, ALL?E DE MAUREPAS",M,4812730,-166218,350
201300025364,13,9,28,1115,1,2,1,1,2,238,"53, BD DE LA T.AUVERGNE",M,4810360,-168435,350
201300025365,13,9,28,1927,1,2,3,1,3,281,"00, MENDES FRANCE (BD PI",,,,350
201300025366,13,10,1,1215,1,2,2,1,4,238,"00, CHATEAUGIRON (DE)",M,4809410,-163435,350
201300025367,13,10,1,1735,1,2,1,2,3,238,"276, RUE DE FOUG?RES",M,4812880,-164631,350
201300025368,13,10,1,2130,5,2,1,1,3,238,"84, BD G.CL?MENCEAU",M,4809420,-168122,350
201300025369,13,10,2,1125,1,2,1,1,3,238,"69, BF L.BOURGEOIS",M,4809990,-165104,350
201300025370,13,10,2,2025,3,2,5,1,3,238,PORTE DE NANTES,M,4808080,-167230,350
201300025371,13,10,4,910,1,2,1,8,7,051,"00, ALLIES (BOULEVARD DE",,,,350
201300025372,13,10,4,850,1,2,1,1,3,051,BOULAIS (AVENUE DE LA),M,4812129,-163011,350
201300025373,13,10,4,1310,1,2,1,1,3,281,"00, BENOIT (RUE FREDERIC",,,,350
201300025374,13,10,4,1820,1,2,2,1,2,238,VEZIN/SAINT BRIEUC,M,4811650,-170992,350
201300025375,13,10,6,610,5,2,2,1,3,238,J.CARTIER/CH?TILLON,M,4809780,-167199,350
201300025376,13,10,7,1630,1,2,2,1,3,238,FOUG?RES/METZ,M,4812180,-166274,350
201300025377,13,10,8,2245,5,2,5,1,3,238,PORTE DE LORIENT,M,4810750,-171646,350
201300025378,13,10,9,1500,1,2,1,1,7,238,"6, TILLON (AVENUE CHARLE",,,,350
201300025379,13,10,9,2050,5,2,2,1,1,238,ST J.B.SALLE/LE GUILLOUX,M,4811450,-170007,350
201300025380,13,10,10,825,1,1,1,1,2,051,LONGCHAMPS (PORTE DES),,,,350
201300025381,13,10,10,1810,1,2,1,1,6,278,"96, LA VICTOIRE  (LIEU D",M,4814570,-160760,350
201300025382,13,10,11,925,1,2,1,3,3,238,RUE H.LE GUILLOUX,M,4811750,-169381,350
201300025383,13,10,11,1055,1,2,6,2,7,238,RP F.F.ONU,M,4809000,-168226,350
201300025384,13,10,12,1030,1,2,1,2,7,278,"00, PORTE DE ST MALO",M,4813986,-169584,350
201300025385,13,10,12,1905,1,2,2,8,3,238,ROCHESTER/EUROPE,M,4812800,-165746,350
201300025386,13,10,15,720,5,2,2,3,3,238,VANEAU/MITTERRAND,M,4810850,-169298,350
201300025387,13,10,15,750,5,2,2,2,6,238,LEGRAVEREND/ST MALO,M,4811710,-168085,350
201300025388,13,10,15,800,4,2,1,2,4,051,"00, LONGCHAMPS (PORTE DE",M,4814144,-164284,350
201300025389,13,10,15,1515,1,2,5,2,2,238,ARSENAL/LA T.AUVERGNE,M,4810650,-168451,350
201300025390,13,10,15,1650,1,2,1,2,7,051,RD96,,,,350
201300025391,13,10,16,1350,1,2,3,8,2,238,ARMORIQUUE/TAURELLERIE,M,4813070,-167649,350
201300025392,13,10,16,2150,5,2,3,1,6,238,ISLY/ALLI?S,M,4810510,-167753,350
201300025393,13,10,17,1047,1,2,3,1,6,238,VERN/VOUZIERS,M,4810070,-165892,350
201300025394,13,10,18,135,5,2,1,1,6,238,"30, RUE DE BREST",M,4811280,-169266,350
201300025395,13,10,18,2230,3,2,1,1,7,055,"00, RD 463",,,,350
201300025396,13,10,19,615,5,2,1,8,6,238,"16, RUE CDT CHARCOT",M,4811690,-169326,350
201300025397,13,10,19,1515,1,2,1,3,4,278,PORTE DE ST MALO,M,4813273,-170772,350
201300025398,13,10,20,1907,3,2,1,1,6,281,"23, VALLES (RUE JULES)",,,,350
201300025399,13,10,22,935,1,2,1,1,7,278,"00, TROIS EPINES  (LIEU",M,4813886,-169949,350
201300025400,13,10,22,1815,1,2,2,8,3,238,PATTON/ROCHESTER,M,4812850,-166415,350
201300025401,13,10,22,1940,5,2,1,2,3,238,"18, RUE F.DE LESSEPS",M,4810250,-170763,350
201300025402,13,10,22,1935,5,2,5,3,3,238,PORTE D'ALMA,M,4808140,-167545,350
201300025403,13,10,23,1120,1,2,1,1,6,238,"30, PLACE DES LICES",M,4811290,-168389,350
201300025404,13,10,23,1830,1,2,1,1,2,278,MAISON BLANCHE  (LIEU DI,M,4814111,-168278,350