Num_Acc,an,mois,jour,hrmn,lum,agg,int,atm,col,com,adr,gps,lat,long,dep
201300025405,13,10,24,840,1,2,2,1,3,238,O.LEROUX/BINQUENAIS,M,4809140,-166750,350
201300025406,13,10,26,2010,5,2,1,1,2,238,RUE DE LORIENT,M,4810700,-172328,350
201300025407,13,10,28,1255,1,2,3,1,3,238,W.CHURCHILL/BOURBONNAIS,M,4812050,-170845,350
201300025408,13,10,28,1815,5,2,1,1,6,238,"5, RUE DE SU?DE",M,4808670,-167779,350
201300025409,13,10,29,845,1,2,5,1,3,238,PORTE DE LORIENT,M,4810710,-171897,350
201300025410,13,10,29,1145,1,2,1,1,6,238,"151, AVENUE LECLERC",M,4811466,-165538,350
201300025411,13,10,29,1440,1,2,5,1,4,238,PORTE DE LORIENT,M,4810750,-171646,350
201300025412,13,10,29,2040,4,2,1,1,3,278,"00, RD 137",,,,350
201300025413,13,10,30,1430,1,2,1,1,6,281,"256, NANTES (RUE DE)",,,,350
201300025414,13,10,30,2205,3,2,1,1,7,278,"00, LAUNAY  (LIEU DIT LE",,,,350
201300025415,13,10,31,920,1,2,1,1,3,238,"73, BD DE LA T.AUVERGNE",M,4810240,-168431,350
201300025416,13,10,31,1220,1,2,1,2,5,238,"00, GROS MALHON (AVENUE)",,,,350
201300025417,13,10,31,1835,5,2,2,2,6,238,C.TILLON/W.CHURCHILL,M,4812450,-170982,350
201300025418,13,10,31,1750,3,2,5,2,4,238,PORTE DE BR?QUIGNY,M,4808170,-169764,350
201300025419,13,10,31,1835,2,2,1,1,7,278,"00, PORTE DE ST MALO",M,4813858,-170037,350
201300025420,13,11,3,1840,3,2,5,1,2,238,PORTE DE NANTES,M,4807780,-167458,350
201300025421,13,11,4,910,1,2,1,2,2,238,"5, PLACE DE BRETAGNE",M,4810950,-168424,350
201300025422,13,11,6,1430,1,2,3,1,7,278,"00, GAULLE (RUE DU GAL D",M,4815200,-168606,350
201300025423,13,11,5,1130,1,2,1,2,7,278,"00, D 175",,,,350
201300025424,13,11,5,1351,1,2,1,1,6,238,AVENUE DE LA VISTULE,M,4808550,-164896,350
201300025425,13,11,6,810,1,2,1,2,6,238,"29, AVENUE C.FOULON",M,4812130,-164217,350
201300025426,13,11,7,630,5,2,2,2,3,238,LEMORDANT/COETLOGON,M,4812280,-168870,350
201300025427,13,11,7,1730,5,2,1,2,6,238,"12, QUAI DUGUAY TROUIN",M,4811020,-168163,350
201300025428,13,11,7,2000,5,2,5,2,6,238,ROOSEVELT/LANGEVIN,M,4809730,-165780,350
201300025429,13,11,8,535,5,2,2,2,7,238,STRASBOURG/PARIS,M,4811460,-165704,350
201300025430,13,11,8,1305,1,2,6,1,7,055,"00, RD 163",M,4807813,-163214,350
201300025431,13,11,8,1455,1,2,1,1,4,238,ROCADE OUEST PR14-700,M,4811550,-171940,350
201300025432,13,11,9,1120,1,2,6,2,2,051,"00, DEZERSEUL (BOULEVARD",M,4811865,-160098,350
201300025433,13,11,10,800,3,2,5,2,2,238,PORTE DE BREST,M,4812270,-171925,350
201300025434,13,11,13,750,5,2,3,1,3,281,"00, MERMOZ (BOULEVARD JE",,,,350
201300025435,13,11,13,840,1,2,2,1,3,238,PUITS JACOB/NANTES,M,4809810,-168788,350
201300025436,13,11,13,840,1,2,2,1,6,238,POTERIE/J.PONTAILL?,M,4809450,-164646,350
201300025437,13,11,14,120,3,2,1,1,6,238,ROUTE DES CHAMPS R?TIS,M,4813460,-171287,350
201300025438,13,11,14,1100,1,2,3,3,3,238,GROS MALHON/LENOIR,M,4812230,-168185,350
201300025439,13,11,14,1149,1,2,1,1,6,051,"00, METAIRIES (BOULEVARD",,,,350
201300025440,13,11,14,1350,1,2,5,7,6,238,PORTE DE VILLEJEAN,M,4812490,-171865,350
201300025441,13,11,14,1209,1,2,1,8,1,238,RUE F.D.ROULIN,M,4813630,-166999,350
201300025442,13,11,14,2010,5,2,5,2,3,238,A.D?SILLES/TIERCELIN,M,4809990,-168228,350
201300025443,13,11,15,745,3,2,1,2,4,278,"00, RD 137",,,,350
201300025444,13,11,15,1920,5,2,1,1,4,238,"38, BD CL?MENCEAU",M,4809450,-168683,350
201300025445,13,11,16,1410,1,2,3,1,3,238,"00, TREGAIN (DE)",,,,350
201300025446,13,11,16,1802,5,2,1,1,1,238,"7, RUE DE CH?TEAUGIRON",M,4810170,-165914,350
201300025447,13,11,16,2130,5,2,4,1,4,238,VERN/CH?TEAUGIRON,M,4810200,-166016,350
201300025448,13,11,17,2130,5,2,3,1,6,238,YOUGOSLAVIE/GALICIE,M,4808760,-165384,350
201300025449,13,11,18,1800,5,2,1,1,3,238,"41, MAIL F.MITTERRAND",M,4810930,-168944,350
201300025450,13,11,18,1840,5,2,1,1,3,238,"19, QUAI ILLE ET RANCE",M,4811170,-168698,350
201300025451,13,11,19,1800,3,2,5,1,4,238,PORTE DE LORIENT,M,4811100,-171838,350
201300025452,13,11,19,2040,5,2,2,1,6,238,GUYENNE/ANJOU,M,4812140,-171346,350
201300025453,13,11,20,629,3,2,1,1,7,238,"00, PORTE DE LA RIGOURDI",M,4811699,-156926,350
201300025454,13,11,20,1055,1,2,5,1,3,238,BRETAGNE/LAMENNAIS,M,4810970,-168459,350
201300025455,13,11,20,1810,5,2,3,2,2,238,PARIS/LENOIR,M,4811270,-166464,350
201300025456,13,11,21,810,2,2,2,3,6,238,LA T.AUVERGNE/P.MAUGER,M,4810550,-168464,350
201300025457,13,11,21,1820,3,2,1,2,2,278,"00, RD 137",,,,350
201300025458,13,11,21,1930,3,2,1,8,4,278,"00, RD 137",,,,350
201300025459,13,11,22,1240,1,2,1,1,7,051,"00, BEAULIEU (PORTE DE)",,,,350
201300025460,13,11,25,1710,1,2,3,1,6,238,SUISSE/ITALIE,M,4808660,-166869,350
201300025461,13,11,25,1830,1,2,1,1,4,281,"00, PORTE DE ST NAZAIRE",,,,350
201300025462,13,11,26,845,1,2,1,1,7,055,"00, HALLOUVRY (RUE D')",,,,350
201300025463,13,11,26,1020,1,2,3,1,6,238,VERN/A.THOMAS,M,4809530,-165068,350
201300025464,13,11,26,1300,1,2,1,1,3,238,"104, RUE DE ST BRIEUC",M,4811580,-170884,350
201300025465,13,11,27,810,5,2,5,1,3,238,BREST/LE GUILLOUX,M,4811450,-170007,350
201300025466,13,11,28,810,5,2,2,1,3,238,"00, BREST (DE)",,,,350
201300025467,13,11,28,1920,5,2,3,1,6,238,VERDUN/J.OG?E,M,4811980,-168795,350
201300025468,13,11,29,1300,1,2,1,8,3,238,"9, RUE DU CLOS COURTEL",M,4812570,-162814,350
201300025469,13,12,1,1345,1,2,1,1,7,238,PK SQ A.ROU?RIE,M,4812850,-166272,350
201300025470,13,12,2,2320,5,2,1,1,3,238,PORTE DE VILLEJEAN,M,4812440,-171332,350
201300025471,13,12,3,1545,1,2,1,1,6,238,"24, BOULEVARD VOLTAIRE",M,4810500,-169558,350
201300025472,13,12,4,158,5,2,5,1,3,238,G.PATTON/ST LAURENT,M,4813850,-165858,350
201300025473,13,12,4,1817,3,2,1,1,4,238,ROCADE OUEST EXT?RIEURE,M,4811170,-171852,350
201300025474,13,12,4,1945,5,2,1,1,6,238,"51, RUE DE LA PALESTINE",M,4811500,-166328,350
201300025475,13,12,5,1610,2,2,3,1,6,238,ALMA/ALLI?S,M,4810510,-167753,350
201300025476,13,12,7,1410,1,2,2,1,3,238,PAPEGAULT/CLOS COURTEL,M,4812970,-163073,350
201300025477,13,12,9,740,3,2,1,1,3,281,"00, MERMOZ (BOULEVARD JE",,,,350
201300025478,13,12,9,740,1,2,1,8,3,051,"00, CHAPELLE (LIEU-DIT L",,,,350
201300025479,13,12,9,1325,1,2,1,1,3,238,"120, RUE DE FOUG?RES",M,4812160,-166317,350
201300025480,13,12,10,1953,5,2,1,1,7,238,"13, RUE J.L?ONARD",M,4813050,-169204,350
201300025481,13,12,11,1230,1,2,1,1,3,051,"7, CHARMILLES (RUE DES)",M,4810374,-162139,350
201300025482,13,12,11,1900,5,2,1,1,3,051,"3bis, FONTAINE (AVENUE D",,,,350
201300025483,13,12,11,1930,5,2,3,1,3,238,LECLERC/BEAUMARCHAIS,M,4811460,-165579,350
201300025484,13,12,12,600,5,2,3,1,6,238,JANVIER/DESCARTES,M,4810700,-167329,350
201300025485,13,12,12,1445,1,2,1,2,7,238,"13, RUE O.DE GOUGES",M,4812970,-170150,350
201300025486,13,12,13,1715,5,2,1,8,2,238,BD ST J.B. DE LA SALLE,M,4811490,-170152,350
201300025487,13,12,14,2150,5,2,2,1,3,238,P.MARTIN/ST H?LIER,M,4810350,-166268,350
201300025488,13,12,14,2330,5,2,1,1,1,238,47 RUE DE SAINT-MALO,M,4811770,-168081,350
201300025489,13,12,16,810,1,2,1,1,2,238,"2, QUAI SAINT CAST",M,4811060,-168576,350
201300025490,13,12,16,1200,1,2,2,1,3,238,M.BR?LON/ARMORIQUE,M,4813150,-167260,350
201300025491,13,12,16,1525,3,2,1,8,7,055,"00, RD 163",,,,350
201300025492,13,12,17,1900,5,2,1,1,6,278,"00, ETANG DU DIABLE (RUE",,,,350
201300025493,13,12,17,2115,5,2,5,1,3,238,PORTE DE LORIENT,M,4810750,-171646,350
201300025494,13,12,18,1200,1,2,1,1,6,238,"134, AVENUE LECLERC",M,4811400,-163700,350
201300025495,13,12,18,1530,1,2,1,1,6,278,"00, ROBIQUETTE  (LIEU DI",M,4813573,-169553,350
201300025496,13,12,18,1633,1,2,1,1,6,238,PK PISCINE ALBERT 1ER,M,4808960,-168988,350
201300025497,13,12,19,1400,1,2,3,1,3,238,PAYS BAS/PORTUGAL,M,4808350,-166098,350
201300025498,13,12,20,1300,1,2,1,1,6,238,RUE BAHON RAULT,M,4813180,-168344,350
201300025499,13,12,20,1813,3,2,5,2,4,238,PORTE DE MAUREPAS,M,4814220,-165814,350
201300025500,13,12,20,1930,5,2,3,1,6,238,PAYS BAS/PORTUGAL,M,4808350,-166098,350
201300025501,13,12,20,1941,5,2,3,1,3,238,"270, FOUGERES (ROUTE DE)",,,,350
201300025502,13,12,20,1315,1,1,1,1,7,278,"00, RD 137",,,,350
201300025503,13,12,21,1225,1,2,3,1,1,055,"00, RD 463",,,,350
201300025504,13,12,21,2010,5,2,1,3,3,238,"288, RUE DE FOUG?RES",M,4813010,-164105,350
201300025505,13,12,21,2210,5,2,1,2,6,238,"15, RUE DE CH?TEAUGIRON",M,4810200,-165819,350
201300025506,13,12,23,735,3,2,1,1,2,055,"00, RD 163",,,,350
201300025507,13,12,24,1330,1,2,5,8,6,238,ST H?LIER/LA?NNEC,M,4810560,-166605,350
201300025508,13,12,24,1545,1,2,1,1,6,278,"00, PORTE DE ST MALO",,,,350
201300025509,13,12,27,725,5,2,6,2,6,238,BOIS LABB?/CUCILL?,M,4812810,-170319,350
201300025510,13,12,27,635,5,2,3,2,6,238,MARBEUF/GUICHEN,M,4811140,-170335,350
201300025511,13,12,27,1010,1,2,6,3,2,238,PORTE DU BLOSNE,M,4808460,-164324,350
201300025512,13,12,27,2005,5,2,3,2,2,238,VERN/A.THOMAS,M,4809530,-165068,350
201300025513,13,12,28,930,1,2,5,1,7,238,PORTE D'ANGERS,M,4808190,-164664,350
201300025514,13,12,29,1000,1,2,3,1,6,238,F.LIBRES/J.MILON,M,4810530,-166870,350
201300025515,13,12,31,2000,5,2,2,8,3,238,L.GUILLOUX/MARBEUF,M,4811200,-170236,350
201300025516,13,5,4,1215,1,2,1,1,7,093,"29, CAQUOT ALBERT (AVENU",M,4862184,-204548,350
201300025517,13,8,12,130,5,2,6,1,3,093,"40, VILLOU ( BOULEVARD D",M,4862769,-207414,350
201300025518,13,8,7,1440,1,2,3,1,3,093,"00, FEART (BOULEVARD)",,,,350
201300025519,13,9,24,1811,1,2,1,1,3,241,"00, D168",,,,350
201300025520,13,1,8,1700,1,2,2,1,1,288,"19, MOKA (AVENUE DE)",M,4865556,-200430,350
201300025521,13,1,10,1030,1,2,1,1,6,288,"13, TALARDS (BOULEVARD D",M,4864579,-200841,350
201300025522,13,1,10,1754,5,2,1,1,3,288,"28, PATTON GENERAL (RUE",M,4862387,-199846,350
201300025523,13,1,26,1450,1,2,6,1,6,288,"0, TRIQUERVILLE JEAN-PIE",M,4864065,-199953,350
201300025524,13,2,1,1646,1,2,1,1,3,241,rue des artisans,M,4860801,-205445,350
201300025525,13,2,7,830,1,2,1,1,3,288,"0, MOKA (AVENUE DE)",M,4865305,-200325,350
201300025526,13,2,23,1605,1,2,3,1,3,288,SILLON (DU) CHAUSSEE,M,4865214,-201717,350
201300025527,13,3,31,1600,1,2,1,1,3,288,KENNEDY JOHN (AVENUE),,,,350
201300025528,13,4,25,930,1,2,1,1,6,288,"42, MARVILLE (AVENUE DE)",M,4864326,-200408,350
201300025529,13,5,15,1610,1,2,6,1,6,288,"0, COQUELIN ( SQUARE JEA",M,4864707,-200789,350
201300025530,13,5,28,1645,1,1,1,1,6,241,"000, D168",M,4861728,-202902,350
201300025531,13,3,14,1210,1,2,1,1,2,288,"0, KENNEDY JOHN (AVENUE)",M,4866650,-198622,350
201300025532,13,3,31,1749,1,2,3,1,3,288,"0, COUBERTIN PIERRE (RUE",M,4864031,-200197,350
201300025533,13,6,15,1805,1,2,1,1,2,288,DUGUAY-TROUIN (QUAI),M,4865146,-201833,350
201300025534,13,6,22,1957,1,1,1,1,6,241,"0.0, BARRAGE DE LA RANCE",M,4861664,-202963,350
201300025535,13,7,3,943,1,2,1,1,6,288,"0.0, DEPORTES (BOULEVARD",M,4865766,-197201,350
201300025536,13,7,2,2030,1,2,6,2,1,288,"0, CASSIN RENE (ROND POI",M,4862163,-199319,350
201300025537,13,6,1,1446,1,2,3,1,3,093,Bd du Villou,M,4862439,-206771,350
201300025538,13,7,10,1130,1,2,1,1,3,288,"26, BOTRELTHEODORE (BOUL",M,4865282,-200535,350
201300025539,13,7,20,1509,1,2,1,1,7,288,LE POMELLEC (RUE),M,4863950,-201580,350
201300025540,13,7,12,1544,1,2,1,7,6,043,rue de la Grassinais,M,4862429,-198690,350
201300025541,13,8,1,1415,1,2,1,1,2,241,"0, D168",M,4861328,-205370,350
201300025542,13,8,5,1750,1,2,1,1,6,288,"7, SABLONS (DES BAS) RUE",,,,350
201300025543,13,7,16,1050,1,2,6,1,3,288,"00, REPUBLIQUE (BOULEVAR",M,4864725,-200856,350
201300025544,13,9,15,1545,1,2,1,1,6,288,"0, KENNEDY JOHN (AVENUE)",,,,350
201300025545,13,9,18,1145,1,2,1,2,6,288,"0, CHATEAUBRIAND (BOULEV",M,4865848,-199490,350
201300025546,13,9,24,1811,1,2,2,1,3,241,,M,4861378,-203655,350
201300025547,13,10,17,730,3,2,1,8,6,288,MIRIEL (RUE),M,4864855,-199980,350
201300025548,13,10,28,1135,1,2,1,1,6,288,"86, VILLE PEPIN (RUE)",M,4863344,-201258,350
201300025549,13,10,28,1650,1,2,1,1,6,288,"0, JAURES JEAN (AVENUE)",M,4864851,-200495,350
201300025550,13,11,20,1815,5,2,3,2,6,093,"00, REPUBLIQUE  (PLACE D",M,4863348,-205676,350
201300025551,13,10,4,1020,1,2,1,7,2,093,"20, RENAN ERNEST (RUE)",M,4864956,-200593,350
201300025552,13,12,14,1020,1,2,1,1,6,288,"60, DEMALVILLAIN LEONCE",,,,350
201300025553,13,12,26,425,3,2,1,1,7,241,"000, D168",M,4861465,-203246,350
201300025554,13,1,2,1550,1,2,6,1,3,159,RD943 ROUTE DE MONTLUCON,M,4679580,0173213,360
201300025555,13,1,24,1620,1,2,1,8,3,044,11 AV DE LATTRE DE TASSI,M,4679770,0171843,360
201300025556,13,6,11,1620,1,2,1,1,6,063,24 RUE DES MACONS,M,4683020,0170564,360
201300025557,13,2,18,1200,1,2,1,1,7,044,78 RUE DES MADRONS,M,4680210,0166419,360
201300025558,13,1,11,1525,1,1,1,1,2,063,RD 956.,M,4687100,0166092,360
201300025559,13,1,14,750,2,1,6,1,3,044,PL LAFAYETTE/AV LEMOINE.,M,4681440,0169661,360
201300025560,13,1,16,1328,1,2,6,1,3,044,MALLET STEVEN/MONTAIGNE.,M,4679310,0171127,360
201300025561,13,3,25,1750,1,1,1,1,5,063,RD 956,M,4684430,0168317,360
201300025562,13,1,18,1620,1,2,1,8,6,044,18 AV DE LA CHATRE.,M,4680980,0170243,360
201300025563,13,1,18,1745,2,1,1,2,7,202,ROUTE DEPARTEMENTALE 943,M,4683100,0161659,360
201300025564,13,1,18,1750,2,1,1,9,7,063,52 RUE DE BOISLARGE,M,4683700,0170218,360
201300025565,13,3,25,1835,1,1,1,1,7,142,ROUTE DEPARTEMENTALE 67,M,4681370,0161037,360
201300025566,13,5,2,1245,1,2,1,8,6,044,19 BD DE CLUIS,M,4680810,0170378,360
201300025567,13,1,25,1647,1,2,1,1,4,044,57 RUE LEMOINE LENOIR.,M,4681030,0169266,360
201300025568,13,1,29,1400,1,2,1,1,7,044,60 RUE P GAULTIER,M,4680700,0169563,360
201300025569,13,2,3,510,5,2,1,1,6,044,78 RUE DU 3EME RAC,M,4681930,0170784,360
201300025570,13,2,22,1214,1,1,6,1,7,063,GIRATOIRE FREESBEE,M,4685220,0170064,360
201300025571,13,2,25,1910,5,1,6,1,2,063,RP GRD VERGER/RN151,M,4684550,0170895,360
201300025572,13,5,16,1815,1,2,2,1,3,063,PL REPUBLIQUE/AV DE GAUL,M,4682680,0170124,360
201300025573,13,3,4,1025,1,2,1,1,3,063,47 ROUTE  D'ISSOUDUN,M,4682710,0170524,360
201300025574,13,3,4,1656,1,2,1,1,2,044,300 AVENUE DE VERDUN,M,4679370,0169963,360
201300025575,13,5,30,1215,1,1,2,3,3,063,VC/CR DIT DU BRELAY,M,4683480,0167750,360
201300025576,13,6,12,5,5,1,6,1,7,063,RD920 R P MARTINERIE,M,4682040,0173601,360
201300025577,13,6,19,1504,1,2,3,1,6,063,1 BIS AV DE GAULLE/ZOLA,M,4682540,0170050,360
201300025578,13,6,21,745,1,2,6,1,3,044,76 AV BLOIS/RP GERBAULT,M,4682010,0168424,360
201300025579,13,6,22,1425,1,1,2,1,3,202,VC/CHEMIN ST CYRAN,M,4682290,0165650,360
201300025580,13,6,26,1020,1,2,1,1,6,044,148 BIS AVENUE DE BLOIS,M,4682600,0168152,360
201300025581,13,7,6,155,3,1,3,1,3,202,VC/RD67,M,4676630,0167076,360
201300025582,13,3,15,800,2,2,1,1,2,044,57 AVENUE KENNEDY,M,4680200,0169223,360
201300025583,13,3,15,2000,5,1,1,1,6,063,5 AV GEORGES HENNEQUIN,M,4685160,0170522,360
201300025584,13,3,16,915,1,2,6,1,2,044,ROND POINT DE LA BRENNE,M,4680790,0167719,360
201300025585,13,3,18,1133,1,1,3,1,3,063,ALLEE DE LA FERME/RD956,M,4685490,0166821,360
201300025586,13,3,20,750,1,1,1,2,2,063,ROUTE DEPARTEMENTALE 920,,,,360
201300025587,13,3,22,1948,1,2,1,1,2,044,122 AVENUE DE LA CHATRE,M,4680750,0170737,360
201300025588,13,3,23,1218,1,1,1,1,7,159,10 RUE BRANDE,M,4675880,0167588,360
201300025589,13,8,22,1315,1,2,1,1,3,063,96 ROUTE D'ISSOUDUN,M,4682810,0170757,360
201300025590,13,9,4,1137,1,2,1,1,6,044,2 PLACE GAMBETTA,M,4681240,0169661,360
201300025591,13,9,5,2145,5,2,2,1,3,044,BD MOULIN NEUF/BELLE RIV,M,4681900,0168714,360
201300025592,13,9,6,1915,1,2,1,1,6,044,13 RUE DE LA POSTE,M,4681000,0169400,360
201300025593,13,9,14,1830,1,1,1,8,2,202,73 AVENUE D'OCCITANIE,M,4678440,0165606,360
201300025594,13,9,22,1000,1,2,1,1,3,044,154 RTE DE CHATELLERAULT,M,4680490,0169907,360
201300025595,13,3,29,2230,5,2,1,1,7,063,66 ROUTE D'ISSOUDUN,M,4682700,0170502,360
201300025596,13,3,30,1609,1,1,1,1,7,202,RD 920 BOIS DE LA LIENNE,M,4674770,0162427,360
201300025597,13,10,2,715,5,2,3,1,2,063,PL CARNOT/RTE ISSOUDUN,M,4682690,0170470,360
201300025598,13,10,6,715,2,2,1,8,6,044,118 AVENUE DES MARINS,M,4680920,0168180,360
201300025599,13,10,5,1537,1,2,1,1,6,044,30 RUE VICTOR HUGO,M,4681130,0169340,360
201300025600,13,10,3,1705,1,2,1,1,6,044,84 BD DE BRYAS,M,4681170,0170660,360
201300025601,13,4,5,1624,1,1,1,2,7,202,ROUTE DE CHATELLERAULT,,,,360
201300025602,13,10,14,830,1,2,1,8,3,044,AV PIERRE DE COUBERTIN,M,4680650,0172360,360
201300025603,13,11,1,1615,1,2,1,1,3,044,4 BD BLAISE PASCAL,M,4679880,0171256,360
201300025604,13,4,10,644,2,1,1,1,7,063,ROUTE NATIONALE 151,M,4684620,0170754,360
201300025605,13,4,11,1744,1,2,1,3,6,044,320 AV DE LA CHATRE,M,4680300,0171599,360
201300025606,13,11,11,915,1,2,1,1,6,044,6 RUE DU 8 MAI 1945,M,4680430,0170047,360
201300025607,13,11,15,1649,1,2,1,1,6,044,36 RUE DES ETATS UNIS,M,4681510,0169874,360
201300025608,13,4,12,1433,1,1,1,1,7,159,ROUTE DE MONTLUCON RD943,M,4678850,0175392,360
201300025609,13,11,21,1800,4,2,1,8,6,044,265 AVENUE DE VERDUN,M,4679610,0169900,360
201300025610,13,4,14,2135,5,1,1,2,7,202,ROUTE DE CHATELLERAULT,,,,360
201300025611,13,4,16,2030,2,2,1,9,2,044,14 PLACE ST CHRISTOPHE,M,4681650,0168450,360
201300025612,13,4,18,1730,1,2,1,1,6,044,PLACE DU LIMOUSIN,M,4680300,0167800,360
201300025613,13,12,21,1110,1,2,1,1,3,044,112 RUE DE NOTZ,M,4680150,0168476,360
201300025614,13,4,22,1800,1,2,1,1,6,044,AVENUE MARCEL LEMOINE,,,,360
201300025615,13,4,24,1221,1,2,1,1,2,159,151 AVENUE DE LA FORET,M,4677100,0171299,360
201300025616,13,4,24,1650,1,2,1,1,6,044,122 BD SAINT DENIS,M,4680740,0170265,360
201300025617,13,4,25,1141,1,2,6,1,3,044,ROUTE DEPARTEMENTALE 920,M,4679170,0171203,360
201300025618,13,4,26,1700,1,2,1,3,3,044,AV D'ARGENTON/OCCITANIE,M,4679430,0166404,360
201300025619,13,4,27,1225,1,2,2,1,3,044,BD CLUIS/RUE ST FIACRE,M,4680740,0170265,360
201300025620,13,4,29,1039,1,2,1,1,3,159,54 BIS AV DE LA FORET,M,4676500,0171793,360
201300025621,13,5,2,1830,1,2,2,1,3,044,12 BDCHARMILLES/LA BOETI,M,4680040,0171644,360
201300025622,13,5,4,1030,1,2,1,1,6,044,RUE DIDEROT,M,4681040,0169181,360
201300025623,13,5,7,1720,1,1,2,1,3,044,BD PASCAL/RUE VERLAINE,M,4679950,0171440,360
201300025624,13,5,10,1055,1,2,1,8,6,044,ALLEE VALENTIN HAUY,M,4681150,0169636,360
201300025625,13,5,30,1440,1,2,1,8,3,044,ALLEE DES GRANDS CHAMPS,M,4679590,0169552,360
201300025626,13,5,30,1738,1,2,1,2,7,044,185 AV DES MARINS,M,4680830,0167810,360
201300025627,13,6,7,1945,1,2,1,1,6,044,RUE DES AUBRAYS,M,4680180,0169666,360
201300025628,13,6,13,1755,1,2,1,2,7,044,27 BD BLAISE PASCAL,M,4679810,0171300,360
201300025629,13,6,18,1251,1,1,1,1,7,202,RD 920,M,4674410,0161614,360
201300025630,13,6,20,1630,1,2,1,1,7,063,RUE S REBRIOUX,M,4684140,0170353,360
201300025631,13,6,21,1451,1,1,1,1,2,044,5 AV BERNARD LOUVET,M,4680330,0170331,360
201300025632,13,6,23,1114,1,2,1,1,2,044,GEORGES COURTELINE,M,4680410,0171064,360
201300025633,13,6,23,1915,1,1,1,1,7,159,90 ROUTE DEPARTEMENTALE,M,4676810,0171527,360
201300025634,13,6,24,1720,1,1,1,1,2,063,RD 925,M,4682000,0173346,360
201300025635,13,6,27,1214,1,1,1,1,6,159,15 ROUTE DE VARENNES,,,,360
201300025636,13,6,29,1743,1,2,1,1,6,044,RUE VICTOR HUGO,M,4681160,0169410,360
201300025637,13,7,4,2025,1,2,1,1,3,044,RUE DES ETATS UNIS,M,4681660,0170160,360
201300025638,13,7,12,1730,1,1,6,1,2,063,GIRATOIRE DE BLOIS,M,4684250,0167390,360
201300025639,13,7,15,1242,1,2,1,1,7,044,DE MUSSET/NOAILLES,M,4679180,0171890,360
201300025640,13,7,17,2300,3,1,1,1,7,159,ROUTE DE VELLES,M,4676630,0168265,360
201300025641,13,7,19,910,1,2,1,8,7,044,GIRATOIRE MONTAIGNE,M,4680110,0170269,360
201300025642,13,7,24,1810,1,2,1,1,2,044,5 AVENUE MARCEL LEMOINE,M,4681490,0169668,360
201300025643,13,7,25,1235,1,2,6,1,2,044,GIRATOIRE DESCHIZEAUX,M,4681030,0168752,360
201300025644,13,7,29,1035,1,2,1,1,2,044,190 ROUTE CHATELLERAULT,M,4680440,0166660,360
201300025645,13,7,31,1200,1,2,1,1,7,044,60 RUE DE LA GARE,M,4681060,0169742,360
201300025646,13,8,1,1748,1,2,2,1,3,159,RTE VARENNES/RUE 30-08-4,M,4676340,0171871,360
201300025647,13,8,2,100,3,1,1,1,7,202,LD LA PETITE LIENNE,M,4675790,0163303,360
201300025648,13,8,6,1619,1,2,1,1,7,044,RUE D'AUVERGNE,M,4680990,0170450,360
201300025649,13,8,6,2055,1,2,1,1,7,044,5 RUE PIERRE GAULTIER,M,4680950,0170209,360
201300025650,13,8,17,1725,1,2,1,1,7,044,34 BD BLAISE PASCAL,M,4679680,0170910,360
201300025651,13,8,31,1549,1,1,6,1,7,063,GIRATOIRE DU FREESBEE,M,4685160,0170157,360
201300025652,13,9,4,952,1,2,1,1,7,044,120 AV KENNEDY,M,4679890,0169229,360
201300025653,13,9,24,1723,1,2,3,1,3,044,RUE RASPAIL/RUE GILBERT,M,4680670,0169169,360
201300025654,13,9,28,1730,1,1,6,1,7,063,GIRATOIRE FREESBEE,M,4685150,0170119,360
201300025655,13,10,7,758,2,2,1,1,3,044,15 RUE DES AUBRAYS,M,4680150,0169473,360
201300025656,13,10,7,852,1,2,1,1,5,159,,M,4679400,0173598,360
201300025657,13,10,7,1200,1,2,2,1,3,044,AV LA CHATRE/BD DE CLUIS,M,4680880,0170492,360
201300025658,13,10,7,1602,1,2,2,1,3,044,AVLACHATRE/AV DE COUBERT,M,4680230,0171851,360
201300025659,13,10,8,1825,1,1,1,1,3,063,,M,4681990,0173330,360
201300025660,13,10,10,2105,3,1,1,1,7,202,,M,4683180,0161281,360
201300025661,13,10,20,2029,3,1,1,2,2,063,RN 151,M,4685150,0170161,360
201300025662,13,10,24,1716,2,2,1,1,4,044,56 BD CROIX NORMAND,M,4680410,0169210,360
201300025663,13,10,28,750,2,2,1,1,7,044,210 AV JOHN KENNEDY,M,4678920,0169123,360
201300025664,13,10,30,1140,1,2,2,1,3,044,D'AQUITAINE/ BOURGOGNE,M,4680440,0168070,360
201300025665,13,10,30,1635,1,2,9,1,3,159,ROUTE DE MONTLUCON,M,4679410,0173638,360
201300025666,13,10,30,1655,1,2,1,1,3,044,2 ALLEE DE LA GARENNE,M,4680530,0172267,360
201300025667,13,10,31,1230,1,2,1,1,6,044,34 AVENUE D'ARGENTON,M,4680580,0167499,360
201300025668,13,11,4,746,2,1,1,2,2,044,ROUTE DEPARTEMENTALE 920,,,,360
201300025669,13,11,7,1120,2,2,1,1,2,044,3 AVENUE BERNARD LOUVET,M,4680300,0170368,360