Num_Acc,an,mois,jour,hrmn,lum,agg,int,atm,col,com,adr,gps,lat,long,dep
201300025670,13,11,15,945,1,2,1,1,6,044,2 RUE PETITE ST CHRISTO,M,4681700,0168617,360
201300025671,13,11,20,1817,2,2,1,1,7,044,175 RUE LEMOINE LENOIR,M,4681020,0169250,360
201300025672,13,11,22,712,2,1,1,1,7,202,40 RD 925,M,4679200,0161255,360
201300025673,13,11,22,857,1,2,1,1,6,044,86 AVENUE DE BLOIS,M,4682010,0168380,360
201300025674,13,11,22,950,1,2,1,1,6,044,AVENUE DE BLOIS,M,4682620,0168139,360
201300025675,13,11,22,1736,1,2,1,1,1,044,164 RUE LEMOINE LENOIR,M,4681020,0169249,360
201300025676,13,11,27,1400,1,2,3,1,3,044,AV D'ARGENTON/RUE G PHIL,M,4680120,0167090,360
201300025677,13,11,29,1424,1,1,1,1,1,159,LIEU DIT LA MARECHAL,M,4677670,0173878,360
201300025678,13,11,30,1207,1,2,1,1,4,044,210 AVENUE J KENNEDY,M,4678890,0169125,360
201300025679,13,11,30,1840,5,2,1,1,2,044,AVENUE GENERAL DE GAULLE,,,,360
201300025680,13,12,3,1004,1,2,1,1,6,063,RUE JEAN JAURES,M,4682540,0170022,360
201300025681,13,12,5,1150,1,2,1,8,4,044,DU 8 MAI 1945,,,,360
201300025682,13,12,8,537,5,2,1,1,6,063,147 AV DE GAULLE,M,4683190,0170270,360
201300025683,13,12,12,1345,1,1,1,1,2,063,RD 956,M,4684530,0167266,360
201300025684,13,12,19,1235,1,2,1,1,7,044,5 RUE DES ETATS-UNIS,M,4681430,0169717,360
201300025685,13,12,21,1055,1,1,1,1,6,159,ROUTE DE MONTLUCON,M,4679240,0173540,360
201300025686,13,12,26,1700,2,1,1,1,2,202,AVENUE D'OCCITANIE,M,4678770,0165887,360
201300025687,13,12,26,1850,5,2,1,1,4,044,104 AV DE BLOIS,M,4682240,0168320,360
201300025688,13,12,30,708,5,1,1,9,7,202,AVENUE D'OCCITANIE,,,,360
201300025689,13,12,30,910,1,1,1,9,7,202,ROUTE DE CHATELLERAULT,M,4679030,0160650,360
201300025690,13,12,31,1130,1,2,9,1,3,044,1 PLACE DE CHAMPAGNE,M,4680410,0167657,360
201300025691,13,1,8,1700,5,2,2,1,3,261,RUE VICTOR HUGO,,,,370
201300025692,13,1,9,1255,1,2,2,1,3,261,AVENUE MONTJOYEUX,,,,370
201300025693,13,1,11,800,5,2,3,1,6,261,RUE DE SUEDE,,,,370
201300025694,13,1,11,1235,1,2,1,1,7,261,BOULEVARD HEURTELOUP,,,,370
201300025695,13,1,15,1845,5,2,1,1,6,261,101  LOISEAU D'ENTRAIGUE,,,,370
201300025696,13,1,15,1950,5,2,3,1,3,261,"246, VAILLANT (RUE EDOUA",,,,370
201300025697,13,1,16,1055,1,2,3,1,6,122,plac de l'EGLISE,,,,370
201300025698,13,1,20,1550,1,2,1,4,6,195,ROUTE  DE SAINT-GENOUPH,,,,370
201300025699,13,1,4,1300,1,2,2,1,3,261,VERDI RUE,,,,370
201300025700,13,1,4,1705,4,2,1,1,4,261,28  Bd RICHARD WAGNER,,,,370
201300025701,13,1,7,730,4,2,3,1,2,261,RUE DES DOUETS,,,,370
201300025702,13,1,10,1350,1,2,1,1,5,261,AVENUE DU GL NIESSEL,,,,370
201300025703,13,1,8,900,1,2,6,1,3,261,boulevard LOUIS XI,,,,370
201300025704,13,1,19,2030,5,2,6,2,3,214,QUAI DE PORTILLON,,,,370
201300025705,13,1,21,730,2,2,3,8,3,261,AVENUE DE SEVIGNE,,,,370
201300025706,13,1,25,1520,1,2,3,1,6,261,QUAI ANDRE MALRAUX,,,,370
201300025707,13,1,30,1450,1,2,1,1,2,233,AVENUE JACQUES DUCLOS,,,,370
201300025708,13,1,30,2005,5,2,1,8,6,261,RUE DE BELGIQUE,,,,370
201300025709,13,2,11,1315,1,2,3,1,3,261,RUE DU GL RENAULT,,,,370
201300025710,13,2,18,1355,1,2,6,1,2,261,AVENUE GEORGES POMPIDOU,,,,370
201300025711,13,2,19,740,1,2,6,1,3,233,AVENUE JACQUES DUCLOS,,,,370
201300025712,13,2,19,1035,1,2,1,1,3,195,126 ROUTE  SAINT-GENOUPH,,,,370
201300025713,13,2,20,730,1,1,1,1,3,233,449 RUE MARCEL CACHIN,,,,370
201300025714,13,2,20,855,1,2,2,1,3,261,GRANDIERE (RUE DE LA),,,,370
201300025715,13,2,24,1640,1,2,1,8,6,122,RUE HENRI DUNANT,,,,370
201300025716,13,3,7,1630,1,2,2,1,5,261,RUE D' AMBOISE,,,,370
201300025717,13,3,10,1200,1,2,1,1,6,261,03 RUE CAULAINCOURT,,,,370
201300025718,13,3,20,1800,1,2,1,1,6,233,433 RUE MARCEL CACHIN,,,,370
201300025719,13,3,21,1120,1,2,2,1,7,261,AVENUE DU DANEMARK,,,,370
201300025720,13,3,21,825,1,1,1,1,2,261,LAKANAL (RUE),,,,370
201300025721,13,3,26,1645,1,2,1,1,5,261,"27, RUE LEON  BOYER",,,,370
201300025722,13,4,9,750,1,2,2,1,3,261,RUE WEDELLS/ST LIBERT,,,,370
201300025723,13,4,12,1615,1,2,2,1,3,261,RUE ERNEST HUARD,,,,370
201300025724,13,4,15,1230,1,2,1,1,2,214,QUAI DE LA LOIRE,,,,370
201300025725,13,4,15,1010,1,2,1,1,4,208,AV DI GL DE GAULLE,,,,370
201300025726,13,1,12,530,3,1,1,2,1,122,ROUTE DE  MONTS,,,,370
201300025727,13,1,22,755,2,2,1,2,4,261,PONT MIRABEAU,,,,370
201300025728,13,1,21,2030,5,2,2,2,3,261,NERICAULT DESTOUCHES (RU,,,,370
201300025729,13,1,23,1150,1,2,6,1,3,261,NAPOLEON (PONT),,,,370
201300025730,13,1,27,1420,1,2,6,1,7,261,BD ABEL GANCE,,,,370
201300025731,13,1,27,1620,1,2,6,2,7,214,RUE  CROIX DE PIERRE,,,,370
201300025732,13,1,28,740,5,2,1,1,6,261,RUE CHRISTOPHE COLOMB,,,,370
201300025733,13,1,29,815,2,2,1,2,2,261,QUAI ANDRE MALRAUX,,,,370
201300025734,13,2,1,1652,1,1,1,3,7,261,AVENUE ANDRE MAGINOT,,,,370
201300025735,13,2,19,1645,1,1,1,1,6,233,40 RUE DU COLOMBIER,,,,370
201300025736,13,2,21,1145,1,2,2,1,3,261,RUE DU PONT AUX OIES,,,,370
201300025737,13,2,26,1650,1,2,3,1,2,261,RUE DE L'AUBERDIERE,,,,370
201300025738,13,2,26,1910,5,2,3,1,3,122,RUE JACQUES POIRIER,,,,370
201300025739,13,2,27,810,3,2,1,1,2,233,CHEMIN DE LA VICAIRERIE,,,,370
201300025740,13,3,4,1700,1,2,1,1,6,261,RUE MICHEL BAUGE,,,,370
201300025741,13,3,6,855,1,2,2,1,6,261,RUE LAPONNERAYE,,,,370
201300025742,13,3,16,1400,1,2,6,1,6,214,DE GAULLE (BD CHARLES),,,,370
201300025743,13,3,21,1540,1,2,3,1,6,261,BOULEVARD BERANGER,,,,370
201300025744,13,3,27,1805,1,2,1,1,4,261,PONT DU SANITAS,,,,370
201300025745,13,3,29,1120,1,2,1,1,2,261,5 RUE DU PD MERVILLE,,,,370
201300025746,13,4,3,1520,1,2,1,1,6,261,BD TONNELLE FACE TOTAL,,,,370
201300025747,13,4,5,1030,1,2,3,8,3,261,AV CAMILLE CHAUTEMPS,,,,370
201300025748,13,1,19,1029,1,2,1,9,6,261,264  RUE ED VAILLANT,,,,370
201300025749,13,1,16,1435,1,2,3,1,3,261,RUE DE L'ORATOIRE,,,,370
201300025750,13,1,22,1710,2,2,2,2,3,261,AV DE LA REPUBLIQUE,,,,370
201300025751,13,1,22,2040,3,1,1,2,4,122,RD 37 SORTIE A 85,,,,370
201300025752,13,1,23,1550,1,2,1,1,2,261,RUE DU COLOMBIER,,,,370
201300025753,13,1,24,945,1,2,1,2,6,208,PLACE DE STEINBACH,,,,370
201300025754,13,1,28,1836,5,2,2,1,3,122,BD JEAN JAURES JAURES,,,,370
201300025755,13,1,29,1800,5,2,3,2,3,233,MOULIN (PONT JEAN),,,,370
201300025756,13,1,30,811,2,2,1,2,7,261,8 RUE NOUVEAU CALVAIRE,,,,370
201300025757,13,1,31,850,1,2,1,1,6,261,6 BOULEVARD BERANGER,,,,370
201300025758,13,2,11,925,1,1,1,1,6,122,RD 37,,,,370
201300025759,13,2,18,740,1,2,6,1,3,261,GIRATOIRE D'EMMAUS,,,,370
201300025760,13,2,21,1900,4,2,2,1,3,261,AVENUE GUSTAVE EIFFEL,,,,370
201300025761,13,2,22,1630,1,1,1,1,2,195,LEVEE DU CHER,,,,370
201300025762,13,2,27,1310,1,2,1,1,6,261,6 RUE DES HALLES,,,,370
201300025763,13,2,27,1430,1,2,2,1,3,261,RUE ROBERT SCHUMAN,,,,370
201300025764,13,2,27,1730,1,2,2,1,4,208,AVENUE BEAUGAILLARD,,,,370
201300025765,13,3,1,1110,1,2,1,1,6,261,RUE NATIONALE,,,,370
201300025766,13,3,5,1740,1,1,2,1,6,261,39 BD BERANGER,,,,370
201300025767,13,3,6,1345,1,2,1,2,5,233,DUCLOS AVENUE JACQUES,,,,370
201300025768,13,3,6,1527,1,2,3,1,3,261,53 RUE COLOMBIER,,,,370
201300025769,13,3,6,1838,5,2,1,2,7,208,"14, CORMERY (RUE DE)",,,,370
201300025770,13,3,8,1011,1,2,2,1,3,261,QUAI ANDRE MALRAUX,,,,370
201300025771,13,3,11,2016,3,2,1,1,4,214,BD ANDRE GEORGES VOISIN,,,,370
201300025772,13,3,7,1207,1,1,1,1,5,122,RD 37,,,,370
201300025773,13,3,12,1735,1,2,6,2,3,195,AVENUE DU PRIEURE,,,,370
201300025774,13,1,3,1025,1,2,2,1,6,261,22  BOULEVARD BERANGER,,,,370
201300025775,13,1,26,2205,5,2,1,1,6,214,6 RUE HENRI LEBRUN,,,,370
201300025776,13,2,3,430,3,2,1,1,6,122,RD 37,,,,370
201300025777,13,2,20,2245,5,2,1,1,6,261,10  PLACE FOIRE LE ROI,,,,370
201300025778,13,3,11,2130,5,2,1,2,7,233,185 RUE MARCEL CACHIN,,,,370
201300025779,13,3,11,2225,5,2,1,2,7,122,30 RUE GAMARD,,,,370
201300025780,13,3,17,345,5,2,1,2,6,261,171 QUAI PAUL BERT,,,,370
201300025781,13,3,19,2240,5,2,1,3,7,261,83 RUE GIRAUDEAU,,,,370
201300025782,13,4,9,2210,5,2,1,1,7,214,GIRATOI  CROIX DE PIERRE,,,,370
201300025783,13,4,13,2115,3,2,1,1,3,122,RD 37,,,,370
201300025784,13,4,16,2215,5,2,1,1,6,261,RUE CHRISTOPHE COLOMB,,,,370
201300025785,13,4,25,2050,2,2,3,1,1,261,"62, EUROPE (AVENUE DE L'",,,,370
201300025786,13,4,25,2305,5,2,1,1,7,195,RUE SIMON VAUQUIER,,,,370
201300025787,13,5,11,105,5,2,2,1,6,261,NATIONALE (RUE),,,,370
201300025788,13,5,13,2345,5,2,1,8,6,261,RUE DE PORTILLON,,,,370
201300025789,13,5,15,2250,5,2,1,8,6,261,68 RUE JEHAN FOUQUET,,,,370
201300025790,13,5,17,2110,5,2,1,2,6,261,3 PLACE DU ML LECLERC,,,,370
201300025791,13,5,19,2055,2,2,1,2,1,195,"15, MAIRIE (RUE DE LA)",,,,370
201300025792,13,6,7,2110,2,2,2,1,3,261,Daniel Mayer,,,,370
201300025793,13,6,17,340,5,2,1,1,7,261,71 RUE JOLIVET,,,,370
201300025794,13,6,24,5,3,1,1,1,3,122,42 ROUTE DE NARBONNE,,,,370
201300025795,13,6,27,115,5,2,1,1,1,261,12 RUE EDGARD  QUINET,,,,370
201300025796,13,7,5,2100,1,2,2,1,3,261,RUE DE JERUSALEM,,,,370
201300025797,13,7,6,2235,5,2,2,1,5,261,Bd  du marechal JUIN,,,,370
201300025798,13,7,14,2110,1,2,1,1,6,122,RUE JACQUES POIRIER,,,,370
201300025799,13,7,16,2130,1,2,3,1,6,122,34 RUE DE LA GITONNIERE,,,,370
201300025800,13,7,20,130,5,2,1,1,6,214,148 RUE VICTOR HUGO,,,,370
201300025801,13,8,3,2235,2,2,1,1,6,261,55 RUE NATIONALE,,,,370
201300025802,13,8,11,2100,2,2,2,1,7,261,ZOLA (RUE EMILE),,,,370
201300025803,13,8,11,2320,5,2,2,1,3,261,RUE MIRABEAU,,,,370
201300025804,13,12,5,1635,1,2,1,1,2,261,BD RICHARD WAGNER,,,,370
201300025805,13,12,9,1836,1,2,1,1,2,122,48 BD DE CHINON,,,,370
201300025806,13,12,12,739,2,1,1,1,6,214,RD 37,,,,370
201300025807,13,12,13,1257,1,2,1,2,6,233,LANGEVIN (BOULEVARD PAUL,,,,370
201300025808,13,12,13,1816,1,2,2,1,6,261,L AUBERDIERE /PAQUERETTE,,,,370
201300025809,13,1,10,2024,2,2,1,1,3,233,AVENUE JACQUES DUCLOS,,,,370
201300025810,13,1,10,1801,2,2,1,1,6,261,JUIN (BOULEVARD DU MAREC,,,,370
201300025811,13,1,13,26,2,2,1,1,6,233,PLACE JEAN MOULIN,,,,370
201300025812,13,3,13,752,1,2,3,1,3,233,"217, STALINGRAD (AVENUE)",,,,370
201300025813,13,3,18,1320,1,2,1,1,3,261,85 BOULEVARD BERANGER,,,,370
201300025814,13,3,18,1633,1,2,1,1,6,261,RUE DE BEAUMONT,M,,,370
201300025815,13,3,13,850,1,2,2,1,4,261,MIRABEAU/HEURTELOUP,,,,370
201300025816,13,3,18,1810,1,2,1,1,3,261,AVENUE ANDRE MAGINOT,,,,370
201300025817,13,3,20,804,1,2,1,1,2,214,"3, BERGSON (RUE HENRI)",,,,370
201300025818,13,3,24,1343,1,2,2,1,3,261,"216, RUE GIRAUDEAU",,,,370
201300025819,13,3,31,901,1,2,3,1,3,208,RUE DE L'OISELET,,,,370
201300025820,13,4,4,1615,1,2,1,2,3,261,EINSTEIN (RUE ALBERT),,,,370
201300025821,13,4,5,1615,1,2,1,2,1,261,AVE ANDRE MAGINOT,,,,370
201300025822,13,4,10,1610,1,2,1,2,7,261,RUE ATHUR RIMBAUD (,,,,370
201300025823,13,4,16,1715,1,2,1,1,6,122,"82, JAURES (BOULEVARD JE",,,,370
201300025824,13,4,24,745,1,2,1,1,7,122,"3, VERDUN (RUE DE)",,,,370
201300025825,13,4,30,1215,1,2,6,2,3,261,ROND-POINTJACQUE MONOD,,,,370
201300025826,13,5,17,1710,1,2,3,1,3,261,EIFFEL (AVENUE GUSTAVE),,,,370
201300025827,13,5,16,1640,1,2,3,1,2,261,WAGNER BD RICHARD,,,,370
201300025828,13,5,16,1250,1,2,6,1,4,261,DASSAULT R-POINT MARCEL,,,,370
201300025829,13,5,11,2035,1,2,1,1,2,261,BD R WAGNER ESSO,,,,370
201300025830,13,5,13,946,1,2,3,2,7,233,FARGES (AVENUE YVES),,,,370
201300025831,13,5,13,912,1,2,2,2,3,261,SUEDE (RUE DE),,,,370
201300025832,13,5,22,2010,1,2,2,1,3,214,AVENUE DE LA REPUBLIQUE,,,,370
201300025833,13,6,3,1615,1,2,1,1,6,261,DE GAULLE (AVENUE DU GEN,,,,370
201300025834,13,6,3,1825,1,2,1,1,6,261,FRANCE (PLACE ANATOLE),,,,370
201300025835,13,1,11,1737,5,2,3,1,1,122,RUE DU RIVEAU,,,,370
201300025836,13,2,14,900,1,2,1,1,2,122,127 BD JEAN JAURES,,,,370
201300025837,13,1,17,1907,5,2,2,1,3,261,324 AV ANDRE MAGINOT,,,,370
201300025838,13,4,11,1224,1,2,1,2,5,261,PONT CHER (AVENUE DE),,,,370
201300025839,13,4,14,1350,1,2,3,1,3,261,AV DU Gl DE GAULLE,,,,370
201300025840,13,4,9,1400,1,2,1,3,3,261,3 AV GRAMMONT/ENTRAIGUE,,,,370
201300025841,13,4,9,1315,1,2,2,3,3,214,V HUGO/ST EXUPERY,,,,370
201300025842,13,5,3,1605,1,1,9,1,6,261,AVENUE GUSTAVE EIFFEL,,,,370
201300025843,13,5,3,1635,1,1,1,1,2,261,RD 37,,,,370
201300025844,13,5,4,500,5,2,1,1,2,233,"43, LOIRE (LEVEE DE LA)",,,,370
201300025845,13,5,5,1150,1,2,3,1,3,233,RUE PAUL LOUIS COURRIER,,,,370
201300025846,13,5,10,1000,1,2,3,1,4,261,AVENUE STENDHAL,,,,370
201300025847,13,5,15,1640,1,2,2,1,7,233,RUE MARCEL CACHIN,,,,370
201300025848,13,5,16,820,1,2,1,1,2,214,"32, QUAI PORTILLON",,,,370
201300025849,13,5,16,1000,1,2,6,1,3,233,POMPIDOU AVENUE,,,,370
201300025850,13,5,21,2005,1,2,2,1,3,261,RUE LOUIS BREGUET,,,,370
201300025851,13,5,26,1610,1,2,3,1,7,214,"30, RUE DE PALLUAU",,,,370
201300025852,13,5,27,1725,1,2,6,1,2,261,AVENUE PROUDHON,,,,370
201300025853,13,6,3,835,1,2,2,1,3,195,AVENUE DU PRIEURE,,,,370
201300025854,13,6,4,815,1,2,2,1,3,208,VALLON DES MARTYRES (RUE,,,,370
201300025855,13,6,7,1625,1,2,3,1,3,261,LUXEMBOURG (RUE DU),,,,370
201300025856,13,6,7,1730,1,2,1,1,4,261,"7, MARCEAU (RUE)",,,,370
201300025857,13,6,14,1320,1,2,1,1,6,261,HEURTELOUP BD,,,,370
201300025858,13,6,14,1550,1,2,1,1,7,261,DANIEL MAYER,,,,370
201300025859,13,6,14,1610,1,2,2,1,3,261,RUE DE SUEDE,,,,370
201300025860,13,6,19,1430,1,2,1,2,2,261,WAGNER (BOULEVARD RICHAR,,,,370
201300025861,13,6,19,1630,1,1,1,1,2,261,JUIN (BOULEVARD DU MAREC,,,,370
201300025862,13,6,19,1850,1,2,1,1,3,261,place RABELAIS,,,,370
201300025863,13,6,22,500,5,2,1,1,6,261,AVENUE DE GRAMMONT,,,,370
201300025864,13,6,25,1745,1,2,3,1,6,261,BOYER (RUE LEON),,,,370
201300025865,13,6,25,1925,1,2,1,1,1,195,RUE ANTOINE ST EXUPERY,,,,370
201300025866,13,6,27,740,1,2,6,1,3,261,AVENUE G POMPIDOU,,,,370
201300025867,13,6,27,755,1,2,1,1,7,261,"31, POMPIDOU (AVENUE GEO",,,,370
201300025868,13,6,28,830,1,2,2,2,3,195,SAINT FRANCOIS (RUE),,,,370
201300025869,13,7,3,1025,1,2,1,1,2,261,179 AVENUE A MAGINOT,,,,370
201300025870,13,7,3,1225,1,2,2,1,5,261,RUE VICTOR HUGO,,,,370
201300025871,13,7,4,1125,1,2,3,1,6,261,RUE HONORE DE BALZAC,,,,370
201300025872,13,7,8,1530,1,2,1,1,7,214,RUE JEAN MOULIN,,,,370
201300025873,13,7,9,840,1,2,1,9,2,261,"225, GRAMMONT (AVENUE DE",,,,370
201300025874,13,7,14,1820,1,2,1,1,5,261,AVENUE DE GRAMMONT,,,,370
201300025875,13,1,18,2250,3,2,1,2,3,261,RD 37,,,,370
201300025876,13,2,19,1625,1,2,1,1,6,261,AVENUE ANDRE MAGINOT,,,,370
201300025877,13,2,22,850,2,2,6,1,6,261,AVENUE ANDRE MAGINOT,,,,370
201300025878,13,4,25,1650,1,2,1,1,5,195,BD LOUIS XI,,,,370
201300025879,13,4,30,1900,1,2,6,1,7,261,SAINT SAUVEUR (PONT),,,,370
201300025880,13,5,3,755,1,2,2,1,3,261,RASPAIL (RUE),,,,370
201300025881,13,5,7,1745,1,1,1,1,7,122,,,,,370
201300025882,13,5,9,1145,1,2,6,1,3,261,POMPIDOU AVENUE GEORGES,,,,370
201300025883,13,5,13,1400,1,2,3,1,6,261,CHAUDRON (RUE DU),,,,370
201300025884,13,5,15,1225,1,2,1,1,3,233,27 RUE DE LA RABATERIE,,,,370
201300025885,13,5,18,1835,1,1,1,2,6,261,AVENUE DE L'ALOUETTE,,,,370
201300025886,13,5,20,1220,1,2,1,2,7,261,RUE NATIONALE,,,,370
201300025887,13,5,25,1540,1,2,2,1,3,261,BERANGER (BOULEVARD),,,,370
201300025888,13,5,25,1405,1,2,1,1,7,261,CONSTANTINE (RUE DE),,,,370
201300025889,13,5,27,600,1,2,6,1,3,208,LAC (AVENUE DU),,,,370
201300025890,13,6,5,1955,1,2,1,1,6,261,CAMUS (RUE ALBERT),,,,370
201300025891,13,6,6,1425,1,1,3,1,6,261,WEDELLS (RUE JEANNE),,,,370
201300025892,13,6,8,600,5,2,1,1,7,208,32 QUAI SADI CARNOT,,,,370
201300025893,13,1,25,1030,1,2,1,1,6,122,133 BD JEAN JAURES,,,,370
201300025894,13,6,8,535,2,2,1,1,7,261,7 RUE DES TANNEURS,,,,370
201300025895,13,6,11,1815,1,2,1,1,5,208,59 AVENUE BEAUGAILLARD,,,,370
201300025896,13,6,13,830,1,2,1,1,2,195,MAIRIE (RUE DE LA),,,,370
201300025897,13,6,13,1000,1,2,1,2,3,261,14 RUE FRANCOIS HARDOUIN,,,,370
201300025898,13,6,19,755,1,2,3,1,3,261,TRANCHEE (AVENUE DE LA),,,,370
201300025899,13,6,19,1144,1,2,1,2,4,122,GITONNIERE (RUE DE LA),,,,370
201300025900,13,6,20,915,1,2,2,1,3,233,boulevard VIALA,,,,370
201300025901,13,6,23,1915,1,2,6,1,3,261,RUE DU PAS NOTRE-DAME,,,,370
201300025902,13,6,24,1915,1,2,1,1,1,261,"1, PAS NOTRE-DAME (RUE D",,,,370
201300025903,13,7,1,1238,1,2,1,1,3,261,15 RUE ED VAILLANT,,,,370
201300025904,13,6,29,1630,1,2,1,1,2,195,rue LOUIS XI,,,,370
201300025905,13,7,2,1045,1,2,1,1,3,195,2 PLACE  SAINTE ANNE,,,,370
201300025906,13,7,5,1300,1,2,1,1,7,214,80 RUE DE LA LANDE,,,,370
201300025907,13,7,5,1530,1,2,2,1,3,261,RUE MARCEL TRIBUT,,,,370
201300025908,13,7,6,1827,1,2,2,1,3,261,RUE MARCEAU,,,,370
201300025909,13,7,5,1341,1,2,6,1,5,261,Bd abel GANCE ST Martin,,,,370
201300025910,13,7,11,1615,1,2,1,1,7,233,RUE DES ATELIERS,,,,370
201300025911,13,7,18,1915,1,2,1,1,2,261,46 QUAI PAUL BERT,,,,370
201300025912,13,7,17,1715,1,2,1,1,3,261,PLACE CHOISEUL,,,,370
201300025913,13,7,20,1200,1,2,2,1,3,261,AVENUE DE GRAMMONT,,,,370
201300025914,13,7,29,1300,1,2,1,1,6,208,PLACE DE RICHEMONT,,,,370
201300025915,13,7,31,740,1,2,2,1,3,261,RUE GIRAUDEAU,,,,370
201300025916,13,8,5,1927,1,2,1,1,6,261,99 AVENUE DE GRAMMONT,,,,370
201300025917,13,8,6,1135,1,2,1,1,3,261,BD RICHARD WAGNER,,,,370
201300025918,13,3,4,1555,1,2,1,1,6,261,MONGE (AVENUE),,,,370
201300025919,13,3,4,1710,1,2,2,1,6,233,COLOMBIER (RUE DU),,,,370
201300025920,13,3,2,1330,1,2,1,1,7,122,RD 37,,,,370
201300025921,13,3,8,828,1,2,1,1,7,261,MIRABEAU (PONT),,,,370
201300025922,13,3,22,1705,1,2,3,1,6,122,BOULEVARD DE CHINON,,,,370
201300025923,13,3,23,1905,1,2,1,1,6,214,COUBERTIN (RUE PIERRE DE,,,,370
201300025924,13,6,5,1240,1,2,1,1,3,261,"3, MAETERLINCK (BOULEVAR",,,,370
201300025925,13,6,6,910,1,2,1,1,6,261,35  RUE COLBERT,,,,370
201300025926,13,6,12,1110,1,2,3,1,3,261,SAINT AVERTIN (ROUTE),,,,370
201300025927,13,6,9,1831,1,2,6,1,7,214,ROND POINT MEINERZHAGEN,,,,370
201300025928,13,6,15,1507,1,2,1,1,4,261,COMPAGNONS D'EMMAUS,,,,370
201300025929,13,6,21,1325,1,2,1,1,6,261,"22, MARCEAU (RUE)",,,,370
201300025930,13,6,21,1815,1,2,2,1,3,261,TOURCOING (RUE DE),,,,370
201300025931,13,6,27,1402,1,2,1,1,7,261,quai andre MALRAUX,,,,370
201300025932,13,7,3,1720,1,2,6,1,7,261,BOULEVARD HEURTELOUP,,,,370
201300025933,13,7,5,1005,1,2,3,1,3,261,"8, GRAMMONT (AVENUE DE)",,,,370
201300025934,13,7,9,2005,1,2,2,1,1,261,EUROPE (AVENUE DE L'),,,,370
201300025935,13,7,9,1715,1,2,3,1,3,195,48 RUE DES MONTILS,,,,370
201300025936,13,7,10,1655,1,2,3,1,7,261,RUE LOUIS BREGUET,,,,370
201300025937,13,7,10,1835,1,2,7,1,3,261,COPERNIC (PLACE NICOLAS),,,,370
201300025938,13,7,11,845,1,2,2,1,3,261,GEORGET (RUE),,,,370
201300025939,13,7,12,1150,1,2,1,1,3,261,GRAMMONT (AVENUE DE),,,,370
201300025940,13,7,16,1725,1,1,6,1,7,261,CRFOUR FRANCAIS LIBRES,,,,370
201300025941,13,7,16,1755,1,2,2,1,3,261,RUE DE LA GRANDIERE,,,,370
201300025942,13,7,24,745,1,2,6,1,3,261,AVENUE GUSTAVE EIFFEL,,,,370
201300025943,13,7,27,1313,1,2,2,1,3,261,RUE VICTOR HUGO,,,,370
201300025944,13,4,23,1745,1,2,2,1,6,261,MOZART (AVENUE),,,,370
201300025945,13,4,28,2012,1,2,2,1,6,261,FOURNIER (RUE DU DOCTEUR,,,,370
201300025946,13,6,12,1710,1,2,6,1,2,214,MURIER (RUE DU),,,,370
201300025947,13,5,4,1522,1,2,1,1,6,261,MALRAUX (QUAI ANDRE),,,,370
201300025948,13,5,3,2231,5,2,1,1,7,214,126 BD CHARLE DE GAULLE,,,,370
201300025949,13,5,24,1015,1,2,1,1,7,233,BONNIN (AVENUE JEAN),,,,370
201300025950,13,5,21,805,1,2,1,1,7,214,RUE DE LA MAIRIE,,,,370
201300025951,13,5,21,815,1,2,1,1,6,233,VAILLANT COUTURIER (RUE,,,,370
201300025952,13,8,6,1211,1,2,6,1,3,122,RUE DU COTEAU,,,,370
201300025953,13,8,25,1200,1,2,1,2,7,261,BOULEVARD TONNELLE,,,,370
201300025954,13,8,25,1215,1,2,1,1,1,208,2 RUE LEON BRULON,,,,370
201300025955,13,8,30,1225,1,2,2,1,3,261,AV DU GAL DE GAULLE,,,,370
201300025956,13,9,3,1625,1,2,1,1,6,261,2 AVENUE DE GRAMMONT,,,,370
201300025957,13,9,4,1630,1,2,1,1,6,261,PLACE JEAN JAURES,,,,370
201300025958,13,9,5,910,1,2,3,1,3,261,DESMOULINS (RUE CAMILLE),,,,370
201300025959,13,9,11,820,1,2,3,1,2,122,ROUTE DE MONTS,,,,370
201300025960,13,9,11,1140,1,2,1,1,6,214,QUAI DE LA LOIRE,,,,370
201300025961,13,9,11,1220,1,2,2,1,3,261,R DE SUEDE,,,,370
201300025962,13,9,27,1740,1,2,1,1,7,261,AV ANDRE MAGINOT,,,,370
201300025963,13,9,24,1151,1,2,1,1,7,261,RUE DU PONT AUX OIES,,,,370
201300025964,13,9,24,720,2,1,1,1,7,122,ROUTE DE MONTS,,,,370
201300025965,13,9,24,830,1,2,9,1,6,208,QUAI SADI CARNOT,,,,370
201300025966,13,10,3,1710,1,1,6,1,2,233,85 AV DE LA REPUBLIQUE,,,,370
201300025967,13,9,9,1420,1,1,1,1,7,122,ROUTE DE SAVONNIERES,,,,370
201300025968,13,9,24,850,1,2,1,1,5,261,68 RUE HENRI ROYER,,,,370
201300025969,13,10,4,2000,3,2,1,1,3,261,AV CAMILLE CHAUTEMPS,,,,370
201300025970,13,10,4,1700,1,2,1,1,3,261,QUAI PAUL BERT,,,,370
201300025971,13,10,9,1715,1,2,6,1,3,208,AVENUE DU LAC,,,,370
201300025972,13,10,12,1005,1,2,1,2,7,208,AVENUE BEAUGAILLARD,,,,370
201300025973,13,2,10,1810,5,2,6,2,6,261,255 RUE A CHEVALLIER,,,,370
201300025974,13,10,10,1400,1,2,1,1,6,195,8 RUE LOUIS NIQUEUX,,,,370
201300025975,13,10,15,1730,1,2,6,2,3,261,AVENUE GUSTAVE EIFFEL,,,,370
201300025976,13,10,16,1750,1,2,1,2,1,261,AV DU  GENERAL NIESSEL,,,,370
201300025977,13,10,17,730,2,2,1,8,7,261,QUAI ANDRE MALRAUX,,,,370
201300025978,13,10,18,900,1,2,1,1,2,214,RUE DE PALLUAU,,,,370
201300025979,13,10,18,1215,1,2,1,1,3,261,BOULEVARD THIERS,,,,370
201300025980,13,10,23,950,1,2,1,1,7,122,114 BD JEAN JAURES,,,,370
201300025981,13,10,29,1000,1,2,1,1,7,214,RUE ROLAND ENGERAND,,,,370
201300025982,13,1,1,215,5,2,2,3,3,261,RUE DU GENERAL RENAULT,,,,370
201300025983,13,1,19,2230,5,2,3,4,6,214,24  RUE DES AMANDIERS,,,,370
201300025984,13,7,15,1100,1,2,2,1,3,261,DANIEL MAYER,,,,370
201300025985,13,7,22,1010,1,2,2,1,3,261,AVENUE DE BOIS AUBRY,,,,370
201300025986,13,7,31,1605,1,2,6,1,3,261,RUE DE LA VICTOIRE,,,,370
201300025987,13,8,3,935,1,1,1,1,3,122,AVENUE DE BORDEAUX,,,,370
201300025988,13,8,6,1635,1,2,1,1,1,233,RUE HOCHE,,,,370