Num_Acc,an,mois,jour,hrmn,lum,agg,int,atm,col,com,adr,gps,lat,long,dep
201300026302,13,8,20,20,5,2,2,1,3,185,COURS BERRIAT,,,,380
201300026303,13,8,20,810,1,2,1,1,6,185,"0, RUE LESDIGUI?RES",,,,380
201300026304,13,8,23,1900,1,2,1,1,6,185,AVENUE MALHERBE,,,,380
201300026305,13,8,25,345,3,1,1,8,2,185,99 VOIE NON IDENTIFIEE,,,,380
201300026306,13,8,28,1130,1,2,1,1,3,185,"0, AVENUE MARCELIN BERTH",,,,380
201300026307,13,8,28,1750,1,2,1,1,3,185,"0, BOULEVARD JEAN PAIN",,,,380
201300026308,13,8,28,1929,1,2,1,1,6,185,"39, BOULEVARD CLEMENCEAU",,,,380
201300026309,13,8,30,1230,1,2,1,1,3,185,"117, RUE DE STALINGRAD",,,,380
201300026310,13,9,2,1455,1,2,1,1,6,169,"15, RUE BAPTISTE MARCET",,,,380
201300026311,13,9,2,1320,1,2,1,1,3,185,"61, RUE F?LIX ESCLANGON",,,,380
201300026312,13,9,2,1620,1,2,1,1,1,151,"3, RUE GABRIEL DIDIER",,,,380
201300026313,13,9,3,1800,1,2,2,1,3,169,QUAI DU DRAC,,,,380
201300026314,13,9,6,2020,5,2,1,1,6,151,AVENUE DE GRUGLIASCO,,,,380
201300026315,13,9,8,1510,1,2,1,3,6,185,RUE JOSEPH REY,,,,380
201300026316,13,9,10,1825,1,1,1,1,2,185,99 VOIE NON IDENTIFIEE,,,,380
201300026317,13,9,15,1745,1,1,1,1,4,185,99 VOIE NON IDENTIFIEE,,,,380
201300026318,13,9,17,1245,1,2,2,8,1,185,"34bis, RUE DIDEROT",,,,380
201300026319,13,9,21,1200,1,2,1,1,2,185,"53, BOULEVARD MAR?CHAL F",,,,380
201300026320,13,9,21,1605,1,2,3,1,3,421,"00, RUE DU BOURGAMON",,,,380
201300026321,13,9,22,1300,1,1,1,1,5,185,1090,,,,380
201300026322,13,9,22,1945,1,1,1,1,1,423,"00, RUE DE BROTTERODE",,,,380
201300026323,13,9,22,2015,4,2,1,1,1,185,"0, COURS DE LA LIB?RATIO",,,,380
201300026324,13,9,23,1815,1,2,1,1,6,423,"3117, RUE DU PETIT LAC",,,,380
201300026325,13,9,24,1740,1,2,1,1,6,185,"0, PLACE VAUCANSON",,,,380
201300026326,13,9,26,840,1,2,1,1,2,151,ROCADE SUD,,,,380
201300026327,13,9,28,2140,4,2,1,1,3,169,PONT DU VERCORS,,,,380
201300026328,13,10,1,930,1,2,2,1,3,169,RUE GEORGE SAND,,,,380
201300026329,13,10,2,853,1,2,1,1,6,185,BOULEVARD MAR?CHAL FOCH,,,,380
201300026330,13,10,2,1830,1,2,1,1,1,185,CHEMIN DE LA POTERNE,,,,380
201300026331,13,10,4,1327,1,2,1,1,6,185,"35 bis, AVENUE RHIN ET D",,,,380
201300026332,13,10,5,36,4,2,1,2,6,151,"., AVENUE DU 8 MAI 1945",,,,380
201300026333,13,10,9,1735,1,2,9,1,6,185,RUE ALBERT REYNIER,,,,380
201300026334,13,10,12,140,5,2,1,1,6,185,"9, AVENUE JEANNE D'ARC",,,,380
201300026335,13,10,12,1930,5,2,2,1,3,151,RUE DE LA PAIX,,,,380
201300026336,13,10,14,1230,1,1,1,2,4,151,99 VOIE NON IDENTIFIEE,,,,380
201300026337,13,10,15,1410,1,2,9,1,6,185,"4, QUAI DE FRANCE",,,,380
201300026338,13,10,16,935,1,2,2,1,3,185,"00, QUAI CREQUI",,,,380
201300026339,13,10,17,1735,1,2,2,1,3,151,COURS JEAN JAUR?S,,,,380
201300026340,13,10,19,1145,1,2,9,1,6,169,RUE CHARLES MICHELS,,,,380
201300026341,13,10,21,1515,1,2,2,1,6,151,"00, COURS JEAN JAUR?S",,,,380
201300026342,13,10,21,1855,5,2,1,1,6,185,"10, RUE PIERRE S?MARD",,,,380
201300026343,13,10,25,2015,5,2,1,1,6,185,BOULEVARD AGUTTE SEMBAT,,,,380
201300026344,13,10,28,1210,1,2,1,1,6,185,"00, COURS DE LA LIB?RATI",,,,380
201300026345,13,10,29,10,5,2,1,2,6,185,"0, PLACE DE LA GARE",,,,380
201300026346,13,10,29,1540,1,2,1,8,6,151,ROCADE SUD,,,,380
201300026347,13,10,31,1745,2,2,1,1,6,185,"0, RUE BUFFON",,,,380
201300026348,13,11,1,1340,1,2,1,1,7,185,"00, 99 VOIE NON IDENTIFI",M,4517630,0570215,380
201300026349,13,11,8,1841,5,2,2,2,3,169,"0, RUE YVES FARGES",,,,380
201300026350,13,11,11,1620,1,2,1,1,6,151,"12, ALL?E DU G?TINAIS",,,,380
201300026351,13,11,14,1830,5,2,9,1,6,516,AVENUE DES MAQUIS DU GR?,,,,380
201300026352,13,11,15,750,1,2,1,2,6,185,"55, RUE L?ON JOUHAUX",,,,380
201300026353,13,11,15,1614,1,2,2,1,3,185,RUE L?ON JOUHAUX,,,,380
201300026354,13,11,16,1950,5,2,1,1,6,421,AVENUE GABRIEL P?RI,,,,380
201300026355,13,11,16,2305,5,2,2,1,6,185,QUAI ST?PHANE JAY,,,,380
201300026356,13,11,20,1333,1,2,1,2,6,421,"41, RUE DU PR? RUFFIER",,,,380
201300026357,13,11,22,1900,5,2,9,1,6,185,AVENUE PAUL COCAT,,,,380
201300026358,13,11,23,1200,1,2,1,2,2,185,"28, RUE ALBERT REYNIER",,,,380
201300026359,13,11,28,1755,5,2,2,1,3,516,"00, AVENUE DES MAQUIS DU",,,,380
201300026360,13,11,28,2050,5,2,3,1,6,185,RUE LESDIGUI?RES,,,,380
201300026361,13,12,3,1,3,1,1,1,6,151,6,,,,380
201300026362,13,12,3,750,1,1,1,1,1,421,"00, AVENUE DU DOYEN LOUI",,,,380
201300026363,13,12,4,1840,5,2,1,1,6,169,AVENUE DU VERCORS,,,,380
201300026364,13,12,6,630,3,1,1,1,6,169,"0, 99 VOIE NON IDENTIFIE",,,,380
201300026365,13,12,10,1820,5,2,1,1,6,185,"0, RUE DES ALLI?S",,,,380
201300026366,13,12,10,1820,5,2,1,1,6,185,"4, BOULEVARD JOSEPH VALL",,,,380
201300026367,13,12,11,1530,1,2,1,1,6,185,"0, AVENUE MARIE REYNOARD",,,,380
201300026368,13,12,13,1,5,2,1,1,6,185,"0, COURS DE LA LIB?RATIO",,,,380
201300026369,13,12,13,1745,5,1,1,1,5,229,99 VOIE NON IDENTIFIEE,,,,380
201300026370,13,12,14,2145,5,1,1,1,6,185,99 VOIE NON IDENTIFIEE,,,,380
201300026371,13,12,17,1320,1,2,1,1,6,185,"0, AVENUE DES ?TATS G?N?",,,,380
201300026372,13,12,20,1050,1,2,1,2,6,185,"5, RUE CHARLES LORY",,,,380
201300026373,13,12,20,1345,1,2,1,1,6,185,AVENUE MARCELIN BERTHELO,,,,380
201300026374,13,1,28,1730,5,2,3,1,6,544,R F BONNIER/PL D'ARPOT,M,4553500,0487456,380
201300026375,13,3,10,1724,1,2,1,1,3,544,"25, PASTEUR(QUAI)",,,,380
201300026376,13,5,7,2300,3,1,1,1,7,544,CD 41,,,,380
201300026377,13,5,14,1710,1,2,1,1,6,544,"112, ASIATICUS(BD)",,,,380
201300026378,13,5,15,1020,1,2,1,2,6,318,"00, JOSEPH GRENOUILLET(R",,,,380
201300026379,13,6,18,1640,1,2,1,1,6,318,JOSEPH VEYET(RUE),,,,380
201300026380,13,7,21,115,3,1,1,1,6,544,CD 4,,,,380
201300026381,13,12,11,1900,5,2,1,1,3,544,"23, GENERAL LECLERC(AV)",,,,380
201300026382,13,1,11,1210,1,2,1,2,1,563,"0, VALOIS (AVENUE DU DR)",M,4535810,0559219,380
201300026383,13,3,13,1126,1,2,1,1,7,563,"98, BECQUART-CASTELBON (",,,,380
201300026384,13,4,25,1210,1,2,6,1,3,563,"0, rocade ouest",,,,380
201300026385,13,7,15,222,5,2,1,1,6,563,"77, PATINIERE (AVENUE DE",,,,380
201300026386,13,11,24,1830,5,2,6,2,1,563,"1, PAVIOT (AVENUE DE)",,,,380
201300026387,13,12,26,1900,5,2,9,2,2,563,"119, VALOIS (AVENUE DU D",,,,380
201300026388,13,1,28,20,5,2,1,2,6,198,", JOUHAUX (AVENUE LEON)",,,,390
201300026389,13,4,26,1907,1,2,1,2,6,198,"0, GREVY (PLACE JULES)",,,,390
201300026390,13,5,19,2025,1,2,1,1,6,198,JOUHAUX (AVENUE LEON) N?,,,,390
201300026391,13,6,4,1510,1,2,1,1,3,198,"30, WILSON (BOULEVARD DU",,,,390
201300026392,13,8,11,2040,1,2,1,1,6,198,"3, NERUDA (RUE PABLO)",,,,390
201300026393,13,9,1,1915,1,2,3,1,3,198,"0, DUHAMEL (AVENUE JACQU",,,,390
201300026394,13,9,14,2355,5,2,1,3,7,198,"0, JOUHAUX (AVENUE LEON)",,,,390
201300026395,13,9,12,2130,3,1,1,1,3,198,"0, RD905  ( DE PONT  FOU",,,,390
201300026396,13,11,5,1700,5,2,3,2,7,198,"33, ROUTE NATIONALE",,,,390
201300026397,13,11,9,1550,1,1,1,1,6,150,"0, RD 973",,,,390
201300026398,13,2,6,1735,5,2,1,2,6,300,"110, REGARD (RUE) N? PAI",,,,390
201300026399,13,3,4,1230,1,1,9,1,3,362,ROCHER (LE),,,,390
201300026400,13,3,22,1300,1,2,1,1,2,300,"10, PROST (AVENUE CAMILL",,,,390
201300026401,13,6,10,1117,1,2,1,1,6,300,"40, JUIN (PLACE DU MAREC",,,,390
201300026402,13,6,15,1744,1,2,1,1,6,362,"0, VALLIERE (ZAC DE)",,,,390
201300026403,13,8,1,1835,1,2,9,1,3,300,"0, LIBERATION (CARREFOUR",,,,390
201300026404,13,8,3,945,1,1,1,1,7,411,"0, CHAMPAGNOLE (ROUTE DE",,,,390
201300026405,13,9,28,2145,5,2,1,1,6,300,"20, LORAIN (RUE VICTOR)",,,,390
201300026406,13,10,16,1350,1,2,1,1,6,300,"0, MAHON (RUE DU COLONEL",,,,390
201300026407,13,11,1,540,5,1,1,1,2,362,"0, FAURE (AVENUE EDGAR)",,,,390
201300026408,13,11,6,1535,1,2,3,1,3,300,"121, TROUILLOT (RUE GEOR",,,,390
201300026409,13,11,8,1710,2,1,1,2,6,362,"0, COULONGES (LES)",,,,390
201300026410,13,3,27,1040,1,2,1,1,6,088,"0, VERDUN (COURS DE)",M,4371092,-105461,400
201300026411,13,3,31,615,3,1,1,2,6,279,MINIERES (ROUTE DES) CD,M,4371471,-107277,400
201300026412,13,4,21,610,2,1,1,1,6,088,44 route de peyrehorade,M,4368145,-104274,400
201300026413,13,5,7,1540,1,2,3,1,3,088,"179, SAINT-VINCENT DE PA",M,4372056,-105231,400
201300026414,13,5,19,2130,5,2,1,1,6,088,OUDOT (RUE ROLAND),M,4371431,-104388,400
201300026415,13,6,3,800,1,2,1,1,3,279,1049 av marechal foch,M,4373292,-104959,400
201300026416,13,6,26,1610,1,2,1,1,6,279,13 av de la libert�,M,4372286,-105153,400
201300026417,13,7,9,1005,1,2,6,1,2,279,avenue de la RESISTANCE,M,4372566,-106898,400
201300026418,13,7,18,1440,1,2,3,1,3,088,,M,4370534,-103871,400
201300026419,13,7,31,2213,3,2,8,1,3,088,rue pascal lafitte PN24,M,4369384,-102952,400
201300026420,13,8,1,755,1,2,1,1,6,279,1 bd st-vincent-de-paul,M,4372390,-105113,400
201300026421,13,8,3,1035,1,2,1,1,6,088,PARCELLE (ROUTE DE LA),,,,400
201300026422,13,9,1,2035,1,2,2,1,3,088,"116, TERCIS (ROUTE DE)",M,4369417,-106946,400
201300026423,13,9,3,1235,1,2,1,1,3,088,,M,4369280,-105470,400
201300026424,13,9,6,1435,1,2,3,1,5,088,,M,4371329,-105976,400
201300026425,13,9,9,715,5,2,1,2,6,088,,M,4370899,-104946,400
201300026426,13,10,2,1425,1,2,1,1,2,279,LIBERTE (AVE DE LA),M,4372225,-105174,400
201300026427,13,10,7,1055,1,2,1,1,6,088,EPARGNE (RUE DE L'),M,4370735,-104032,400
201300026428,13,11,22,1835,5,1,3,1,5,088,PEYREHORADE (ROUTE DE),M,4368637,-104428,400
201300026429,13,11,22,1845,5,2,1,1,6,088,"56, HUGO (AVENUE VICTOR)",M,4370484,-105256,400
201300026430,13,11,28,1735,5,2,3,1,3,088,"2, CHANZY (RUE)",M,4370979,-105752,400
201300026431,13,12,9,2050,4,2,1,1,1,088,"12, TORTE (ROUTE DE LA)",M,4369448,-104781,400
201300026432,13,1,22,1130,1,2,3,1,6,192,VICE-AMIRAL GEORGES GAYR,M,4388822,-050867,400
201300026433,13,2,6,1430,1,1,1,1,3,281,",, KENNEDY (AV DU PDT. J",M,4385570,-048177,400
201300026434,13,3,1,1135,1,2,1,1,6,192,JUIN (V DU MARECHAL),M,4390186,-047931,400
201300026435,13,4,30,815,1,1,1,8,5,281,"0, ROCADE SUD RD 824",M,4386639,-050857,400
201300026436,13,5,13,1036,1,2,1,1,4,192,KENNEDY (AV DU PRESIDENT,M,4386282,-048589,400
201300026437,13,7,3,1635,1,2,1,2,6,192,BASTIAT (RUE FREDERIC),M,4389034,-051244,400
201300026438,13,7,4,1100,1,2,3,1,3,281,"0, SABDE (AV GEORGES)",M,4387998,-051748,400
201300026439,13,7,9,1809,1,2,3,1,5,192,"0, CREUX (BD DU CHEMIN)",M,4388352,-048118,400
201300026440,13,8,7,930,1,1,1,1,3,281,ROCADE SUD (RN 124 E),M,4388201,-052733,400
201300026441,13,8,27,805,1,2,1,1,1,192,KENNEDY (AV DU PRESIDENT,M,4387168,-049070,400
201300026442,13,8,28,1115,1,2,3,1,3,192,CARNOT (BD DE LA BRIGADE,M,4388483,-051381,400
201300026443,13,9,9,1615,1,2,6,1,3,281,"0, KENNEDY (AV DU PDT. J",M,4386702,-048855,400
201300026444,13,9,16,910,1,1,1,1,5,281,ROCADE OUEST (RN 124),M,4386621,-050574,400
201300026445,13,9,16,805,2,2,1,1,4,192,HOUGA (AV DU),M,4387522,-047015,400
201300026446,13,10,21,2310,3,1,1,1,3,192,ROCADE EST (RD 932 E),M,4391147,-044996,400
201300026447,13,11,29,1630,1,2,1,1,6,192,"1534, VILLENEUVE (AV DE)",M,4388904,-046336,400
201300026448,13,12,10,1138,1,2,3,1,3,192,GROUILLE (RUE DU DOCT,M,4390062,-048678,400
201300026449,13,12,16,758,2,2,7,1,6,192,"00, TASSINE 'RUE FERNAND",M,4388675,-050211,400
201300026450,13,1,2,1525,1,2,1,1,6,018,PONT DU GAST (RUE DU),,,,410
201300026451,13,1,3,1750,5,2,1,2,6,018,D174,M,4759360,0135447,410
201300026452,13,1,4,923,1,2,1,1,7,018,DUGAY-TROUIN (RUE)  NO I,,,,410
201300026453,13,1,14,200,4,2,1,1,6,047,RD 2152,M,4761360,0136169,410
201300026454,13,1,14,710,5,2,1,1,1,018,VERDUN (AVENUE DE),M,4758940,0134124,410
201300026455,13,1,16,1225,1,2,1,1,2,018,"42, SAINT-JEAN (QUAI)",M,4758980,0134191,410
201300026456,13,1,26,2220,5,2,2,1,3,018,BUTTE (AVENUE DE LA),M,4758300,0132087,410
201300026457,13,2,1,1515,1,2,1,2,3,018,GARENNE (RUE DE LA),,,,410
201300026458,13,2,4,1345,1,2,3,1,3,018,MARE (RUE DE LA),,,,410
201300026459,13,2,13,1900,5,2,2,1,1,018,BESNARD (QUAI ULYSSE),M,4757800,0132101,410
201300026460,13,2,19,1550,1,2,1,1,2,047,CHAMPLOUET (RUE DE),,,,410
201300026461,13,2,25,750,1,2,1,4,1,018,BONCOUR (BOULEVARD JOSEP,,,,410
201300026462,13,2,27,1750,1,2,1,1,7,018,SCHUMAN AV R,,,,410
201300026463,13,3,22,1620,1,2,2,1,1,212,NATIONALE (ROUTE),M,4756490,0136768,410
201300026464,13,3,27,1217,1,2,1,1,6,018,CAMUS (RUE ALBERT),,,,410
201300026465,13,4,7,1105,1,2,6,1,3,212,PATTE D'OIE (ROND POINT),M,4756150,0137295,410
201300026466,13,4,11,1200,1,2,2,1,3,018,LATHAM (RUE),,,,410
201300026467,13,5,25,1835,1,2,1,1,7,018,GALLOIS (RUE),,,,410
201300026468,13,5,24,1745,1,1,1,3,2,212,D 956,M,4756000,0137326,410
201300026469,13,6,14,1820,1,2,6,1,5,018,RESISTANCE (PLACE DE LA),,,,410
201300026470,13,6,20,1644,1,2,3,1,3,018,FRANCE (AVENUE DE)  1,,,,410
201300026471,13,6,22,130,3,2,1,2,7,212,CHATEAU RUE DU),,,,410
201300026472,13,6,26,1835,1,2,1,1,3,047,RD 2152,M,4761570,0136419,410
201300026473,13,6,28,1837,1,2,1,2,6,047,RD 2152,M,4760480,0135158,410
201300026474,13,7,3,545,3,2,1,2,6,018,GAMBETTA (AVENUE),,,,410
201300026475,13,7,5,1615,1,2,3,1,3,018,LEWES (RUE DE),,,,410
201300026476,13,8,7,2158,3,1,1,2,2,018,D174,M,4759360,0135447,410
201300026477,13,8,12,1345,1,2,1,1,3,018,MAUNOURY (AVENUE DU MARE,,,,410
201300026478,13,8,29,1350,1,2,1,1,7,018,,,,,410
201300026479,13,8,30,1130,1,1,1,1,7,047,LOIRE (LEVEE DE LA),,,,410
201300026480,13,9,25,1730,1,2,1,1,2,018,VENDOME (AVENUE DE),,,,410
201300026481,13,9,25,1730,5,2,1,1,2,018,BOURG NEUF (RUE DU),,,,410
201300026482,13,9,27,1128,1,2,1,1,7,295,CHAMBORD (ROUTE DE),,,,410
201300026483,13,10,3,1505,1,1,6,1,2,212,RD 765 - RD 174,M,4756150,0137295,410
201300026484,13,10,13,315,3,1,1,1,7,018,D174,M,4759690,0135046,410
201300026485,13,10,16,1710,1,2,2,3,7,018,PAPILLONS (RUE DES),,,,410
201300026486,13,10,31,1335,1,2,1,1,3,047,R NATOINALE,M,4760800,0135520,410
201300026487,13,11,5,1041,1,1,1,2,3,018,D174,M,4759410,0135375,410
201300026488,13,11,6,905,1,1,1,1,7,018,RD200,M,4761680,0132874,410
201300026489,13,11,19,1754,5,2,1,2,2,018,SAINT-JEAN (QUAI),M,4758940,0134124,410
201300026490,13,11,29,1023,1,2,1,1,2,018,GALLOIS (RUE),,,,410
201300026491,13,12,15,35,4,2,1,1,6,295,"221, CHAMBORD (ROUTE DE)",M,4757560,0139708,410
201300026492,13,12,14,206,4,2,1,1,7,018,SAINT-DYE (LEVEE DE),,,,410
201300026493,13,12,17,1513,1,2,6,1,2,018,SCHUMAN (AVENUE ROBERT),,,,410
201300026494,13,12,27,1129,1,2,1,2,7,018,VERDUN (AVENUE DE),M,4759760,0134927,410
201300026495,13,12,28,920,1,1,1,1,7,018,RD200,M,4761680,0132874,410
201300026496,13,12,28,1140,1,2,1,2,1,018,DUPUIS (BOULEVARD DANIEL,M,4758140,0132338,410
201300026497,13,12,30,1935,3,1,1,1,7,018,RD 952,M,4756510,0130272,410
201300026498,13,1,10,1735,5,2,1,2,2,018,VENDOME (AVENUE DE),,,,410
201300026499,13,2,2,1825,3,2,1,2,7,018,DUGAY-TROUIN (RUE),,,,410
201300026500,13,2,12,1740,2,2,1,1,6,018,FENELON (RUE),,,,410
201300026501,13,2,22,245,5,1,1,1,7,018,D174,M,4758970,0135964,410
201300026502,13,2,27,1838,5,2,1,1,6,018,REMPARTS (RUE DES),,,,410
201300026503,13,2,26,1750,1,2,3,1,3,018,GARENNE (RUE DE LA),,,,410
201300026504,13,3,30,1615,1,1,1,2,5,018,CHAILLES (LEVEE DE),M,4756960,0131409,410
201300026505,13,4,29,1415,2,2,1,1,6,018,"16, SAINT-JEAN (QUAI)",M,4758840,0133973,410
201300026506,13,5,2,1740,1,2,1,1,5,047,MAUNOURY (AVENUE DE MARE,,,,410
201300026507,13,5,31,928,1,2,1,1,3,018,SCHUMAN (AVENUE ROBERT),,,,410
201300026508,13,6,18,1759,1,1,1,1,2,018,D174,M,4759550,0135199,410
201300026509,13,7,5,1258,1,2,1,1,2,018,"68, MAUNOURY (AVENUE DU",,,,410
201300026510,13,8,3,1540,1,2,1,1,3,018,CHATEAUDUN (AVENUE DE),,,,410
201300026511,13,8,4,1130,1,2,1,1,6,018,DUGAY-TROUIN (RUE),,,,410
201300026512,13,8,27,1539,1,2,1,1,3,018,"147, MAUNOURY (AVENUE DU",,,,410
201300026513,13,9,5,858,1,1,3,1,3,047,LES GROBEAUX,M,4762410,0135392,410
201300026514,13,9,8,845,1,1,1,1,1,018,COULANGES (ALLEE DE),,,,410
201300026515,13,9,20,100,3,1,1,2,6,212,RD 765,M,4755560,0138220,410
201300026516,13,9,21,1750,1,2,1,1,6,295,CHAMBORD (ROUTE DE),,,,410
201300026517,13,10,3,2000,3,1,3,1,3,018,COULANGES (ALLEE DE),,,,410
201300026518,13,10,15,1124,1,2,1,2,6,295,GENERAL DE GAULLE (AVENU,,,,410
201300026519,13,10,23,1755,2,2,1,7,6,018,DUGAY-TROUIN (RUE)  NO I,,,,410
201300026520,13,11,7,2025,5,2,3,2,3,295,TAILLES  (RUE DES),,,,410
201300026521,13,11,10,730,5,1,1,2,1,018,RD 952,M,4755650,0129553,410
201300026522,13,11,23,430,4,2,1,1,1,018,BONCOUR (BOULEVARD JOSEP,,,,410
201300026523,13,11,30,1836,3,2,1,1,6,018,BERTHONNEAU (RUE JULES),,,,410
201300026524,13,3,31,400,5,2,1,1,6,194,"24, ROCHE (RUE DE LA)",M,4735300,0175127,410
201300026525,13,4,24,1915,1,2,3,1,6,194,"1, CHATEAU (PLACE DU)",,,,410
201300026526,13,5,21,900,1,2,1,1,7,194,"3, LANGON (RUE DE)",,,,410
201300026527,13,1,14,1435,1,2,2,1,3,269,"., KENNEDY (BOULEVARD DU",,,,410
201300026528,13,1,17,1405,1,2,2,1,2,269,PARIS (ROUTE DE),M,4781080,0107385,410
201300026529,13,1,25,1510,1,2,1,1,4,269,PARIS (ROUTE DE),M,4780030,0107254,410
201300026530,13,2,1,1320,1,1,6,1,7,269,"., VILLIERS (ROUTE DE)",M,4779650,0101031,410
201300026531,13,2,6,1645,1,2,1,1,6,269,"., RONSARD (AVENUE)",M,4779710,0105368,410
201300026532,13,2,17,1905,5,2,1,1,3,269,"., CHARTRAIN (FAUBOURG)",,,,410
201300026533,13,2,27,1425,1,1,1,8,2,269,"., BLOIS (ROUTE DE)",,,,410
201300026534,13,2,27,1530,1,1,1,1,7,269,"., MANS (ROUTE DU)",M,4781090,0102713,410
201300026535,13,3,21,1045,1,1,1,1,7,269,BOIS LA BARBE (ROUTE DU),,,,410
201300026536,13,3,23,110,5,2,1,1,7,269,"41, LECLERC (MAIL DU MAR",,,,410
201300026537,13,3,28,1730,1,2,2,1,3,269,"., ROOSEVELT (BOULEVARD",,,,410
201300026538,13,12,18,1900,5,2,3,1,3,269,"108, FATON (RUE DU DOCTE",,,,410
201300026539,13,1,11,1555,1,2,2,1,3,269,"., ROOSEVELT (BOULEVARD",,,,410
201300026540,13,2,2,1505,1,2,2,1,7,269,PARIS (ROUTE DE),M,4779360,0107615,410
201300026541,13,2,16,115,3,1,1,5,7,158,VOIE DE PREPATOUR,,,,410
201300026542,13,2,19,1335,1,2,5,1,3,269,"02, RONSARD (AVENUE) (SE",M,4778100,0107392,410
201300026543,13,3,4,950,1,2,1,1,3,269,VILLIERS (ROUTE DE),,,,410
201300026544,13,3,12,2050,5,2,2,1,3,269,"., KENNEDY (BOULEVARD DU",,,,410
201300026545,13,3,22,450,3,2,1,1,7,003,"36, BEAUGENCY (ROUTE DE)",M,4779360,0108788,410
201300026546,13,4,12,1900,1,2,1,1,2,269,"08, CHARTRAIN (FAUBOURG)",,,,410
201300026547,13,5,14,1030,1,2,5,1,3,226,PARIS (ROUTE DE),M,4780420,0107108,410
201300026548,13,6,10,1210,1,2,3,1,3,269,"., CHARTRAIN (FAUBOURG)",,,,410
201300026549,13,6,18,1200,1,2,3,3,3,269,"., ILE DE FRANCE (AVENUE",,,,410
201300026550,13,6,20,250,4,2,2,1,7,269,"., YVON (AVENUE GERARD)",,,,410
201300026551,13,6,21,1155,1,2,5,1,6,269,PARIS (ROUTE DE),M,4780380,0107103,410
201300026552,13,6,24,1210,1,2,1,1,5,226,BOIS DE L'ORME (ALLEE DU,,,,410
201300026553,13,8,25,5,5,2,2,1,3,269,", CHARTRAIN (FAUBOURG)",,,,410
201300026554,13,10,11,1900,2,2,1,2,2,158,"., VALLEE (RUE DE LA)",,,,410
201300026555,13,10,15,1715,1,2,2,2,3,269,PARIS (ROUTE DE),,,,410
201300026556,13,10,25,1135,1,2,1,8,7,269,"289, CHAMPLES (RUE DES)",,,,410
201300026557,13,10,25,745,2,2,2,2,7,269,"., KENNEDY (BOULEVARD DU",,,,410
201300026558,13,11,12,455,5,2,3,1,3,158,"69, MONTRIEUX (RUE DE)",,,,410
201300026559,13,12,5,1810,5,2,1,1,6,269,"., BALZAC (RUE HONORE DE",,,,410
201300026560,13,12,27,1745,5,2,1,2,7,269,"41, CHANGE (RUE DU)",,,,410
201300026561,13,1,10,850,2,1,1,9,6,099,CD 25,M,4538009,0427308,420
201300026562,13,1,9,640,5,1,1,4,6,316,LITTRE (RUE EMILE),M,4540537,0428731,420
201300026563,13,1,18,1120,1,2,1,1,6,099,"25, MOURIER (RUE JOANNES",M,4538778,0426683,420
201300026564,13,2,5,1420,1,1,1,8,3,316,CD 3,M,4540916,0425170,420
201300026565,13,2,20,610,5,2,1,1,6,044,"1, JAURES (PLACE JEAN)",M,4539663,0432390,420
201300026566,13,3,20,1745,1,2,1,1,6,183,RD  88,M,4540295,0436206,420
201300026567,13,3,26,1920,5,2,1,1,6,095,CD 3,M,4539110,0428255,420
201300026568,13,3,31,1330,1,1,1,1,6,044,"34, HUGO (IMPASSE VICTOR",M,4539393,0432991,420
201300026569,13,3,30,1840,1,2,1,2,5,183,RD  88,M,4540434,0436786,420
201300026570,13,4,19,1805,1,2,1,1,6,095,"1, CHAUSSE (PLACE DU CHA",M,4539190,0429115,420
201300026571,13,4,18,1915,1,2,3,1,3,095,RD 88,M,4538883,0428676,420
201300026572,13,4,27,1600,1,2,1,2,3,095,CD 3,M,4539271,0429010,420
201300026573,13,4,27,2140,3,1,1,4,2,183,"1, RD 3088",M,4540782,0436136,420
201300026574,13,5,12,1015,1,2,1,1,3,316,"31, HOLTZER (RUE)",M,4539376,0426948,420
201300026575,13,6,3,1800,1,2,1,1,3,095,RD 88,M,4538661,0428406,420
201300026576,13,6,16,1230,1,1,3,1,3,270,CD 108,M,4539635,0423496,420
201300026577,13,6,19,1750,1,2,3,1,3,183,"1, PASTEUR (RUE)",M,4540643,0436735,420
201300026578,13,6,30,1446,1,1,1,1,7,031,CD 108,M,4542966,0424248,420
201300026579,13,7,6,2335,5,2,1,1,3,044,RD 88,M,4539572,0431818,420
201300026580,13,7,17,1820,1,2,1,1,6,316,"1, PASTEUR (RUE)",M,4540148,0426057,420
201300026581,13,7,23,25,5,1,1,1,3,270,CD 108,M,4540074,0423952,420
201300026582,13,8,30,1900,1,2,1,1,5,183,RD  88,M,4540095,0435563,420
201300026583,13,9,4,1500,1,2,1,1,1,316,CD 25,M,4540628,0426943,420
201300026584,13,9,11,1200,1,2,1,1,3,183,RD 3088,M,4541159,0436919,420
201300026585,13,9,28,1925,1,2,1,1,1,270,CD 108,M,4540070,0423932,420
201300026586,13,9,28,1515,1,2,1,1,3,044,"1, CITROEN (AVENUE ANDRE",M,4539229,0430243,420
201300026587,13,10,4,1145,1,1,1,1,6,183,"1, BERAUDIERE (RUE DE LA",M,4540684,0437971,420
201300026588,13,10,14,1715,1,2,1,1,3,316,CD 3,M,4539268,0426930,420
201300026589,13,12,1,1745,4,1,1,1,6,044,RD 22-a,M,4539510,0433755,420
201300026590,13,11,30,1915,3,1,1,1,6,095,RD 88,M,4537899,0427480,420
201300026591,13,12,26,2040,5,2,1,1,1,095,CD 500,M,4538635,0429870,420
201300026592,13,5,12,1130,1,1,1,1,3,186,DE GAULLE AVENUE CHARLES,M,4551247,0458521,420
201300026593,13,5,25,1500,1,2,1,8,6,186,"0, FLEURDELIX QUAI",M,4552885,0461730,420
201300026594,13,11,1,2010,5,2,1,1,1,103,"20, JAURES RUE JEAN",M,4550536,0457028,420