Num_Acc,an,mois,jour,hrmn,lum,agg,int,atm,col,com,adr,gps,lat,long,dep
201300026595,13,12,12,15,5,2,1,1,6,103,"102, PASTEUR RUE LOUIS",M,4549527,0456180,420
201300026596,13,12,21,35,5,2,4,1,3,186,"1, SEMARD PONT PIERRE",M,4552432,0460712,420
201300026597,13,2,11,1730,2,2,1,1,3,187,"0, VALMY (BOULEVARD DE)",M,4606688,0408284,420
201300026598,13,1,23,914,1,2,1,1,6,187,"0, PROMENADES POPULLE(PO",M,4603643,0406491,420
201300026599,13,1,25,1330,1,2,1,1,6,187,"5, CARNOT (AVENUE)",M,4603966,0406663,420
201300026600,13,1,24,1315,1,2,1,1,6,187,"0, CLEMENT (BOULEVARD JE",M,4604492,0408394,420
201300026601,13,1,10,515,5,2,2,1,3,187,"0, RECLUS (RUE ELISEE)",M,4604355,0406745,420
201300026602,13,1,11,802,2,2,4,2,6,187,"0, PARIS (AVENUE DE)",M,4604202,0407304,420
201300026603,13,1,12,1740,5,2,6,1,3,187,"0, PROMENADES POPULLE(PO",M,4603631,0406405,420
201300026604,13,1,20,1100,1,2,1,1,6,187,"0, CLERMONT (RUE DE )",M,4603085,0406714,420
201300026605,13,1,24,1520,1,2,4,1,3,187,"17, HERMINIER (QUAI DU C",M,4603484,0407876,420
201300026606,13,1,25,1900,5,2,1,1,7,187,"0, BAPAUME (RUE DE )",M,4605969,0408261,420
201300026607,13,1,27,1705,1,2,1,1,2,184,"1153, FOCH MARECHAL (RUE",M,4603962,0403733,420
201300026608,13,1,31,1315,1,2,1,1,3,187,"50, GIRAUD (RUE DU GENER",M,4603393,0405410,420
201300026609,13,2,8,1915,5,2,6,1,3,127,"0, CORNEILLE PIERRE (RUE",M,4606293,0406270,420
201300026610,13,2,1,1810,5,2,3,2,3,187,"250, CHARLIEU (RUE DE )",M,4605736,0408714,420
201300026611,13,3,2,1650,1,2,1,1,6,187,"10, FONTQUENTIN (RUE)",M,4603991,0408063,420
201300026612,13,3,10,1555,1,2,1,1,2,184,"629, FOCH MARECHAL (RUE)",M,4603946,0404426,420
201300026613,13,3,8,1650,1,2,1,1,6,187,"23, MARENGO (RUE)",M,4603613,0407533,420
201300026614,13,3,19,1010,1,2,1,1,1,187,"80, CLERMONT (RUE DE )",M,4602692,0406297,420
201300026615,13,3,19,920,1,2,4,1,3,187,"65, CLERMONT (RUE DE )",M,4602877,0406529,420
201300026616,13,4,5,825,1,2,3,2,6,187,"25, PERI (PLACE GABRIEL)",M,4602890,0406569,420
201300026617,13,4,11,1240,1,2,6,1,3,184,"0, GALLIENI JOSEPH (AVEN",M,4604750,0405147,420
201300026618,13,4,12,1210,1,2,3,1,1,187,"0, MARENGO (RUE)",M,4603765,0407536,420
201300026619,13,4,17,908,1,2,1,1,2,187,"0, CHARLIEU (RUE DE )",M,4604758,0408225,420
201300026620,13,4,20,1040,1,2,2,2,3,187,"0, DOURDEIN (RUE AUGUSTE",M,4604244,0405818,420
201300026621,13,4,20,1520,1,2,1,2,1,071,"112, LIBERATION (AVENUE",M,4602635,0408566,420
201300026622,13,3,18,1620,1,2,1,1,3,187,"75, HERMINIER (QUAI DU C",M,4603945,0408244,420
201300026623,13,3,27,1610,1,2,1,1,7,127,"28, NOYON (AVENUE DE)",M,4607017,0407442,420
201300026624,13,3,17,510,5,2,1,1,2,187,"1, CLERMONT (RUE DE )",M,4603116,0406733,420
201300026625,13,5,5,1240,2,1,1,1,6,170,LE CHATELARD (LIEU DIT),M,4604988,0412877,420
201300026626,13,4,22,1620,1,2,1,1,4,127,"0, Route nationale 7",M,4606755,0405233,420
201300026627,13,4,29,1345,1,2,1,1,2,187,"5, CUVIER  (RUE)",M,4604784,0406811,420
201300026628,13,4,29,1520,1,1,1,2,2,170,"0, R.D 504",M,4603418,0418193,420
201300026629,13,5,3,2125,5,2,6,1,3,187,"0, PROMENADES POPULLE(PO",M,4603691,0406534,420
201300026630,13,5,5,2130,5,2,1,1,7,184,"43, BLUM  LEON   (RUE)",M,4604316,0403188,420
201300026631,13,5,6,1750,1,2,6,1,6,127,"0, FONTAINE JEAN  (RUE D",M,4606655,0406295,420
201300026632,13,5,9,2115,5,2,2,3,3,187,"0, HOCHE (RUE)",M,4602857,0407409,420
201300026633,13,5,11,1335,1,2,3,1,3,187,"FACE 19, PARIS (AVENUE D",M,4605914,0406060,420
201300026634,13,5,15,1900,1,2,1,2,1,187,"38, RABELAIS (RUE FRANCO",M,4604072,0405736,420
201300026635,13,5,16,1100,1,2,4,2,1,187,"0, CHARLIEU (RUE DE )",M,4604471,0407990,420
201300026636,13,5,16,1125,1,2,1,2,3,184,"0, OUEST  (BD)",M,4604564,0405733,420
201300026637,13,6,16,415,5,2,1,1,6,187,"1, SAINT-ALBAN (RUE DE )",M,4603636,0406353,420
201300026638,13,7,4,2048,2,2,1,1,6,187,"70, SAMPAIX  (RUE LUCIEN",M,4603039,0406095,420
201300026639,13,7,12,2135,2,2,1,1,6,187,"55, MULSANT (RUE)",M,4603858,0405813,420
201300026640,13,7,15,1944,1,2,6,1,3,184,"0, MICHEL LOUISE  (RUE)",M,4604914,0405187,420
201300026641,13,5,16,1205,1,2,3,2,3,187,"142, MULSANT (RUE)",M,4603969,0405384,420
201300026642,13,5,21,1745,1,2,1,3,2,187,"207, CHARLIEU (RUE DE )",M,4605553,0408636,420
201300026643,13,5,22,1530,1,2,9,1,3,170,"0, LES PLAINES (LIEU DIT",M,4603451,0409849,420
201300026644,13,5,25,1405,1,2,1,1,2,184,MICHEL LOUISE  (RUE),M,4604945,0405164,420
201300026645,13,5,29,1445,1,2,3,2,3,187,"0, GIRAUD (RUE DU GENERA",M,4603224,0406472,420
201300026646,13,6,1,1245,1,2,2,1,3,184,"0, Avenue Charlie CHAPLI",M,4602716,0402542,420
201300026647,13,6,8,1245,2,2,2,3,3,187,"0, MARECHAL JOFFRE (BOUL",M,4605353,0407878,420
201300026648,13,6,7,2035,1,2,1,1,6,187,"0, LYON (AVENUE DE)",M,4603944,0407720,420
201300026649,13,6,10,1500,1,2,1,2,1,170,"0, R.D 504",M,4603709,0412227,420
201300026650,13,6,13,1610,2,2,1,1,2,187,"117, PARIS (AVENUE DE)",M,4604681,0406934,420
201300026651,13,6,20,2020,2,2,1,1,7,184,"396, CHARLES DE GAULLE(A",M,4605411,0406430,420
201300026652,13,6,23,2150,5,2,3,1,3,187,"0, GIRAUD (RUE DU GENERA",M,4603255,0405982,420
201300026653,13,6,26,2140,1,2,1,1,3,184,"0, OUEST  (BD)",M,4603350,0404519,420
201300026654,13,6,30,620,1,2,2,1,3,071,"0, LIBERATION (AVENUE DE",M,4602348,0408749,420
201300026655,13,6,30,1535,1,2,1,1,6,187,"36, HERMINIER (QUAI DU C",M,4603652,0408017,420
201300026656,13,6,28,945,1,2,4,1,3,127,"125, TUILERIES (FUTURE D",M,4607272,0404340,420
201300026657,13,7,6,845,1,2,1,1,6,127,"0, PARC (RUE DU)",M,4608680,0405779,420
201300026658,13,7,9,1145,1,2,1,1,2,187,"47, SEMARD (RUE PIERRE )",M,4603948,0406147,420
201300026659,13,7,10,1730,1,2,6,1,3,187,"0, MARECHAL JOFFRE (BOUL",M,4605366,0407346,420
201300026660,13,7,11,1105,1,2,1,1,6,187,"15, CLERMONT (RUE DE )",M,4603036,0406675,420
201300026661,13,6,19,1410,1,2,2,1,3,187,CHARLIEU (RUE DE ),M,4605586,0408657,420
201300026662,13,7,14,1820,1,2,1,1,7,187,"0, GOUGENOT (RUE J.)",M,4602927,0406557,420
201300026663,13,7,26,1955,1,2,1,1,7,184,"0, OUEST  (BD)",M,4604754,0405152,420
201300026664,13,7,19,740,2,2,3,1,3,187,"0, MARECHAL JOFFRE (BOUL",M,4605343,0407859,420
201300026665,13,7,22,1740,1,2,1,1,3,071,Parking LIDL,M,4602782,0408345,420
201300026666,13,7,26,1710,1,2,1,1,7,187,"5, PUY (RUE JEAN)",M,4603814,0406974,420
201300026667,13,7,26,1600,1,2,2,1,3,184,"0, FARON JULES (RUE)",M,4604735,0403594,420
201300026668,13,7,27,1500,1,1,1,1,2,127,"0, BRIENNON (RT DE)",M,4611672,0407556,420
201300026669,13,7,29,2015,1,2,1,1,7,187,"24, ROUSSEAU (RUE JEAN J",M,4603780,0405565,420
201300026670,13,8,7,1730,1,1,1,1,2,170,"0, R.D 504",M,4603747,0410998,420
201300026671,13,8,8,1005,1,2,3,2,3,187,"36, HERMINIER (QUAI DU C",M,4603659,0408014,420
201300026672,13,8,11,1030,1,2,1,1,7,071,"51 bis, SEMARD (QUAI PIE",M,4602733,0408256,420
201300026673,13,8,11,2230,5,2,1,1,7,184,"0, OUEST  (BD)",M,4603833,0404580,420
201300026674,13,8,13,1740,1,2,1,1,2,184,"0, OUEST  (BD)",M,4605400,0406403,420
201300026675,13,8,15,1930,1,2,1,1,2,184,"0, FOCH MARECHAL (RUE)",M,4604007,0402810,420
201300026676,13,8,17,1602,1,2,4,1,2,187,"0, DESMOULINS (RUE CAMIL",M,4603358,0405557,420
201300026677,13,8,21,1417,1,2,2,1,3,187,"38, MATEL (RUE DE )",M,4604842,0408628,420
201300026678,13,8,26,855,1,2,1,1,7,187,"20, BEAULIEU (RUE DE )",M,4603480,0406782,420
201300026679,13,9,5,1415,1,2,1,1,3,170,"0, LE MOULIN TAMPON (LIE",M,4603213,0409396,420
201300026680,13,9,5,1440,1,2,1,1,2,127,"217, BRIENNON (RT DE)",M,4607112,0407366,420
201300026681,13,9,5,1905,1,2,4,1,3,187,"13, MULSANT (RUE)",M,4603790,0406083,420
201300026682,13,9,7,1108,1,2,4,2,6,184,"187, SAINT-ROMAIN (RUE D",M,4604110,0405063,420
201300026683,13,9,7,1255,1,2,1,1,2,071,"0, ETINES (BOULEVARD DES",M,4602482,0409042,420
201300026684,13,10,20,2245,5,2,1,1,7,187,"0, PROMENADES POPULLE (P",M,4603564,0406515,420
201300026685,13,9,17,1710,1,2,1,1,5,187,"42, SAMPAIX  (RUE LUCIEN",M,4603065,0406506,420
201300026686,13,9,18,740,1,2,4,1,3,187,"face 30, BELGIQUE (BOULE",M,4604544,0407673,420
201300026687,13,9,21,1955,5,2,1,1,2,187,"6, ARISTIDE BRIAND ( PLA",M,4603279,0407965,420
201300026688,13,9,23,1521,1,2,1,1,6,187,"76, HOCHE (RUE)",M,4602816,0407003,420
201300026689,13,9,26,920,1,2,4,1,3,187,"39, BENOIT (BOULEVARD CA",M,4604839,0406953,420
201300026690,13,9,27,1145,1,2,4,1,3,184,"0, FOCH MARECHAL (RUE)",M,4604010,0402836,420
201300026691,13,10,2,825,1,2,3,1,3,187,"23, OUDAN (RUE DE L')",M,4605178,0408924,420
201300026692,13,10,4,740,2,2,1,2,3,187,"0, DEPIERRE (RUE PIERRE)",M,4603106,0407566,420
201300026693,13,10,8,745,2,2,1,1,7,187,"0, CENTRALE (AVENUE)",M,4606720,0407624,420
201300026694,13,10,11,1820,2,2,6,1,3,184,"0, OUEST  (BD)",M,4604748,0405183,420
201300026695,13,9,24,1915,1,2,1,1,6,187,"0, VERNES (RUE DES)",M,4603070,0404990,420
201300026696,13,11,5,1925,5,2,1,1,1,187,"87, SEMARD (RUE PIERRE )",M,4604215,0406039,420
201300026697,13,10,14,1330,1,2,1,1,4,187,"5, BELGIQUE (BOULEVARD D",M,4604475,0407979,420
201300026698,13,10,18,1015,1,2,6,1,3,187,"0, DORIAN (ROND POINT)",M,4603377,0407782,420
201300026699,13,10,21,1515,1,2,3,1,3,127,"0, FRANCE PROLONGEE ANAT",M,4606383,0406245,420
201300026700,13,10,25,1215,1,2,1,1,4,071,"0, DE GAULLE (BOULEVARD",M,4601684,0409626,420
201300026701,13,10,26,1038,1,2,3,1,3,071,"0, CARNOT (RUE)",M,4603134,0408382,420
201300026702,13,10,26,1550,1,2,1,1,3,187,"22, HALAGE (CHEMIN DU)",M,4602031,0406195,420
201300026703,13,10,30,1130,1,2,3,1,3,071,"0, CLEMENCEAU (RUE GEORG",M,4601704,0408614,420
201300026704,13,10,30,845,1,2,8,1,3,071,LIBERATION (AVENUE DE LA,M,4602196,0408854,420
201300026705,13,10,31,1325,1,2,6,1,3,184,"0, OUEST  (BD)",M,4604542,0405625,420
201300026706,13,11,4,1512,1,2,3,2,3,187,"30, BELGIQUE (BOULEVARD",M,4604582,0407454,420
201300026707,13,11,9,1530,1,2,1,1,2,187,"60, BELGIQUE (BOULEVARD",M,4604599,0407425,420
201300026708,13,11,7,800,1,2,3,1,3,187,"0, ARRAS (BOULEVARD D')",M,4606419,0407451,420
201300026709,13,11,15,2055,5,2,1,1,6,127,"0, DEMI LIEUE (PLACE DE",M,4606736,0405488,420
201300026710,13,11,19,1130,1,2,1,3,7,187,"0, OUEST (BOULEVARD)",M,4604992,0406351,420
201300026711,13,11,19,1600,1,2,3,2,7,187,"0, PLASSE (RUE GEORGES)",M,4603484,0405830,420
201300026712,13,11,20,940,1,2,3,4,3,187,"0, CAMUS (RUE ALBERT)",M,4604129,0405551,420
201300026713,13,11,26,745,2,2,1,2,3,187,"35, WILSON (RUE DU PRESI",M,4605675,0409148,420
201300026714,13,11,21,1700,5,2,3,2,7,187,"0, FONTENILLE (RUE)",M,4604043,0407374,420
201300026715,13,11,28,800,2,2,1,1,2,187,THOMAS (RUE ALBERT),M,4604306,0407369,420
201300026716,13,11,29,1705,2,2,1,1,7,184,"0, OUEST  (BD)",M,4604674,0405413,420
201300026717,13,12,16,1205,1,2,6,1,3,127,"0, BRIENNON (RT DE)",M,4608358,0408368,420
201300026718,13,12,20,1700,5,2,3,1,2,187,"0, Rue Emile NOIROT",M,4603693,0406540,420
201300026719,13,12,21,1410,1,2,3,1,3,187,"84, PARIS (AVENUE DE)",M,4604713,0406919,420
201300026720,13,12,13,2220,5,2,1,1,6,187,"80, BELGIQUE (BOULEVARD",M,4604592,0407190,420
201300026721,13,12,2,1450,1,2,1,1,3,187,"14, MERMOZ (RUE JEAN)",M,4603530,0406191,420
201300026722,13,12,3,1800,3,1,1,1,7,170,"0, FECHET (LIEU DIT)",M,4600677,0415249,420
201300026723,13,12,6,1615,2,2,5,1,3,187,"0, PHENIX (PLACE DU)",M,4603644,0406385,420
201300026724,13,12,10,1839,5,2,1,1,4,187,"56, BRISON (RUE)",M,4603187,0406768,420
201300026725,13,12,11,1535,1,2,1,1,2,170,"0, R.D 504",M,4604075,0414766,420
201300026726,13,12,11,2031,5,2,1,1,2,187,"15, VALMY (BOULEVARD DE)",M,4606674,0408568,420
201300026727,13,12,12,1445,1,2,1,1,7,071,"116, LIBERATION (AVENUE",M,4602638,0408580,420
201300026728,13,12,13,850,1,2,1,1,7,187,"0, FERRY (BOULEVARD JULE",M,4603152,0407108,420
201300026729,13,12,13,920,1,2,1,1,1,187,"60, ARRAS (BOULEVARD D')",M,4606285,0407482,420
201300026730,13,12,15,1615,1,2,1,1,7,184,OUEST  (BD),M,4604775,0405119,420
201300026731,13,12,25,1737,2,2,1,1,7,170,LES FRANCHISES (LIEU DIT,M,4603748,0411845,420
201300026732,13,12,24,1840,5,2,3,1,3,184,"0, SAINT-ROMAIN (RUE DE)",M,4604253,0404812,420
201300026733,13,12,30,1015,1,1,3,1,3,127,"0, BONVERT (RT DE)",M,4607979,0408352,420
201300026734,13,1,31,1810,5,2,1,1,6,207,"18, TROIS FRERES RUE DES",M,4547296,0450886,420
201300026735,13,4,16,1754,1,1,1,1,1,053,SAINTE CROIX ROUTE DE,M,4549691,0462807,420
201300026736,13,6,15,2110,1,2,1,1,7,207,"0, CD 37",M,4548411,0451999,420
201300026737,13,8,29,1150,1,2,4,1,4,207,"1, GRAVIER AUGUSTE SQUAR",M,4547340,0451748,420
201300026738,13,9,19,1100,1,2,3,1,3,110,"14, PASTEUR  AVENUE",M,4548633,0454287,420
201300026739,13,10,16,1820,1,2,3,1,6,207,"0, SEGUIN MARC RUE",M,4547557,0452006,420
201300026740,13,11,6,1455,1,2,3,1,3,207,"64, COIN ROUTE DU",M,4546830,0453306,420
201300026741,13,11,2,2153,5,2,1,2,3,110,"17, PASTEUR  AVENUE",M,4548719,0454478,420
201300026742,13,11,7,1930,5,2,1,1,6,207,"8, GAMBETTA RUE",M,4547371,0451173,420
201300026743,13,10,22,2255,5,2,1,1,5,207,"61, PETIN GAUDET RUE",M,4546512,0450798,420
201300026744,13,12,2,1150,1,2,1,1,4,207,"2, ORIOL BENOIT RUE",M,4547732,0451577,420
201300026745,13,12,4,1210,1,2,2,1,1,207,"12, GILLET FRANCOIS RUE",M,4545681,0450459,420
201300026746,13,12,8,1030,1,2,1,1,2,110,"63b, PASTEUR  AVENUE",M,4548504,0453982,420
201300026747,13,12,13,1945,5,2,1,9,6,110,"49, PASTEUR  AVENUE",M,4548588,0454173,420
201300026748,13,12,27,1245,1,2,2,1,3,207,"67, PETIN GAUDET RUE",M,4546473,0450779,420
201300026749,13,12,21,1950,5,2,1,1,2,218,"ignor?, SCHEURER KESTNER",M,4545414,0439427,420
201300026750,13,1,2,1230,1,2,1,1,6,218,"81, SOULIE LOUIS",M,4544859,0440172,420
201300026751,13,1,4,855,2,1,1,2,7,223,ROCADE OUEST,M,4544167,0434228,420
201300026752,13,1,5,1150,1,2,6,2,3,218,"sans, POMPIDOU GEORGES (",M,4545896,0440795,420
201300026753,13,1,7,1247,1,2,1,1,3,218,"5, KNOBLAUCH LIEUTENANT",M,4545268,0438240,420
201300026754,13,1,18,942,1,2,2,1,3,218,"124, MONTAT (DE LA) A PA",M,4544308,0441306,420
201300026755,13,1,18,1210,1,2,1,1,6,218,FRAISSINETTE ALEXANDRE (,M,4541770,0441555,420
201300026756,13,1,18,1935,5,2,1,9,3,218,"40, CROIX DE MISSION",M,4542867,0437290,420
201300026757,13,1,21,100,5,2,1,4,6,218,"FACE 128, BERGSON A PART",M,4546269,0438054,420
201300026758,13,1,19,610,5,2,1,2,6,305,"sans, ALLENDE SALVADOR",M,4547211,0442432,420
201300026759,13,1,23,1905,5,2,1,8,6,218,"37, DAGUERRE",M,4542401,0438943,420
201300026760,13,1,24,1545,1,2,1,1,6,218,"34, JANIN JULES (BD) DES",M,4544881,0439091,420
201300026761,13,1,5,1719,2,2,3,1,6,218,"SANS, REVOLLIER J-FRANCO",M,4545517,0437762,420
201300026762,13,1,23,1406,1,2,1,1,6,218,"14, TERRENOIRE (DE) JUSQ",M,4542990,0441139,420
201300026763,13,2,5,1750,3,1,1,4,1,189,C.D.10,M,4543889,0433739,420
201300026764,13,2,9,1400,1,2,2,4,3,218,FRAISSINETTE ALEXANDRE (,M,4542316,0442291,420
201300026765,13,2,13,1001,1,2,1,1,7,189,"IGNORE, PASCAL BLAISE (B",M,4543237,0432167,420
201300026766,13,2,20,1355,1,1,1,1,2,330,ROCADE OUEST,M,4546792,0434384,420
201300026767,13,2,22,1754,1,2,1,1,3,218,"60, NORMANDIE NIEMEN A P",M,4543590,0441475,420
201300026768,13,2,21,1801,1,2,1,8,6,218,"IGNORE, FAURIEL (COURS)",M,4543114,0439574,420
201300026769,13,2,27,1750,1,2,1,1,6,189,ESSARTERY,M,4543301,0433777,420
201300026770,13,2,28,2000,5,2,1,1,6,218,"14, GERENTET",M,4544073,0438747,420
201300026771,13,3,1,650,2,2,2,1,3,218,"IGNORE, KRUMNOW FREDO (B",M,4543951,0437868,420
201300026772,13,3,2,1720,1,2,3,1,3,218,"24, CHAVASSIEUX JUSQU'AU",M,4544628,0436736,420
201300026773,13,3,2,1900,5,2,2,1,3,218,EVRARD FLORENT A PARTIR,M,4542396,0437522,420
201300026774,13,3,4,1530,1,2,1,1,6,218,"ignor?, LAMAIZIERE LEON",M,4546818,0438140,420
201300026775,13,3,11,920,1,2,1,1,6,218,"31, POYLO ALBERT",M,4545833,0438374,420
201300026776,13,3,11,1410,1,2,1,1,6,330,"06, Avenue de la Cit�",M,4546449,0436772,420
201300026777,13,3,11,1730,1,2,1,1,6,218,"32, JANIN JULES (BD) DES",M,4544881,0439091,420
201300026778,13,3,14,1215,1,2,1,1,6,218,"14, DUPUY CHARLES",M,4544083,0437594,420
201300026779,13,3,14,1630,1,2,1,1,6,218,"45, THIMONNIER A PARTIR",M,4541704,0439975,420
201300026780,13,3,15,1430,1,2,1,1,6,218,"ignor?, MUSSET ALFRED DE",M,4544512,0438046,420
201300026781,13,3,18,1015,1,2,1,1,6,218,"33, LIBERATION (AVENUE)",M,4543747,0439309,420
201300026782,13,3,16,959,1,2,3,1,6,218,"01, FABIEN COLONEL",M,4543501,0443717,420
201300026783,13,3,16,1012,1,2,1,1,7,218,"33, LIOGIER JUSQU'AUX N?",M,4542838,0440464,420
201300026784,13,3,21,850,1,2,2,1,3,330,SOULIE LOUIS,M,4547248,0436242,420
201300026785,13,3,26,1430,1,2,1,1,6,218,"ignor?, DORIAN (PLACE)",M,4543856,0438869,420
201300026786,13,3,28,1710,1,2,2,2,1,218,CHAVASSIEUX JUSQU'AUX N?,M,4544650,0436751,420
201300026787,13,3,29,1458,1,1,1,1,5,218,RD1082,M,4540064,0441600,420
201300026788,13,4,10,1235,1,2,4,1,1,218,SAINT SIMON,M,4545241,0436557,420
201300026789,13,4,10,729,2,2,1,1,6,218,"08, HOTEL DE VILLE (PLAC",M,4543870,0438730,420
201300026790,13,4,11,1755,1,2,1,1,6,218,"10, BERTHIER CLAUDE (CHE",M,4541599,0441694,420
201300026791,13,4,12,1430,1,2,1,1,6,218,"ignor?, ROOSEVELT FRANKL",M,4542120,0441162,420
201300026792,13,4,12,1615,1,2,1,1,6,218,"29, PUITS THIBAUD (DU)",M,4544411,0440459,420
201300026793,13,4,13,2145,5,2,1,1,3,218,"34, TARENTAIZE",M,4543671,0438228,420
201300026794,13,4,14,5,3,1,1,1,6,218,D3,M,4543740,0426483,420
201300026795,13,4,17,1020,1,2,1,1,6,218,"ignor?, TARENTAIZE",M,4543748,0438176,420
201300026796,13,4,18,1323,1,2,1,1,6,189,"03, CURIE PIERRE ET MARI",M,4541875,0431242,420
201300026797,13,4,19,1822,1,1,1,1,3,237,RD 32,M,4545536,0445272,420
201300026798,13,4,24,1643,1,2,7,1,3,218,"1, VILLEBOEUF (PLACE)",M,4543256,0439445,420
201300026799,13,4,20,1555,1,2,1,2,6,218,"115, FAURIEL (COURS)",M,4542120,0441104,420
201300026800,13,4,26,1225,1,2,2,1,3,218,"33, VERNET HORACE JUSQU'",M,4543059,0440479,420
201300026801,13,5,2,825,1,2,1,1,6,218,"86, CHARCOT DOCTEURS A P",M,4541734,0439361,420
201300026802,13,5,2,1529,1,2,1,1,3,218,"IGNORE, VERNEY CARRON CL",M,4546316,0438223,420
201300026803,13,5,9,2020,1,2,2,1,3,218,PALLUAT DE BESSET JUSQU',M,4544314,0437671,420
201300026804,13,5,8,456,5,2,2,1,3,218,"159, DURAFOUR ANTOINE A",M,4542384,0439622,420
201300026805,13,5,11,723,2,2,1,1,6,218,"02, PALACH JAN",M,4543023,0441180,420
201300026806,13,5,13,845,1,2,1,1,3,218,"125, VIVALDI ANTONIO (BO",M,4546458,0440874,420
201300026807,13,5,14,1859,1,2,3,1,6,218,"33, CHAVANELLE (PLACE)",M,4543447,0439282,420
201300026808,13,5,16,1705,1,1,1,2,2,189,ROCADE OUEST,M,4543794,0434154,420
201300026809,13,5,23,848,1,2,1,1,6,218,"05, ARAGO",M,4543184,0439794,420
201300026810,13,5,23,1645,1,2,1,1,1,218,"11, CUVIER",M,4542877,0439260,420
201300026811,13,5,29,1050,1,2,2,1,6,218,"26, CHAMPAGNE JUSQU'AUX",M,4541835,0439820,420
201300026812,13,5,30,1729,1,2,1,1,7,218,R.D. N?25,M,4541615,0430063,420
201300026813,13,5,31,1351,1,1,2,2,3,218,CHOLAT CHARLES,M,4546494,0439867,420
201300026814,13,5,31,1644,1,2,3,2,6,218,"01, BARRE",M,4543590,0438361,420
201300026815,13,6,1,1744,1,2,3,1,3,218,FRANCHET D'ESPEREY M. A,M,4543895,0437754,420
201300026816,13,6,10,1335,1,2,2,1,3,330,"ignor?, CYCLOTOURISTES (",M,4546259,0435932,420
201300026817,13,6,13,625,1,2,1,1,6,218,CHALENDARD MARIUS,M,4541410,0439426,420
201300026818,13,6,14,2220,5,2,1,1,6,189,"6, BRAILLE LOUIS (BOULEV",M,4541750,0431196,420
201300026819,13,6,15,1815,1,2,3,1,1,218,"face au 16, MULLER DES D",M,4544664,0439800,420
201300026820,13,6,13,2330,3,1,1,2,7,223,ROCADE OUEST,M,4544282,0434221,420
201300026821,13,6,19,1830,1,2,2,1,6,218,DUVAL RAOUL (BOULEVARD),M,4542308,0438326,420
201300026822,13,6,18,2108,2,1,1,1,7,218,CD8,M,4539408,0445580,420
201300026823,13,6,21,1250,1,2,1,1,6,218,"30, JANIN JULES (BD) JUS",M,4544858,0438979,420
201300026824,13,6,23,920,1,1,1,1,2,223,ROCADE OUEST,M,4544212,0434229,420
201300026825,13,6,25,1730,1,2,2,1,3,218,"25, LEDIN JULES",M,4544423,0438222,420
201300026826,13,6,29,1945,1,2,1,2,6,218,"75, TERRENOIRE (DE) A PA",M,4543454,0442081,420
201300026827,13,7,4,1015,1,2,1,8,6,218,"42, BERNARD MARTIN",M,4543079,0438129,420
201300026828,13,7,3,1550,1,2,1,1,2,218,"3, LOUBET (AVENUE PRESID",M,4543603,0438427,420
201300026829,13,7,6,2240,3,1,1,1,2,330,ROCADE OUEST,M,4546616,0434041,420
201300026830,13,7,11,625,1,2,1,1,6,218,"87, VALBENOITE (BD) JUSQ",M,4542478,0439702,420
201300026831,13,7,11,1640,1,2,1,1,7,218,"SANS, SCHEURER KESTNER",M,4545417,0439408,420
201300026832,13,7,15,1445,1,2,6,1,6,275,"02, TROIS GLORIEUSES",M,4546834,0438165,420
201300026833,13,7,15,1345,1,2,1,1,6,218,"face 99 b, FAURIEL (COUR",M,4542279,0440872,420
201300026834,13,7,17,1940,1,2,2,1,3,218,LAMARTINE,M,4544800,0438122,420
201300026835,13,7,19,100,5,2,3,1,6,218,"sans, VILLEBOEUF (PLACE)",M,4543255,0439441,420
201300026836,13,7,21,840,1,2,1,1,6,330,"22, CIMETIERE (ALLEE)",M,4546409,0435063,420
201300026837,13,7,22,1045,1,2,1,1,6,218,"face au 11, DUCHAMP VICT",M,4544264,0438030,420
201300026838,13,7,24,1925,1,2,3,1,7,330,"sans, SOULIE LOUIS",M,4547249,0436242,420
201300026839,13,7,24,1924,1,1,1,1,7,223,"SANS, D3",M,4543687,0435738,420
201300026840,13,7,26,1010,1,2,1,1,6,218,"50, JANIN JULES (BD) A P",M,4544670,0439707,420
201300026841,13,7,29,1540,1,2,3,1,3,218,"18, BALAY JUSQU'AUX N? 5",M,4544337,0438676,420
201300026842,13,8,2,750,1,1,1,1,1,223,"sans, LANDUZIERE (LIEU D",M,4546247,0431250,420
201300026843,13,8,2,1750,1,2,1,1,6,218,"61, RICHELANDIERE (DE LA",M,4543763,0440534,420
201300026844,13,8,4,1845,1,2,1,1,2,218,Bd Martin Bernard,M,4543275,0438024,420
201300026845,13,8,8,1201,1,2,2,3,7,218,HAVEURS (DES),M,4542442,0437490,420