Num_Acc,an,mois,jour,hrmn,lum,agg,int,atm,col,com,adr,gps,lat,long,dep
201300026846,13,8,14,1445,1,2,2,1,3,218,"ignor?, VILLEBOEUF (PLAC",M,4543255,0439442,420
201300026847,13,8,16,1330,1,2,1,1,1,218,"20, CHAVASSIEUX JUSQU'AU",M,4544599,0436796,420
201300026848,13,8,17,2010,1,2,1,1,2,237,"62, HUGO (VICTOR)",M,4544520,0443254,420
201300026849,13,8,18,1915,1,2,1,1,6,218,"10, FRANCE ANATOLE (PLAC",M,4543043,0439028,420
201300026850,13,8,22,1601,1,2,2,1,7,218,"10, ROUGET DE L'ISLE A P",M,4544151,0438793,420
201300026851,13,8,22,1944,2,2,1,1,7,218,"39, DE GAULLE CHARLES",M,4544523,0438542,420
201300026852,13,8,23,1323,1,2,6,1,3,218,POMPIDOU GEORGES (BOULEV,M,4545814,0440535,420
201300026853,13,8,23,1616,1,2,3,1,1,237,"63, HUGO (VICTOR)",M,4544434,0443011,420
201300026854,13,8,27,850,1,2,1,1,6,218,"11, PEUPLE (PLACE)",M,4543635,0438811,420
201300026855,13,8,27,1630,1,2,1,2,1,218,"ignor?, HUSS JEAN",M,4545265,0441526,420
201300026856,13,8,28,1700,1,2,1,1,3,218,"ignor?, FAURIAT (BOULEVA",M,4544512,0440748,420
201300026857,13,8,30,851,1,2,2,1,7,218,"09, TERRENOIRE (DE) JUSQ",M,4542933,0440968,420
201300026858,13,9,1,1724,1,2,1,1,6,218,"101, DESTRE DOCTEUR LOUI",M,4543942,0442517,420
201300026859,13,9,2,1545,1,2,3,1,6,218,"2, BARRE",M,4543584,0438364,420
201300026860,13,9,4,1655,1,2,1,1,6,218,"sans, DUVAL RAOUL (BOULE",M,4542361,0438923,420
201300026861,13,9,9,1420,1,1,1,1,5,189,ROCADE OUEST,M,4542840,0435375,420
201300026862,13,9,9,1755,1,2,1,1,6,218,"53, FAURIEL (COURS)",M,4542696,0440341,420
201300026863,13,9,7,940,1,2,2,1,3,237,ZOLA EMILE (RUE),M,4544472,0442241,420
201300026864,13,9,15,1515,1,2,3,1,3,218,"177, BERGSON A PARTIR N?",M,4546159,0438080,420
201300026865,13,9,16,1550,1,2,1,1,2,218,"42, MONTAT (DE LA) JUSQU",M,4544084,0440315,420
201300026866,13,9,18,840,1,2,1,1,3,218,"68, FAURIAT (BOULEVARD)",M,4544248,0440828,420
201300026867,13,8,29,1351,1,2,3,1,6,218,"02, ROBESPIERRE",M,4541561,0439442,420
201300026868,13,9,20,1841,1,2,2,1,3,218,"64, DESTRE DOCTEUR LOUIS",M,4544020,0442873,420
201300026869,13,9,22,1510,1,2,1,1,6,218,"02, POURCEL ALEXANDRE JU",M,4542365,0439433,420
201300026870,13,9,30,1420,1,2,1,1,6,218,9 rue Dupuytren,M,4541346,0439134,420
201300026871,13,10,2,150,5,2,2,1,3,218,JOUFFROY,M,4544797,0438800,420
201300026872,13,9,30,2030,5,2,3,1,3,218,DESTRE DOCTEUR LOUIS A P,M,4544019,0442872,420
201300026873,13,10,2,1715,1,2,2,1,1,305,"39, HUGO VICTOR",M,4548236,0443812,420
201300026874,13,10,2,1715,1,2,1,1,7,218,"40, PATROA (DE) JUSQU'AU",M,4543407,0442510,420
201300026875,13,10,2,1600,1,2,1,1,3,305,"29, REPUBLIQUE",M,4548047,0443177,420
201300026876,13,10,4,1336,1,2,3,8,5,218,CHOLAT CHARLES,M,4546487,0439880,420
201300026877,13,10,6,1115,1,2,1,2,3,218,"3, CHAT (CHEMIN)",M,4543633,0441095,420
201300026878,13,10,6,1552,1,2,2,8,3,218,BEAUNIER,M,4544865,0440338,420
201300026879,13,10,3,835,1,2,3,1,3,218,ACIERIES (DES),M,4545127,0439010,420
201300026880,13,10,11,1805,1,2,1,1,6,218,"7, TERRENOIRE (DE) JUSQU",M,4542924,0440962,420
201300026881,13,10,11,1530,1,2,2,1,3,218,VERNEY CARRON CLAUDE,M,4546364,0438228,420
201300026882,13,10,13,2325,5,2,1,1,6,218,"3, BOIVIN (PLACE)",M,4543628,0438555,420
201300026883,13,10,12,1545,1,2,3,2,6,218,"1, PLOTTON JEAN (PLACE)",M,4543927,0438442,420
201300026884,13,10,14,1730,1,2,1,8,6,218,"3, VARLIN EUGENE (ALLEE)",M,4544767,0436618,420
201300026885,13,10,15,720,2,2,1,8,2,218,"66, MONTAT (DE LA) JUSQU",M,4544137,0440539,420
201300026886,13,10,16,1944,5,2,3,8,3,218,"IGNORE, FABIEN COLONEL",M,4543385,0444089,420
201300026887,13,10,17,1310,1,2,1,1,7,218,"33, CHARCOT DOCTEURS JUS",M,4541991,0439278,420
201300026888,13,10,21,1738,1,2,1,8,6,218,"34, JANIN JULES (BD) DES",M,4544866,0439047,420
201300026889,13,10,20,2021,5,2,3,1,3,305,"ignor?, ROSTAND JEAN (BO",M,4546774,0443271,420
201300026890,13,9,13,843,1,2,1,1,3,218,"IGNORE, GRIGNARD VICTOR",M,4546052,0440047,420
201300026891,13,10,30,1415,1,2,3,1,3,218,"24, DESTRE DOCTEUR LOUIS",M,4543836,0443634,420
201300026892,13,10,30,1940,5,2,2,1,3,218,"28, DURAFOUR ANTOINE JUS",M,4543074,0439338,420
201300026893,13,11,1,730,2,2,1,1,2,218,"25, JANIN JULES (BD) A P",M,4544830,0438927,420
201300026894,13,11,1,940,1,2,1,1,6,218,"115, FAURIEL (COURS)",M,4542135,0441080,420
201300026895,13,11,9,1221,1,2,2,1,6,218,"51, TERRENOIRE (DE) A PA",M,4543372,0441619,420
201300026896,13,11,10,1950,5,2,3,2,3,218,ROBESPIERRE,M,4541429,0439542,420
201300026897,13,11,12,1200,1,2,3,1,3,218,"1, REPUBLIQUE (PLACE DE",M,4544435,0436370,420
201300026898,13,11,13,1740,5,2,4,1,6,218,"04A, HERRIOT EDOUARD",M,4542743,0440811,420
201300026899,13,11,17,2100,3,2,3,1,3,218,"43, BOISSON ETIENNE JUSQ",M,4544559,0438296,420
201300026900,13,11,19,944,1,2,1,2,3,218,"04, NORMANDIE NIEMEN N?1",M,4543832,0440553,420
201300026901,13,11,18,2145,5,2,2,1,1,218,"07, CHAIZE NICOLAS JUSQU",M,4541817,0439466,420
201300026902,13,11,24,2150,5,2,1,1,6,218,"02, PYAT FELIX",M,4543484,0438260,420
201300026903,13,11,30,900,1,2,1,1,6,218,"140, DURAFOUR ANTOINE A",M,4542205,0439681,420
201300026904,13,12,1,313,5,2,2,1,3,218,SAINT EXUPERY,M,4546425,0438198,420
201300026905,13,12,2,1202,1,2,1,8,6,218,"SANS, GIRODET (PLACE)",M,4544774,0438198,420
201300026906,13,12,4,1715,5,2,1,1,4,218,"14, SCHEURER KESTNER",M,4545399,0439349,420
201300026907,13,12,3,925,1,2,2,1,3,218,"02, VISITATION (DE LA)",M,4544781,0437994,420
201300026908,13,12,8,1150,1,2,2,1,6,218,MENDES FRANCE PIERRE (BO,M,4543434,0437961,420
201300026909,13,12,8,2005,5,2,1,1,6,223,"20, MINOIS (BOULEVARD)",M,4545039,0433358,420
201300026910,13,12,9,1020,1,2,1,1,6,218,"11, AVRIL REVEREND PERE",M,4544156,0437850,420
201300026911,13,12,13,920,1,2,1,1,6,218,"ignor?e, LALO EDOUARD (A",M,4547177,0440110,420
201300026912,13,12,13,1607,1,2,1,1,6,218,"02, JAURES JEAN (PLACE)",M,4544083,0438747,420
201300026913,13,12,17,1325,1,2,1,1,6,237,"32, HUGO (VICTOR)",M,4544644,0443348,420
201300026914,13,12,19,1835,5,2,2,2,3,218,"33, FAURIAT (BOULEVARD)",M,4544511,0440756,420
201300026915,13,1,10,1200,1,2,3,1,3,251,R JACQUES VISCOMTE,M,4502910,0387381,430
201300026916,13,1,16,1705,1,2,1,1,6,157,AV GEORGES CLEMENCEAU,M,4504160,0388770,430
201300026917,13,1,22,955,1,2,1,1,6,157,35 BD SAINT LOUIS,M,4504280,0388042,430
201300026918,13,2,8,1140,1,2,3,1,1,157,50 AV D'OURS MONS,,,,430
201300026919,13,2,13,1240,1,2,1,1,6,157,10 R VIBERT,,,,430
201300026920,13,2,25,1320,1,2,1,1,2,157,13 AV ANDRE SOULIER,,,,430
201300026921,13,5,18,1035,1,2,1,2,6,089,AV VAL DU RIOU,,,,430
201300026922,13,6,6,730,1,2,3,1,3,041,PC DU 8 MAI 45-CHM LE B,,,,430
201300026923,13,6,27,1615,1,2,1,1,6,041,117 AV CHARLES DUPUY,,,,430
201300026924,13,7,5,1910,1,2,1,1,3,002,BD DOCTEUR CHANTEMESSE,M,4505000,0387631,430
201300026925,13,7,10,1605,1,2,1,3,6,157,BD DU BREUIL,M,4504200,0388255,430
201300026926,13,7,11,1620,1,2,1,1,6,157,R ANTOINE MARTIN,,,,430
201300026927,13,8,3,1020,1,2,1,1,4,041,RN 88- PONT SUR LA LOIRE,M,4505560,0391101,430
201300026928,13,9,7,2200,5,2,3,2,3,157,BD MAR?CHAL JOFFRE,M,4504800,0389334,430
201300026929,13,9,7,1640,1,2,1,2,6,157,1-9 BD CHANTEMESSE,M,4504770,0387831,430
201300026930,13,9,18,1015,1,2,1,1,6,041,AV CHARLES DUPUY,M,4505040,0391322,430
201300026931,13,9,28,1205,1,2,3,1,3,041,COT DE TIREBOEUF,M,4504960,0390749,430
201300026932,13,9,20,1825,1,2,1,1,6,041,COT DE TIREBEOUF,M,4504960,0391246,430
201300026933,13,10,7,1648,1,2,1,1,6,157,AV GEORGES CLEMENCEAU,M,4504170,0388754,430
201300026934,13,10,12,1830,2,2,1,2,3,157,4 PL MICHELET,,,,430
201300026935,13,10,12,1005,1,2,1,2,6,002,CHM DE LA BOUTHEZARD,,,,430
201300026936,13,10,17,2105,5,2,1,1,6,157,"1, R LOUIS PASCAL",,,,430
201300026937,13,10,19,1410,1,2,3,1,2,041,8 COT DE TIREBEOUF,M,4504960,0390751,430
201300026938,13,10,21,1150,1,2,4,1,2,089,4 AV DE L'ERMITAGE,M,4505270,0386864,430
201300026939,13,11,9,1325,1,2,3,1,3,157,93 AV MAR?CHAL FOCH,M,4503300,0388613,430
201300026940,13,11,12,900,1,2,1,1,2,089,"27, AV DE L'ERMITGE",M,4505420,0386640,430
201300026941,13,11,21,1425,1,2,1,4,2,041,57 AV CHARLES DUPUY,M,4504750,0392485,430
201300026942,13,11,25,1545,1,2,1,1,6,251,90 AV DE VALS,M,4503130,0387738,430
201300026943,13,12,3,1340,1,2,2,1,3,157,R DE LA GAZELLE,,,,430
201300026944,13,12,3,1350,1,2,1,1,6,157,ALL PARKING EGLISE DES C,,,,430
201300026945,13,12,10,705,5,2,1,1,6,157,R RICHONS DES BRUS,,,,430
201300026946,13,12,13,2223,5,2,2,1,3,157,BD DE LA R?PUBLIQUE,,,,430
201300026947,13,12,17,1512,1,2,1,1,1,089,15 AV DE MONDON,M,4505220,0386887,430
201300026948,13,12,19,1720,2,2,1,2,6,041,11 AV CHARLES DUPUY,M,4504700,0392619,430
201300026949,13,12,31,30,5,2,1,1,6,157,2 AV DU VAL VERT,,,,430
201300026950,13,1,8,825,2,2,1,1,6,055,"41, FLANDIN ( AVENUE DU",,,,440
201300026951,13,1,11,750,3,1,1,1,2,132,"10, MAHUIT (ROUTE DE)",,,,440
201300026952,13,1,13,515,3,2,1,2,6,132,"24, ORMEAUX (AVENUE DES)",,,,440
201300026953,13,1,15,1135,1,2,2,1,6,055,"1, NERVO ( AVENUE DU CDT",,,,440
201300026954,13,3,4,1755,1,2,3,1,3,132,"NS, HIRONDELLES (AVENUE",,,,440
201300026955,13,4,24,1640,1,2,1,1,6,055,GAULLE ( AVENUE DU G?N?R,,,,440
201300026956,13,5,9,1100,1,2,1,1,6,132,"208, OCEANIDES (BOULEVAR",,,,440
201300026957,13,5,12,1630,1,2,6,1,3,055,ANJOU ( AVENUE D' ),,,,440
201300026958,13,5,14,1735,1,2,3,1,5,055,"NS, LYAUTEY ( AVENUE DU",,,,440
201300026959,13,6,26,500,5,2,1,1,6,055,REIMS ( PLACE DE ),,,,440
201300026960,13,6,28,1130,1,1,3,1,3,132,ERMUR (ROUTE D'),,,,440
201300026961,13,7,8,805,1,2,1,1,3,132,"139, BONNE SOURCE (AVENU",,,,440
201300026962,13,7,8,1725,1,2,1,1,2,132,"41, LITTORAL (AVENUE DU)",,,,440
201300026963,13,7,9,1100,1,2,3,1,6,132,"NS, LOUISE (AVENUE)",,,,440
201300026964,13,7,4,1755,1,2,6,1,3,135,"NS, LLANTWIT-MAJOR ( AVE",,,,440
201300026965,13,7,28,1115,1,2,9,3,6,055,"NS, OC?AN ( BOULEVARD DE",,,,440
201300026966,13,8,5,1045,1,2,3,1,3,055,"0, MIMOSAS (AVENUE DES)",,,,440
201300026967,13,8,7,1435,1,2,4,1,3,055,RIGAUD ( AVENUE MARCEL ),,,,440
201300026968,13,8,8,105,5,2,1,1,1,055,ETOILE ( AVENUE DE L' ),,,,440
201300026969,13,8,8,1600,1,2,6,1,3,132,"7, REPUBLIQUE (BOULEVARD",,,,440
201300026970,13,8,18,1300,1,1,1,2,6,055,D 213,,,,440
201300026971,13,8,17,335,5,2,2,1,6,055,COLLINES ( IMPASSE DES ),,,,440
201300026972,13,8,20,1855,1,2,1,1,3,132,"32, OCEANIDES (BOULEVARD",,,,440
201300026973,13,8,24,1650,1,2,3,1,3,055,FRANCHET-D'ESP?REY ( AVE,,,,440
201300026974,13,8,10,1820,1,2,1,1,6,055,"1, AM?THYSTES ( AVENUE D",,,,440
201300026975,13,8,24,1225,1,1,1,1,7,132,D 392,,,,440
201300026976,13,8,23,1555,1,2,3,1,2,055,"28, FLANDIN ( AVENUE DU",,,,440
201300026977,13,8,17,955,1,2,2,1,3,055,ONDINES ( AVENUE DES ),,,,440
201300026978,13,9,3,1510,1,2,1,1,7,132,"63, BONNE SOURCE (AVENUE",,,,440
201300026979,13,9,8,1100,1,2,6,1,3,055,"NS, OC?AN ( BOULEVARD DE",,,,440
201300026980,13,9,9,1915,1,2,1,1,7,055,"26, JOSSELIN ( AVENUE )",,,,440
201300026981,13,10,11,905,1,2,1,1,6,055,"181, MORANDAIS ( AVENUE",,,,440
201300026982,13,10,29,1835,3,2,3,1,3,055,VILLE AUX F?VES ( ROUTE,,,,440
201300026983,13,10,30,755,1,2,6,2,6,135,OC?AN ( AVENUE DE L' ),,,,440
201300026984,13,10,31,1150,1,1,1,1,2,132,BAULOIS (AVENUE DU),,,,440
201300026985,13,11,23,2205,5,2,3,1,7,055,"0, OC?AN ( BOULEVARD DE",,,,440
201300026986,13,11,28,1635,1,2,3,1,3,132,"NR, MOUETTES (AVENUE DES",,,,440
201300026987,13,12,3,1255,1,2,2,1,3,055,"NS, JOFFRE ( AVENUE )",,,,440
201300026988,13,12,24,1100,1,2,1,1,6,132,"NS, BAULOIS (AVENUE DU)",,,,440
201300026989,13,1,4,400,4,2,1,1,6,109,BOULEVARD JOSEPH BOURCY,,,,440
201300026990,13,12,26,905,1,2,1,1,6,109,"0, RUE FLANDRES DUNKERQU",,,,440
201300026991,13,1,1,725,5,2,2,1,3,109,RUE PITRE CHEVALIER,,,,440
201300026992,13,1,2,2220,5,2,2,1,6,109,"0, BOULEVARD GABRIEL GUI",,,,440
201300026993,13,1,6,550,5,2,1,1,6,109,COURS DES 50 OTAGES,,,,440
201300026994,13,1,3,1545,1,2,2,1,3,109,"., RUE SAINT DENIS",,,,440
201300026995,13,12,19,1910,3,2,1,3,7,109,"., BOULEVARD JEAN MOULIN",,,,440
201300026996,13,1,9,1840,5,2,1,1,2,109,"., BOULEVARD MARTIN LUTH",,,,440
201300026997,13,1,7,800,2,1,1,9,7,162,RUE DE LA SYONNIERE,,,,440
201300026998,13,1,13,745,5,2,3,5,7,109,"00, RUE DE LA PATOUILLER",,,,440
201300026999,13,1,11,1515,1,2,9,1,2,109,"00, PLACE VICTOR MANGIN",,,,440
201300027000,13,1,15,1815,5,2,1,1,3,109,"115, BOULEVARD DU MASSAC",,,,440
201300027001,13,1,15,1000,1,2,1,1,6,109,"1, SQUARE DES ROSSIGNOLS",,,,440
201300027002,13,1,15,1620,1,2,1,1,6,143,"20, TABLEAU (RUE FELIX)",,,,440
201300027003,13,1,17,1635,1,2,2,1,2,109,"4, BOULEVARD DE LAUNAY",,,,440
201300027004,13,1,22,1057,1,2,1,1,6,114,"1, ESPLANADE DU CARDO",,,,440
201300027005,13,1,23,850,1,2,1,5,4,114,137,,,,440
201300027006,13,1,26,530,5,2,1,1,6,109,"10, RUE DE PORNICHET",,,,440
201300027007,13,1,29,740,5,2,2,3,3,109,"0, BOULEVARD DE STALINGR",,,,440
201300027008,13,1,29,1910,5,2,1,2,2,190,"451, ROUTE DE CLISSON",,,,440
201300027009,13,1,29,850,2,2,1,3,3,109,"50, BOULEVARD DES BELGES",,,,440
201300027010,13,1,9,1056,1,2,1,2,6,109,"12, ROUTE DE LA CHAPELLE",,,,440
201300027011,13,1,30,1340,1,1,6,1,2,143,MARGUYONNES (ROND-POINT,,,,440
201300027012,13,2,4,1250,1,2,1,1,6,109,"8, RUE DU PERRAY",,,,440
201300027013,13,1,4,1200,1,2,1,2,6,109,"8, RUE DU PERRAY",,,,440
201300027014,13,1,29,1720,1,2,1,9,6,114,BOULEVARD MENDES FRANCE,,,,440
201300027015,13,2,8,100,5,2,6,2,6,109,ROND-POINT DE RENNES,,,,440
201300027016,13,1,28,810,2,2,1,1,6,109,"00, BOULEVARD LEON BUREA",,,,440
201300027017,13,2,7,1850,1,2,1,9,2,109,PONT DE CHEVIRE,,,,440
201300027018,13,2,12,1245,1,2,1,1,6,109,CLISSON ( ROUTE DE ),,,,440
201300027019,13,2,7,1750,2,2,1,1,6,109,"1, QUAI HOCHE",,,,440
201300027020,13,2,13,1340,1,2,1,1,6,109,"61, CLISSON ( ROUTE DE )",,,,440
201300027021,13,2,14,1830,2,2,1,1,2,109,"156, ROUTE DE SAINTE LUC",,,,440
201300027022,13,2,14,908,1,2,1,1,7,109,"2, AVENUE CARNOT",,,,440
201300027023,13,2,18,1030,1,2,1,1,6,109,RUE DU COUDRAY,,,,440
201300027024,13,2,18,1925,5,2,2,1,6,109,PONT GENERAL AUDIBERT,,,,440
201300027025,13,2,21,905,1,2,9,1,2,109,"., BOULEVARD DE LONGCHAM",,,,440
201300027026,13,2,23,715,5,1,1,1,6,009,"1, PERIPHERIQUE SUD",,,,440
201300027027,13,2,24,1810,1,1,2,1,6,109,RUE MAUVOISINS,,,,440
201300027028,13,2,19,1030,1,2,1,9,6,162,RUE AMERIGO VESPUCCI,,,,440
201300027029,13,3,6,1000,1,2,1,1,3,109,RUE MARCEL PAUL,,,,440
201300027030,13,3,6,1642,1,2,6,1,3,162,"0, BOULEVARD FRANCOIS MI",,,,440
201300027031,13,3,10,515,5,2,8,2,6,109,"117, RUE DU LANDREAU",,,,440
201300027032,13,3,10,940,1,2,1,1,2,109,"32, BOULEVARD DE LA FRAT",,,,440
201300027033,13,3,4,2245,5,2,2,1,3,109,"., RUE DE STRASBOURG",,,,440
201300027034,13,3,7,830,1,2,1,1,6,162,"7, QUAI EMILE CORMERAIS",,,,440
201300027035,13,3,13,910,1,2,1,1,3,109,"4, CHEMIN DU PONT L'ARCH",,,,440
201300027036,13,2,18,745,2,2,6,1,3,109,"0, ROUTE DE PARIS",,,,440
201300027037,13,3,15,745,2,2,6,1,3,109,"0, ROUTE DE PARIS",,,,440
201300027038,13,2,10,745,2,2,6,1,3,109,"0, ROUTE DE PARIS",,,,440
201300027039,13,3,16,1050,1,2,1,1,2,109,"0, PONT ANNE DE BRETAGNE",,,,440
201300027040,13,3,17,1245,1,2,3,3,7,109,"27, BOULEVARD DES BELGES",,,,440
201300027041,13,3,16,1545,1,1,1,1,2,114,"0, PERIPHERIQUE ROUTIER",,,,440
201300027042,13,3,13,1630,1,2,1,1,3,114,"172, ROUTE DE VANNES",,,,440
201300027043,13,3,12,1235,1,2,2,8,3,109,RUE DE LA MAISON BLANCHE,,,,440
201300027044,13,3,15,1735,1,2,1,1,6,162,RUE DU CONGO,,,,440
201300027045,13,3,5,1200,1,2,1,1,2,162,"0, BOULEVARD DU TERTRE",,,,440
201300027046,13,3,18,850,1,2,1,1,3,109,"110, BOULEVARD MICHELET",,,,440
201300027047,13,3,23,1315,1,2,1,1,7,109,"., BOULEVARD JEAN PHILIP",,,,440
201300027048,13,3,22,1755,1,2,1,2,1,109,"4, BOULEVARD EUGENE ORIE",,,,440
201300027049,13,3,22,1400,1,2,1,1,3,109,"0, BOULEVARD GENERAL DE",,,,440
201300027050,13,3,21,1000,1,2,1,3,3,162,"000, BOULEVARD WINSTON C",,,,440
201300027051,13,3,3,1000,1,2,1,1,6,109,PLACE DE LA PETITE HOLLA,,,,440
201300027052,13,3,10,1330,1,2,1,1,2,109,"0, RUE GUILLAUME GROOTAE",,,,440
201300027053,13,3,22,1640,1,2,2,1,3,109,"0, BOULEVARD GENERAL DE",,,,440
201300027054,13,3,28,2009,2,2,1,1,3,109,"44, RUE DES 3 ROIS",,,,440
201300027055,13,4,2,2020,5,2,2,1,2,109,"0, RUE SAINT LEONARD",,,,440
201300027056,13,3,28,1130,1,2,1,1,6,162,ROUTE DE VANNES,,,,440
201300027057,13,4,1,1655,1,2,6,1,6,162,BOULEVARD MARCEL PAUL,,,,440
201300027058,13,4,4,1130,1,2,1,1,3,109,"0, RUE FELIX MENETRIER",,,,440
201300027059,13,4,6,1247,1,2,1,8,7,109,"25, RUE JULES SIMON",,,,440
201300027060,13,4,14,350,5,2,1,1,6,109,RUE PREMION,,,,440
201300027061,13,4,6,955,1,2,1,1,2,109,"0, PONT SAINT MIHIEL",,,,440
201300027062,13,4,2,1545,1,2,1,1,6,143,AVENUE DE LA VENDEE,,,,440
201300027063,13,4,8,2240,2,2,2,1,2,109,"0, RUE LA TOUR D'AUVERGN",,,,440
201300027064,13,4,9,1820,1,2,1,1,4,114,PERIPHERIQUE ROUTIER,,,,440
201300027065,13,4,12,825,1,2,1,1,6,109,"2, RUE PAUL BELLAMY",,,,440
201300027066,13,4,14,19,5,2,1,1,2,109,"21, BOULEVARD DE LAUNAY",,,,440
201300027067,13,4,14,1740,1,2,1,1,6,109,"4, RUE HENRI IV",,,,440
201300027068,13,4,17,1740,1,2,1,1,6,114,"213, ROUTE DE RENNES",,,,440
201300027069,13,4,12,1715,1,2,1,1,6,190,RUE DE L'ALLEE VERTE,,,,440
201300027070,13,4,14,550,2,2,1,1,3,190,"0, AVENUE DE LA MARTELLI",,,,440
201300027071,13,4,18,1930,2,2,1,1,6,190,"20, RUE DE LA COMMUNE DE",,,,440
201300027072,13,4,10,1730,1,2,1,1,2,162,"0, BOULEVARD SALVADOR AL",,,,440
201300027073,13,4,26,725,1,1,1,1,6,162,"0, BOULEVARD PROFESSEUR",,,,440
201300027074,13,4,12,1645,1,2,1,1,6,109,"264, ROUTE DE VANNES",,,,440
201300027075,13,4,29,1815,1,2,1,1,3,109,"0, BOULEVARD GUY MOLLET",,,,440
201300027076,13,4,29,1715,1,2,2,1,3,114,"0, RUE DE VINCENNES",,,,440
201300027077,13,5,3,2040,1,2,3,1,5,109,", BOULEVARD ERNEST DALBY",,,,440
201300027078,13,5,4,635,1,1,1,1,2,143,PERIPHERIQUE,,,,440
201300027079,13,5,5,1130,1,1,1,1,3,162,PORTE D' ARMOR,,,,440
201300027080,13,4,30,2000,1,2,1,1,3,162,", BOULEVARD MARCEL PAUL",,,,440
201300027081,13,5,10,1140,1,2,2,1,6,109,PLACE VICTOR MANGIN,,,,440
201300027082,13,5,11,2200,5,2,3,1,3,109,BOULEVARD JEAN MONNET,,,,440
201300027083,13,5,12,1410,1,2,1,1,6,109,"11, RUE URBAIN LE VERRIE",,,,440
201300027084,13,5,10,1725,1,2,1,1,2,162,QUAI EMILE CORMERAIS,,,,440
201300027085,13,5,8,1000,1,2,6,2,6,109,"0, BOULEVARD DU TERTRE",,,,440
201300027086,13,5,13,1755,1,2,1,1,3,162,"123, QUAI EMILE CORMERAI",,,,440
201300027087,13,5,15,1550,1,1,1,1,6,109,"4, BOULEVARD LELASSEUR",,,,440
201300027088,13,5,17,735,1,2,6,1,6,109,BOULEVARD PROFESSEUR JAC,,,,440
201300027089,13,5,18,1810,1,2,1,1,6,109,"00, RUE DU CORPS DE GARD",,,,440
201300027090,13,5,18,1345,1,2,1,1,6,109,QUAI DE LA FOSSE,,,,440
201300027091,13,5,18,1115,1,2,2,1,2,109,ROUTE DE VANNES,,,,440
201300027092,13,5,23,300,5,2,1,1,6,109,RUE GEORGE SAND,,,,440
201300027093,13,5,23,1850,1,2,1,1,3,109,COURS DES 50 OTAGES,,,,440
201300027094,13,5,25,2030,1,2,2,1,3,162,AVENUE DE LA BARAUDIERE,,,,440
201300027095,13,5,22,1800,1,2,1,1,7,162,"., RUE D'AVRANCHES",,,,440
201300027096,13,5,25,2315,5,2,1,1,6,143,AVENUE LEON BLUM,,,,440
201300027097,13,5,26,1930,1,2,2,1,6,109,RUE DU JAMET,,,,440
201300027098,13,5,24,1915,1,2,6,1,3,162,"0, BOULEVARD SALVADOR AL",,,,440
201300027099,13,5,23,1515,1,2,3,1,3,109,"00, ROUTE DE SAINTE LUCE",,,,440
201300027100,13,5,27,1325,1,2,1,1,2,162,"64, RUE DE LA GARE",,,,440
201300027101,13,5,30,845,1,2,9,8,6,109,"., BD MARTYRS N. DE LA R",,,,440
201300027102,13,5,29,745,1,2,1,1,7,109,"., BOULEVARD GUY MOLLET",,,,440
201300027103,13,6,1,2020,1,2,1,1,6,143,"0, PERIPHERIQUE",,,,440
201300027104,13,6,1,1854,1,2,1,1,2,143,RUE DES SORINIERES,,,,440
201300027105,13,6,1,1640,1,2,3,1,6,114,"0, RUE HUBERT DE LA BROS",,,,440
201300027106,13,6,1,510,3,2,1,1,3,109,"0, RUE DE SAINT DOMINGUE",,,,440
201300027107,13,6,8,325,5,2,1,1,6,109,QUAI PRESIDENT WILSON,,,,440
201300027108,13,6,7,2225,3,2,1,2,3,109,LADMIRAULT (PL),,,,440
201300027109,13,6,6,1810,1,2,1,1,6,109,PLACE PIRMIL,,,,440
201300027110,13,6,11,900,1,2,1,2,6,109,"62 ter, BOULEVARD LELASS",,,,440
201300027111,13,6,11,1713,1,2,3,2,3,109,BOULEVARD GABRIEL LAURIO,,,,440
201300027112,13,6,11,850,1,2,1,2,2,109,BOULEVARD PRESIDENT RENE,,,,440
201300027113,13,6,10,1820,1,2,2,1,6,162,AVENUE DES SPORTS,,,,440
201300027114,13,6,1,730,5,2,1,9,6,109,"00, RUE DE BREA",,,,440
201300027115,13,6,11,1700,1,2,1,9,6,109,"., BOULEVARD DU MASSACRE",,,,440
201300027116,13,6,11,1650,1,2,1,1,6,109,"000, RUE ROMAIN ROLLAND",,,,440
201300027117,13,8,14,1505,1,2,1,1,6,109,BOULEVARD JEAN MONNET,,,,440
201300027118,13,6,16,35,5,2,1,1,6,109,"24, BOULEVARD DE LONGCHA",,,,440
201300027119,13,6,16,45,5,2,9,1,1,109,BOULEVARD DE CARDIFF,,,,440
201300027120,13,6,11,1720,1,2,1,9,6,109,"255, BOULEVARD DU MASSAC",,,,440
201300027121,13,6,15,2130,1,2,1,1,6,143,RUE DES OUCHES,,,,440
201300027122,13,5,31,2300,5,2,1,1,6,109,"0, RUE DES DERVALLIERES",,,,440
201300027123,13,6,21,1708,1,2,9,1,6,162,"0, AVENUE LOUIS GUILLOUX",,,,440
201300027124,13,6,25,700,1,2,2,1,6,109,BOULEVARD DE LA LIBERTE,,,,440
201300027125,13,6,25,1510,1,2,1,1,6,143,"24, RUE GEORGES BARBEAU",,,,440
201300027126,13,6,25,1515,1,2,1,1,7,109,"., BOULEVARD MARTIN LUTH",,,,440
201300027127,13,6,26,1243,1,2,1,1,6,109,"0, BOULEVARD JULES VERNE",,,,440
201300027128,13,6,23,1625,1,2,1,1,6,109,"15, RUE DU BOUILLON",,,,440
201300027129,13,6,27,1550,1,2,1,1,6,190,ROUTE DE CLISSON,,,,440
201300027130,13,6,22,920,1,2,6,1,6,162,"0, BOULEVARD FRANCOIS MI",,,,440
201300027131,13,6,28,1145,1,2,1,1,5,109,", PONT DE CHEVIRE",,,,440
201300027132,13,7,2,1550,1,2,1,1,3,109,BOULEVARD PRESIDENT RENE,,,,440
201300027133,13,7,3,655,2,2,2,2,6,109,ROUTE DE PARIS,,,,440