Num_Acc,an,mois,jour,hrmn,lum,agg,int,atm,col,com,adr,gps,lat,long,dep
201300027134,13,4,2,745,1,2,1,1,6,143,QUAI MARCEL BOISSARD,,,,440
201300027135,13,7,5,625,1,2,1,1,6,109,"8, BOULEVARD ALBERT EINS",,,,440
201300027136,13,7,8,1840,1,1,1,1,3,109,BOULEVARD DE LA PRAIRIE,,,,440
201300027137,13,7,9,1840,1,2,3,1,6,109,RUE DES RENARDS,,,,440
201300027138,13,7,10,2055,1,2,3,1,6,109,BOULEVARD DES AMERICAINS,,,,440
201300027139,13,7,10,1910,1,2,1,1,6,109,"0, RUE DE LA COULEE",,,,440
201300027140,13,7,12,1625,1,2,1,1,6,109,"0, BOULEVARD LEON BUREAU",,,,440
201300027141,13,7,5,1515,1,2,1,1,2,162,"., BOULEVARD SALVADOR AL",,,,440
201300027142,13,7,16,924,1,2,1,1,1,109,COURS JOHN KENNEDY,,,,440
201300027143,13,7,8,950,1,2,1,1,6,109,"00, BOULEVARD JEAN INGRE",,,,440
201300027144,13,7,18,955,1,2,6,1,3,162,"., BOULEVARD FRANCOIS MI",,,,440
201300027145,13,7,17,2150,1,2,1,1,6,109,"0, BOULEVARD JULES VERNE",,,,440
201300027146,13,7,23,1220,1,2,9,1,3,109,BOULEVARD DE CARDIFF,,,,440
201300027147,13,7,22,1400,1,2,1,1,6,114,PERIPHERIQUE ROUTIER,,,,440
201300027148,13,7,21,1805,1,2,1,1,6,190,RUE DE LA CROIX BINE,,,,440
201300027149,13,7,27,1415,1,2,2,3,3,109,BOULEVARD HENRY ORRION,,,,440
201300027150,13,7,25,1350,1,2,1,1,6,109,"0, PONT WILLY BRANDT",,,,440
201300027151,13,8,5,2100,1,2,1,1,2,109,BOULEVARD LELASSEUR,,,,440
201300027152,13,8,1,2100,1,2,1,1,6,190,"0, BOULEVARD DES PAS ENC",,,,440
201300027153,13,8,4,706,1,2,1,1,6,162,AVENUE DES THEBAUDIERES,,,,440
201300027154,13,8,6,2317,5,2,3,1,6,109,"0, RUE MARECHAL JOFFRE",,,,440
201300027155,13,8,8,1300,1,2,1,1,6,109,"2, PLACE DU 11IEME TRAIN",,,,440
201300027156,13,9,2,1620,1,2,1,1,6,109,"0, BOULEVARD PRESIDENT R",,,,440
201300027157,13,8,17,1015,1,2,1,1,1,109,"x, BOULEVARD DE STALINGR",,,,440
201300027158,13,8,16,630,1,2,1,1,6,162,"0, BOULEVARD PROFESSEUR",,,,440
201300027159,13,8,18,1100,1,2,1,2,6,109,"0, RUE PAUL BELLAMY",,,,440
201300027160,13,8,21,745,1,2,2,1,6,143,"0, RUE ARISTIDE BRIAND",,,,440
201300027161,13,8,24,830,1,2,1,1,7,143,RUE DE LA PIERRANE,,,,440
201300027162,13,8,23,1610,1,2,1,1,2,109,"0, CHAUSSEE DE LA MADELE",,,,440
201300027163,13,8,22,1620,1,2,1,1,6,109,BOULEVARD RENE CASSIN,,,,440
201300027164,13,8,22,1715,1,2,9,1,3,109,"00, PLACE DE LA CROIX BO",,,,440
201300027165,13,8,23,1715,1,2,1,1,6,109,"0, BOULEVARD SAINT AIGNA",,,,440
201300027166,13,10,16,1208,1,2,9,9,6,190,"2, RUE PIERRE MENDES FRA",,,,440
201300027167,13,8,26,1555,1,2,1,1,1,162,"125, RUE ROBERT SCHUMAN",,,,440
201300027168,13,9,2,1200,1,2,1,1,6,109,BOULEVARD GUSTAVE ROCH,,,,440
201300027169,13,9,3,1055,1,1,3,1,6,109,BOULEVARD DE DOULON,,,,440
201300027170,13,9,3,820,1,2,6,7,3,162,BOULEVARD CHARLES DE GAU,,,,440
201300027171,13,9,6,1610,1,2,6,1,3,109,"0, IMPASSE DU PROGRES",,,,440
201300027172,13,9,9,2245,5,2,6,1,6,109,"0, RUE DE L'OUCHE BURON",,,,440
201300027173,13,9,5,2300,5,2,2,1,6,109,"0, COUR DE LA BROCANTE",,,,440
201300027174,13,9,6,1655,1,2,1,1,6,109,"33, RUE DES USINES",,,,440
201300027175,13,9,7,900,1,2,1,1,6,109,"0, BOULEVARD ROBERT SCHU",,,,440
201300027176,13,9,6,1946,1,2,1,1,6,109,"0, BOULEVARD JEAN MONNET",,,,440
201300027177,13,9,10,1830,1,2,2,1,6,109,ROUTE DE PARIS,,,,440
201300027178,13,9,5,2000,2,2,1,9,6,109,"0, RUE DU PRE GAUCHET",,,,440
201300027179,13,9,10,855,1,2,1,1,6,109,"22, RUE DE LA BOISSIERE",,,,440
201300027180,13,9,9,735,1,2,3,2,3,109,BOULEVARD GENERAL DE GAU,,,,440
201300027181,13,9,11,1025,1,2,1,1,6,109,"23, BOULEVARD DU TERTRE",,,,440
201300027182,13,9,12,2000,2,2,3,1,3,109,"0, RUE DE LA PATOUILLERI",,,,440
201300027183,13,9,10,1310,1,2,9,1,6,114,ROUTE DE VANNES,,,,440
201300027184,13,9,10,1310,1,2,1,1,6,109,"58, BOULEVARD JOLIOT CUR",,,,440
201300027185,13,9,13,1823,1,2,3,1,6,109,"0, BOULEVARD GABRIEL LAU",,,,440
201300027186,13,9,12,1630,1,2,1,1,6,109,BOULEVARD BOULAY PATY,,,,440
201300027187,13,9,15,1602,1,2,1,1,1,109,"., RUE CHARLES PERRON",,,,440
201300027188,13,9,13,1842,2,2,1,1,6,109,BOULEVARD RENE CASSIN,,,,440
201300027189,13,9,15,1400,1,2,1,9,3,109,AVENUE CARNOT,,,,440
201300027190,13,9,16,1805,1,2,3,1,3,114,"., 75",,,,440
201300027191,13,9,18,2315,5,2,2,1,6,109,"0, ROUTE DE PARIS",,,,440
201300027192,13,9,22,630,5,1,1,1,6,109,"0, QUAI DES ANTILLES",,,,440
201300027193,13,9,5,759,2,2,1,1,7,109,"00, BOULEVARD GENERAL DE",,,,440
201300027194,13,9,19,1710,1,2,1,1,6,190,"0, RUE DES BERLAGUTS",,,,440
201300027195,13,9,16,2315,5,2,1,9,3,109,"000, COURS DES 50 OTAGES",,,,440
201300027196,13,10,16,935,1,2,6,8,2,143,"0, ROND-POINT JEAN VANO",,,,440
201300027197,13,9,26,1150,1,2,1,2,2,109,"83, RUE DES RENARDS",,,,440
201300027198,13,9,29,1400,1,2,2,1,6,109,"0, ROUTE DE PARIS",,,,440
201300027199,13,9,25,1840,1,2,6,1,3,162,"0, BOULEVARD SALVADOR AL",,,,440
201300027200,13,10,1,1635,1,2,1,2,6,109,"32, RUE DU CHAMP DE TIR",,,,440
201300027201,13,9,30,1330,1,2,1,1,1,143,"4, AVENUE DE LA IVEME RE",,,,440
201300027202,13,9,28,1540,1,2,1,2,6,190,BOULEVARD DES PAS ENCHAN,,,,440
201300027203,13,10,3,1303,1,2,1,1,6,109,"1, PLACE PIRMIL",,,,440
201300027204,13,10,3,715,2,2,1,2,6,109,"face 99, BOULEVARD DU TE",,,,440
201300027205,13,10,2,1745,1,2,1,1,7,109,"81, RUE GASTON TURPIN",,,,440
201300027206,13,10,2,1750,1,2,1,1,3,109,"11, BOULEVARD JULES VERN",,,,440
201300027207,13,10,1,1920,1,2,1,2,3,162,ROUTE DE VANNES,,,,440
201300027208,13,10,2,715,2,2,1,1,4,194,CHEMIN D'ORVAULT,,,,440
201300027209,13,9,27,1325,1,2,1,1,2,162,"58, QUAI EMILE CORMERAIS",,,,440
201300027210,13,10,3,1720,1,2,1,1,6,109,"., BOULEVARD MICHELET",,,,440
201300027211,13,10,2,1555,1,2,1,1,6,143,"17, AVENUE DES PYRENEES",,,,440
201300027212,13,10,9,835,1,2,3,1,3,162,"39, BOULEVARD DU TERTRE",,,,440
201300027213,13,10,6,1300,1,2,1,1,3,109,"1, BOULEVARD DU TERTRE",,,,440
201300027214,13,10,9,1620,1,2,1,1,3,109,"146, BOULEVARD DES BELGE",,,,440
201300027215,13,10,10,1500,1,2,1,1,3,109,BOULEVARD LELASSEUR,,,,440
201300027216,13,10,10,1650,1,2,1,1,6,109,QUAI DE LA FOSSE,,,,440
201300027217,13,10,11,1110,1,2,1,1,3,143,"73, RUE DE LA COMMUNE DE",,,,440
201300027218,13,2,12,2320,5,2,2,1,3,109,"., BOULEVARD ERNEST DALB",,,,440
201300027219,13,10,8,1650,2,2,1,1,6,162,"00, PLACE DE PREUX",,,,440
201300027220,13,10,15,1930,5,2,1,2,1,109,PONT DE PIRMIL,,,,440
201300027221,13,10,12,1600,1,2,1,1,6,109,BOULEVARD LEON BUREAU,,,,440
201300027222,13,10,18,1245,1,2,1,1,2,109,"0, BOULEVARD DE SEATTLE",,,,440
201300027223,13,10,19,1225,1,2,3,1,6,109,"., RUE FANNY PECCOT",,,,440
201300027224,13,10,20,1030,1,2,1,1,3,109,ROUTE DE PARIS,,,,440
201300027225,13,10,18,1825,1,2,1,1,7,109,"., RUE DES CHALATRES",,,,440
201300027226,13,10,18,2150,4,2,1,1,6,172,"0, PERIPHERIQUE EST",,,,440
201300027227,13,10,21,800,5,2,1,1,6,109,"10, RUE FOURE",,,,440
201300027228,13,10,21,1715,1,2,1,9,3,109,"26, BOULEVARD RENE CASSI",,,,440
201300027229,13,10,21,1855,2,2,1,9,6,109,"0, RUE LUCIEN BAGRIN",,,,440
201300027230,13,10,24,740,5,2,1,2,3,114,"., ESPLANADE DU CARDO",,,,440
201300027231,13,10,27,245,5,2,1,6,6,109,BOULEVARD SALVADOR ALLEN,,,,440
201300027232,13,10,28,1750,2,2,1,1,6,109,"6, RUE COPERNIC",,,,440
201300027233,13,10,28,1325,1,2,1,1,6,162,"0, BOULEVARD DE LA BAULE",,,,440
201300027234,13,10,30,1630,1,2,1,1,6,109,"0, BOULEVARD ERNEST DALB",,,,440
201300027235,13,10,20,1245,1,2,1,1,7,109,PLACE DE LA BONDE,,,,440
201300027236,13,11,3,320,3,1,1,3,6,162,75,,,,440
201300027237,13,11,1,220,5,2,1,2,6,109,RUE DES HAUTS PAVES,,,,440
201300027238,13,11,3,520,5,2,3,1,3,114,ROUTE DE RENNES,,,,440
201300027239,13,11,5,1455,1,2,1,1,3,109,BOULEVARD DE L'EGALITE,,,,440
201300027240,13,11,2,825,1,2,1,1,3,020,PERIPHERIQUE SUD,,,,440
201300027241,13,8,22,1415,1,2,1,1,6,109,RUE HONORE DAUMIER,,,,440
201300027242,13,11,6,655,3,2,1,1,6,114,"0, PERIPHERIQUE ROUTIER",,,,440
201300027243,13,11,12,550,5,2,1,2,6,143,RUE ARISTIDE BRIAND,,,,440
201300027244,13,11,9,740,2,2,1,1,2,109,ROUTE DE SAINT JOSEPH,,,,440
201300027245,13,11,9,1430,1,2,1,1,6,109,BOULEVARD VINCENT GACHE,,,,440
201300027246,13,11,10,1150,1,2,1,2,6,109,"29, BOULEVARD PASTEUR",,,,440
201300027247,13,11,7,1200,1,2,1,3,6,109,"88, RUE DE LA BOURGEONNI",,,,440
201300027248,13,10,27,200,3,2,1,1,6,109,RUE DE L'HOTEL DE VILLE,,,,440
201300027249,13,11,12,1630,1,2,2,1,6,109,"0, RUE DESAIX",,,,440
201300027250,13,11,13,755,1,2,3,1,6,109,"00, BOULEVARD NICEPHORE",,,,440
201300027251,13,11,14,645,5,2,1,1,7,109,"7, RUE SAINT JEAN BAPTIS",,,,440
201300027252,13,11,16,820,1,2,1,1,7,109,"111, BOULEVARD DE LA FRA",,,,440
201300027253,13,11,15,1020,1,2,1,1,3,109,"89, QUAI DE LA FOSSE",,,,440
201300027254,13,11,16,800,1,2,1,1,6,109,"1, RUE GASTON VEIL",,,,440
201300027255,13,11,16,1345,1,2,1,1,2,109,BOULEVARD DU MASSACRE,,,,440
201300027256,13,11,12,905,1,2,1,1,6,109,"1, PONT WILLY BRANDT",,,,440
201300027257,13,11,19,2015,5,2,2,1,6,109,RUE D'IRLANDE,,,,440
201300027258,13,11,22,630,5,2,2,1,3,109,"., BOULEVARD DES BELGES",,,,440
201300027259,13,11,8,850,1,2,1,1,2,109,PONT DE CHEVIRE,,,,440
201300027260,13,11,26,1510,1,2,1,1,6,109,"0, BOULEVARD GABRIEL LAU",,,,440
201300027261,13,11,26,1820,1,2,3,1,3,109,ROUTE DE VERTOU,,,,440
201300027262,13,11,30,1210,1,2,1,1,7,109,"0, ROUTE DE SAINT JOSEPH",,,,440
201300027263,13,12,1,205,5,2,1,1,6,109,"38, RUE DE STRASBOURG",,,,440
201300027264,13,12,2,827,1,2,1,1,6,109,RUE DES RENARDS,,,,440
201300027265,13,11,21,1500,1,2,1,9,6,109,"5/7, RUE DU PONT SAUVETO",,,,440
201300027266,13,12,3,1950,5,2,1,1,3,190,ROUTE DE CLISSON,,,,440
201300027267,13,11,28,825,1,2,1,1,2,162,"17, RUE THEOPHILE GUILLO",,,,440
201300027268,13,12,7,1655,2,2,6,1,6,109,"0, ROUTE DE SAINTE LUCE",,,,440
201300027269,13,12,7,1410,1,2,1,1,3,109,RUE DE BEL AIR,,,,440
201300027270,13,12,9,1400,1,2,1,1,3,109,BOULEVARD JULES VERNE,,,,440
201300027271,13,12,9,1550,1,2,1,7,6,114,"0, PARVIS DE L'EUROPE",,,,440
201300027272,13,12,6,1200,1,2,1,1,7,109,"158, RUE GENERAL BUAT",,,,440
201300027273,13,12,11,1840,5,2,1,1,7,109,", RUE GAETAN RONDEAU",,,,440
201300027274,13,12,10,1830,2,1,1,3,6,114,PERIPHERIQUE ROUTIER,,,,440
201300027275,13,12,14,1135,1,2,2,1,3,109,PLACE RENE BOUHIER,,,,440
201300027276,13,12,16,1620,1,2,1,1,6,109,RUE DE LA CORNOUAILLE,,,,440
201300027277,13,12,14,1730,5,2,1,1,6,162,"0, PLACE OCEANE",,,,440
201300027278,13,12,16,1210,1,2,1,1,7,143,RUE ARISTIDE BRIAND,,,,440
201300027279,13,12,17,850,1,2,1,9,3,109,RUE DES COLLINES,,,,440
201300027280,13,12,16,1752,5,2,1,1,7,143,"., AVENUE ANDRE MALRAUX",,,,440
201300027281,13,12,19,1800,5,2,8,1,3,109,"0, AVENUE DE LA GARE DE",,,,440
201300027282,13,12,26,440,4,2,1,9,3,109,"00, RUE DU PORT BOYER",,,,440
201300027283,13,12,19,1140,1,2,1,1,2,114,137,,,,440
201300027284,13,12,29,630,5,2,1,9,3,109,"30, RUE PAUL BELLAMY",,,,440
201300027285,13,12,20,1235,1,2,1,1,6,109,BOULEVARD RENE CASSIN,,,,440
201300027286,13,12,23,1925,5,2,1,3,6,109,"143, RUE GENERAL BUAT",,,,440
201300027287,13,12,19,955,1,2,1,1,6,026,"0, PERIPHERIQUE EST",,,,440
201300027288,13,1,8,1815,5,2,2,1,7,184,COMBES (RUE EMILE),,,,440
201300027289,13,1,9,815,1,2,3,1,3,184,VERNE (RUE JULES),,,,440
201300027290,13,1,12,1820,2,2,1,1,7,184,"8, GAUTIER (RUE HENRI) D",,,,440
201300027291,13,1,16,1440,1,2,1,1,7,184,LAENNEC (BD DU DR REN?),,,,440
201300027292,13,1,22,1850,5,2,1,1,3,184,"42, HALLES (RUE DES) DU",,,,440
201300027293,13,1,25,425,5,2,1,1,7,184,ZOLA (BOULEVARD EMILE),,,,440
201300027294,13,1,26,1520,1,2,1,2,2,184,RD 213,,,,440
201300027295,13,1,29,1830,5,2,1,2,6,184,"14, G?T? (RUE DU CDT) DU",,,,440
201300027296,13,1,31,1940,5,2,1,2,2,184,"17, LAENNEC (BD DU DR RE",,,,440
201300027297,13,2,2,1730,1,2,1,1,2,184,BASSINS (ROUTE DES),,,,440
201300027298,13,2,10,1755,5,2,1,2,6,184,MICHEL ANGE (RUE),,,,440
201300027299,13,2,12,1730,1,2,2,1,3,184,BOURGEOIS (RUE L?ON) DU,,,,440
201300027300,13,2,19,1640,1,2,2,1,3,184,GRENAPIN (RUE PITRE),,,,440
201300027301,13,2,25,1745,1,2,2,1,3,184,PELICANS (ALLEE DES),,,,440
201300027302,13,2,26,1815,1,2,1,1,3,184,TROENES (RUE DES),,,,440
201300027303,13,2,28,1810,5,2,3,1,3,184,SARRAIL (RUE DU GENERAL),,,,440
201300027304,13,3,6,1020,1,2,1,1,7,184,TATI (PLACE JACQUES),,,,440
201300027305,13,3,21,1310,1,2,1,2,7,184,"6, AVALIX (CHEMIN D')",,,,440
201300027306,13,3,23,1650,1,2,1,1,7,184,SAINT-NAZAIRE (AVENUE DE,,,,440
201300027307,13,3,25,1445,1,2,1,1,7,184,"24, ALBERT I (BOULEVARD)",,,,440
201300027308,13,3,26,825,1,2,1,1,3,184,"42, UNIVERSIT? (BOULEVAR",,,,440
201300027309,13,3,26,1545,1,2,1,1,2,184,RD 213,,,,440
201300027310,13,4,2,810,1,2,1,1,3,184,RN 171 (DU PONT SNCF A ?,,,,440
201300027311,13,4,2,1530,1,2,1,1,3,184,"18, PENHOET (AVENUE DE)",,,,440
201300027312,13,4,2,1715,1,2,3,1,3,184,LEFERME (BOULEVARD PAUL),,,,440
201300027313,13,4,4,1725,1,2,1,1,7,184,HALLES (RUE DES) DU 38 A,,,,440
201300027314,13,4,4,1405,1,2,1,1,7,184,"59, JAURES (RUE JEAN) DU",,,,440
201300027315,13,4,7,2025,2,2,1,1,3,184,"37, BASSINS (ROUTE DES)",,,,440
201300027316,13,4,8,855,1,2,1,2,7,184,"115, H?PITAL (BOULEVARD",,,,440
201300027317,13,4,17,1110,1,2,1,1,7,184,BROODCOORENS (RUE) DU 12,,,,440
201300027318,13,4,20,1700,1,2,1,1,2,184,RD 492 DU RP EINSTEIN AU,,,,440
201300027319,13,4,20,1210,1,2,1,1,2,184,BASSINS (ROUTE DES),,,,440
201300027320,13,4,19,1710,1,2,2,1,3,184,BIGNON-BAGUET (CHEMIN DU,,,,440
201300027321,13,4,22,1215,1,2,1,1,7,184,THOMAS (RUE ALBERT),,,,440
201300027322,13,4,24,1915,1,2,1,1,7,184,"48, GUTENBERG (RUE JEAN)",,,,440
201300027323,13,4,29,845,1,2,7,1,3,184,MAC? (RUE JEAN),,,,440
201300027324,13,5,3,1015,1,2,1,1,7,184,JAURES (RUE JEAN) DU 01,,,,440
201300027325,13,5,9,1900,1,2,2,1,3,184,LONGUET (RUE CHARLES),,,,440
201300027326,13,5,10,1500,1,2,3,1,3,184,ALBERT I (BOULEVARD) DU,,,,440
201300027327,13,5,11,2030,1,2,1,1,6,184,"51, BUISSON (RUE FERDINA",,,,440
201300027328,13,5,14,1140,1,2,6,1,3,184,CRAN NEUF (ROUTE DE),,,,440
201300027329,13,5,14,1730,1,2,1,1,2,184,"19, AUBINAIS (ROUTE DES)",,,,440
201300027330,13,5,14,1945,1,2,2,1,2,184,CROIX AMISSE (RUE DE LA),,,,440
201300027331,13,5,15,1630,1,2,2,1,3,184,LIB?RATION (BOULEVARD DE,,,,440
201300027332,13,5,16,1330,1,2,2,1,3,184,LE NOTRE (RUE ANDR?),,,,440
201300027333,13,5,29,1100,1,2,2,2,7,184,ANJOU (RUE D') DU 51 AU,,,,440
201300027334,13,6,10,1430,1,2,1,1,2,184,"19, LANDETTES (ROUTE DES",,,,440
201300027335,13,6,14,550,2,2,1,1,6,184,"59, C?TE D'AMOUR (RTE DE",,,,440
201300027336,13,6,17,1445,1,2,6,1,3,184,G?T? (RUE DU CDT) DU 35,,,,440
201300027337,13,6,29,700,2,2,1,1,6,184,"50, GRENAPIN (RUE PITRE)",,,,440
201300027338,13,7,6,2110,2,2,2,1,3,184,"40, DAQUIN (ALL?E LOUIS)",,,,440
201300027339,13,7,5,1925,1,1,6,1,2,184,RD 213,,,,440
201300027340,13,7,13,1355,1,2,3,1,6,184,"0, VIEILLE VILLE (QUAI D",,,,440
201300027341,13,7,16,1120,1,2,1,1,3,184,RD 492 DU RP OC?ANIS AU,,,,440
201300027342,13,7,17,1255,1,2,6,1,6,184,COTY (BOULEVARD REN?),,,,440
201300027343,13,7,20,1520,1,2,4,1,7,184,SAINT-NAZAIRE (AVENUE DE,,,,440
201300027344,13,7,22,1220,1,1,6,1,2,184,RN 171 (CRAN NEUF AU PON,,,,440
201300027345,13,7,26,1545,1,2,2,1,7,184,MAUDES (RUE DE),,,,440
201300027346,13,8,1,1725,1,2,1,1,1,184,LAITERIE (ROUTE DE LA),,,,440
201300027347,13,8,3,1920,1,2,3,1,3,184,"29, VECQUERIE (RUE DE LA",,,,440
201300027348,13,8,2,1740,1,2,1,1,6,184,RN 171 (TRIGNAC AU PONT,,,,440
201300027349,13,8,8,2100,1,2,2,1,3,184,RENAISSANCE (BOULEVARD D,,,,440
201300027350,13,8,15,1930,1,2,1,1,7,184,"79, TRIGNAC (RUE DE)",,,,440
201300027351,13,8,19,1900,1,2,2,1,3,184,BIGNON-BAGUET (CHEMIN DU,,,,440
201300027352,13,8,19,1520,1,2,1,1,7,184,"9, MOZART (RUE WOLFGANG",,,,440
201300027353,13,8,22,1335,1,2,1,1,6,184,RD 492 DU RP OC?ANIS AU,,,,440
201300027354,13,8,25,1250,1,2,2,1,3,184,SPORTS (AVENUE DES),,,,440
201300027355,13,8,23,2300,5,2,1,1,7,184,"109, R?PUBLIQUE (AVENUE",,,,440
201300027356,13,8,26,1235,1,2,2,1,2,184,LECHAT (RUE AUGUSTE BAPT,,,,440
201300027357,13,8,26,1530,1,2,9,1,2,184,RD 213,,,,440
201300027358,13,8,26,2242,5,2,1,1,7,184,"115, R?PUBLIQUE (AVENUE",,,,440
201300027359,13,9,2,2230,5,2,1,1,7,184,P?RI (RUE GABRIEL),,,,440
201300027360,13,9,3,1405,1,1,1,1,7,184,BLANCHO (PLACE FRAN?OIS),,,,440
201300027361,13,9,3,1540,1,2,1,1,7,184,BRICHAUX (PLACE LOUIS),,,,440
201300027362,13,9,4,805,1,2,1,1,3,184,COUBERTIN (AVENUE PIERRE,,,,440
201300027363,13,9,8,2045,5,2,1,1,3,184,OC?ANIS (ROND-POINT),,,,440
201300027364,13,9,10,1240,1,2,3,1,3,184,LEFERME (BOULEVARD PAUL),,,,440
201300027365,13,9,12,1335,1,2,3,1,3,184,LEFERME (BOULEVARD PAUL),,,,440
201300027366,13,9,13,1405,1,2,3,1,3,184,GAUTIER (RUE HENRI) DU 2,,,,440
201300027367,13,9,14,1955,1,2,3,1,3,184,LESSEPS (AVENUE DE) DU 4,,,,440
201300027368,13,9,13,2200,5,2,1,1,6,184,"41, STALINGRAD (RUE DE)",,,,440
201300027369,13,9,18,1340,1,2,3,1,3,184,B?AC (ROUTE DE),,,,440
201300027370,13,9,22,1750,1,2,1,1,2,184,"35, PERRIN (BOULEVARD PA",,,,440
201300027371,13,9,25,1530,1,2,2,1,2,184,MAUPERTUIS (BD DE) DU 01,,,,440
201300027372,13,9,27,1200,1,2,1,1,2,184,"52, BERLIOZ (AVENUE HECT",,,,440
201300027373,13,10,5,620,2,2,1,1,7,184,"34, QU?BRAIS (ROUTE DES)",,,,440
201300027374,13,10,4,1310,1,2,1,1,7,184,"4, SUNDERLAND (BOULEVARD",,,,440
201300027375,13,10,7,1520,1,2,2,1,3,184,LONGUET (RUE CHARLES),,,,440
201300027376,13,10,8,750,3,2,1,1,4,184,RD 492 DU RP EINSTEIN AU,,,,440
201300027377,13,10,10,1600,1,2,1,1,4,184,RD 213,,,,440
201300027378,13,10,11,800,1,2,2,1,1,184,GAUTIER (RUE HENRI) DU 9,,,,440
201300027379,13,10,11,1015,1,2,1,1,4,184,RD 213,,,,440
201300027380,13,10,15,2105,5,2,1,2,3,184,"14, COMMANDIERES (ROUTE",,,,440
201300027381,13,10,18,1635,1,2,6,1,3,184,PONT BOULLET (ROND-POINT,,,,440
201300027382,13,10,25,740,5,2,1,2,6,184,"63, MICHEL ANGE (RUE)",,,,440
201300027383,13,11,15,745,2,2,1,1,3,184,LANDETTES (Rond Point),,,,440
201300027384,13,12,6,1015,1,2,3,1,3,184,DUMONT D'URVILLE (BOULEV,,,,440
201300027385,13,12,6,1655,1,2,1,1,7,184,RD 492 DU RP EINSTEIN AU,,,,440
201300027386,13,12,9,1320,1,2,1,1,2,184,COMMANDIERES (ROUTE DES),,,,440
201300027387,13,12,10,1610,1,2,1,1,6,184,RD 213,,,,440
201300027388,13,12,14,1330,1,2,1,1,2,184,RN 171 (CRAN NEUF AU PON,,,,440
201300027389,13,12,13,1855,5,2,1,2,7,184,"39, JAURES (RUE JEAN) DU",,,,440
201300027390,13,1,3,2050,5,2,2,2,3,208,R PASTEUR/E.DECOURT/SCHE,M,4799827,0274641,450
201300027391,13,1,4,845,2,1,1,2,6,004,BT D 2007 VERS D 2060,M,4798487,0274201,450
201300027392,13,1,25,1220,1,2,2,8,3,068,R VOLTAIRE/CAMILLE DESMO,M,4803649,0273917,450
201300027393,13,1,30,1155,1,2,2,2,3,208,D 815/AV COCHERY/D 943,M,4800361,0274197,450
201300027394,13,2,1,1750,5,2,6,3,3,208,R CHATEAU/BD CHINCHON,M,4799651,0272731,450
201300027395,13,2,3,52,3,1,1,1,6,004,LES SARRADINS,M,4798592,0283627,450
201300027396,13,2,8,1858,3,1,1,2,3,208,LES CLOSIERS,M,4799231,0274086,450
201300027397,13,2,14,1330,1,2,2,3,3,068,R MARCEL BLANCHET/ORMES,M,4800932,0270543,450
201300027398,13,2,23,2117,5,2,1,4,6,208,33 AV GL DE GAULLE,M,4800327,0273634,450
201300027399,13,2,28,1634,1,2,1,1,2,004,100 RTE ST FIRMIN DES VI,M,4797557,0274206,450
201300027400,13,3,2,1405,1,2,3,1,6,068,R J.LAMY/LAZARE CARNOT,M,4800673,0273512,450
201300027401,13,3,7,1928,3,1,1,1,2,338,ROUTE NATIONALE 60,M,4798912,0268420,450
201300027402,13,3,9,1655,1,2,1,1,6,068,R EDOUARD LALO,M,4800578,0271962,450
201300027403,13,3,11,1348,1,2,2,1,5,068,R FOLIE/G. JALLION,M,4801787,0270971,450
201300027404,13,3,15,944,1,2,1,1,6,208,120 R DEPORTES ET INTERN,M,4799447,0274455,450
201300027405,13,3,16,1545,1,2,1,1,2,208,75 RUE DE LA SIRENE,M,4800244,0272601,450
201300027406,13,3,18,1005,1,2,1,8,6,208,RUE DE VERDUN,,,,450
201300027407,13,3,19,1508,1,2,6,7,3,004,GIRATOIRE R EUROPE,M,4797823,0272906,450
201300027408,13,3,15,1808,1,2,1,1,2,208,35 R VIMORY,M,4799118,0272479,450
201300027409,13,3,23,515,5,2,1,1,6,208,92 BIS R A.COQUILLET,M,4799033,0273237,450
201300027410,13,4,17,1918,1,2,3,1,3,068,R DEMI LUNE/DEMI LUNE,M,4802231,0273622,450
201300027411,13,4,19,1115,1,2,1,1,6,068,R DU 23 AOUT,M,4801145,0271979,450
201300027412,13,4,23,749,1,1,1,1,3,004,D2060,M,4800578,0281004,450
201300027413,13,4,24,1618,1,1,2,1,3,004,R BRUYERES/GUE PIOCHE,M,4799029,0278503,450
201300027414,13,4,24,1928,1,2,4,1,6,208,D 2007/AV GL DE GAULLE,M,4800396,0273683,450
201300027415,13,4,29,1515,1,2,3,1,3,004,R NIVELLE/PIERRE SEMARD,M,4798933,0274677,450
201300027416,13,4,28,1230,1,2,1,1,3,208,RD 2007,,,,450
201300027417,13,5,6,1540,1,2,2,1,3,338,R J.MERMOZ/R PLANTES,M,4798111,0271641,450
201300027418,13,5,7,755,1,2,1,1,6,338,4 R MARYSE BASTIE,M,4798169,0272172,450
201300027419,13,5,9,1435,1,2,4,1,3,338,R PARC/R STADE,M,4799502,0269563,450
201300027420,13,5,16,1520,1,1,1,2,3,004,D2060,,,,450
201300027421,13,5,17,1825,1,2,1,1,6,068,R JEAN LAMY,M,4800462,0273082,450
201300027422,13,5,24,1526,1,2,4,2,2,208,BRETELLE/R EUROPE,M,4799652,0274001,450
201300027423,13,5,24,1620,1,1,4,3,3,004,D2007/BRETELLE D93,M,4797723,0274096,450
201300027424,13,5,28,1920,1,1,1,2,6,338,D 2060,M,4794514,0271362,450
201300027425,13,5,30,1616,1,2,1,3,6,208,21 PL DE LA  REPUBLIQUE,M,4799603,0273338,450
201300027426,13,6,2,1305,1,2,1,1,1,208,150 R PAUL DOUMER,M,4800203,0274239,450
201300027427,13,6,14,1000,1,1,1,1,3,004,D 2007,M,4796668,0273403,450
201300027428,13,6,21,1945,1,2,1,1,6,004,59 R DES COQUELICOTS,M,4798928,0275045,450
201300027429,13,6,25,1715,1,2,1,1,6,208,27 FG DE LA CHAUSSEE,M,4799801,0274170,450
201300027430,13,7,6,1025,1,2,1,1,3,004,557 R ST FIRMIN DES VIGN,M,4797724,0273672,450
201300027431,13,7,3,825,1,2,4,2,3,338,R CHAMBON/BRETELLE,M,4798739,0269467,450
201300027432,13,7,2,845,1,2,2,1,3,338,R G.SAND/A.DUMAS,M,4798466,0271107,450
201300027433,13,7,12,1235,1,1,3,1,3,004,R COULEVREUX/BRETELLE D2,M,4798562,0276934,450