Num_Acc,an,mois,jour,hrmn,lum,agg,int,atm,col,com,adr,gps,lat,long,dep
201300027706,13,4,18,1819,1,2,1,1,6,007,PATTON AVENUE,M,4747319,-059783,490
201300027707,13,4,20,400,5,2,2,1,6,007,BLANCHOIN BOULEVARD,M,4744752,-054326,490
201300027708,13,4,19,1220,1,2,1,1,2,267,HELENE BOUCHER,M,4748940,-050516,490
201300027709,13,4,20,1208,1,2,1,1,6,246,GLARDIERE CHEMIN,M,4744171,-051530,490
201300027710,13,4,24,1905,1,2,1,1,6,007,SALPINTE,M,4744834,-055382,490
201300027711,13,3,29,1844,1,2,1,1,2,007,COUBERTIN BOULEVARD,M,4746266,-053228,490
201300027712,13,4,25,1711,1,2,3,1,3,007,BRIOLLAY ROUTE,M,4748664,-053263,490
201300027713,13,5,2,1345,1,1,1,1,7,246,RD 260,M,4744481,-052394,490
201300027714,13,5,1,1901,1,2,6,1,3,007,Ali�nor d'Aquitaine,M,4746115,-061694,490
201300027715,13,4,29,748,1,2,1,1,3,007,DELACROIX RUE ET PASSAGE,M,4745619,-052783,490
201300027716,13,4,20,1225,1,2,1,1,6,007,PORTET BOULEVARD,M,4745122,-056180,490
201300027717,13,4,26,2030,2,2,2,1,1,007,RAMON BOULEVARD,M,4748557,-053329,490
201300027718,13,4,27,1926,1,2,1,1,7,015,DE GAULLE AVENUE,M,4750408,-059110,490
201300027719,13,4,29,1712,1,2,2,1,3,007,"61, JOXE AVENUE",M,4748173,-054295,490
201300027720,13,4,30,1120,1,2,2,1,3,246,"73, HUGO VICTOR RUE",M,4743042,-052816,490
201300027721,13,5,2,1818,1,2,1,1,6,007,"9, PASCAL RUE ET PASSAGE",M,4745805,-053827,490
201300027722,13,5,3,2238,3,1,1,1,6,007,"0, EPINARD CHEMIN",M,4749933,-056495,490
201300027723,13,5,7,1127,1,2,1,1,6,007,"5, MENDES FRANCE PLACE",M,4747315,-054515,490
201300027724,13,5,7,1645,1,2,1,1,7,007,"17, BRAULT",M,4747363,-057110,490
201300027725,13,5,9,2149,2,2,2,1,6,007,BELGIQUE,M,4746986,-054246,490
201300027726,13,5,11,1730,1,2,3,1,3,007,"0, CARNOT",M,4747602,-055022,490
201300027727,13,5,11,1600,1,1,1,1,1,015,CANTENAY EPINARD ROUTE,M,4751075,-057487,490
201300027728,13,5,11,1652,1,2,1,1,7,007,"53, HAMELIN IMPASSE ET R",M,4747625,-059028,490
201300027729,13,5,12,1452,1,2,2,1,3,007,PAUL BERT,M,4746635,-055300,490
201300027730,13,5,11,1720,1,2,1,1,6,007,"40, AYRAULT",M,4747584,-055006,490
201300027731,13,5,13,850,1,2,2,1,2,353,DORMOY,M,4744439,-049071,490
201300027732,13,5,13,2357,5,2,1,1,7,007,PLANTAGENET,M,4747235,-055455,490
201300027733,13,5,13,1657,1,1,6,1,6,246,"30, RUE PERDRIAU",M,4743901,-048675,490
201300027734,13,5,13,1515,1,2,1,1,6,007,BRIOLLAY ROUTE,M,4749094,-052973,490
201300027735,13,5,15,2306,5,2,1,1,2,007,MEIGNANNE,M,4748094,-057363,490
201300027736,13,5,16,1601,1,2,6,1,3,007,BLANCHOIN BOULEVARD,M,4744830,-053864,490
201300027737,13,5,16,1251,1,1,1,1,7,007,BAUMETTE Rocade,M,4745826,-057289,490
201300027738,13,5,20,1920,1,1,1,2,7,007,ATLANTIQUE  AVENUE DE L',M,4746608,-056910,490
201300027739,13,5,20,1345,1,1,1,2,7,007,RD 323,M,4747044,-056149,490
201300027740,13,5,19,2022,2,1,1,1,7,007,VOIE DES BERGES,M,4747547,-055500,490
201300027741,13,5,22,1310,1,2,3,1,1,007,"0, RABELAIS",M,4746246,-054742,490
201300027742,13,5,22,1705,1,2,6,1,3,007,"0, BEAUSSIER BOULEVARD",M,4747812,-059851,490
201300027743,13,5,22,1820,1,2,1,1,6,007,"167, PYRAMIDE ROUTE",M,4744985,-051584,490
201300027744,13,5,22,1508,1,2,1,1,6,007,MOULIN PLACE,M,4749167,-055161,490
201300027745,13,5,27,2010,1,2,1,1,2,007,"1, VALERY PAUL RUE ET SQ",M,4748749,-052972,490
201300027746,13,5,28,945,1,1,1,8,2,267,A87N,M,4747832,-050102,490
201300027747,13,5,29,853,1,2,2,1,7,007,"3, ROI RENE BOULEVARD",M,4746868,-055839,490
201300027748,13,6,3,1211,1,2,1,1,3,007,MONTAIGNE AVENUE,M,4747151,-053859,490
201300027749,13,5,31,1953,1,1,1,1,2,007,"0, RD 323",M,4746470,-057651,490
201300027750,13,6,4,1703,1,2,1,1,2,007,"65, BRISEPOTIERE",M,4748060,-052924,490
201300027751,13,6,4,1711,1,2,1,1,6,007,FOCH BOULEVARD,M,4746889,-054955,490
201300027752,13,6,4,1818,1,2,2,1,3,007,JEAN XXIII AVENUE,M,4745194,-057103,490
201300027753,13,6,2,2000,1,2,1,1,2,007,GALLIENI BOULEVARD,M,4748610,-052987,490
201300027754,13,6,5,656,1,1,1,1,7,246,A87N,M,4742101,-050434,490
201300027755,13,5,31,1815,1,2,1,1,6,007,SAINT LAZARE,M,4747971,-056570,490
201300027756,13,6,6,1806,1,2,1,1,6,007,"42, DEUX CROIX BOULEVARD",M,4747339,-052988,490
201300027757,13,5,27,1231,1,1,1,1,4,267,A87N,M,4748298,-049877,490
201300027758,13,6,5,1520,1,2,1,1,7,007,"31, FONTENEAU",M,4745820,-054335,490
201300027759,13,6,7,1622,1,2,1,1,4,246,1 rue Maurice Berne,M,4740732,-052550,490
201300027760,13,6,7,835,1,2,1,1,6,007,RUE DE RENNES,M,4747723,-054904,490
201300027761,13,6,8,1820,1,2,1,1,7,007,"14, LEVAVASSEUR",M,4747319,-053152,490
201300027762,13,6,9,240,5,2,1,1,1,246,"51, DAVID D'ANGERS",M,4743592,-053086,490
201300027763,13,6,11,1347,1,2,1,1,2,007,LIZE,M,4748939,-056808,490
201300027764,13,6,12,919,1,2,6,2,6,007,DE LATTRE DE TASSIGNY,M,4744855,-053821,490
201300027765,13,6,13,1825,1,1,1,1,4,007,RD 323,M,4747232,-055836,490
201300027766,13,6,15,938,1,2,6,1,3,007,LYCEE PLACE,M,4746723,-054490,490
201300027767,13,6,14,1005,1,2,1,1,2,007,"74, RABELAIS",M,4745997,-054601,490
201300027768,13,6,17,2300,5,2,2,2,3,007,PAUL BERT,M,4746542,-055031,490
201300027769,13,6,17,1635,1,2,1,1,2,007,"16, PONTS DE CE",M,4745766,-054372,490
201300027770,13,6,18,1809,1,2,6,1,7,353,Rue Pasteur,M,4744547,-046958,490
201300027771,13,6,19,1804,1,2,1,1,7,007,LORRAINE PLACE,M,4747006,-054718,490
201300027772,13,6,24,1736,1,2,1,1,2,007,"34, BIRGE BOULEVARD",M,4747848,-052117,490
201300027773,13,6,21,1328,1,2,1,1,6,007,DE LATTRE DE TASSIGNY,M,4745068,-053969,490
201300027774,13,6,22,1628,1,2,3,1,3,007,"78, SAINT LEONARD",M,4746374,-053837,490
201300027775,13,6,25,1758,1,1,4,1,6,007,BEAUSSIER BOULEVARD,M,4747928,-059747,490
201300027776,13,6,25,2230,5,2,1,1,2,007,PASTEUR AVENUE,M,4747649,-053289,490
201300027777,13,6,25,1318,1,2,1,1,1,007,BEDIER BOULEVARD,M,4745186,-054445,490
201300027778,13,6,26,1115,1,2,1,1,2,007,MEIGNANNE,M,4748086,-057337,490
201300027779,13,6,27,1642,1,2,3,1,3,007,PATTON AVENUE,M,4747363,-058369,490
201300027780,13,6,28,1834,1,2,1,1,1,007,JUIN RUE,M,4744900,-056846,490
201300027781,13,6,29,1830,1,1,1,1,2,007,ATLANTIQUE  AVENUE DE,M,4746555,-057938,490
201300027782,13,6,30,1217,1,2,2,1,3,007,SAINT MICHEL BOULEVARD,M,4747347,-054209,490
201300027783,13,6,30,1020,1,2,2,1,3,007,Square Churchill,M,4744751,-056177,490
201300027784,13,7,2,1750,1,2,1,1,3,007,ROI RENE BOULEVARD,M,4746743,-055571,490
201300027785,13,7,3,842,1,2,6,1,6,007,LAC DE MAINE AVENUE,M,4746473,-059390,490
201300027786,13,7,3,1810,1,2,1,1,6,007,"1, CHAMBRE AUX DENIERS R",M,4746610,-059816,490
201300027787,13,7,4,1535,1,2,1,1,7,007,MEIGNANNE,M,4748094,-057363,490
201300027788,13,7,5,1814,1,2,1,1,3,007,"65, CHATENAY AVENUE VICT",M,4748499,-051664,490
201300027789,13,5,28,1605,1,2,1,3,6,353,"88, PASTEUR",M,4744558,-046794,490
201300027790,13,5,29,1718,1,1,1,3,7,267,A87N,M,4746997,-051223,490
201300027791,13,7,8,2040,1,2,2,1,2,007,"84, SAUMUROISE rue",M,4745562,-052992,490
201300027792,13,7,9,1720,1,2,2,1,6,007,SAVARY PASSAGE ET RUE,M,4747344,-054212,490
201300027793,13,7,12,1420,1,2,2,1,3,007,"44, BOREAU",M,4747619,-054508,490
201300027794,13,7,14,1,5,2,3,1,3,007,"0, PATTON AVENUE",M,4747305,-057725,490
201300027795,13,7,12,855,3,2,1,1,3,007,MENDES FRANCE PLACE,M,4747228,-054634,490
201300027796,13,7,16,1940,1,2,4,1,3,007,CLEMENCEAU BOULEVARD,M,4747420,-056722,490
201300027797,13,7,23,1635,1,2,1,1,4,007,1 RUE LARREY,M,4748029,-055468,490
201300027798,13,7,22,1940,1,2,1,1,7,007,"43, ALLONNEAU(AUGUSTE) B",M,4748148,-052706,490
201300027799,13,7,24,1310,1,2,3,1,3,007,RUE DESJARDIN,M,4746732,-054701,490
201300027800,13,7,25,1359,1,2,1,1,2,007,"47, PATTON AVENUE",M,4747362,-058370,490
201300027801,13,7,25,1727,1,2,1,1,2,007,"22, DUNANT BOULEVARD",M,4748430,-053044,490
201300027802,13,7,26,1730,1,2,1,1,2,007,PATTON AVENUE,M,4747325,-059663,490
201300027803,13,7,31,1707,1,2,1,1,2,007,MONPLAISIR BOULEVARD,M,4748991,-052205,490
201300027804,13,8,2,1840,1,2,2,1,3,007,GANDHI,M,4747075,-051915,490
201300027805,13,8,2,1344,1,2,1,1,6,007,"22, DUNANT BOULEVARD",,,,490
201300027806,13,8,6,1805,1,2,2,1,3,007,"40, BOISNET RUE",,,,490
201300027807,13,8,6,835,1,2,6,1,1,007,"0, LIZE",,,,490
201300027808,13,8,15,110,3,1,1,1,6,246,SAINT JEAN DE LA CROIX L,,,,490
201300027809,13,8,23,1156,1,2,1,1,6,007,"11, RAME",,,,490
201300027810,13,8,24,1803,1,2,1,1,2,007,"10, CARNOT",,,,490
201300027811,13,8,24,1520,1,2,1,1,7,007,Boulevard DUMESNIL,M,4747337,-056678,490
201300027812,13,8,24,1016,1,2,1,1,6,007,"108, PRE PIGEON",M,4747550,-053661,490
201300027813,13,8,24,1500,1,2,1,1,7,007,"2, SAINT LAZARE",,,,490
201300027814,13,8,27,2210,4,2,1,1,1,007,"104, PASTEUR AVENUE",,,,490
201300027815,13,9,1,2055,2,2,1,1,7,007,"28, BARON",,,,490
201300027816,13,9,3,1649,1,2,6,1,1,007,"0, LIZE",,,,490
201300027817,13,9,4,1531,1,2,1,1,6,007,"40, GALLIENI BOULEVARD",,,,490
201300027818,13,9,4,849,1,2,1,1,6,007,"0, RASPAIL",,,,490
201300027819,13,9,5,1900,1,2,1,1,1,007,HOTEL DIEU AVENUE,,,,490
201300027820,13,9,5,2106,2,2,6,1,2,007,BON PASTEUR BOULEVARD,,,,490
201300027821,13,9,6,2225,5,2,2,1,2,246,"0, GALLIENI AVENUE",,,,490
201300027822,13,9,9,1713,1,2,3,1,3,007,DUMESNIL BOULEVARD,M,4747316,-056641,490
201300027823,13,9,6,805,1,2,1,1,1,007,"111, GASNIER AVENUE",M,4748780,-057384,490
201300027824,13,9,6,930,1,2,1,1,2,007,"0, MONTAIGNE AVENUE",,,,490
201300027825,13,9,7,2036,5,2,2,1,3,007,"0, BOURGONNIER",,,,490
201300027826,13,9,8,1215,1,2,1,1,6,007,"0, BERGSON",,,,490
201300027827,13,9,11,1202,1,2,1,1,2,007,PARMENTIER,M,4745305,-051820,490
201300027828,13,9,11,849,1,2,6,1,7,007,PATTON AVENUE,M,4747312,-059980,490
201300027829,13,9,13,627,5,2,2,1,3,246,"0, DAVID D'ANGERS",,,,490
201300027830,13,9,12,738,2,2,3,1,5,007,"0, MONTAIGNE AVENUE",,,,490
201300027831,13,9,12,754,1,2,1,2,6,007,"0, MADELEINE",,,,490
201300027832,13,9,12,830,1,2,1,1,6,267,"0, GEMMETRIE",,,,490
201300027833,13,9,16,1636,1,1,1,1,3,246,"0, A87N",,,,490
201300027834,13,9,17,1220,1,2,3,1,1,007,PASTEUR AVENUE,M,4747402,-053743,490
201300027835,13,9,13,1826,1,2,3,1,2,007,LE GOUZ,,,,490
201300027836,13,9,15,930,1,2,1,1,6,007,KING MARTIN-LUTHER RUE E,,,,490
201300027837,13,9,16,1405,1,2,1,1,2,353,"0, JEAN JAURES RUE",,,,490
201300027838,13,9,18,1958,1,2,2,1,1,007,"1, CEZANNE",,,,490
201300027839,13,9,20,1435,1,2,6,1,3,007,"0, LIZE",,,,490
201300027840,13,9,20,1105,1,2,1,1,6,007,"0, CAMUS BOULEVARD",,,,490
201300027841,13,9,21,1137,1,2,1,1,2,007,"0, HOCHE",,,,490
201300027842,13,9,23,851,1,2,1,1,6,007,"0, NOTRE DAME DU LAC AVE",,,,490
201300027843,13,9,24,1909,1,2,1,1,6,007,"0, JEAN XXIII AVENUE",,,,490
201300027844,13,9,24,1336,1,2,1,1,7,007,"0, CLEMENCEAU BOULEVARD",,,,490
201300027845,13,9,26,1700,1,2,1,1,2,007,"0, DE LATTRE DE TASSIGNY",,,,490
201300027846,13,9,28,1633,1,1,1,2,3,267,"PK, RD 347",,,,490
201300027847,13,9,28,840,1,2,1,1,6,007,"1, ONZE NOVEMBRE 1918 AV",,,,490
201300027848,13,9,27,1250,1,2,1,1,2,007,"44, FAYE",,,,490
201300027849,13,9,27,1830,1,2,2,1,3,007,STRASBOURG BOULEVARD,,,,490
201300027850,13,9,29,1354,1,2,3,1,6,007,", BRISEPOTIERE",,,,490
201300027851,13,9,27,1910,2,2,1,1,3,007,"0, SALPINTE",,,,490
201300027852,13,9,29,605,5,2,1,1,7,246,"4, BERNE",,,,490
201300027853,13,9,30,755,2,2,1,1,3,007,AV DE LATTRE DE TASSIGNY,M,4745070,-053964,490
201300027854,13,10,1,1739,1,2,1,1,6,007,RABELAIS,,,,490
201300027855,13,10,2,1704,1,2,1,1,3,007,"1, MOULIN BOULEVARD",,,,490
201300027856,13,10,3,1115,1,2,1,1,4,007,"0, CAMUS BOULEVARD",M,4748310,-057584,490
201300027857,13,10,4,450,5,2,1,1,6,267,ANGERS ROUTE,M,4746925,-050928,490
201300027858,13,10,3,2155,5,2,2,1,1,007,MONTAIGNE AVENUE,,,,490
201300027859,13,10,4,1647,1,1,1,1,3,353,A87N,,,,490
201300027860,13,10,4,1755,1,2,1,1,6,007,"05, FOCH BOULEVARD",,,,490
201300027861,13,10,8,1755,1,2,3,1,3,007,"0, MIMOSAS",,,,490
201300027862,13,10,9,1250,1,2,3,1,6,007,"28, BODINIER",,,,490
201300027863,13,10,9,1256,1,2,1,1,3,007,DAVIERS BOULEVARD,,,,490
201300027864,13,10,12,920,1,2,1,2,3,007,"0, BARRA PASSAGE ET RUE",,,,490
201300027865,13,10,13,510,5,2,1,1,6,007,"0, COUFFON BOULEVARD SEC",,,,490
201300027866,13,10,14,1330,1,2,2,1,6,007,"0, CLEMENCEAU BOULEVARD",,,,490
201300027867,13,10,14,828,1,2,1,1,2,007,DE LATTRE DE TASSIGNY,,,,490
201300027868,13,10,15,918,1,2,2,2,3,007,"0, GUITTON",M,4747373,-054754,490
201300027869,13,10,15,1053,1,2,2,2,2,007,VOLNEY,M,4746176,-054148,490
201300027870,13,10,16,800,5,2,1,1,3,007,"21, SAINT LEONARD",,,,490
201300027871,13,10,16,1840,1,1,1,1,6,007,"0, ROI RENE BOULEVARD",,,,490
201300027872,13,10,17,748,1,2,2,1,6,007,"0, BEAUSSIER BOULEVARD",,,,490
201300027873,13,10,17,1824,1,2,1,1,6,353,PARMENTIER,,,,490
201300027874,13,10,18,1411,1,2,1,1,2,007,BEAUSSIER BOULEVARD,,,,490
201300027875,13,10,21,1620,1,2,1,1,3,007,"1, MOULIN BOULEVARD",,,,490
201300027876,13,10,22,857,2,2,1,1,3,246,PERDRIAU,,,,490
201300027877,13,10,23,1420,1,2,2,1,2,007,DUNANT BOULEVARD,,,,490
201300027878,13,10,23,732,2,2,1,1,6,007,MOULIN PONT ET PLACE,,,,490
201300027879,13,10,24,1100,1,2,1,1,6,007,BOREAU,,,,490
201300027880,13,10,27,2035,3,1,1,2,7,246,"PK 5,000, A87N",,,,490
201300027881,13,10,28,1850,5,2,1,1,7,007,"206, PASTEUR AVENUE",,,,490
201300027882,13,11,1,2023,5,2,2,1,2,007,"0, NID DE  PIE",,,,490
201300027883,13,11,2,833,1,1,1,1,6,007,"0, VOIE DES BERGES",,,,490
201300027884,13,11,5,1107,1,2,1,1,6,007,"0, CLAUDEL",,,,490
201300027885,13,11,5,1747,1,2,1,1,6,007,SAUMUROISE IMPASSE ET RU,,,,490
201300027886,13,11,6,1500,1,2,1,1,3,007,"0, PYRAMIDE ROUTE",,,,490
201300027887,13,11,6,1744,2,1,1,1,4,015,D775,M,4750423,-061883,490
201300027888,13,11,11,2145,5,2,1,2,4,007,BERGES VOIE,,,,490
201300027889,13,11,14,855,1,2,1,1,6,007,"1, ARAGON AVENUE",,,,490
201300027890,13,11,18,1517,1,2,1,1,6,007,"0, MOLIERE PLACE",,,,490
201300027891,13,10,26,2010,5,2,1,1,2,246,"25, HUGO VICTOR RUE",,,,490
201300027892,13,11,12,1946,5,2,1,1,3,267,"0, A87N",,,,490
201300027893,13,10,20,1215,1,2,1,1,7,015,"20, ADEZIERE ROUTE",,,,490
201300027894,13,10,26,1630,1,2,1,1,6,007,QUAI LIGNY,,,,490
201300027895,13,11,18,1815,5,2,1,1,6,007,"25, CHURCHILL AVENUE ET",,,,490
201300027896,13,10,29,910,1,2,1,1,7,007,"04, LARREY",,,,490
201300027897,13,10,30,1340,1,2,1,1,6,007,PATTON AVENUE,,,,490
201300027898,13,11,9,1123,1,2,1,1,7,007,"00, BAUMETTE PROMENADE",,,,490
201300027899,13,11,20,2000,5,2,1,2,6,007,"0, DUNANT BOULEVARD",,,,490
201300027900,13,11,20,1240,1,2,6,1,6,007,"0, CHAUVIRE RUE ET SQUAR",,,,490
201300027901,13,11,21,1205,1,2,2,1,3,007,"1, BRIOLLAY ROUTE",,,,490
201300027902,13,11,21,1600,1,2,1,2,2,007,"58, BEDIER BOULEVARD",,,,490
201300027903,13,11,21,745,2,2,1,2,7,007,"5, PAPIN",,,,490
201300027904,13,11,21,1915,3,2,1,1,7,007,"00, DE LATTRE DE TASSIGN",,,,490
201300027905,13,11,23,530,5,2,1,1,6,007,"0, BEAUSSIER BOULEVARD",,,,490
201300027906,13,11,24,1145,1,2,1,7,6,007,"0, ACADEMIE PLACE",,,,490
201300027907,13,11,28,120,5,2,2,1,3,007,"1, MARIANNE BOULEVARD",,,,490
201300027908,13,11,28,1145,1,2,9,1,3,353,"20, RECLUS",,,,490
201300027909,13,11,30,1245,1,2,5,1,3,007,MARCEAU,,,,490
201300027910,13,11,30,2016,5,2,1,1,6,007,CARNOT,,,,490
201300027911,13,11,30,1210,1,2,1,1,1,007,"0, MOULIN BOULEVARD",,,,490
201300027912,13,11,29,1630,1,2,1,1,3,246,"28, DAVID D'ANGERS",,,,490
201300027913,13,12,3,1950,2,2,1,1,2,007,"3, DAVIERS BOULEVARD",M,4747922,-055760,490
201300027914,13,11,8,1345,1,1,1,2,2,007,"0, BARANGE BOULEVARD",,,,490
201300027915,13,12,3,1820,3,1,1,1,4,267,"0, A87N",,,,490
201300027916,13,12,6,1730,1,2,1,1,6,007,"56, LAVOISIER BOULEVARD",,,,490
201300027917,13,12,9,1822,5,2,1,1,7,007,"6, TURPIN DE CRISSE AVEN",,,,490
201300027918,13,12,10,1415,1,2,1,1,4,267,"68, BEAUFORT ROUTE",,,,490
201300027919,13,12,10,1650,1,2,1,1,7,007,"34, CHAMBRE AUX DENIERS",,,,490
201300027920,13,12,12,1402,1,2,6,1,2,007,PAJOTIN,,,,490
201300027921,13,12,13,2310,5,2,1,1,7,007,"5, LEKEU",,,,490
201300027922,13,12,14,1910,5,2,1,1,7,007,"15, SAUMUROISE IMPASSE E",,,,490
201300027923,13,12,12,1800,5,2,1,1,2,007,"1, BEL AIR",,,,490
201300027924,13,12,16,1705,1,2,1,1,3,246,"1, DAVID D'ANGERS",,,,490
201300027925,13,12,18,2030,5,2,1,3,3,007,"42, BIRGE BOULEVARD",,,,490
201300027926,13,12,18,810,2,2,3,2,3,007,"0, HAUTE DES BANCHAIS",,,,490
201300027927,13,12,19,1000,1,2,1,2,7,007,LAC DE MAINE AVENUE,,,,490
201300027928,13,12,19,1150,1,2,1,1,2,007,ROBERT BOULEVARD,,,,490
201300027929,13,12,19,2055,5,2,1,1,6,007,GOURONNIERES,,,,490
201300027930,13,12,20,1010,1,2,1,1,6,007,"1, DAVIERS BOULEVARD",,,,490
201300027931,13,12,21,2352,5,2,1,2,7,007,"1, TOUR DES ANGLAIS",,,,490
201300027932,13,12,20,1009,1,2,1,9,6,007,"0, MONPROFIT PLACE",,,,490
201300027933,13,12,22,1946,5,2,7,9,3,007,"1, NEY PLACE",,,,490
201300027934,13,12,23,1150,1,2,1,1,1,353,"1, CAMUS",,,,490
201300027935,13,12,26,730,4,2,1,2,7,007,"1, BARANGE BOULEVARD",,,,490
201300027936,13,12,26,709,2,2,1,8,6,007,FOCH BOULEVARD,,,,490
201300027937,13,12,27,1730,2,2,1,2,7,007,"24, GAIN ( LOUIS)",,,,490
201300027938,13,12,30,1045,1,2,9,1,1,007,MITTERRAND PLACE ET ALLE,,,,490
201300027939,13,1,6,1840,1,2,9,5,2,099,MOINIE(BOULEVARD DE LA ),M,4705407,-090092,490
201300027940,13,1,7,1900,5,2,1,1,3,099,CASSINI (BOULEVARD JACQU,M,4704194,-091354,490
201300027941,13,1,9,1210,1,2,1,1,6,099,"51, RAMBOURG (RUE DE)",M,4706724,-088504,490
201300027942,13,1,11,1315,1,2,2,1,6,099,HOTEL DE VILLE (RUE DE L,M,4705794,-087935,490
201300027943,13,1,14,800,2,2,6,1,3,099,FAIDHERBE (BOULEVARD DU,M,4706519,-087010,490
201300027944,13,1,15,1650,1,2,1,1,6,099,GAMBETTA (AVENUE LEON),M,4706382,-087154,490
201300027945,13,1,18,1045,1,2,1,2,6,099,MOCRAT(AVENUE DE),M,4706203,-089684,490
201300027946,13,1,22,1755,2,2,1,1,3,099,61 av Leon GAMBETTA,M,4706337,-087354,490
201300027947,13,1,23,1835,5,2,1,2,4,099,TROIS PROVINCES (AVENUE,M,4705948,-091900,490
201300027948,13,1,24,755,5,2,9,2,3,099,FERRIE (AVENUE GUSTAVE),M,4706222,-085828,490
201300027949,13,1,28,1912,5,2,1,1,2,099,BOIS LAVAU (BOULEVARD DE,M,4707309,-089757,490
201300027950,13,1,28,1732,1,2,6,1,3,099,COUBERTIN (BOULEVARD PIE,M,4705013,-087221,490
201300027951,13,1,28,2020,5,2,6,1,4,099,BELGIQUE (BOULEVARD DE ),M,4707128,-084200,490
201300027952,13,1,29,2145,5,2,1,2,3,099,CARNOT (RUE SADI),M,4706078,-087196,490
201300027953,13,2,8,2010,5,2,3,2,3,099,LORRAINE (RUE DE),M,4705720,-086283,490
201300027954,13,2,9,1050,1,2,1,2,6,332,HUIT MAI 1945 (PLACE DU),M,4706409,-093567,490
201300027955,13,2,20,855,1,2,1,1,6,099,"17, DELHUMEAU PLESSIS (B",M,4705745,-087866,490
201300027956,13,2,26,935,1,2,1,4,3,099,"55, FAIDHERBE (BOULEVARD",M,4706784,-087461,490
201300027957,13,3,22,1210,1,2,1,1,6,099,"106, VENDEE (RUE DE LA )",M,4705277,-089067,490
201300027958,13,3,27,745,1,2,6,1,3,099,BICENTENAIRE DE 1793 (PL,M,4705541,-085939,490
201300027959,13,4,5,525,2,2,1,1,3,099,"9, VICTOIRE (BD DE LA)",M,4705718,-087701,490
201300027960,13,4,8,1210,1,2,1,1,2,099,BOUET (AVENUE FRANCIS),M,4705889,-088920,490
201300027961,13,4,17,1445,1,2,6,1,6,099,COUBERTIN (BD PIERRE),M,4705080,-087166,490
201300027962,13,4,18,1950,1,2,6,1,3,099,BICENTENAIRE DE 1793 (PL,M,4705508,-085988,490
201300027963,13,5,9,2200,5,2,1,1,6,099,LORRAINE (RUE DE),M,4705610,-086085,490
201300027964,13,5,11,655,2,2,1,1,6,099,MOINIE(BOULEVARD DE LA ),M,4705451,-090132,490
201300027965,13,5,18,1910,1,2,2,3,3,099,LA BRUYERE (RUE JEAN DE),M,4705086,-085803,490
201300027966,13,5,19,35,5,2,1,3,6,099,"26, VENDEE (RUE DE LA )",M,4705588,-088891,490
201300027967,13,5,27,1303,1,2,2,1,6,099,CHANZY (BOULEVARD GENERA,M,4706897,-088217,490
201300027968,13,5,30,1700,1,2,1,2,1,099,ANGERS (AVENUE D' ),M,4708062,-082792,490
201300027969,13,6,6,1625,1,2,6,1,2,099,D'ARC (BD JEANNE),M,4706324,-086597,490
201300027970,13,6,11,1440,1,2,1,2,3,099,66 FAIDHERBE (BD DU GEN),M,4706769,-087896,490
201300027971,13,6,12,1710,1,2,1,1,2,099,KENNEDY (AVENUE DU PR),M,4704729,-089120,490
201300027972,13,6,13,1310,1,2,1,1,1,099,"49, FAIDHERBE (BOULEVARD",M,4706776,-087667,490
201300027973,13,6,17,1515,1,2,9,1,6,099,TREILLE (BOULEVARD DE LA,M,4705968,-090440,490
201300027974,13,6,27,830,1,2,1,1,2,099,"16, FOCH (AVENUE DU MARE",M,4706164,-088780,490
201300027975,13,7,10,1830,1,2,1,1,6,099,HOTEL DE VILLE (RUE DE L,M,4705855,-087884,490
201300027976,13,7,16,1655,1,2,6,1,6,099,PAGANNES (RUE DES),M,4707502,-084500,490
201300027977,13,7,23,1245,1,1,1,8,6,099,76 av hippodrome,M,4703203,-088408,490
201300027978,13,7,28,615,1,2,1,1,6,099,JAURES (RUE JEAN),M,4706349,-088511,490
201300027979,13,7,29,2025,1,2,1,1,6,099,"77, ETOILE (RUE DE L')",M,4706640,-089006,490
201300027980,13,8,1,1035,1,2,2,1,6,099,"65 bis, SAINT PIERRE (RU",,,,490
201300027981,13,8,3,1750,1,2,3,1,6,099,COMMERCE (RUE DU),,,,490
201300027982,13,8,5,815,1,2,6,1,6,099,LECLERC (AVENUE DU MAREC,M,4706318,-086569,490
201300027983,13,8,6,2240,5,2,3,1,3,099,"50, VENDEE (RUE DE LA )",,,,490
201300027984,13,8,15,2010,1,1,1,1,6,099,"23, RD 20",,,,490
201300027985,13,9,4,1100,1,2,1,1,6,099,ARC (BOULEVRAD JEANNE D',,,,490
201300027986,13,9,10,910,1,2,1,7,6,099,"7, HOCHE (RUE LAZARE)",,,,490
201300027987,13,9,24,805,1,2,1,1,6,099,"11, PLACE du 77e RI",M,4706532,-087072,490
201300027988,13,9,26,1315,1,2,2,2,5,099,TURBAUDIERES (BOULEVARD,,,,490
201300027989,13,9,26,1754,1,2,1,1,6,099,"135, PASTEUR (RUE LOUIS)",,,,490
201300027990,13,9,27,2015,3,1,1,1,1,099,"10, HIPPODROME (AVENUE D",,,,490
201300027991,13,10,14,1200,1,2,9,1,6,099,MONDEMENT(RUE DE),M,4706397,-088104,490
201300027992,13,10,14,1945,5,2,3,2,3,099,VENDEE (RUE DE LA ),,,,490
201300027993,13,10,18,800,1,2,1,1,3,099,"09, EUGENE BREMOND (RUE)",,,,490
201300027994,13,10,20,1955,2,2,3,1,3,099,LORRAINE (RUE DE),,,,490