Num_Acc,an,mois,jour,hrmn,lum,agg,int,atm,col,com,adr,gps,lat,long,dep
201300028542,13,7,13,110,5,2,1,1,6,483,"01, BLANC MUR (RUE DU)",,,,540
201300028543,13,8,20,1000,1,2,1,1,6,159,"43, MOTHE (RUE DE LA)",,,,540
201300028544,13,11,29,1315,1,2,1,1,6,549,"131, PERI (RUE GABRIEL)",M,4863337,0632373,540
201300028545,13,9,4,2220,5,2,2,1,2,483,FRANCE (RUE ANATOLE),M,4863295,0630788,540
201300028546,13,12,7,1720,5,2,3,1,3,159,"00, GENERAL LECLERC (AVE",M,4862008,0635090,540
201300028547,13,12,12,1110,1,2,1,8,6,483,"98, FRANCE (RUE ANATOLE)",,,,540
201300028548,13,12,21,1350,1,2,3,1,3,549,"1, PERI (RUE GABRIEL)",M,4863632,0631156,540
201300028549,13,1,19,810,1,2,6,4,6,323,SAINTIGNON (AVENUE DE),,,,540
201300028550,13,1,22,1523,1,2,3,4,3,323,"15, FAIENCERIE (RUE DE L",M,4951058,0577043,540
201300028551,13,12,27,1310,1,1,1,8,6,323,52 (ROUTE NATIONALE),,,,540
201300028552,13,3,15,1923,5,2,1,1,1,493,"9, ROSE (RUE DE LA)",,,,540
201300028553,13,3,18,549,5,2,3,9,3,382,"68, METZ (BOULEVARD DE)",M,4954253,0577910,540
201300028554,13,3,14,1505,1,2,1,1,6,323,MERCY (RUE),,,,540
201300028555,13,3,23,2345,3,2,1,4,7,321,ERNEST HEMINGWAY (AVENUE,,,,540
201300028556,13,1,30,838,1,1,1,6,7,254,52 (ROUTE NATIONALE),M,4950244,0579214,540
201300028557,13,2,7,1613,1,2,1,4,2,323,AVIATION (AVENUE DE L'),,,,540
201300028558,13,2,4,1333,1,2,3,1,3,382,LONGWY (ROUTE DE),M,4953586,0576737,540
201300028559,13,2,6,2135,5,2,3,4,3,382,LILLE (RUE DE),M,4954247,0578730,540
201300028560,13,2,21,200,2,2,1,1,1,451,"26, CUTRY (ROUTE DE)",M,4949824,0575348,540
201300028561,13,2,23,1533,1,2,1,1,6,323,STANISLAS (RUE),,,,540
201300028562,13,4,12,1045,1,2,1,2,6,323,AVIATION (AVENUE DE L'),M,4951847,0575889,540
201300028563,13,4,9,1245,1,2,3,1,3,323,ANATOLE FRANCE (RUE),M,4952545,0576186,540
201300028564,13,6,1,1830,1,2,1,1,3,323,PROVIDENCE (AVENUE DE LA,,,,540
201300028565,13,6,2,1946,1,2,2,1,1,323,PAIX (AVENUE),,,,540
201300028566,13,6,21,1945,1,2,1,1,1,323,AUVERGNE (RUE D'),,,,540
201300028567,13,6,24,1715,1,2,1,1,6,323,MERCY (RUE),,,,540
201300028568,13,6,27,1717,1,2,2,1,1,382,GARE (AVENUE DE LA),,,,540
201300028569,13,7,1,732,1,1,1,1,6,254,52 (ROUTE NATIONALE),M,4948210,0581741,540
201300028570,13,7,14,150,5,2,2,1,3,323,STANISLAS (RUE),,,,540
201300028571,13,7,13,1659,1,1,1,1,3,451,171 (ROUTE DEPARTEMENTAL,,,,540
201300028572,13,7,16,1410,1,2,1,1,6,382,EUROPE (AVENUE DE L'),,,,540
201300028573,13,7,21,1820,1,2,1,1,2,261,LUXEMBOURG (AVENUE DU),,,,540
201300028574,13,8,15,2200,5,2,1,1,3,323,CHARLES DE GAULLE (AVENU,,,,540
201300028575,13,8,25,1541,1,2,1,1,6,382,JEAN-BAPTISTE BLONDEAU (,,,,540
201300028576,13,8,27,1953,2,2,6,1,7,382,METZ (BOULEVARD DE),M,4954809,0578463,540
201300028577,13,9,5,200,5,2,1,1,7,493,LONGWY (RUE DE),,,,540
201300028578,13,9,8,435,3,2,1,1,6,451,LEXY (RUE DE),,,,540
201300028579,13,8,27,1900,1,2,1,1,6,261,BLANCHE DE CASTILLE,,,,540
201300028580,13,9,24,2105,5,2,1,1,1,261,CONCORDE (RUE DE LA),,,,540
201300028581,13,8,12,2040,2,2,2,1,2,382,HUIT MAI 1945 (BOULEVARD,,,,540
201300028582,13,8,23,1935,1,2,1,1,6,323,"0, HUIT MAI 1945 (AVENUE",,,,540
201300028583,13,9,26,1206,1,2,1,1,7,493,ROSES (ALLEE DES),,,,540
201300028584,13,10,25,1550,1,1,1,8,1,493,DEPORTES POLITIQUES (RUE,,,,540
201300028585,13,10,21,1330,1,2,1,8,2,382,METZ (BOULEVARD DE),,,,540
201300028586,13,11,5,1651,3,2,1,3,6,382,ARTS (AVENUE DES),,,,540
201300028587,13,11,10,640,3,1,1,8,6,451,18 (ROUTE DEPARTEMENTALE,,,,540
201300028588,13,10,19,1200,1,2,1,1,2,367,VOIE RAPIDE (R.N. 52),M,4950522,0578436,540
201300028589,13,10,27,1824,2,2,1,8,6,367,196 B (ROUTE DEPARTEMENT,,,,540
201300028590,13,11,11,1842,3,1,1,5,7,382,52 (ROUTE NATIONALE),M,4954792,0580308,540
201300028591,13,11,9,1805,3,2,1,8,2,321,JACQUES PREVERT (RUE),,,,540
201300028592,13,12,18,1649,2,2,6,8,3,323,AVIATION (AVENUE DE L'),,,,540
201300028593,13,12,19,505,5,2,1,2,6,321,MARCELIN BERTHELOT (RUE),,,,540
201300028594,13,12,24,1248,1,2,1,1,2,323,ALBERT LABRO (RUE),,,,540
201300028595,13,12,24,1600,2,2,1,2,3,382,52 (ROUTE NATIONALE),,,,540
201300028596,13,7,30,2130,2,2,1,1,3,116,"50, NATIONALE",M,4859129,0653120,540
201300028597,13,9,11,840,1,2,6,2,3,329,PLACE DES CARMES,,,,540
201300028598,13,10,2,1520,1,2,2,1,7,329,"0, RUE DE SARREBOURG",,,,540
201300028599,13,1,1,220,5,2,1,1,6,395,"1, LULLI (RUE JEAN-BAPTI",,,,540
201300028600,13,1,2,1300,1,2,1,1,6,395,PONTS (RUE DES 2 A 36/1,,,,540
201300028601,13,1,4,1355,1,2,1,1,4,395,"2, JARDINIERS (RUE DES",M,4869254,0618985,540
201300028602,13,1,4,1835,5,2,1,1,2,184,BRIGACHTAL (AVENUE DE),,,,540
201300028603,13,1,6,1920,5,2,3,1,3,395,PINCHARD (AVENUE - OMBEL,,,,540
201300028604,13,1,7,1745,5,2,3,1,6,395,VINGT SIXIEME R.I. (BOUL,,,,540
201300028605,13,1,4,1430,1,2,1,1,6,304,EUROPE (AVENUE DE L'),,,,540
201300028606,13,1,9,1345,1,2,3,1,2,395,BATAILLE (QUAI DE LA),M,4867676,0619195,540
201300028607,13,1,10,1245,1,2,3,2,3,547,CHARMOIS (AVENUE DU),M,4866683,0617205,540
201300028608,13,1,10,1800,5,2,1,1,4,395,CONCORDE (PONT DE LA),,,,540
201300028609,13,1,12,1355,1,2,1,1,6,547,LUXEMBOURG (RUE DU),,,,540
201300028610,13,1,13,550,5,2,1,1,6,547,BOURGOGNE (AVENUE DE),,,,540
201300028611,13,1,14,725,2,2,2,4,3,498,RD 674,M,4871377,0625084,540
201300028612,13,1,14,1420,1,2,1,1,6,395,"19, ARC ( RUE JEANNE D'N",M,4868846,0617028,540
201300028613,13,1,16,1500,1,1,1,1,2,395,"59, BROT (RUE MARCEL)",M,4867661,0620619,540
201300028614,13,1,18,1000,1,2,2,1,6,395,"1, DE LATTRE DE TASSIGNY",M,4868430,0618858,540
201300028615,13,1,18,2145,5,2,3,8,1,274,REPUBLIQUE (RUE DE LA),M,4867035,0620642,540
201300028616,13,1,21,1855,5,2,1,2,6,395,"08, SAINT DIZIER (RUE 2",M,4869212,0618144,540
201300028617,13,1,23,1000,1,2,3,1,3,439,"40, DE GAULLE (AVENUE CH",M,4870461,0625550,540
201300028618,13,1,24,830,1,2,2,8,4,304,BOIS GRONEE (AVENUE DU),M,4867944,0614248,540
201300028619,13,1,26,1415,1,2,1,1,6,395,"47, SAINT DIZIER (RUE 2",M,4869027,0618289,540
201300028620,13,1,27,1400,1,2,1,2,6,304,SAPINIERE (RUE DE LA),M,4869373,0612804,540
201300028621,13,1,28,1715,5,2,2,1,3,304,"43, ZOLA (RUE EMILE)",M,4868090,0615714,540
201300028622,13,1,30,1205,1,2,1,1,6,304,AIGUILLETTES  (BD 16 A 2,M,4867807,0614464,540
201300028623,13,1,30,1830,5,2,3,1,5,395,CROIX SAINT-CLAUDE (RUE,M,4869034,0613749,540
201300028624,13,2,3,1635,1,2,2,1,5,526,RD 2 BIS,,,,540
201300028625,13,2,2,1210,1,2,1,9,3,304,SAPINIERE (RUE DE LA),,,,540
201300028626,13,2,4,735,1,2,1,2,6,547,EUROPE (BOULEVARD DE L'),,,,540
201300028627,13,2,4,1345,1,2,1,2,7,357,LECLERC (RUE DU GENERAL),,,,540
201300028628,13,2,5,1300,1,2,1,4,6,547,FORET DE HAYE (RUE DE LA,,,,540
201300028629,13,2,7,745,2,2,2,1,6,395,VAUBAN (RUE),M,4867510,0617040,540
201300028630,13,2,8,2115,5,2,2,1,6,395,OUDINOT (RUE DU MAL),M,4867742,0618653,540
201300028631,13,2,10,1245,1,2,1,1,6,395,"102, BOUDONVILLE (RUE DU",,,,540
201300028632,13,2,11,1530,1,2,1,2,6,547,"0, MORVAN (ALLEE DU)",,,,540
201300028633,13,2,12,1350,1,2,1,1,6,395,"28, BERGAMOTE (RUE DE LA",,,,540
201300028634,13,2,12,2000,5,2,2,1,2,395,KELLER (RUE CHARLES),,,,540
201300028635,13,2,3,15,5,2,1,9,6,395,SELLIER (RUE),,,,540
201300028636,13,2,12,1815,2,2,1,1,2,547,"0, BELGIQUE (RUE DE)",,,,540
201300028637,13,2,14,1440,1,2,2,1,6,395,FAUBOURG DES TROIS MAISO,,,,540
201300028638,13,2,18,1330,1,2,1,1,5,547,"2, ARC (AVENUE JEANNE D'",,,,540
201300028639,13,2,18,1445,1,2,1,1,6,395,"92, OUDINOT (RUE DU MAL)",,,,540
201300028640,13,2,19,900,1,2,3,1,6,547,"0, JONQUILLES (AVENUE DE",,,,540
201300028641,13,2,19,915,1,2,1,1,6,395,"58Bis, QUATRE EGLISES (R",,,,540
201300028642,13,2,15,1200,1,2,1,1,6,304,"0, SAPINIERE (RUE DE LA)",,,,540
201300028643,13,2,21,1955,5,2,1,1,3,547,"4, CLEMENCEAU (BD GEORGE",,,,540
201300028644,13,2,22,2020,5,2,1,1,3,395,"1, ARC ( RUE JEANNE D'N",,,,540
201300028645,13,2,27,2015,5,2,3,1,6,395,JOLI COEUR (RUE DU),,,,540
201300028646,13,2,28,1055,1,2,3,1,3,395,SAINTE ANNE (RUE),,,,540
201300028647,13,3,3,845,1,2,2,1,3,395,VINGT SIXIEME R.I. (BOUL,,,,540
201300028648,13,3,6,1815,2,2,2,1,3,526,POTIER (RUE EUGENE),,,,540
201300028649,13,3,6,1950,5,2,1,1,6,395,SAINT DIZIER (RUE 2,,,,540
201300028650,13,3,6,2112,5,1,1,2,3,357,DE GAULLE (AVENUE DU GAL,,,,540
201300028651,13,3,8,1930,3,2,3,2,6,395,PINCHARD (AVENUE - TAMAR,,,,540
201300028652,13,3,10,1150,1,2,2,1,3,395,LORRAIN (QUAI CLAUDE LE),,,,540
201300028653,13,3,12,1855,5,2,1,1,6,395,BOUILLON (PLACE GODEFROY,,,,540
201300028654,13,3,12,1120,1,2,2,1,3,578,LIBERATION (RUE DE LA),,,,540
201300028655,13,3,13,905,1,2,2,4,6,395,POINCARE (RUE RAYMOND 1-,,,,540
201300028656,13,3,14,800,1,2,1,7,1,339,"59, PASTEUR (RUE",,,,540
201300028657,13,3,14,1825,2,2,3,2,3,274,REPUBLIQUE (RUE DE LA),,,,540
201300028658,13,3,15,1700,1,2,1,2,2,495,BOSSERVILLE (ROUTE DE),,,,540
201300028659,13,3,19,1555,1,2,1,1,6,395,KENNEDY (VIADUC),,,,540
201300028660,13,3,20,1730,1,2,1,1,6,304,"86 Ter, REPUBLIQUE (RUE",,,,540
201300028661,13,3,19,1255,1,2,1,2,5,274,"17, FOCH (RUE DU MARECHA",,,,540
201300028662,13,3,19,1630,1,2,1,2,2,304,BOIS GRONEE (AVENUE DU),,,,540
201300028663,13,3,20,810,1,2,1,2,6,395,"7, LOUIS (RUE BARON)",,,,540
201300028664,13,3,23,2220,5,2,1,2,7,304,BOIS GRONEE (AVENUE DU),,,,540
201300028665,13,3,26,1245,1,2,1,1,3,357,METZ (ROUTE DE),,,,540
201300028666,13,3,26,1250,1,2,1,1,3,304,SAPINIERE (RUE DE LA),,,,540
201300028667,13,3,29,200,5,2,1,1,7,526,"71, JAURES (BOULEVARD JE",,,,540
201300028668,13,3,29,1050,1,2,1,1,6,395,GREGOIRE (RUE DE L'ABBE),,,,540
201300028669,13,3,29,2205,5,2,2,1,6,395,"33, BOUDONVILLE (RUE DU",,,,540
201300028670,13,4,4,830,1,2,1,1,6,395,FOUR (RUE DU),,,,540
201300028671,13,4,4,1745,1,2,1,1,4,547,"1, EUROPE (BOULEVARD DE",,,,540
201300028672,13,4,5,1050,1,2,3,1,2,395,JOFFRE (Boulevard),,,,540
201300028673,13,4,5,1130,1,2,3,1,6,395,FOCH (AVENUE 2 A 16/,,,,540
201300028674,13,4,5,1745,1,2,2,1,3,395,METZ (RUE DE),,,,540
201300028675,13,4,5,1820,1,2,1,1,2,395,"200, LIBERATION (AVENUE",,,,540
201300028676,13,4,7,1140,1,2,2,1,3,395,VITTEL (RUE DE),,,,540
201300028677,13,4,7,1910,1,2,2,1,3,578,AIGUILLETTES  (ALLEE DES,,,,540
201300028678,13,4,8,1725,1,2,1,1,4,304,SAONE (RUE DE LA),,,,540
201300028679,13,4,8,2300,5,2,1,1,3,395,LEOPOLD (COURS),,,,540
201300028680,13,4,9,940,1,2,2,2,6,395,SAINT JEAN (RUE),,,,540
201300028681,13,4,9,1320,1,2,1,1,1,357,"22, LAFAYETTE (RUE)",,,,540
201300028682,13,4,9,1805,1,2,1,2,6,395,ARC (RUE JEANNE D' N,,,,540
201300028683,13,4,9,1900,1,2,1,2,6,482,"14, ALEXANDRE 1ER (RUE)",,,,540
201300028684,13,4,10,1204,1,2,3,1,6,395,LOBAU (BOULEVARD),,,,540
201300028685,13,4,10,1454,1,2,1,1,4,395,MOROT (PLACE AIME),,,,540
201300028686,13,4,10,1720,1,2,1,1,2,395,"34, BROT (RUE MARCEL)",,,,540
201300028687,13,4,11,1720,1,2,1,2,2,395,"151, LIBERATION (AVENUE",,,,540
201300028688,13,4,11,2035,5,2,1,1,6,395,DOMINICAINS (RUE DES),,,,540
201300028689,13,4,11,1955,5,2,1,2,2,395,"145, MOUILLERON (RUE GAB",,,,540
201300028690,13,4,12,1130,1,2,1,1,3,482,CARNOT (AVENUE),,,,540
201300028691,13,4,12,1230,1,2,1,1,6,304,SAPINIERE (RUE DE LA),,,,540
201300028692,13,4,12,1620,1,2,2,1,6,274,OPALINSKA (rue Catherine,,,,540
201300028693,13,4,14,1855,1,2,1,1,6,547,LECLERC (AV. DU GENERAL,,,,540
201300028694,13,4,15,930,1,2,2,1,3,395,LYAUTEY (RUE),,,,540
201300028695,13,4,16,2135,5,2,1,1,2,395,MARIN (VIADUC LOUIS),,,,540
201300028696,13,4,17,925,1,2,1,1,6,547,"6, EUROPE (BOULEVARD DE",,,,540
201300028697,13,4,18,1825,1,2,1,1,2,547,"22, CURIE (RUE PIERRE)",,,,540
201300028698,13,4,25,1850,1,2,2,1,3,395,FRANCE (AVENUE ANATOLE),,,,540
201300028699,13,4,25,2020,1,2,1,1,7,184,RD 674,,,,540
201300028700,13,4,25,2140,5,2,1,1,6,547,EUROPE (BOULEVARD DE L'),,,,540
201300028701,13,4,28,1500,1,2,1,1,6,395,"70, BLANDAN (IMPASSE ET",,,,540
201300028702,13,5,1,710,1,2,2,1,1,395,METZ (RUE DE),,,,540
201300028703,13,5,3,1818,1,2,3,2,1,357,LAFAYETTE (RUE),,,,540
201300028704,13,5,5,640,2,2,1,1,6,395,VILLERS (RUE DE),,,,540
201300028705,13,5,5,1130,1,2,3,1,3,547,"298, LECLERC (AVENUE DU",,,,540
201300028706,13,5,6,1700,1,2,1,1,2,395,FOCH (AVENUE 18 ET 9 A F,,,,540
201300028707,13,5,7,2010,1,2,3,1,1,339,"114, PASTEUR (RUE",,,,540
201300028708,13,5,10,944,5,2,1,1,2,304,"0, ZOLA (RUE EMILE)",,,,540
201300028709,13,5,10,1520,1,2,1,1,1,395,MANSUY GAUVIN (RUE),,,,540
201300028710,13,5,15,1330,1,2,5,2,6,395,HERMITE (RUE),,,,540
201300028711,13,5,20,1320,1,2,2,2,3,395,LOBAU (BOULEVARD),,,,540
201300028712,13,5,20,1810,1,2,2,2,3,395,FRANCE (AVENUE ANATOLE),,,,540
201300028713,13,5,23,1425,1,2,1,3,3,395,SAINT DIZIER (RUE 2 A 80,,,,540
201300028714,13,5,23,1615,1,2,2,1,6,395,FRANCE (AVENUE ANATOLE),,,,540
201300028715,13,5,23,1920,1,2,1,8,6,184,"64, SOIXANTE NEUVIEME R.",,,,540
201300028716,13,5,24,2025,1,2,1,1,6,274,"25, MOULIN (RUE DU)",,,,540
201300028717,13,5,25,1100,1,2,1,1,4,395,"09, VAUCOULEURS (RUE DE)",,,,540
201300028718,13,5,27,1710,1,2,1,1,2,578,MULLER (AVENUE PAUL),,,,540
201300028719,13,5,28,1115,1,2,1,1,6,304,MEUSE (RUE DE LA),,,,540
201300028720,13,5,28,1505,1,2,1,1,2,304,RESISTANCE (AV. DE LA -I,,,,540
201300028721,13,5,29,2308,5,2,1,1,3,547,"33, JAURES (AVENUE JEAN)",,,,540
201300028722,13,5,30,910,1,2,1,1,3,395,"28, VINGT SIXIEME R.I. (",,,,540
201300028723,13,5,31,1640,1,2,1,3,6,578,PIERRON (RUE DU CHANOINE,,,,540
201300028724,13,5,31,1235,1,2,2,2,3,395,METZ (RUE DE),,,,540
201300028725,13,6,1,1000,1,2,1,1,4,395,CASSIN (RUE RENE),,,,540
201300028726,13,6,1,1955,1,2,2,1,3,304,AIGUILLETTES  (BD 16 A 2,,,,540
201300028727,13,6,2,1125,1,2,3,1,6,395,"0, VINGT SIXIEME R.I. (B",,,,540
201300028728,13,6,4,850,1,2,2,1,3,395,ALBERT 1ER  (BD),,,,540
201300028729,13,6,4,1805,1,2,2,1,3,395,"34, METZ (RUE DE)",,,,540
201300028730,13,6,6,1700,1,1,1,1,2,025,RD 2,M,4864902,0627569,540
201300028731,13,6,8,930,1,2,1,1,6,578,MALRAUX (AVENUE ANDRE),,,,540
201300028732,13,6,10,1050,1,2,3,1,3,395,"59, BROT (RUE MARCEL)",,,,540
201300028733,13,6,11,1550,1,2,1,1,6,482,"0, CARNOT (AVENUE)",,,,540
201300028734,13,6,11,1630,1,2,1,1,2,395,LIBERATION (AVENUE DE LA,,,,540
201300028735,13,6,12,1800,1,1,1,1,5,304,BOIS GRONEE (AVENUE DU),,,,540
201300028736,13,6,13,1540,1,2,1,1,6,482,"9, ALEXANDRE 1ER (RUE)",,,,540
201300028737,13,6,15,1415,1,2,1,1,3,395,"34, VAYRINGE (RUE)",M,4870603,0617664,540
201300028738,13,6,16,1140,1,2,1,1,6,395,"54, LAXOU (Rue de)",,,,540
201300028739,13,6,16,1840,1,2,1,1,2,395,FOURIER (RUE PIERRE),,,,540
201300028740,13,6,17,945,1,2,1,1,2,395,CLEMENCEAU (BD GEORGES),,,,540
201300028741,13,6,17,1350,1,2,1,1,4,578,MULLER (AVENUE PAUL),,,,540
201300028742,13,6,17,1955,1,1,2,1,3,547,JAURES (AVENUE JEAN),,,,540
201300028743,13,6,18,1300,1,2,1,1,6,395,"31, SAINT JEAN (RUE)",,,,540
201300028744,13,6,17,2020,1,2,1,1,6,578,AIGUILLETTES  (ALLEE DES,,,,540
201300028745,13,6,19,1115,1,2,1,1,6,547,BARTHOU (BD LOUIS),,,,540
201300028746,13,6,19,1250,1,2,1,1,6,184,BRIGACHTAL (AVENUE DE),,,,540
201300028747,13,6,20,1950,1,2,4,1,6,395,LECLERC (AV. DU GENE,,,,540
201300028748,13,6,21,1230,1,2,2,1,7,395,PINCHARD (AVENUE - OMBEL,,,,540
201300028749,13,6,23,5,5,2,1,1,6,395,LECLERC (AV. DU GENE,,,,540
201300028750,13,6,23,535,2,2,2,3,3,184,BRIGACHTAL (AVENUE DE),,,,540
201300028751,13,6,24,1030,1,2,3,1,1,274,LECLERC (RUE DU GENERAL),,,,540
201300028752,13,6,24,1105,1,1,1,1,2,304,QUATRE VENTS (AVENUE DES,,,,540
201300028753,13,6,24,1710,1,1,4,2,2,578,MULLER (AVENUE PAUL),,,,540
201300028754,13,6,25,808,1,2,3,1,6,395,ATRIE (RUE DE L'),,,,540
201300028755,13,6,26,1705,1,2,2,1,6,395,CHARLES III (RUE),,,,540
201300028756,13,6,26,1915,1,2,4,1,5,547,"121, LECLERC (AV. DU GEN",,,,540
201300028757,13,6,27,1725,1,2,1,1,4,395,LIAISON A 330 / RD674,,,,540
201300028758,13,7,1,1230,1,2,3,1,3,395,LECLERC (AV. DU GENE,,,,540
201300028759,13,7,1,910,1,2,3,7,2,395,LIBERATION (AVENUE DE LA,,,,540
201300028760,13,7,1,1450,1,2,1,1,3,547,PASTEUR (RUE),,,,540
201300028761,13,7,2,1334,1,2,7,1,2,395,MOROT (PLACE AIME),,,,540
201300028762,13,7,2,1420,1,2,1,1,3,578,"136, LECLERC (AVENUE DU",,,,540
201300028763,13,7,3,1035,1,2,1,1,2,395,"159, ARC (RUE JEANNE D'",,,,540
201300028764,13,7,6,1845,1,2,1,1,2,395,LIBERATION (AVENUE DE LA,,,,540
201300028765,13,7,7,1100,1,2,3,1,6,357,"0, GAMBETTA (RUE)",,,,540
201300028766,13,7,8,2110,1,2,1,1,3,395,LIBERATION (AVENUE DE LA,,,,540
201300028767,13,7,9,1150,1,2,1,1,5,578,"1, MALRAUX (AVENUE ANDRE",,,,540
201300028768,13,7,9,1610,1,2,3,1,1,547,PALISSY (RUE BERNARD),,,,540
201300028769,13,7,9,1755,1,2,1,1,3,304,"5, SAINTE ANNE (AVENUE)",,,,540
201300028770,13,7,6,930,1,2,3,1,7,257,SONGEUR (RUE LEON),,,,540
201300028771,13,7,11,610,1,2,2,1,3,395,"1, VANNOZ (RUE MADAME DE",,,,540
201300028772,13,7,11,1955,1,2,1,1,2,526,CONCORDE (AVENUE DE),,,,540
201300028773,13,7,12,1150,1,2,1,1,2,547,"1, AIGUILLETTES (BD 1 A",,,,540
201300028774,13,7,12,2237,5,2,1,1,1,357,"23, EINSTEIN (RUE ALBERT",,,,540
201300028775,13,7,15,1740,1,2,1,1,6,257,BREST (RUE DE),,,,540
201300028776,13,7,16,1025,1,2,1,1,3,395,GUYNEMER (RUE DU CAPITAI,,,,540
201300028777,13,7,16,1320,1,2,1,1,6,395,"14, RIGNY (RUE DE)",,,,540
201300028778,13,7,17,1500,1,2,2,1,3,274,OPALINSKA (rue Catherine,,,,540
201300028779,13,7,18,1210,1,2,2,1,3,184,"1, PARMENTIER (RUE)",,,,540
201300028780,13,7,18,1610,1,2,1,1,3,395,"151, STRASBOURG (AVENUE",,,,540
201300028781,13,7,19,959,1,2,1,1,7,482,"1, BARTHOU (RUE LOUIS)",,,,540
201300028782,13,7,19,840,1,2,1,1,3,395,BROT (RUE MARCEL),,,,540
201300028783,13,7,19,1710,1,2,2,1,1,395,"1, MULHOUSE (RUE DE)",,,,540
201300028784,13,7,21,1600,1,2,1,1,2,482,PONT DE PIERRE (RUE DU),,,,540
201300028785,13,7,21,1840,1,2,3,1,3,547,GOETHE (RUE),,,,540
201300028786,13,7,21,2000,1,2,1,1,6,184,"118, SOIXANTE NEUVIEME R",,,,540
201300028787,13,7,21,2335,5,2,1,1,6,395,QUATRE EGLISES (RUE DES,,,,540
201300028788,13,7,19,1123,1,2,3,1,6,395,MULHOUSE (RUE DE),,,,540
201300028789,13,7,22,1700,1,2,3,1,3,395,TIERCELINS (RUE DES),,,,540
201300028790,13,7,22,1830,1,2,1,1,6,304,"24, ALBERT  (RUE ERNEST)",,,,540
201300028791,13,7,23,1125,1,2,1,1,3,395,"216, LIBERATION (AVENUE",,,,540
201300028792,13,7,23,1725,1,2,1,1,2,274,SONGEUR (RUE LEON),,,,540
201300028793,13,7,25,920,1,2,1,1,3,395,"51, BERTIN (RUE EMILE)",,,,540
201300028794,13,7,27,1300,1,2,3,1,3,482,"0, CARNOT (AVENUE)",,,,540
201300028795,13,7,27,1505,1,2,1,1,6,300,"199, GALTIER (RUE LUCIEN",M,4866638,0621348,540
201300028796,13,7,29,1120,1,2,2,1,2,547,"0, BRIAND (RUE ARISTIDE)",,,,540
201300028797,13,8,1,750,1,2,1,1,2,357,PATTON (AV. DU GENERAL),,,,540
201300028798,13,8,1,2142,5,2,2,1,6,395,"77, QUATRE EGLISES (RUE",,,,540
201300028799,13,8,3,1150,1,2,1,1,3,304,"100, ZOLA (RUE EMILE)",,,,540
201300028800,13,8,3,1650,1,2,1,1,2,395,"1, FUSILLES (PONT DES)",,,,540
201300028801,13,8,3,2341,5,2,3,1,3,395,"54, LOBAU (BOULEVARD)",,,,540
201300028802,13,8,5,1150,1,1,1,1,4,197,"1, RD 71",,,,540
201300028803,13,8,8,840,1,2,1,1,6,274,"1, LALO (RUE EDOUARD)",,,,540
201300028804,13,8,10,2040,5,2,1,1,6,339,"45, JERICHO (IMPASSE ET",,,,540
201300028805,13,8,12,2115,5,2,2,2,3,395,"0, BOUDONVILLE (RUE DU M",,,,540
201300028806,13,8,14,1220,1,2,2,1,3,395,MALZEVILLE (PONT DE),,,,540
201300028807,13,8,17,1950,1,2,1,1,3,395,"102, BOUFFLERS (AV. DE 7",,,,540
201300028808,13,8,19,2240,5,2,2,1,3,395,METZ (RUE DE),,,,540
201300028809,13,8,21,1305,1,2,3,1,3,274,MALGRANGE (AVENUE DE LA),,,,540
201300028810,13,8,23,1915,1,2,1,1,4,395,"23, LECLERC (AV. DU GENE",,,,540
201300028811,13,8,24,2240,5,2,3,1,6,395,STANISLAS (RUE),,,,540
201300028812,13,8,29,850,1,2,2,1,3,395,DIDION (RUE),,,,540
201300028813,13,9,2,2100,5,2,2,1,3,547,AIGUILLETTES (BD 1 A 3),,,,540
201300028814,13,9,2,1830,1,2,1,1,3,265,MIRECOURT (ROUTE DE),,,,540
201300028815,13,9,3,830,1,2,1,9,3,395,METZ (RUE DE),,,,540
201300028816,13,9,3,2115,5,2,3,1,3,395,STRASBOURG (AVENUE DE),,,,540
201300028817,13,9,6,110,5,2,2,1,6,395,CLINCHANT (RUE DU GAL),,,,540
201300028818,13,9,6,1420,1,2,2,1,3,395,QUATRE EGLISES (RUE,,,,540
201300028819,13,9,6,1830,1,2,1,1,6,274,FOCH (RUE DU MARECHAL),,,,540
201300028820,13,9,9,900,1,2,3,1,2,395,TOMBLAINE (RUE DE),,,,540
201300028821,13,9,9,945,1,2,1,1,6,300,ETANG DAMERY (RUE DE L'),,,,540
201300028822,13,9,6,1530,1,2,1,1,6,184,"3, SAUVAGE (rue Catherin",,,,540
201300028823,13,9,12,855,1,1,1,2,6,357,RD 30,M,4871017,0614620,540
201300028824,13,9,12,1400,1,2,1,1,4,395,"50, SCARPONE (BD DE)",,,,540
201300028825,13,9,13,1230,1,2,1,1,6,395,LEOPOLD (COURS),,,,540
201300028826,13,9,18,800,1,2,1,6,6,395,"80, BLANDAN (IMPASSE ET",,,,540
201300028827,13,9,18,840,1,2,1,3,6,395,"39, BOUFFLERS (AVENUE) D",,,,540
201300028828,13,9,18,925,1,2,1,2,6,357,CRUSNE (RUE DE LA),,,,540
201300028829,13,9,23,1700,1,2,6,1,2,395,BROT (RUE MARCEL),,,,540
201300028830,13,9,20,1420,1,2,3,1,3,395,JOFFRE (Boulevard),,,,540
201300028831,13,9,22,945,1,2,2,1,3,395,OUDINOT (RUE DU MAL),,,,540
201300028832,13,9,22,1940,5,2,2,1,7,395,OBERLIN (RUE),,,,540
201300028833,13,9,23,1825,1,2,1,1,3,395,"165, LIBERATION (AVENUE",,,,540
201300028834,13,9,24,1350,1,2,1,1,6,395,"109, BOUDONVILLE (RUE DU",,,,540
201300028835,13,9,24,1750,1,1,1,1,4,395,CONCORDE (PONT DE LA),,,,540
201300028836,13,9,24,1810,1,2,3,1,3,184,BRIGACHTAL (AVENUE DE),,,,540
201300028837,13,9,25,1000,1,2,1,1,6,395,"58/60, VINGT SIXIEME R.I",,,,540
201300028838,13,9,25,1305,1,2,4,1,2,547,MIRECOURT (ROUTE DE),,,,540
201300028839,13,9,27,1135,1,2,1,1,6,274,"45, REPUBLIQUE (RUE DE L",,,,540
201300028840,13,9,27,737,2,2,2,1,6,395,SAINT GEORGES (RUE),,,,540
201300028841,13,9,28,1010,1,2,1,1,1,274,FAURE (RUE GABRIEL),,,,540
201300028842,13,9,28,1600,1,2,3,1,3,184,BRIGACHTAL (AVENUE DE),,,,540