Num_Acc,an,mois,jour,hrmn,lum,agg,int,atm,col,com,adr,gps,lat,long,dep
201300028843,13,9,30,1630,1,2,2,1,3,395,"0, ARC (RUE JEANNE D' N",,,,540
201300028844,13,10,3,1705,1,2,1,1,3,184,FABERGE ( Allee Carl ),,,,540
201300028845,13,10,8,1050,1,2,1,1,6,482,"63, ALEXANDRE 1ER (RUE)",,,,540
201300028846,13,10,9,1020,1,2,2,1,3,578,"0, AIGUILLETTES  (BD 5 A",,,,540
201300028847,13,10,11,909,1,2,3,2,6,395,KLEBER (RUE),,,,540
201300028848,13,10,11,1630,1,2,1,1,2,395,"127, LOBAU (BOULEVARD)",,,,540
201300028849,13,10,12,545,5,2,1,1,6,395,"10, LAMOUR (RUE JEAN)",,,,540
201300028850,13,10,13,2125,5,2,1,1,2,395,"23, HUGO (RUE VICTOR)",,,,540
201300028851,13,10,11,1100,1,2,1,1,3,482,MAINVAUX (RUE DE),,,,540
201300028852,13,10,15,1900,5,2,1,3,2,395,TIERCELINS (RUE DES),,,,540
201300028853,13,10,16,730,3,1,1,8,1,025,"50, CHARTREUSE (AVENUE D",M,4866174,0624294,540
201300028854,13,10,17,1930,5,2,6,1,3,395,PINCHARD (AVENUE - OMBEL,,,,540
201300028855,13,10,19,500,5,2,2,1,1,395,ISABEY (RUE),,,,540
201300028856,13,10,19,830,1,2,2,1,3,395,LEBRUN (RUE ALBERT),,,,540
201300028857,13,10,21,1035,1,2,3,1,2,395,"5, TIERCELINS (RUE DES)",,,,540
201300028858,13,10,22,1648,1,2,1,1,6,547,PERI (RUE GABRIEL),,,,540
201300028859,13,10,22,855,1,2,2,1,6,395,"0, VINGTIEME CORPS (AVEN",,,,540
201300028860,13,10,23,1425,1,2,3,1,6,395,POINCARE (RUE RAYMOND 1-,,,,540
201300028861,13,10,24,1640,1,2,4,9,3,395,SAINT MANSUY (RUE),,,,540
201300028862,13,10,25,1520,1,2,2,1,3,304,RESISTANCE (AV. DE LA -I,,,,540
201300028863,13,10,25,1630,1,2,1,1,6,547,"142, PERI (RUE GABRIEL)",,,,540
201300028864,13,10,26,1820,1,2,1,1,1,184,FERA (Rue Jean),,,,540
201300028865,13,10,28,820,1,2,1,1,6,526,BARBUSSE (BD HENRI),,,,540
201300028866,13,10,31,1038,1,2,1,1,2,304,RESISTANCE (AV. DE LA -I,,,,540
201300028867,13,11,3,830,1,2,2,9,3,304,RESISTANCE (AV. DE LA -I,,,,540
201300028868,13,11,3,2000,5,2,3,1,3,274,DE GAULLE (AVENUE DU GAL,,,,540
201300028869,13,11,1,1135,1,2,1,1,3,395,KARLSRUHE (PLACE DE),,,,540
201300028870,13,11,5,455,5,2,3,8,2,547,"0, ARC (AVENUE JEANNE D'",,,,540
201300028871,13,11,4,950,1,2,1,2,2,395,CHARLEMAGNE (BD),,,,540
201300028872,13,11,6,1120,1,2,1,1,2,300,"1, GALTIER (RUE LUCIEN)",,,,540
201300028873,13,11,7,2000,5,2,1,1,1,547,"1, ARC (AVENUE JEANNE D'",,,,540
201300028874,13,11,8,715,2,2,1,2,2,395,"145, LIBERATION (AVENUE",,,,540
201300028875,13,11,9,1530,1,2,1,1,6,395,"195, BOUFFLERS (AV. DE 7",,,,540
201300028876,13,11,10,1944,5,2,2,2,3,395,MOTHE (RUE DE LA),,,,540
201300028877,13,11,12,1700,5,2,1,1,6,482,CARNOT (AVENUE),,,,540
201300028878,13,11,12,1830,5,2,1,1,2,395,BOUFFLERS (AV. DE 74 A 3,,,,540
201300028879,13,11,13,1738,1,2,2,1,3,526,POTIER (RUE EUGENE),,,,540
201300028880,13,11,14,1905,5,2,1,2,6,274,SONGEUR (RUE LEON),,,,540
201300028881,13,11,15,1840,2,2,1,1,6,274,"104, REPUBLIQUE (RUE DE",,,,540
201300028882,13,11,18,1440,1,2,1,1,6,184,SOIXANTE NEUVIEME R.I. (,,,,540
201300028883,13,11,21,200,5,2,1,1,6,395,CHALNOT (RUE PIERRE),,,,540
201300028884,13,11,21,1325,1,2,1,4,3,395,"45, LOBAU (BOULEVARD)",,,,540
201300028885,13,11,22,800,1,2,1,2,3,395,"35, HUGO (RUE VICTOR)",,,,540
201300028886,13,11,22,1620,1,2,2,1,3,482,LECLERC (AVENUE DU GENER,,,,540
201300028887,13,11,23,1626,1,2,1,1,6,265,ERABLES (AVENUE DES),,,,540
201300028888,13,11,23,1720,1,2,1,1,3,526,POTIER (RUE EUGENE),,,,540
201300028889,13,11,28,1945,2,1,1,1,3,300,RD 400,,,,540
201300028890,13,11,26,1505,1,2,3,7,3,547,ECHTERNACH (RUE D'),,,,540
201300028891,13,11,27,855,1,2,1,7,2,304,QUATRE VENTS (AVENUE DES,,,,540
201300028892,13,11,28,1330,1,2,2,2,7,395,GARENNE (ALLEE ET AVENUE,,,,540
201300028893,13,11,29,845,1,2,2,1,3,395,LEOPOLD (COURS),,,,540
201300028894,13,11,29,1815,5,2,1,2,6,578,"25, HAUT DE LA TAYE (RUE",,,,540
201300028895,13,11,30,310,5,2,1,2,6,526,"10, ALLENDE  (RUE SALVAD",,,,540
201300028896,13,12,2,910,1,2,1,1,2,339,"99, LECLERC (AVENUE ET I",,,,540
201300028897,13,12,4,1945,5,2,1,9,6,395,MIRECOURT (ROUTE DE),,,,540
201300028898,13,12,3,940,1,2,1,5,3,395,BUQUET (RUE BARON),,,,540
201300028899,13,12,3,1230,1,2,1,5,3,547,FRIBOURG (ALLEE DE),,,,540
201300028900,13,12,3,1730,5,2,1,5,3,184,"108, SOIXANTE NEUVIEME R",,,,540
201300028901,13,12,5,1205,1,2,1,1,6,395,"08, MANGIN (AVENUE DU GE",,,,540
201300028902,13,12,5,1145,1,2,1,1,2,395,VINGT SIXIEME R.I. (BOUL,,,,540
201300028903,13,12,5,1930,5,2,2,6,6,395,ARC ( RUE JEANNE D'N,,,,540
201300028904,13,12,6,1000,1,2,1,1,6,395,CHARLEMAGNE (BD),,,,540
201300028905,13,12,11,1900,5,2,1,2,2,526,RD 2 BIS,,,,540
201300028906,13,12,11,1445,1,2,1,1,2,547,MIRECOURT (ROUTE DE),,,,540
201300028907,13,12,11,1620,1,2,1,1,6,395,JOFFRE (Boulevard),,,,540
201300028908,13,12,11,2015,5,2,1,1,6,395,AMERICAN LEGION  (BD DE,,,,540
201300028909,13,12,11,1125,1,2,2,5,3,395,OUDINOT (RUE DU MAL),,,,540
201300028910,13,12,13,1336,1,2,1,5,6,395,PINCHARD (AVENUE - TAMAR,,,,540
201300028911,13,12,13,1540,1,2,1,1,2,395,"20, BATAILLE (QUAI DE LA",,,,540
201300028912,13,12,13,1625,5,2,1,5,2,547,"22, CHARMOIS (AVENUE DU)",,,,540
201300028913,13,12,16,2230,5,2,1,1,6,395,"1, VINGT SIXIEME R.I.",,,,540
201300028914,13,12,16,2020,5,2,3,1,3,395,CRISTALLERIES (RUE DES),,,,540
201300028915,13,12,17,1840,5,2,3,1,3,395,MONNAIE (RUE DE LA),,,,540
201300028916,13,12,18,1000,1,2,1,1,3,395,"10, JUIN (AVENUE DU MARE",,,,540
201300028917,13,12,18,1345,1,2,1,1,7,526,POTIER (RUE EUGENE),,,,540
201300028918,13,12,18,1800,5,2,2,1,6,395,POINCARE (RUE HENRI),,,,540
201300028919,13,12,20,1725,5,2,3,1,6,547,NORVEGE (RUE DE),,,,540
201300028920,13,12,20,1828,5,2,2,1,6,578,BAUDRICOURT (BD DE),,,,540
201300028921,13,12,21,1815,5,2,1,1,2,395,"151, LIBERATION (AVENUE",,,,540
201300028922,13,12,22,1815,5,2,2,1,1,547,EUROPE (BOULEVARD DE L'),,,,540
201300028923,13,12,23,1610,1,2,1,1,6,395,SAINT DIZIER (RUE 2,,,,540
201300028924,13,12,28,1144,1,2,1,3,2,526,POTIER (RUE EUGENE),,,,540
201300028925,13,12,29,1150,1,2,1,2,2,304,BOIS GRONEE (AVENUE DU),,,,540
201300028926,13,12,30,1505,1,2,1,1,3,547,MORVAN (ALLEE DU),,,,540
201300028927,13,12,30,1625,2,2,2,2,3,328,PASTEUR (RUE LOUIS),,,,540
201300028928,13,12,30,1815,5,2,1,1,4,184,BRIGACHTAL (AVENUE DE),,,,540
201300028929,13,3,2,1625,1,2,1,1,7,431,"40, FOURIER (RUE PIERRE)",M,4891234,0605740,540
201300028930,13,3,10,1625,1,2,2,1,3,431,METZ (AVENUE DE),M,4891673,0606303,540
201300028931,13,4,28,1455,1,2,3,1,6,431,DUROC (PLACE),,,,540
201300028932,13,5,12,1628,1,1,1,1,7,375,D958 COTES SAINT-PIERRE,M,4890035,0601086,540
201300028933,13,5,15,1300,1,2,2,2,3,431,RD 657 CHAMPEY,M,4891672,0606312,540
201300028934,13,7,5,2030,1,2,1,1,6,431,"21, CAMP (RUE DU)",,,,540
201300028935,13,7,6,1505,1,2,2,1,2,431,"1, EUROPE (AVENUE DE L')",M,4891683,0606564,540
201300028936,13,9,13,1842,1,2,1,8,3,431,"806, GASTON PETIT (RUE)",,,,540
201300028937,13,9,21,1827,1,2,1,1,3,079,"8, SAINT-MARTIN (RUE)",,,,540
201300028938,13,9,24,1220,1,2,3,1,3,431,"362, ETATS-UNIS (AVENUE",,,,540
201300028939,13,11,30,1931,3,2,3,1,1,079,"55, SAULE (RUE DU)",,,,540
201300028940,13,12,14,1740,4,1,1,1,1,431,"458, NORROY (ROUTE DE)",M,4892295,0603810,540
201300028941,13,1,9,715,5,2,3,1,6,528,ALBERT 1ER,M,4868285,0589376,540
201300028942,13,1,10,800,3,1,1,2,2,528,RD191,M,4869064,0591130,540
201300028943,13,1,15,820,1,1,1,4,3,528,RD904,M,4870927,0588144,540
201300028944,13,1,12,1350,1,1,1,1,6,528,"71, BALLAND",M,4867589,0588122,540
201300028945,13,8,4,315,5,2,3,1,3,174,DU 15EME GENIE (AVENUE),,,,540
201300028946,13,1,19,1030,1,2,4,8,3,528,GENERAL BIGEARD (AVENUE),,,,540
201300028947,13,4,7,1715,1,1,1,1,6,528,"36, PINTEVILLE (BOULEVAR",M,4867165,0588580,540
201300028948,13,5,5,1637,1,2,1,1,2,528,ALBERT 1ER,,,,540
201300028949,13,5,9,1725,1,2,3,1,2,174,RD11B,M,4866721,0585383,540
201300028950,13,5,26,635,2,2,1,1,6,528,"20, PINTEVILLE (BOULEVAR",,,,540
201300028951,13,6,6,1853,1,1,1,1,3,528,RD960,M,4865936,0587650,540
201300028952,13,6,10,820,1,2,1,1,6,528,COLONEL PECHOT (AVENUE D,,,,540
201300028953,13,6,15,1035,1,1,1,1,6,167,RD400,M,4867378,0592068,540
201300028954,13,6,26,1144,1,1,6,1,3,167,RD909,M,4867309,0592794,540
201300028955,13,6,28,1635,1,2,2,1,6,528,JEANNE D'ARC,,,,540
201300028956,13,7,10,1720,1,2,3,1,3,174,15EME GENIE (AVENUE),,,,540
201300028957,13,7,16,1420,1,2,3,1,2,174,DU 15EME GENIE (AVENUE),,,,540
201300028958,13,8,2,2045,1,2,1,1,7,528,VICTOR HUGO (AVENUE),,,,540
201300028959,13,9,1,1815,1,1,3,1,3,528,RD960,,,,540
201300028960,13,9,4,1745,1,1,1,1,2,167,RD400,,,,540
201300028961,13,9,15,1005,1,2,1,8,6,528,"62, ALBERT DENIS",,,,540
201300028962,13,9,19,1905,1,2,3,1,2,174,15EME GENIE (AVENUE),,,,540
201300028963,13,9,26,1645,1,2,1,1,6,528,GENERAL BIGEARD (AVENUE),,,,540
201300028964,13,11,19,1945,5,2,3,3,3,528,GLACIERE (QUAI DE LA),,,,540
201300028965,13,12,9,752,2,1,1,1,5,528,RD904,M,4870888,0588181,540
201300028966,13,12,16,2000,5,2,2,1,6,167,FOCH (AVENUE),M,4867154,0589582,540
201300028967,13,7,6,1630,1,1,3,1,1,575,DEPARTEMENTALE 26 (ROUTE,,,,540
201300028968,13,7,7,120,3,1,1,1,6,149,DEPARTEMENTALE 57 (ROUTE,M,4944360,0591700,540
201300028969,13,7,24,2200,5,2,1,1,6,580,"sans, DIX NEUF MARS 1962",,,,540
201300028970,13,10,15,1540,1,2,1,8,6,580,"1, FOCH (RUE DU MARECHAL",,,,540
201300028971,13,10,23,740,5,1,3,3,6,575,HUSSIGNY (ROUTE D'),M,4947197,0583963,540
201300028972,13,10,21,930,1,2,3,1,7,580,"0, POINCARE (RUE)",,,,540
201300028973,13,2,4,1750,2,2,1,1,6,029,ROCHELLE ( BOULEVARD DE,M,4877333,0516126,550
201300028974,13,2,10,1912,5,2,1,1,6,029,"1, REPUBLIQUE ( PLACE DE",M,4877344,0516530,550
201300028975,13,3,5,1400,1,1,1,1,6,302,D180,,,,550
201300028976,13,3,10,1540,1,2,1,1,7,029,"1, MARIZIER ( BOULEVARD",,,,550
201300028977,13,3,15,855,1,2,1,1,6,029,"7, ROCHELLE ( BOULEVARD",M,4877384,0516035,550
201300028978,13,3,30,1800,1,2,1,1,2,029,"43, BRADFER ( RUE ERNEST",,,,550
201300028979,13,5,25,1310,1,1,3,1,3,029,RN135,,,,550
201300028980,13,5,27,1320,1,2,1,1,1,029,"25, 94EME RI ( AVENUE DU",,,,550
201300028981,13,6,22,150,5,2,1,2,1,029,"187, SAINT MIHIEL ( RUE",,,,550
201300028982,13,6,22,1545,1,2,3,1,3,029,LANDRY-GILLON ( RUE ),,,,550
201300028983,13,6,23,1620,1,2,1,2,7,029,"22, BAR LA VILLE ( RUE )",,,,550
201300028984,13,6,27,1935,1,2,1,1,6,029,ALLENDE ( RUE SALVATOR ),,,,550
201300028985,13,7,20,125,5,2,6,1,3,029,SCHUMAN ( RUE ROBERT ),M,4877720,0516465,550
201300028986,13,8,30,1635,1,1,1,1,5,029,RD 635,M,4875878,0513867,550
201300028987,13,9,3,2145,5,2,6,1,3,029,SCHUMAN ( RUE ROBERT ),,,,550
201300028988,13,9,5,1650,1,2,1,1,2,029,"77, POINCARE ( BOULEVARD",,,,550
201300028989,13,9,10,1210,1,2,3,1,3,029,"4, LAPIQUE ( RUE )",M,4877158,0516320,550
201300028990,13,9,11,1405,1,2,3,2,3,029,ROUSSEAU ( RUE JEAN JACQ,,,,550
201300028991,13,10,8,1940,5,2,6,1,6,029,BEHONNE ( VIEILLE COTE D,,,,550
201300028992,13,10,8,1215,1,2,1,1,6,029,"12, OUDINOT ( RUE )",,,,550
201300028993,13,10,10,750,2,2,1,1,6,029,"53, FOUR ( RUE DU )",,,,550
201300028994,13,11,7,810,1,2,1,2,6,029,MARIZIER ( BOULEVARD ),,,,550
201300028995,13,12,16,1415,1,2,1,1,6,029,"149, VEEL ( RUE DE )",M,4876935,0515651,550
201300028996,13,3,18,720,1,1,1,9,7,545,DUGNY ( ROUTE DE ),M,4914026,0536058,550
201300028997,13,2,18,1625,1,2,1,1,6,545,ANTHOUARD  ( D' ) 32,M,4915788,0538580,550
201300028998,13,4,4,910,1,2,6,1,3,545,HUIT MAI 1945 ( DU ),,,,550
201300028999,13,4,10,1150,1,2,1,1,6,545,"5, FRERES BOULHAUT ( DES",M,4916298,0538629,550
201300029000,13,5,2,1210,1,2,3,1,2,545,MIRIBEL ( AVENUE ),M,4916773,0539083,550
201300029001,13,9,5,1645,1,1,1,1,4,236,CD 964,,,,550
201300029002,13,9,10,1210,1,2,6,1,6,545,LUXEMBOURG ( AVENUE DU ),M,4916258,0539048,550
201300029003,13,9,10,840,1,2,1,1,2,043,"13,  DE GAULLE (GENERAL)",,,,550
201300029004,13,9,28,1550,1,2,1,1,6,545,PONT CHAUSSEE,M,4916206,0538743,550
201300029005,13,10,7,1515,1,2,1,1,7,545,WEES (ALLEE DES ),,,,550
201300029006,13,10,31,1050,1,2,1,1,5,043,COLONEL DRIANT ( DU ),,,,550
201300029007,13,1,3,40,5,2,1,1,7,121,"0, BRETAGNE ( IMP. ANNE",M,4775800,-339021,560
201300029008,13,1,4,701,5,2,2,1,1,121,"0, CORRE (RUE  EMILE )",M,4774183,-336849,560
201300029009,13,1,6,1841,5,2,4,2,3,121,"0, BELGIQUE (PONT DE)",M,4775875,-337816,560
201300029010,13,1,9,1244,1,2,1,2,5,083,"0, PASTEUR ( AVENUE )",M,4780145,-328219,560
201300029011,13,1,9,1718,2,1,1,1,7,162,"0, SOYE",M,4774267,-340913,560
201300029012,13,1,10,1004,1,2,1,8,7,121,"2, MONISTROL (RUE)",M,4773889,-338067,560
201300029013,13,1,16,837,1,2,1,3,5,083,"0, LOCOYARNE ( R-P DE )",M,4779123,-327706,560
201300029014,13,1,17,1231,1,2,6,1,3,121,"49, DE GAULLE ( AVE DU G",M,4774138,-337300,560
201300029015,13,1,17,1510,1,2,1,1,7,121,"8, QUEUDET ( AV RAYMOND",M,4775926,-339181,560
201300029016,13,1,18,755,2,1,1,1,3,162,"0, 185 (ROUTE DEPARTEMEN",,,,560
201300029017,13,1,18,1640,1,2,1,8,6,121,"0, ROHAN ( Q DE )",M,4774377,-335825,560
201300029018,13,1,21,720,5,2,1,2,3,121,"199, BELGIQUE (RUE  DE )",M,4776162,-338829,560
201300029019,13,1,22,750,5,2,3,2,3,083,"0, ALLENDE ( AV. PRES. S",M,4780615,-325968,560
201300029020,13,1,22,1935,5,2,1,1,2,083,"2, PONT-NEUF ( QUAI DU )",M,4780361,-327921,560
201300029021,13,1,25,655,5,2,1,9,1,121,"89, SCORFF ( BD DU )",M,4776116,-336588,560
201300029022,13,1,25,1815,5,2,1,3,7,083,"27, TROTTIER (RUE)",M,4780459,-327908,560
201300029023,13,1,25,2225,3,1,1,1,7,098,"0, RN 165",,,,560
201300029024,13,1,26,1033,1,2,1,1,7,162,QUEVEN (RUE DE),M,4774240,-342471,560
201300029025,13,1,27,1125,1,2,1,1,7,121,"27, MERVILLE (RUE  JEAN",M,4774504,-337721,560
201300029026,13,1,27,1545,1,2,6,1,3,121,"0, QUEUDET ( AV RAYMOND",M,4776024,-339341,560
201300029027,13,1,31,1456,1,1,2,1,3,162,"0, KERGANTIC",M,4773211,-345954,560
201300029028,13,2,3,1650,1,2,2,1,3,121,"0, BELGIQUE (RUE  DE )",M,4775983,-338204,560
201300029029,13,2,4,1534,1,2,1,1,2,121,"0, COSMAO-DUMANOIR ( BD",M,4775313,-337460,560
201300029030,13,2,5,725,2,1,6,3,7,098,"0, DUPLEIX  (AVENUE)",M,4775339,-333844,560
201300029031,13,2,6,1040,1,2,2,1,7,121,"0, FRANCE ( AVE ANATOLE",M,4774612,-336718,560
201300029032,13,2,6,1453,1,2,1,1,7,107,"0, DELAYRE (RUE RENE)",M,4770410,-339511,560
201300029033,13,2,8,1151,1,2,1,1,7,121,"61, NAYEL ( ET PLACE AUG",M,4774791,-336367,560
201300029034,13,2,11,750,2,2,1,2,6,098,"0, BOLLARDIERE (RUE  GEN",M,4777797,-334252,560
201300029035,13,2,12,920,1,2,1,1,7,162,"0, MOULIN DU TER",M,4773084,-340320,560
201300029036,13,2,14,1127,1,2,1,1,7,121,NORMANDIE ( BD ET IMP DE,M,4775614,-337179,560
201300029037,13,2,17,150,5,2,1,1,7,162,"0, BEG MINIO",M,4773643,-342913,560
201300029038,13,2,17,1020,1,2,1,1,7,121,"8, SVOB ( BOULEVARD EMMA",M,4775022,-336709,560
201300029039,13,2,18,1325,1,2,1,1,7,121,"0, DE GAULLE ( AVE DU GE",M,4774095,-337416,560
201300029040,13,2,19,1900,5,2,1,1,3,107,"0, PORT MARIA (BOULEVARD",M,4770435,-338344,560
201300029041,13,2,22,1205,1,2,1,1,7,121,"0, LE FRANC (RUE  MARIE",M,4776326,-338292,560
201300029042,13,2,24,1910,2,2,1,1,7,083,"0, REPUBLIQUE ( AV. DE L",M,4779812,-329673,560
201300029043,13,2,24,2300,5,2,1,1,7,121,"0, BLUM ( BD LEON )",M,4774593,-338019,560
201300029044,13,2,26,1435,1,2,1,1,1,121,"0, BLUM ( BD LEON )",M,4774605,-338032,560
201300029045,13,2,27,835,1,2,1,1,2,121,"0, ROBIN (RUE  FRANCOIS",M,4775205,-337925,560
201300029046,13,3,4,1740,1,2,1,1,7,121,"0, VERDUN (RUE  DE )",M,4775810,-336516,560
201300029047,13,3,5,1540,1,2,1,1,7,121,"0, SCORFF ( BD DU )",,,,560
201300029048,13,3,5,2110,5,2,1,1,3,107,"0, MINIO (RUE DU)",M,4771562,-337893,560
201300029049,13,3,5,2155,5,2,1,1,3,121,"0, ORADOUR SUR GLANE ( B",M,4775744,-337169,560
201300029050,13,3,8,2225,5,2,1,1,3,098,"0, GUERN (RUE DE LA)",M,4777230,-333727,560
201300029051,13,3,11,1325,1,2,1,2,1,098,"28, PHILIPPE (RUE GERARD",M,4776660,-335988,560
201300029052,13,3,14,2100,5,2,1,1,1,121,"0, INDES ( QUAI DES )",M,4774722,-336361,560
201300029053,13,3,15,950,1,2,1,1,7,121,"0, ROHAN ( Q DE )",M,4774500,-336084,560
201300029054,13,3,15,1433,1,2,1,1,2,098,JAURES (RUE  JEAN ),M,4776329,-336189,560
201300029055,13,3,15,1509,1,2,1,3,3,162,"0, MOULIN (RUE JEAN)",M,4773260,-341763,560
201300029056,13,3,16,1005,1,2,2,2,3,121,"71, COURBET (RUE  AMIRAL",M,4774268,-336069,560
201300029057,13,3,18,1510,1,2,1,2,2,083,"0, BRUANT ( AV. ARISTIDE",M,4780205,-325971,560
201300029058,13,3,19,1705,1,2,1,1,2,121,"0, MANIO ( ECHANGEUR ET",M,4775895,-338426,560
201300029059,13,3,21,1345,1,2,2,3,1,098,"0, SAINT NIAUD (LIEU DIT",M,4777549,-330999,560
201300029060,13,3,22,1645,1,2,1,1,7,083,"0, KERLIVEN ( IMP. DE )",M,4780200,-326554,560
201300029061,13,3,22,1645,1,1,1,1,3,098,"0, DJIBAOU (RUE  JEAN-MA",M,4777778,-335402,560
201300029062,13,3,23,2040,2,1,1,1,7,162,"0, D 163",,,,560
201300029063,13,3,25,1510,1,2,1,1,7,121,"0, BIZET (RUE  GEORGES )",M,4776400,-337196,560
201300029064,13,3,26,1413,1,2,1,1,7,121,"0, RN 465",M,4773597,-337537,560
201300029065,13,3,28,745,2,2,1,1,3,121,"0, KERGROISE ( AVE DE )",M,4773501,-335680,560
201300029066,13,3,28,1143,1,2,1,1,3,121,"0, MULLER ( DU COLONEL J",M,4776425,-339741,560
201300029067,13,3,28,2018,2,2,1,1,7,121,"0, MORIN (RUE  RENE )",M,4776521,-339863,560
201300029068,13,4,1,1503,1,2,1,1,7,098,"0, KERMORVAN (RUE  DE )",M,4776756,-331452,560
201300029069,13,4,2,1750,1,2,1,1,2,098,"0, RN 165 (PATINOIRE)",,,,560
201300029070,13,4,3,1850,2,2,1,7,7,121,"0, K2",M,4776432,-339707,560
201300029071,13,4,5,1420,1,2,1,1,3,121,"9, INDES ( QUAI DES )",M,4774626,-336114,560
201300029072,13,4,5,1535,1,2,1,1,2,121,"0, CHAZELLES ( COURS LOU",M,4775441,-336292,560
201300029073,13,4,6,550,2,2,1,1,3,121,"136, BELGIQUE (RUE  DE )",M,4776038,-338393,560
201300029074,13,4,6,1832,1,2,2,1,6,121,"103, BELGIQUE (RUE  DE )",M,4775992,-338204,560
201300029075,13,4,6,2130,5,2,1,1,7,121,"0, ROUGES GORGES (RUE  D",M,4773782,-338908,560
201300029076,13,4,7,635,2,2,1,1,7,162,"0, BEG MINIO",M,4773852,-345204,560
201300029077,13,4,14,1156,1,2,1,1,7,121,"71, LANVEUR ( ET PL. DE",M,4774365,-339065,560
201300029078,13,4,14,1916,1,2,1,1,2,121,"., DREYFUS (RUE  ALFRED",M,4774671,-338767,560
201300029079,13,4,13,2235,5,2,1,2,7,098,"., LANN-SEVELIN (ROND PO",M,4777757,-334398,560
201300029080,13,4,15,1731,1,2,2,1,3,121,"0, MARNE ( AV DE LA )",M,4774283,-336822,560
201300029081,13,4,16,1115,1,2,1,2,7,121,"22, MONISTROL (RUE)",M,4773809,-338159,560
201300029082,13,4,16,1535,1,2,1,8,7,121,"24, NORMANDIE ( BD ET IM",M,4775870,-336953,560
201300029083,13,4,17,1805,1,1,6,1,7,162,"., VRAIE CROIX (LIEU DIT",M,4772556,-341074,560
201300029084,13,4,18,1621,1,2,1,1,7,083,"0, PARCO ( R-P DU )",M,4779304,-326550,560
201300029085,13,4,20,1210,1,2,1,1,7,162,"30, LANN-ER-ROCH",M,4773458,-347347,560
201300029086,13,4,21,1515,1,2,1,1,7,107,"0, MINIO (RUE DU)",M,4771750,-338333,560
201300029087,13,4,25,220,5,2,1,1,7,121,"0, MERVILLE (RUE  JEAN D",M,4774516,-337412,560
201300029088,13,4,25,1715,1,1,3,1,3,162,"0, LE CRUGUELLIC",,,,560
201300029089,13,4,26,1049,1,2,1,1,7,098,"73, CROIZAT ( AVE AMBROI",M,4777534,-334618,560
201300029090,13,4,27,1227,1,2,1,1,7,121,"., TOULLEC (RUE  FRANCOI",M,4773486,-337546,560
201300029091,13,4,27,2000,1,2,1,1,7,107,"., KERMELO (PONT)",M,4773114,-338613,560
201300029092,13,4,29,1730,1,2,1,1,7,121,"38, MERVILLE (RUE  JEAN",M,4774493,-337757,560
201300029093,13,5,2,1815,1,2,1,1,2,083,"0, LUMIERE ( AV. DES FRE",M,4779703,-326293,560
201300029094,13,5,5,1745,1,1,1,1,3,107,"0, ECUREUILS (ALLEE DES)",M,4772214,-338204,560
201300029095,13,5,7,1120,1,2,1,1,7,121,"0, FRANCE ( AVE ANATOLE",M,4774600,-336726,560
201300029096,13,5,10,1705,1,2,1,1,7,162,"., FORT BLOQUE (ROUTE DU",M,4773856,-345483,560
201300029097,13,5,12,1720,1,2,2,1,3,121,"12, CHAZELLES ( COURS LO",M,4775578,-336372,560
201300029098,13,5,11,200,5,2,1,1,7,121,"8, FRANCE ( AVE ANATOLE",M,4774637,-336673,560
201300029099,13,5,13,1837,1,2,1,1,2,098,"., SAKHAROV (RUE  ANDRE",M,4777681,-334048,560
201300029100,13,5,13,2330,3,1,1,1,7,083,ROUTE NATIONALE  165,,,,560
201300029101,13,5,14,833,1,2,1,1,7,162,"., KERYADO (RUE DE)",M,4774855,-339648,560
201300029102,13,5,14,1920,1,2,2,2,3,098,"., KESLER-DEVILLERS ( AV",M,4776895,-334640,560
201300029103,13,5,15,1002,1,2,2,1,3,121,"., BOUVREUILS (RUE  DES",M,4773518,-339353,560
201300029104,13,5,18,1610,1,2,1,1,7,083,"10, JAURES ( AV. JEAN )",M,4780139,-328105,560
201300029105,13,5,19,1931,1,2,1,1,7,083,"., KERMARIO (LIEU-DIT)",M,4781654,-329764,560
201300029106,13,5,21,1800,1,2,2,1,3,098,"., CROIZAT ( AVE AMBROIS",M,4777438,-334660,560
201300029107,13,5,24,1308,1,2,1,1,5,121,"0, CHENAILLER DIT COLONE",M,4773525,-338941,560
201300029108,13,5,28,535,3,2,1,1,7,083,"., RESISTANCE ( IMP. DE",,,,560
201300029109,13,5,28,1155,1,2,1,1,7,121,"., KERYVALAND (RUE  DE )",M,4774275,-337947,560
201300029110,13,5,29,1220,1,2,1,8,7,121,"17, NORMANDIE ( BD ET IM",M,4775916,-336855,560
201300029111,13,6,1,140,5,1,1,1,7,107,"0, ROUTE DEPARTEMENTALE",,,,560
201300029112,13,6,1,1623,1,2,2,1,3,121,"0, K2",M,4776519,-339588,560
201300029113,13,6,3,1853,1,2,6,1,3,121,"0, MULLER ( DU COLONEL J",M,4776594,-340057,560
201300029114,13,6,7,1729,1,2,1,1,2,121,"0, BERLIOZ (RUE  HECTOR",M,4776325,-337814,560
201300029115,13,6,7,1630,1,2,6,1,2,121,"0, CHATEAU ( PONT DU )",M,4776383,-337939,560
201300029116,13,6,8,1246,1,2,6,1,3,083,"0, REPUBLIQUE ( AV. DE L",M,4779951,-329050,560
201300029117,13,6,7,1250,1,2,1,1,7,121,"57, BELGIQUE (RUE  DE )",M,4775912,-337915,560
201300029118,13,6,9,305,5,1,1,1,7,098,"0, RN 165",,,,560
201300029119,13,6,9,1850,1,1,1,1,3,121,"0, RN 465",,,,560
201300029120,13,6,10,1940,2,1,1,1,7,162,"0, FORT BLOQUE (ROUTE DU",M,4773837,-344439,560