Num_Acc,an,mois,jour,hrmn,lum,agg,int,atm,col,com,adr,gps,lat,long,dep
201300030260,13,7,6,2030,1,2,1,1,6,378,"168, QUESNE RUE DU",,,,590
201300030261,13,7,23,1545,1,2,1,1,6,128,"10, FAISANS AVENUE DES",,,,590
201300030262,13,7,24,2330,5,2,1,1,7,193,"1, HAUBOURDIN, RUE D'",,,,590
201300030263,13,7,12,1830,1,2,1,1,7,410,"1, PERI GABRIEL RUE",,,,590
201300030264,13,7,22,2120,1,2,2,1,7,350,"38, BASSEE RUE DE LA",,,,590
201300030265,13,8,2,1130,1,2,2,1,3,350,"0, DE COUBERTIN PIERRE B",,,,590
201300030266,13,8,2,1310,1,1,1,1,6,195,"1, ZONE COMMERCIALE",,,,590
201300030267,13,8,7,1700,1,2,1,1,3,350,ARRAS RUE D,,,,590
201300030268,13,8,2,1725,1,2,1,1,3,009,"1, BREUCQ BOULEVARD DU",,,,590
201300030269,13,8,2,1945,1,2,6,1,6,350,"0, PASTEUR CARREFOUR",,,,590
201300030270,13,8,4,150,5,2,1,1,6,350,DE GAULLE PLACE DU GENER,,,,590
201300030271,13,8,4,1545,1,2,1,1,3,378,"1033B, REPUBLIQUE AV DE",,,,590
201300030272,13,6,30,1650,1,2,3,1,6,350,KUHLMANN RUE,,,,590
201300030273,13,8,4,2045,1,2,3,1,6,350,"1, MARQUILLIES RUE",,,,590
201300030274,13,7,12,1950,1,2,1,1,6,360,"96, FOCH RUE DU MARECHAL",,,,590
201300030275,13,8,2,1545,1,2,1,1,6,350,"1, MUIRON PLACE GENTIL",,,,590
201300030276,13,8,7,1550,1,2,1,1,6,350,"17, FONTENOY RUE",,,,590
201300030277,13,8,9,1730,1,2,1,1,2,560,R.D. 549,,,,590
201300030278,13,8,9,1930,1,2,2,1,6,360,"0, FOCH RUE DU MARECHAL",,,,590
201300030279,13,8,13,920,1,2,1,1,6,350,"0, ALSACE BOULEVARD D",,,,590
201300030280,13,7,17,940,1,2,2,1,6,328,"347, DUNKERQUE AVENUE DE",,,,590
201300030281,13,8,14,1635,1,2,2,1,2,350,HUGO VICTOR  BVD N?IMPAI,,,,590
201300030282,13,8,18,1715,1,2,1,1,7,350,FAIDHERBE RUE,,,,590
201300030283,13,8,20,1655,1,2,1,1,5,648,"215, CLEMENCEAU RUE",,,,590
201300030284,13,8,23,1630,1,2,1,1,6,378,"17, BERLIOZ HECTOR RUE",,,,590
201300030285,13,8,23,1700,1,2,2,1,7,350,LAMBRET OSCAR AVENUE,,,,590
201300030286,13,8,27,1925,1,2,1,1,5,350,"31, NATIONALE RUE N?REST",,,,590
201300030287,13,5,19,2230,5,2,1,1,6,350,"32, HUGO VICTOR  BVD N?2",,,,590
201300030288,13,8,30,700,1,2,2,1,6,350,BERTEAUX MAURICE RUE,,,,590
201300030289,13,8,30,1710,1,2,1,1,6,328,"18, MARTYRS DE LA RESIST",,,,590
201300030290,13,8,31,1720,1,2,1,1,6,350,"49, PREVOYANCE RUE",,,,590
201300030291,13,8,30,2300,5,2,1,1,3,009,DOUMER PAUL RUE DU PRESI,,,,590
201300030292,13,8,31,200,5,2,1,1,6,350,MASSENA RUE N?  RESTE,,,,590
201300030293,13,9,3,830,1,2,2,1,6,386,"226, LALAU RUE",,,,590
201300030294,13,9,4,745,1,2,1,1,3,378,"1, CHATEAUX RUE DES",,,,590
201300030295,13,9,4,1140,1,2,3,1,3,410,"0, PARMENTIER RUE",,,,590
201300030296,13,9,4,1420,1,2,1,1,7,009,"1, FLANDRE AVENUEE DE",,,,590
201300030297,13,9,5,840,1,2,1,1,6,350,DUNKERQUE AVENUE DE,,,,590
201300030298,13,9,5,850,1,2,2,1,3,009,BREVE RUE,,,,590
201300030299,13,9,6,1315,1,2,1,1,3,378,ROUX RUE DU DOCTEUR,,,,590
201300030300,13,9,7,1500,1,2,2,1,7,350,IENA RUE,,,,590
201300030301,13,9,7,1940,1,2,3,1,6,350,NEWTON RUE,,,,590
201300030302,13,9,9,200,5,2,1,1,7,350,DE COUBERTIN PIERRE BOUL,,,,590
201300030303,13,9,10,730,1,2,2,3,3,350,POT RUE LONG,,,,590
201300030304,13,9,10,1020,1,2,2,1,3,378,MARNE AVENUE DE LA,,,,590
201300030305,13,9,10,1300,1,2,1,1,6,350,"32, AMIENS RUE D",,,,590
201300030306,13,9,10,1830,1,2,1,2,3,009,OUEST BOULEVARD DE L,,,,590
201300030307,13,9,10,800,1,2,2,2,7,350,SAINT SAUVEUR RUE,,,,590
201300030308,13,9,13,100,5,2,2,1,3,350,CORMONTAIGNE PLACE,,,,590
201300030309,13,9,4,845,1,2,1,1,2,470,DE GAULLE CHARLES RUE,,,,590
201300030310,13,9,12,955,1,2,2,1,6,648,"1, SCHWIETZER RUE DU DOC",,,,590
201300030311,13,9,13,2220,5,2,2,8,3,350,NATIONALE RUE N?RESTE PA,,,,590
201300030312,13,9,16,1500,1,2,2,1,2,368,SCHUMAN ROBERT BOULEVARD,,,,590
201300030313,13,9,17,1015,1,2,1,1,2,527,"121, DE LATTRE TASSIGNY.",,,,590
201300030314,13,9,17,1725,1,2,2,2,7,350,LONDRES RUE COTE PAIR DU,,,,590
201300030315,13,9,17,1900,1,2,1,1,5,378,LISFRANC-CROISE LAROCHE,,,,590
201300030316,13,9,15,1020,1,2,1,1,6,350,"102, SALENGRO ROGER AVEN",,,,590
201300030317,13,9,18,1030,1,2,1,1,1,560,"1, R.D. 549",,,,590
201300030318,13,9,19,1325,1,2,1,1,3,350,"87, NATIONALE RUE N?REST",,,,590
201300030319,13,9,20,1315,1,2,1,1,6,350,BUISSON FERDINAND RUE,,,,590
201300030320,13,9,20,1840,1,2,1,1,5,368,"109, REPUBLIQUE AVENUE D",,,,590
201300030321,13,9,21,2230,1,2,1,9,7,350,LECLERCQ PLACE DU MARECH,,,,590
201300030322,13,9,23,800,1,2,2,1,3,350,LEDRU ROLLIN RUE,,,,590
201300030323,13,9,23,1700,1,2,2,1,3,386,CHANZY RUE DE,,,,590
201300030324,13,9,25,930,1,2,1,1,7,350,"52, BASSE RUE",,,,590
201300030325,13,9,25,1800,1,2,1,1,1,009,CANTELEU AVENUE DE,,,,590
201300030326,13,9,26,900,1,2,1,1,1,350,"1, VAUBAN BOULEVARD N? R",,,,590
201300030327,13,9,26,834,1,2,3,1,6,585,"1, WATTRELOT EDOUARD RUE",,,,590
201300030328,13,9,26,1340,1,2,2,1,3,368,SCRIVE GUSTAVE RUE,,,,590
201300030329,13,9,26,1820,1,2,6,1,3,286,CANTERAINE RUE DE LA,,,,590
201300030330,13,9,27,810,1,2,1,1,6,350,"1, RUE MADELEINE REBERIO",,,,590
201300030331,13,9,27,1850,1,2,2,1,6,328,VAILLANT RUE,,,,590
201300030332,13,9,30,425,5,2,1,1,3,350,DE GAULLE PLACE DU GENER,,,,590
201300030333,13,9,30,1030,1,2,1,1,6,350,FAUBOURG D'ARRAS RUE,,,,590
201300030334,13,10,1,2200,5,2,1,1,3,350,"293, SOLFERINO RUE N?208",,,,590
201300030335,13,10,3,640,2,2,1,1,2,350,"SANS OBJET, DOREZ BARTHE",,,,590
201300030336,13,10,2,1810,1,2,1,1,1,350,"SANS OBJET, ALSACE BOULE",,,,590
201300030337,13,10,4,1954,5,2,2,8,7,350,FAUBOURG DE BETHUNE RUE,,,,590
201300030338,13,10,4,1540,1,2,1,1,6,286,"1, LHERMITTE FIDELE RUE",,,,590
201300030339,13,10,4,2000,2,2,1,2,3,128,POINCARE RUE,,,,590
201300030340,13,10,6,510,5,2,2,1,3,350,LECLERC PLACE DU MAL. N?,,,,590
201300030341,13,10,7,1100,1,2,1,1,3,350,"1, LAMBRET OSCAR AVENUE",,,,590
201300030342,13,10,7,1830,1,2,3,1,3,368,"1, SALENGRO ROGER RUE",,,,590
201300030343,13,10,9,1600,1,2,2,1,3,350,NATIONALE RUE N?2 - 178B,,,,590
201300030344,13,10,9,1820,1,2,1,1,3,350,KENNEDY AVENUE,,,,590
201300030345,13,10,9,2340,5,2,1,2,6,386,"101, YPRES RUE D",,,,590
201300030346,13,10,10,145,5,2,2,1,3,350,COLLEGIALE RUE DE LA,,,,590
201300030347,13,10,10,1520,1,2,1,2,3,009,FLANDRE AVENUEE DE,,,,590
201300030348,13,10,10,2115,3,2,1,3,7,350,SAINT LOUIS RUE EGLISE,,,,590
201300030349,13,10,11,1735,1,2,1,8,3,527,"266, LECLERC RUE DU GENE",,,,590
201300030350,13,10,12,1350,1,2,1,1,2,378,LISFRANC-CROISE LAROCHE,,,,590
201300030351,13,10,12,2315,5,2,2,1,3,350,BELFORT BOULEVARD DE,,,,590
201300030352,13,10,13,1630,1,2,2,2,3,009,TECHNIQUES RUE DES,,,,590
201300030353,13,10,14,1330,1,2,1,3,3,328,"300, HIPPODROME AV DE L",,,,590
201300030354,13,10,14,1850,5,1,1,8,6,350,"1, RAVEL MAURICE RUE",,,,590
201300030355,13,10,14,1600,1,2,3,1,7,350,"86, EGALITE RUE DE L",,,,590
201300030356,13,10,16,800,1,2,1,2,2,527,"424, DE LATTRE TASSIGNY",,,,590
201300030357,13,10,16,1615,1,2,3,2,2,350,MONTEBELLO BOULEVARD N?,,,,590
201300030358,13,10,16,1845,5,2,2,3,6,350,MONTEBELLO BOULEVARD N?,,,,590
201300030359,13,10,8,845,1,2,2,1,3,378,LAZARO RUE DU,,,,590
201300030360,13,10,20,2209,5,2,1,1,1,527,"13, LECLERC RUE DU GENER",,,,590
201300030361,13,10,19,1600,1,2,9,2,1,350,ARRAS RUE D,,,,590
201300030362,13,10,22,745,2,2,9,2,1,566,PONT RUE DU,,,,590
201300030363,13,10,22,1110,1,2,2,1,7,350,"67, LIBERTE BOULEVARD N?",,,,590
201300030364,13,10,22,1610,1,2,6,1,7,566,VERT TOUQUET RUE DU,,,,590
201300030365,13,10,22,1850,2,2,1,9,6,527,"393, DE LATTRE TASSIGNY.",,,,590
201300030366,13,10,23,1745,1,1,1,1,6,560,"NC, EPINETTE ROND POINT",,,,590
201300030367,13,10,23,2025,5,2,2,1,1,009,OUEST BOULEVARD DE L,,,,590
201300030368,13,10,23,1845,4,2,1,1,3,378,BERLIOZ HECTOR RUE,,,,590
201300030369,13,10,24,2210,5,2,1,8,7,009,8 MAI 1945 RUE DU PARC U,,,,590
201300030370,13,10,25,1800,1,2,9,1,2,009,BREUCQ BOULEVARD DU,,,,590
201300030371,13,10,28,1250,1,2,1,2,3,378,CLEMENCEAU BLVD (N?1-23),,,,590
201300030372,13,10,29,1430,1,2,2,2,3,360,REPUBLIQUE BOULEVARD DE,,,,590
201300030373,13,10,29,2035,5,2,2,1,3,350,ARRAS RUE D,,,,590
201300030374,13,10,30,920,1,2,1,1,6,648,"238, CLEMENCEAU RUE",,,,590
201300030375,13,10,30,1040,1,2,9,1,3,009,"NC, CHAPPE RUE",,,,590
201300030376,13,10,31,925,1,2,2,1,3,328,MONGE GASPARD RUE,,,,590
201300030377,13,10,31,2050,5,2,2,2,3,328,DUNKERQUE AVENUE DE,,,,590
201300030378,13,11,1,45,5,2,1,1,3,350,SOLFERINO RUE N?1 - 159,,,,590
201300030379,13,11,1,545,3,2,1,1,2,350,"168, HUGO VICTOR  BVD N?",,,,590
201300030380,13,11,1,2220,5,2,1,3,2,350,"121, MATTEOTI RUE",,,,590
201300030381,13,11,4,1750,5,2,1,1,6,350,"21/26, POSTES RUE N?1 -",,,,590
201300030382,13,11,4,1815,3,2,9,1,6,350,ROLAND RUE,,,,590
201300030383,13,11,5,1030,1,2,1,9,6,648,REPUBLIQUE PLACE DE LA,,,,590
201300030384,13,11,6,2340,5,2,1,2,6,350,POSTES RUE N? RESTE,,,,590
201300030385,13,11,7,1730,3,2,2,3,3,009,RN 227 (sens Lille vers,,,,590
201300030386,13,11,7,1650,3,2,1,2,6,350,METZ BOULEVARD,,,,590
201300030387,13,11,7,1830,1,2,1,2,5,368,"151, REPUBLIQUE AVENUE D",,,,590
201300030388,13,11,8,1745,5,2,1,2,6,378,CHATEAU ROUGE AVENUE DU,,,,590
201300030389,13,11,9,1015,1,2,9,2,1,360,", TRAIN DE LOOS AVENUE D",,,,590
201300030390,13,11,9,1300,1,2,1,1,6,350,"222, ARRAS RUE D",,,,590
201300030391,13,11,10,1440,1,2,1,1,3,648,"34, DE GAULLE RUE DU GEN",,,,590
201300030392,13,11,11,1635,1,2,3,1,3,350,"NC, MONTEBELLO BOULEVARD",,,,590
201300030393,13,11,8,57,5,2,1,1,6,350,PUEBLA RUE,,,,590
201300030394,13,11,7,2155,3,2,1,2,2,009,BREUCQ BOULEVARD DU,,,,590
201300030395,13,11,13,1915,2,2,1,1,6,328,"190, BOURG RUE DU N?188",,,,590
201300030396,13,11,14,1315,1,2,1,2,7,350,"NC, DELEMAZURE RUE",,,,590
201300030397,13,11,14,2230,5,2,1,1,3,410,"31, VOLTAIRE RUE",,,,590
201300030398,13,11,15,840,1,2,9,1,6,350,"730, REPUBLIQUE AVENUE D",,,,590
201300030399,13,11,16,2015,5,2,1,1,6,378,REPUBLIQUE AV DE LA ( N?,,,,590
201300030400,13,11,18,735,2,1,1,1,1,328,CARNOY RUE N?207 - 277,,,,590
201300030401,13,11,19,15,5,2,2,8,3,350,SOLFERINO RUE N?110 - 20,,,,590
201300030402,13,11,21,1500,5,2,1,9,1,350,LOMPRET RUE DE,,,,590
201300030403,13,11,21,1830,5,2,1,9,3,527,LECLERC RUE DU GENERAL,,,,590
201300030404,13,11,13,1610,1,2,1,1,6,286,"nc, ENGLOS RUE D",,,,590
201300030405,13,11,26,1710,2,2,1,1,6,350,FAUBOURG DES POSTES RUE,,,,590
201300030406,13,11,27,1315,1,2,9,1,5,350,FLANDRES PONT,,,,590
201300030407,13,11,27,1955,5,2,1,1,6,009,"46, FUSILLES RUE DES DU",,,,590
201300030408,13,11,28,1810,3,2,1,2,7,350,DUNKERQUE AVENUE,,,,590
201300030409,13,11,28,800,2,2,9,2,3,328,HIPPODROME AV DE L N?246,,,,590
201300030410,13,10,23,915,1,2,1,7,3,636,CLEMENCEAU GEORGES AVENU,,,,590
201300030411,13,11,29,1610,1,2,1,1,6,378,"7, LILAS RUE DES",,,,590
201300030412,13,11,29,1715,2,2,1,1,3,350,"17, ECOLES RUE DES",,,,590
201300030413,13,11,30,1130,1,2,1,1,7,350,"166, MONTEBELLO BOULEVAR",,,,590
201300030414,13,12,1,1110,1,2,1,1,6,350,"131, DUNKERQUE AVENUE",,,,590
201300030415,13,12,2,1050,1,2,6,1,6,009,DE VALMY BOULEVARD,,,,590
201300030416,13,12,3,2135,5,2,9,1,3,507,DE LATTRE DE TASSIGNY AV,,,,590
201300030417,13,12,2,1830,1,2,1,2,5,350,REPUBLIQUE AVENUE DE LA,,,,590
201300030418,13,11,7,1830,1,2,1,2,5,350,REPUBLIQUE AVENUE DE LA,,,,590
201300030419,13,12,3,745,1,2,1,1,6,527,"113, LECLERC RUE DU GENE",,,,590
201300030420,13,12,5,1610,1,2,1,1,6,378,"994, REPUBLIQUE AV DE LA",,,,590
201300030421,13,12,5,755,1,1,1,1,6,350,BUISSON FERDINAND RUE,,,,590
201300030422,13,12,7,1745,1,1,1,2,1,560,TEMPLEMARS ROUTE DE,,,,590
201300030423,13,12,7,1945,5,2,1,1,7,636,LECLERCQ RUE DU GENERAL,,,,590
201300030424,13,12,9,1330,1,2,1,7,7,328,"309, HIPPODROME AV DE L",,,,590
201300030425,13,12,6,1245,1,2,1,1,6,009,LANGEVIN PAUL AVENUE,,,,590
201300030426,13,12,11,1215,1,2,1,1,6,350,URBANISTES RUE,,,,590
201300030427,13,11,30,1835,5,2,1,1,2,286,VANDERHAGEN ALBERT RUE,,,,590
201300030428,13,12,13,710,2,2,1,1,2,350,DUBUISSON EMILE BOULEVAR,,,,590
201300030429,13,11,25,1740,3,2,1,2,6,350,"nc, MONTEBELLO BOULEVARD",,,,590
201300030430,13,12,16,740,2,2,1,1,7,350,ERFURT PONT,,,,590
201300030431,13,12,18,1450,1,2,1,1,6,350,"243, GAMBETTA LEON RUE",,,,590
201300030432,13,12,18,1650,2,2,1,1,3,350,"17, FAUBOURG DE BETHUNE",,,,590
201300030433,13,12,20,1505,1,2,1,1,6,350,FAUBOURG DES POSTES RUE,,,,590
201300030434,13,12,20,2100,5,2,1,1,2,350,LAINE EMILE RUE,,,,590
201300030435,13,12,11,1005,1,2,1,7,2,457,FRESNEL RUE DU,,,,590
201300030436,13,12,13,1830,5,2,1,1,2,009,TOURNAI BOULEVARD DE,,,,590
201300030437,13,12,18,1350,1,2,1,1,6,566,COMMERCE BOULEVARD DU,,,,590
201300030438,13,12,24,350,5,2,2,2,1,009,BARATTE GASTON RUE,,,,590
201300030439,13,12,18,1155,1,2,1,1,3,560,EPINETTE RUE DE L,,,,590
201300030440,13,12,11,1400,1,2,9,1,3,009,FLANDRE AVENUEE DE,,,,590
201300030441,13,12,29,1900,5,2,1,1,2,350,EMMERIN RUE,,,,590
201300030442,13,12,10,1315,1,2,9,1,6,368,PRE CATELAN RUE DU,,,,590
201300030443,13,12,19,1730,5,2,9,1,6,527,GAMBETTA LEON RUE,,,,590
201300030444,13,3,25,1745,1,2,3,1,6,225,"19, ROGER SALENGRO (RUE)",,,,590
201300030445,13,5,20,1715,1,2,1,1,7,392,"27, DOUZIES (RUE DE)",,,,590
201300030446,13,7,27,2340,5,1,1,3,7,225,NEUF MESNIL (RUE DE),M,5028170,0390919,590
201300030447,13,8,7,1710,1,2,1,2,7,392,CHARLES DE GAULLE (BOULE,,,,590
201300030448,13,11,19,2130,5,2,3,1,3,365,"57, HAUTMONT (RUE D')",,,,590
201300030449,13,12,4,1100,1,2,1,1,7,365,LANDRECIES (ROUTE DE),,,,590
201300030450,13,1,5,1230,1,2,3,1,3,367,"1, WATTRELOS (RUE DE)",,,,590
201300030451,13,1,5,1530,1,2,1,2,2,512,"107, METZ (BOULEVARD DE)",,,,590
201300030452,13,1,9,1455,1,1,1,2,2,367,RD 700,,,,590
201300030453,13,1,9,1800,5,2,2,1,6,163,JUSSIEU (AVENUE),,,,590
201300030454,13,1,9,1820,2,2,2,2,2,512,SALENGRO (AVENUE ROGER),,,,590
201300030455,13,1,10,1320,1,2,1,1,6,512,"264, GRANDE  RUE",,,,590
201300030456,13,1,10,1415,1,2,2,1,3,512,ALMA (RUE DE L'),,,,590
201300030457,13,1,12,1600,1,2,1,4,6,512,"96, PREVERT  (RUE JACQUE",,,,590
201300030458,13,1,12,2225,5,2,1,4,7,367,"31, FRESNOY (RUE DU)",,,,590
201300030459,13,1,24,1320,1,2,1,8,6,646,"134, DELETTE (RUE EMILE)",,,,590
201300030460,13,1,26,1100,1,2,1,4,6,512,"52 bis, MAUFAIT (RUE DE",,,,590
201300030461,13,1,27,1110,1,2,1,1,7,512,"233, LILLE ( RUE DE)",,,,590
201300030462,13,1,28,1745,5,2,1,1,3,512,NATIONS UNIES (AVENUE DE,,,,590
201300030463,13,1,30,800,5,2,1,2,6,512,"60, MOUVAUX (RUE DE)",,,,590
201300030464,13,2,4,1520,1,2,1,1,2,163,"294, JAURES (RUE JEAN)",,,,590
201300030465,13,2,7,640,5,1,6,2,3,650,BELGIQUE,,,,590
201300030466,13,2,8,800,1,2,1,4,6,512,JAURES (AVENUE JEAN),,,,590
201300030467,13,2,8,1250,1,2,3,1,3,512,LAGACHE (AVENUE JULIEN),,,,590
201300030468,13,2,12,1822,1,2,2,1,3,163,"21, HOLDEN CROTHERS(RUE)",,,,590
201300030469,13,2,13,1545,1,2,1,1,3,512,ALMA  (RUE DE L)',,,,590
201300030470,13,2,16,1900,5,2,1,1,7,163,"34, JAURES (RUE JEAN)",,,,590
201300030471,13,2,18,1605,1,2,1,1,6,163,"212, KLEBER (RUE)",,,,590
201300030472,13,2,24,1315,1,2,1,1,2,650,JAURES (RUE JEAN),,,,590
201300030473,13,2,25,1515,1,2,1,1,3,512,"202, GAMBETTA (BOULEVARD",,,,590
201300030474,13,3,5,1350,1,2,3,1,3,646,"85, BART (RUE JEAN)",,,,590
201300030475,13,3,5,1800,2,2,1,1,6,512,FOURMIES (BOULEVARD DE),,,,590
201300030476,13,3,5,1840,5,2,1,1,3,163,"20, JAURES (RUE JEAN)",,,,590
201300030477,13,3,7,840,1,2,1,1,6,339,FERRY (RUE JULES),,,,590
201300030478,13,3,7,1610,1,2,3,2,3,646,"1, SARTRE (AVENUE JEAN P",,,,590
201300030479,13,3,8,115,5,2,1,1,6,646,"0, FLANDRE (AVENUE DE)",,,,590
201300030480,13,3,8,1100,1,2,1,1,6,163,"22, JAURES (RUE JEAN)",,,,590
201300030481,13,3,9,525,5,2,3,2,3,650,"51, SAINT VINCENT DE PAU",,,,590
201300030482,13,3,9,1905,5,2,2,2,1,512,"2, METZ (BOULEVARD DE)",,,,590
201300030483,13,3,11,1320,1,2,1,4,6,512,"79, EPEULE  (RUE DE L')",,,,590
201300030484,13,3,14,1355,1,2,2,1,6,650,"30, UNION (RUE DE L')",,,,590
201300030485,13,3,14,855,1,2,1,4,6,646,"18, MOLINEL (LIEUDIT LE)",,,,590
201300030486,13,3,23,5,5,2,2,8,6,512,169 Rue Jules Guesde,M,5068529,0318473,590
201300030487,13,3,26,1330,1,2,1,1,6,512,"1, METZ (BOULEVARD DE)",,,,590
201300030488,13,3,29,1715,1,2,2,1,3,512,"..., FRANCE (RUE DE)",,,,590
201300030489,13,4,2,1530,1,2,2,1,3,512,MAUFAIT (RUE DE,,,,590
201300030490,13,4,3,115,5,2,6,1,6,512,GARE ( PLACE DE LA),,,,590
201300030491,13,4,3,15,5,2,1,1,6,646,"4, TRIEZ (RUE DU)",,,,590
201300030492,13,4,4,1720,1,2,1,1,3,163,"13, FLANDRE (AVENUE DE)",,,,590
201300030493,13,4,5,2240,5,2,2,1,3,512,"1, GAND (QUAI DE)",,,,590
201300030494,13,4,6,1850,1,2,1,1,3,367,"1, BERT (AVENUE PAUL)",,,,590
201300030495,13,4,12,2100,2,2,1,8,6,512,LECLERC (BOULEVARD DU GE,,,,590
201300030496,13,4,13,735,1,1,1,1,6,299,CD 700,,,,590
201300030497,13,4,16,1700,1,2,1,2,4,512,"64, FOSSE AUX CHENES  (A",,,,590
201300030498,13,4,17,745,1,2,2,2,3,650,ARTS (RUE DES),,,,590
201300030499,13,4,17,1700,1,2,1,1,6,512,MOUVAUX (RUE DE),,,,590
201300030500,13,4,18,1910,1,2,1,1,6,512,"91, LAGACHE (AVENUE JULI",,,,590
201300030501,13,4,19,950,1,2,1,1,3,512,"43, LUXEMBOURG (RUE DU)",,,,590
201300030502,13,4,19,1550,1,2,6,1,6,367,BERT (AVENUE PAUL),,,,590
201300030503,13,4,21,1640,1,2,1,1,6,512,"186, GUESDE (RUE JULES)",,,,590
201300030504,13,4,21,1635,1,2,1,1,1,512,DE COUBERTIN (RUE PIERRE,,,,590
201300030505,13,4,22,1725,1,2,1,1,6,512,GRANDE RUE,,,,590
201300030506,13,4,22,1820,1,2,1,1,6,512,"01, PARABOLES (AVENUE DE",,,,590
201300030507,13,4,24,1800,1,2,1,1,3,512,DELORY (AVENUE GUSTAVE),,,,590
201300030508,13,4,24,1900,1,2,2,1,3,512,"300, REIMS (BOULEVARD DE",,,,590
201300030509,13,4,27,1330,1,2,2,2,6,512,SALENGRO (AVENUE ROGER),,,,590
201300030510,13,4,27,1830,1,2,3,1,3,646,CARPEAUX (RUE),,,,590
201300030511,13,4,29,1840,1,2,2,1,6,512,"58, ANSEELE (RUE EDOUARD",,,,590
201300030512,13,4,30,755,1,2,1,1,3,598,"111, VERDUN (RUE DE)",,,,590
201300030513,13,5,1,2000,1,2,1,1,6,512,bati galon d'eau (CITE,,,,590
201300030514,13,5,1,2330,5,2,1,1,6,646,"25, FLANDRE (AVENUE DE)",,,,590
201300030515,13,4,26,1055,1,2,1,1,3,512,DELORY  (AVENUE GUSTAVE),,,,590
201300030516,13,5,2,1730,1,2,1,1,6,512,"19, DE SERRES (RUE OLIVI",,,,590
201300030517,13,5,4,1410,1,2,1,1,6,512,"251, PIERRE DE ROUBAIX (",,,,590
201300030518,13,5,5,1155,1,2,1,1,6,512,DE GAULLE (BOULEVARD DU,,,,590
201300030519,13,5,6,1610,1,1,1,1,7,339,CD 700,,,,590
201300030520,13,5,7,1745,1,2,1,1,3,650,JOUHAUX (BOULEVARD LEON),,,,590
201300030521,13,5,11,1910,1,2,1,1,6,512,"1, LIBERTE (PLACE DE LA)",,,,590
201300030522,13,5,12,1845,1,2,2,1,3,512,"120, GUESDE (RUE JULES)",,,,590
201300030523,13,5,12,1900,1,2,2,1,3,650,COUTEAUX (BOULEVARD DES),,,,590
201300030524,13,5,15,730,1,2,2,1,3,512,RUBENS (RUE),,,,590
201300030525,13,5,14,1740,1,2,1,1,1,299,"1, CLEMENCEAU (BOULEVARD",,,,590
201300030526,13,5,14,1420,1,2,2,2,6,512,"150, SAINT JEAN  (RUE)",,,,590
201300030527,13,5,13,1245,1,2,3,1,3,512,FOSSE AUX CHENES  (AVENU,,,,590
201300030528,13,6,1,1640,1,2,2,1,3,512,"113, JOUFFROY (RUE)",,,,590
201300030529,13,6,7,755,1,2,3,1,3,650,"1, CHOPIN (RUE FREDERIC)",,,,590
201300030530,13,6,8,55,5,2,1,1,3,650,"161, GUESDE (RUE JULES)",,,,590
201300030531,13,6,9,1900,1,2,1,1,6,512,"44, VOLTAIRE (RUE)",,,,590
201300030532,13,6,13,1105,1,2,1,1,3,512,"1, GAND (QUAI DE)",,,,590
201300030533,13,6,16,1840,1,2,1,1,6,163,"37, THIONVILLE (RUE DE)",,,,590
201300030534,13,6,17,1400,1,1,1,1,2,299,"1, DELACROIX (AVENUE HEN",,,,590
201300030535,13,6,21,1805,1,2,1,1,3,646,"1, GRAND COTTIGNIES (AVE",,,,590
201300030536,13,6,21,1900,1,2,1,1,6,512,GUESDE (RUE JULES),,,,590
201300030537,13,6,21,2050,1,2,1,1,1,512,"16, VERCOUTERE (RUE JEAN",,,,590
201300030538,13,6,27,2020,1,1,1,1,3,650,ANTENNE SUD DE ROUBAIX,,,,590
201300030539,13,6,30,930,1,2,1,1,6,512,"84, LECLERC (BOULEVARD D",,,,590
201300030540,13,7,1,900,1,2,1,1,3,299,"187, DE GAULLE (AVENUE C",,,,590
201300030541,13,7,2,1740,1,2,1,1,6,339,"00, HUGO (RUE VICTOR)",,,,590
201300030542,13,7,4,410,5,2,1,1,6,646,"11, GRAND COTTIGNIES (AV",,,,590
201300030543,13,7,4,900,1,2,3,1,3,512,"1, JAURES (AVENUE JEAN)",,,,590
201300030544,13,7,4,1520,1,2,1,1,6,512,"1, DE ROUBAIX (RUE PIERR",,,,590
201300030545,13,7,4,1730,1,2,1,1,3,646,"4, JAURES (RUE JEAN)",,,,590
201300030546,13,7,7,1,5,2,1,1,3,512,"108, GUESDE (RUE JULES)",,,,590
201300030547,13,7,9,745,1,2,1,1,5,512,BEAUREPAIRE (BOULEVARD),,,,590
201300030548,13,7,11,1740,1,2,1,1,2,512,"88, LECONTE BAILLON (RUE",,,,590
201300030549,13,7,12,1408,1,2,1,1,6,512,GUESDE (RUE JULES),,,,590
201300030550,13,7,15,1350,1,2,1,1,6,650,QUINT (RUE CHARLES),,,,590
201300030551,13,7,15,1630,1,2,2,1,1,512,TOURCOING (RUE DE),,,,590
201300030552,13,7,18,1955,1,2,1,1,7,650,"41, BRIAND (AVENUE ARIST",,,,590
201300030553,13,7,19,855,1,2,1,1,3,650,"66, MONT A LEUX (RUE DU)",,,,590
201300030554,13,7,20,25,5,2,1,1,3,512,"x, DELORY (AVENUE GUSTAV",,,,590
201300030555,13,7,20,1750,1,1,1,1,2,299,D6D,,,,590
201300030556,13,7,20,2030,1,2,1,1,6,512,"34, REIMS (BOULEVARD DE)",,,,590
201300030557,13,7,23,1830,1,1,1,2,6,646,BRIQUES (SENTIER DES),,,,590
201300030558,13,7,24,1910,1,2,2,1,6,650,"228, CARNOT (RUE)",,,,590
201300030559,13,7,25,750,1,2,1,1,6,512,DUNKERQUE (QUAI DE),,,,590
201300030560,13,7,27,1215,1,2,1,1,6,646,"1, HOCHE (RUE)",,,,590
201300030561,13,7,30,2300,5,2,3,1,3,598,"58, DEPORTES (RUE DES)",,,,590
201300030562,13,8,3,2045,1,2,1,1,3,512,"1, ANTOING (RUE D')",,,,590
201300030563,13,8,3,2040,1,2,1,1,6,646,MARNE (AVENUE DE LA),,,,590
201300030564,13,8,5,1545,1,2,3,1,3,512,"1, LUNEVILLE (RUE DE)",,,,590
201300030565,13,8,8,845,1,2,1,1,6,367,"25, GUESDE (RUE JULES)",,,,590
201300030566,13,8,9,1100,1,2,2,1,3,512,"1, BRAILLE (RUE LOUIS)",,,,590
201300030567,13,8,12,1110,1,2,1,1,3,512,"227, REIMS (BOULEVARD DE",,,,590