Num_Acc,an,mois,jour,hrmn,lum,agg,int,atm,col,com,adr,gps,lat,long,dep
201300030875,13,4,10,1130,1,1,3,1,3,459,MITTERAND (Fran?ois rue),,,,590
201300030876,13,5,23,1915,1,2,8,1,6,606,"00, DESANDROUIN (AV) - S",,,,590
201300030877,13,5,28,1620,1,2,1,1,6,491,"00, RD 70",,,,590
201300030878,13,5,22,525,1,2,1,1,6,032,"00, RD 958",,,,590
201300030879,13,6,7,1740,1,2,1,1,6,383,"00, VOSGES (RUE DES)",,,,590
201300030880,13,6,7,1045,1,2,1,1,6,606,"00, HAINAUT (PLACE DU)",,,,590
201300030881,13,5,27,1010,1,2,3,1,2,606,"00, CAMBRAI (AVENUE DU F",,,,590
201300030882,13,6,7,1055,1,2,1,1,6,447,"00, JAURES (RUE JEAN)",,,,590
201300030883,13,6,12,1125,1,2,1,1,6,606,PATER (BOULEVARD),,,,590
201300030884,13,6,21,905,1,2,1,2,2,606,"0, POMPIDOU (AVENUE GEOR",,,,590
201300030885,13,6,25,1025,1,2,1,1,6,606,"00, PARIS (RUE DU FAUBOU",,,,590
201300030886,13,6,25,1415,1,2,1,1,6,606,"00, HUGO (PLACE VICTOR)",,,,590
201300030887,13,7,3,1740,1,2,1,1,6,603,"00, ORMES (RUE DES)",,,,590
201300030888,13,7,3,1620,1,1,1,1,6,160,SAINT AYBERT (ROUTE DE),,,,590
201300030889,13,7,13,1550,1,2,1,1,6,491,"14, SALENGRO (RUE ROGER)",,,,590
201300030890,13,7,10,810,1,2,4,1,3,459,"00, 19 MARS 1962",,,,590
201300030891,13,7,20,1950,1,2,3,1,6,544,"0, JAURES (PASSAGE DE LA",,,,590
201300030892,13,7,24,1830,1,1,1,1,6,479,"0, RD 50",,,,590
201300030893,13,7,26,710,1,2,3,1,3,032,"58, BREL (VILLA JACQUES)",,,,590
201300030894,13,7,2,750,1,1,6,1,6,447,ZONE INDUSTRIELLE N?9,,,,590
201300030895,13,7,26,1855,1,2,2,1,3,606,"0, VIGNES (RES. LES) - L",,,,590
201300030896,13,8,1,2005,1,2,1,1,6,014,"55, FRANCE (AVENUE ANATO",,,,590
201300030897,13,8,6,1215,1,2,3,1,6,491,"142, DURRE (RUE HENRI)",,,,590
201300030898,13,8,6,2035,1,2,1,1,6,491,"15 BIS, MOZART (RESIDENC",,,,590
201300030899,13,7,20,845,1,2,6,1,3,606,"0, WINSTON CHURCHILL (PL",,,,590
201300030900,13,8,14,200,5,2,2,1,3,606,DAMPIERRE (AVENUE),,,,590
201300030901,13,7,19,1415,1,2,3,1,3,014,"0, HUGO (RUE VICTOR)",,,,590
201300030902,13,7,27,1545,1,1,1,1,6,613,RD 50,,,,590
201300030903,13,8,9,1340,1,2,1,1,6,491,"25, DURRE (RUE HENRI)",,,,590
201300030904,13,8,12,825,1,2,3,1,6,606,"0, GAMBETTA (RUE)",,,,590
201300030905,13,7,16,1445,1,2,1,1,6,606,"00, DELIVRANCE (RUE DE L",,,,590
201300030906,13,7,23,1530,1,2,1,1,6,606,"0, REPUBLIQUE (PLACE DE",,,,590
201300030907,13,8,5,1410,1,2,1,1,6,606,"31, GUISEZ (IMPASSE) - A",,,,590
201300030908,13,9,14,1720,1,2,2,1,3,014,"00, CARNOT (RUE)",,,,590
201300030909,13,9,11,1710,1,1,3,1,3,613,"00, RD 50",,,,590
201300030910,13,8,21,1710,1,1,1,1,6,369,"00, RD 40",,,,590
201300030911,13,7,28,855,1,1,2,1,3,613,RD 50,,,,590
201300030912,13,10,8,2130,5,2,1,1,6,459,ZAC AUCHAN,,,,590
201300030913,13,10,4,2030,5,2,1,1,6,606,"00, AUVERGNE (RUE D')",,,,590
201300030914,13,10,14,1820,1,2,1,1,6,491,GRAND'PLACE,,,,590
201300030915,13,10,10,810,2,2,1,8,6,606,"0, PATER (BOULEVARD)",,,,590
201300030916,13,11,1,615,3,2,1,1,6,479,"75, HUIT MAI 1945 CD50 (",,,,590
201300030917,13,10,31,2200,5,2,1,1,6,112,"0, VOLTAIRE (RUE)",,,,590
201300030918,13,10,17,900,1,2,1,1,6,544,"00, JAURES (RUE JEAN)",,,,590
201300030919,13,10,23,1515,1,2,1,1,6,606,"02, WATTEAU (BOULEVARD)",,,,590
201300030920,13,10,9,720,3,2,1,1,6,014,"00, CITE PROPRE (voie di",,,,590
201300030921,13,10,29,1010,1,2,1,1,6,383,"00, FLANDRES (AVENUE DES",,,,590
201300030922,13,10,28,1515,1,1,2,1,3,544,"00, RD 75",,,,590
201300030923,13,11,16,1900,5,2,2,5,3,112,"00, MARRONNIERS (RUE DES",,,,590
201300030924,13,10,28,1725,5,2,3,1,3,383,"00, CAMELINAT (RUE)",,,,590
201300030925,13,10,14,1210,1,2,1,1,6,606,"00, ALLIES (BOULEVARD DE",,,,590
201300030926,13,11,24,200,5,2,1,1,6,459,"2, PREVERT (RUE JACQUES)",,,,590
201300030927,13,11,27,1030,1,2,2,1,6,207,"42, MALANOYE (AVENUE DE",,,,590
201300030928,13,9,26,1640,1,2,1,1,4,207,RD 935 N,,,,590
201300030929,13,10,28,855,1,2,3,2,6,112,"697, JAURES (RUE JEAN)",,,,590
201300030930,13,10,30,1355,1,2,1,1,6,606,"1, DENAIN (AVENUE DE)",,,,590
201300030931,13,11,4,2035,5,2,1,1,6,606,"0, LOMPREZ (RUE)",,,,590
201300030932,13,11,7,705,2,2,1,1,6,606,"0, DAMPIERRE (PLACE)",,,,590
201300030933,13,12,6,1740,2,2,1,1,6,491,"302, DUSART (RUE LEOPOLD",,,,590
201300030934,13,12,14,1500,1,2,2,1,6,014,"488, JAURES (RUE JEAN)",,,,590
201300030935,13,12,14,2350,5,2,1,1,6,207,"37, WAGRET (CITE ADOLPHE",,,,590
201300030936,13,12,29,1925,5,2,1,1,6,479,"64, BERTHELOT (RUE MARCE",,,,590
201300030937,13,9,21,1500,1,2,1,1,3,112,Avenue du mar?chal Foch,M,4791000,0721800,680
201300030938,13,10,2,1845,1,2,1,1,6,112,Route de Bergholtz,M,0000000,0000000,680
201300030939,13,10,26,1800,1,1,1,1,5,058,,M,4794100,0717400,680
201300030940,13,9,22,1300,1,1,1,7,5,334,,M,4788952,0712033,680
201300030941,13,12,14,1715,5,2,1,1,6,315,29  rue du Vieil Armand,M,0000000,0000000,680
201300030942,13,12,18,1915,5,2,2,1,1,194,ROUTE DE SELLES SUR CHER,,,,410
201300030943,13,11,25,1615,1,2,2,1,1,194,RUE DES THIBEAUDIERES,,,,410
201300030944,13,11,24,200,3,1,1,1,6,034,,M,4762250,0150869,410
201300030945,13,11,29,1845,3,1,1,1,3,204,,M,4760700,0142177,410
201300030946,13,12,8,730,1,2,1,1,1,067,route de BLOIS,M,4751800,0144800,410
201300030947,13,12,7,2045,3,1,1,1,7,032,,M,4754350,0129116,410
201300030948,13,3,16,2110,5,2,2,2,3,057,"29, COROT (AVENUE)",,,,600
201300030949,13,6,20,2020,1,2,2,1,3,057,"21, COROT (AVENUE)",,,,600
201300030950,13,9,19,1630,1,2,1,1,6,057,BINET  (RUE),,,,600
201300030951,13,9,28,1255,1,2,1,1,6,057,CLEMENCEAU (PLACE),,,,600
201300030952,13,10,17,1635,1,2,1,1,5,057,JEAN MERMOZ (AVENUE),,,,600
201300030953,13,11,30,2000,5,1,1,1,4,057,RD 901,,,,600
201300030954,13,12,21,510,2,2,1,1,3,057,"1, JEAN MERMOZ (AVENUE)",,,,600
201300030955,13,1,15,850,1,2,3,4,6,159,,,,,600
201300030956,13,1,31,810,1,2,3,1,3,159,,,,,600
201300030957,13,2,6,1200,1,2,1,1,6,159,COURS GUYNEMER,,,,600
201300030958,13,2,9,2025,3,1,1,1,6,159,RD 332,,,,600
201300030959,13,2,18,1845,2,2,3,1,3,382,AVENUE OCTAVE BUTIN,,,,600
201300030960,13,3,6,15,5,1,6,1,6,665,RN 31,,,,600
201300030961,13,3,9,1715,1,1,1,1,2,159,RD 1131,,,,600
201300030962,13,3,9,1815,1,2,3,1,3,382,"431, POINCARE (AV. RAYMO",,,,600
201300030963,13,3,21,1300,1,1,1,1,7,159,avenue du vermandois,,,,600
201300030964,13,4,4,1325,1,2,2,1,4,159,"60, CLAMART (DE)",,,,600
201300030965,13,5,4,405,5,1,6,1,7,665,RD 202,,,,600
201300030966,13,5,19,510,3,1,1,3,1,159,,,,,600
201300030967,13,5,28,1755,1,2,1,3,6,159,DELATTRE DE TASSIGNY,,,,600
201300030968,13,5,31,805,1,2,6,1,6,159,CURIE (AV. PIERRE ET MAR,,,,600
201300030969,13,6,7,2025,2,2,3,1,3,159,BOTTIER (HIPPOLYTE),,,,600
201300030970,13,6,17,1055,1,2,1,3,6,159,"92, SAINT-LAZARE",,,,600
201300030971,13,6,24,1740,1,2,1,1,1,665,"301, REPUBLIQUE (DE LA)",,,,600
201300030972,13,6,27,705,1,2,3,1,3,159,LESSEPS (FERDINAND DE),,,,600
201300030973,13,9,1,1745,1,1,1,1,3,382,BARTHOU (LOUIS),,,,600
201300030974,13,9,18,1245,1,1,1,3,3,159,ROYALLIEU (AV. DE),,,,600
201300030975,13,10,2,1745,1,2,3,1,3,159,Eugenie Louis (Rue),,,,600
201300030976,13,10,6,305,5,1,6,1,6,159,,,,,600
201300030977,13,10,8,815,1,2,3,1,3,159,"49 bis, MARTYRS-DE-LA-LI",,,,600
201300030978,13,10,14,2010,2,2,1,2,6,159,avenue weygand,,,,600
201300030979,13,10,19,1945,5,2,1,1,6,159,"29, GUYNEMER (COURS)",,,,600
201300030980,13,10,31,1950,5,2,1,1,7,159,"59, PARIS (DE)",,,,600
201300030981,13,11,25,1950,5,2,1,1,7,159,"124, PARIS (DE)",,,,600
201300030982,13,12,9,720,5,2,3,1,6,382,"20, VICTOIRE (DE LA)",,,,600
201300030983,13,12,9,740,5,2,6,1,3,159,NOYON (Rond point de),,,,600
201300030984,13,12,9,750,5,2,3,1,3,159,"19, SAINT-LAZARE",,,,600
201300030985,13,12,24,1800,3,2,1,1,6,159,"40, AMIENS (D')",,,,600
201300030986,13,12,26,1605,1,2,1,1,7,665,,,,,600
201300030987,13,1,3,1745,5,2,1,2,6,175,"1, BRIAND (RUE ARISTIDE)",,,,600
201300030988,13,1,29,1800,5,2,1,1,6,463,"52, HERRIOT (RUE EDOUARD",,,,600
201300030989,13,3,7,845,1,2,3,8,6,175,rue charles auguste dugu,,,,600
201300030990,13,3,19,1445,1,2,1,1,6,175,"1, CARNOT (PLACE)",,,,600
201300030991,13,4,3,1010,1,1,1,1,6,463,"4,  MARCEL DENEUX",,,,600
201300030992,13,4,13,2030,5,2,2,2,3,463,"54, DEMAGNEZ (RUE)",,,,600
201300030993,13,4,18,1000,1,1,1,1,5,463,,,,,600
201300030994,13,4,18,1040,1,2,1,1,3,175,"30, BLUM (RUE LEON)",,,,600
201300030995,13,5,9,1225,1,2,1,1,6,175,"8, BERGSON (RUE HENRI)",,,,600
201300030996,13,5,20,100,3,1,1,2,5,175,,,,,600
201300030997,13,6,25,2050,1,2,1,1,3,414,"33, MOCQUET (AVENUE GUY)",,,,600
201300030998,13,6,30,250,5,2,1,1,6,463,VILLON (RUE FRANCOIS),,,,600
201300030999,13,7,7,740,1,2,1,1,6,175,VERDUN (RUE DE),,,,600
201300031000,13,7,28,1950,1,2,2,1,3,175,rue des champs,,,,600
201300031001,13,8,8,1500,1,2,1,1,6,175,"27, BOURSIER (RUE)",,,,600
201300031002,13,8,19,2305,3,1,1,1,5,463,FACE AUCHAN,,,,600
201300031003,13,8,23,1240,1,2,1,1,3,684,"51, BRIAND (RUE ARISTIDE",,,,600
201300031004,13,8,24,1130,1,1,4,2,6,175,,,,,600
201300031005,13,9,14,1230,1,1,1,2,1,175,,,,,600
201300031006,13,10,4,955,1,1,1,1,4,463,RN 16_PONT COTE INCINERA,,,,600
201300031007,13,10,14,900,1,2,1,3,3,463,HUIT MAI (AVENUE DU),,,,600
201300031008,13,11,4,1700,1,2,3,2,3,463,SOMASCO (RUE CHARLES),,,,600
201300031009,13,11,16,1730,5,2,1,1,6,601,"45, GAMBETTA (RUE)",,,,600
201300031010,13,11,16,2050,5,2,1,9,6,601,VAN GOGH (ALLEE),,,,600
201300031011,13,11,22,1900,5,2,2,1,1,175,", BRIAND (RUE ARISTIDE)_",,,,600
201300031012,13,11,30,1645,3,2,1,1,7,414,ALLENDE (RUE SALVADOR),,,,600
201300031013,13,9,11,1815,1,2,1,1,1,088,,M,0000000,0000000,840
201300031014,13,11,13,1645,3,1,1,1,7,108,,M,0000000,0000000,840
201300031015,13,12,27,1740,1,1,3,2,3,143,"90, PRINCIPALE (RUE)",M,4844622,0007290,610
201300031016,13,2,9,300,5,2,1,1,3,001,22 BLD KOUTIALA,M,4842233,0008684,610
201300031017,13,2,21,1840,2,2,3,1,3,143,PRINCIPALE xRESERVOIR,M,4844447,0007219,610
201300031018,13,2,22,1910,5,2,2,1,3,001,"1, FRESNAY (RUE DE )",M,4842714,0008436,610
201300031019,13,3,23,1745,1,2,2,1,4,397,KOUTIALA (BOULEVARD),M,4842302,0008081,610
201300031020,13,4,25,1645,1,2,1,1,6,001,VILLENEUVE (RUE DE),M,4842852,0006338,610
201300031021,13,5,26,1855,1,2,3,1,7,001,QUAKENBRUCK (AVENUE DE),M,4844367,0011094,610
201300031022,13,7,15,1615,1,2,1,1,6,397,"118, GENERAL LECLERC (RU",M,4842112,0007243,610
201300031023,13,7,21,2030,1,2,3,1,7,001,ARGENTAN X FRERES NIVERD,M,4844033,0008735,610
201300031024,13,8,8,915,1,2,2,1,6,001,CURIE X CLAUDE BERNARD,M,4843615,0010513,610
201300031025,13,8,13,1315,1,1,1,1,1,117,112,M,4843531,0002754,610
201300031026,13,8,16,1955,1,2,6,1,6,001,BRETAGNE (RUE DE),M,4843283,0006593,610
201300031027,13,9,10,740,2,2,6,1,3,001,L'ISLE x ROEDERER,M,4842734,0009061,610
201300031028,13,10,9,1725,1,2,2,1,3,001,DOCTEUR BAILLEUL (RUE DU,M,4842992,0009339,610
201300031029,13,10,21,1055,1,1,1,1,1,497,ROUTE MESNIL HATON,M,4845599,0010480,610
201300031030,13,10,21,1830,1,2,1,1,3,001,GENERAL LECLERC (AVENUE,M,4842153,0008949,610
201300031031,13,11,6,1518,1,2,1,1,6,001,PIERRE MAUGER,M,4841525,0009652,610
201300031032,13,11,13,1715,1,2,1,1,6,001,"12, J.F KENNEDY ( AVENUE",M,4841501,0009403,610
201300031033,13,11,19,1910,5,2,1,1,6,001,"143, REPUBLIQUE (BOULEVA",M,4841577,0008937,610
201300031034,13,11,23,1500,1,2,6,1,2,001,"1, MARTIN LUTHER KING (",M,4842840,0006441,610
201300031035,13,11,30,645,5,2,1,1,5,001,"14, SAINT BLAISE (RUE)",M,4843152,0009028,610
201300031036,13,12,5,1415,1,2,1,1,3,397,"49, FRESNAY (ROUTE DE)",M,4841674,0007550,610
201300031037,13,1,31,720,2,2,6,2,3,006,FORET NORMANDE (AVENUE D,M,4874129,-002138,610
201300031038,13,11,21,1745,5,2,1,2,2,006,FALAISE (ROUTE DE),M,4874879,-002803,610
201300031039,13,5,30,1350,1,1,1,2,2,006,SEES (ROUTE DE),M,4870813,-000371,610
201300031040,13,6,25,743,1,2,7,1,6,006,COUINAUD (PLACE DU DR),M,4874421,-001765,610
201300031041,13,9,9,1628,1,2,1,1,6,006,"24, PETITS FOSSES (RUE D",M,4874907,-001766,610
201300031042,13,11,8,1555,1,2,1,1,6,006,"2, DUGUE (PLACE ROBERT)",M,4874494,-001532,610
201300031043,13,12,11,1150,1,2,3,1,6,006,BEREGOVOY (RUE PIERRE) C,M,4874928,-001412,610
201300031044,13,12,27,1710,2,2,2,1,2,169,MESSEI (RUE DE),M,4874396,-056017,610
201300031045,13,1,30,1705,1,2,3,1,3,169,"73, CHAUSSEE (RUE DE LA)",M,4874384,-056549,610
201300031046,13,3,22,1825,1,2,1,1,3,169,"16, GEROUDIERE (RUE DE L",M,4874251,-055606,610
201300031047,13,5,25,2305,5,2,2,1,3,169,"61, PAULETTE DUHALDE (PL",M,4874797,-057131,610
201300031048,13,6,26,1345,1,1,2,1,3,391,TRIGALE (LA),M,4876167,-054391,610
201300031049,13,7,12,1900,1,2,3,1,3,391,CHARLES DE GAULLE (AVENU,M,4876999,-057299,610
201300031050,13,7,24,1743,1,2,3,1,3,391,"203, HENRI VENIARD (RUE)",M,4875383,-056652,610
201300031051,13,11,20,2310,5,2,3,2,3,169,MESSEI (RUE DE),M,4874832,-056784,610
201300031052,13,12,9,1755,3,2,2,1,1,169,"63, CHAUSSEE (RUE DE LA)",M,4874482,-056695,610
201300031053,13,12,21,1210,1,2,1,1,6,169,"48, DOMFRONT (RUE DE)",M,4874691,-056983,610
201300031054,13,12,17,815,1,1,1,1,6,753,ATREBATES,,,,620
201300031055,13,12,28,325,3,1,1,2,6,744,ROND POINT DE SAINTE CAT,,,,620
201300031056,13,1,8,1905,5,2,7,1,2,753,SALENGRO ( AVENUE ROGER,,,,620
201300031057,13,1,2,2000,5,2,6,2,7,041,AVENUE JULES CATOIRE,,,,620
201300031058,13,1,24,1215,1,2,1,4,6,753,"52, RUE DU GENERAL BARBO",,,,620
201300031059,13,2,3,55,4,2,1,2,6,764,RD 950,,,,620
201300031060,13,2,3,110,3,1,1,2,6,744,D 917,,,,620
201300031061,13,1,12,1625,1,2,1,2,7,041,ROUTE DE BAPAUME,M,5027628,0278263,620
201300031062,13,2,8,2120,3,1,1,2,7,753,RD 919,,,,620
201300031063,13,2,8,1900,5,2,6,1,3,041,BESNIER (BD.GEORGES),M,5029425,0275732,620
201300031064,13,2,16,325,5,2,1,1,6,753,"12, RUE DU GENERAL BARBO",,,,620
201300031065,13,2,13,1215,1,2,1,1,6,041,"1, HEROS ( PLACE DES )",M,5029135,0277720,620
201300031066,13,3,4,945,1,1,6,1,2,744,RN 25,,,,620
201300031067,13,3,25,1545,1,1,1,1,2,753,RD 950,,,,620
201300031068,13,3,20,1815,1,2,3,1,3,041,"3, CAMBRAI (DE)",,,,620
201300031069,13,3,28,1220,1,2,1,1,4,041,"2 bis, RUE ABEL BERGAIGN",,,,620
201300031070,13,2,15,1455,1,2,3,1,6,041,"62, LOBBEDEZ ( AV. FERNA",,,,620
201300031071,13,3,28,1700,1,2,1,1,6,753,"4 BIS, RUE D' ESTIENNE C",,,,620
201300031072,13,4,24,1435,1,2,3,1,3,041,"0, COURBET (PLACE)",,,,620
201300031073,13,5,2,807,1,2,1,1,7,041,"0, RUE DE BERLIN",M,5028675,0279848,620
201300031074,13,5,7,30,3,1,1,2,6,753,RD 950,,,,620
201300031075,13,5,6,845,1,2,2,1,3,041,"0, LIBERTE ( BD DE LA )",M,5029687,0276566,620
201300031076,13,5,15,1900,1,2,2,1,3,041,"0, TEMPLE",,,,620
201300031077,13,5,11,1200,1,2,1,1,7,263,"0, MERMOZ(AVENUE JEAN)",,,,620
201300031078,13,5,15,1725,1,2,6,1,6,753,"4, RUE DU GENERAL BARBOT",,,,620
201300031079,13,5,21,2130,5,2,4,9,7,764,RD 950,M,5030555,0278411,620
201300031080,13,5,18,1750,1,2,3,1,3,041,FAIDHERBE ( BD ),,,,620
201300031081,13,6,3,1715,1,2,2,1,3,041,"47, BLD FAIDHERBE",,,,620
201300031082,13,5,29,1755,1,2,1,2,7,041,TURENNE ( DE ),,,,620
201300031083,13,6,8,1215,1,2,1,1,7,041,"0, COPERNIC",,,,620
201300031084,13,6,24,2325,5,2,1,1,7,764,LA PAIX (RUE),M,5030587,0279391,620
201300031085,13,7,13,2140,1,2,1,1,6,263,"1, RUE D' ARRAS",,,,620
201300031086,13,7,19,1150,1,1,3,1,1,753,"0, IMMERCOURT (AV. D')",,,,620
201300031087,13,7,25,1500,1,2,3,1,3,041,"0, LOBBEDEZ ( AV. FERNAN",,,,620
201300031088,13,7,18,1220,1,1,1,1,3,753,RD 950,,,,620
201300031089,13,8,4,1120,1,2,6,1,3,041,"0, DAMBRINE",,,,620
201300031090,13,8,24,15,5,2,1,1,6,041,MEAULENS,,,,620
201300031091,13,8,27,1,5,2,1,1,7,263,"29, CALMETTE(RUE ALBERT)",,,,620
201300031092,13,9,4,1200,1,2,1,1,6,041,LIBERTE ( BD DE LA ),,,,620
201300031093,13,9,10,950,1,2,1,7,6,041,"64, MEAULENS",M,5029531,0277166,620
201300031094,13,9,12,830,1,2,2,1,6,041,BLD DE STRASBOURG,,,,620
201300031095,13,9,16,1655,1,1,1,1,1,263,RN 25,,,,620
201300031096,13,9,24,1810,1,1,1,1,4,764,RD 917,M,5030809,0278324,620
201300031097,13,9,22,2110,5,1,1,1,2,764,RD 917,,,,620
201300031098,13,9,5,745,1,2,3,1,3,041,"0, CARNOT (BD)",M,5028737,0000000,620
201300031099,13,9,24,1125,1,2,1,1,3,004,PLANQUETTES ( DES ),,,,620
201300031100,13,9,29,1930,2,1,1,1,6,753,RD 950,,,,620
201300031101,13,10,5,440,5,2,1,1,7,744,"45, Chauss?e Brunehaut",,,,620
201300031102,13,10,21,1230,1,2,1,8,2,041,"17, CARNOT (BD)",,,,620
201300031103,13,11,17,1855,3,1,1,1,6,744,RD 937,,,,620
201300031104,13,12,1,1245,1,2,3,1,2,041,NOTRE DAME DE LORETTE,,,,620
201300031105,13,12,27,2140,5,2,1,2,6,041,"60, WINSTON CHURCHILL (A",,,,620
201300031106,13,1,19,1700,2,2,3,4,3,048,CD 183 E,,,,620
201300031107,13,1,31,1055,1,2,6,3,3,048,ROUTE DEPARTEMENTALE 183,,,,620
201300031108,13,2,9,2140,5,1,6,1,3,516,ROUTE NATIONALE 43,,,,620
201300031109,13,2,12,805,1,2,5,4,5,048,CD 183 E,,,,620
201300031110,13,2,17,625,2,1,1,5,6,516,ROUTE NATIONALE 43,,,,620
201300031111,13,3,3,855,1,2,1,1,2,328,"10, BRUNEHAUT (CHAUSSEE)",,,,620
201300031112,13,3,10,1410,1,2,1,1,6,048,ROUTE DEPARTEMENTALE 183,,,,620
201300031113,13,3,8,1900,5,1,6,2,3,516,ROUTE NATIONALE 43,,,,620
201300031114,13,3,23,1030,1,1,3,1,3,516,ROUTE NATIONALE 43,,,,620
201300031115,13,4,5,1040,1,2,2,1,3,217,NATIONALE (ROUTE),M,5050807,0243950,620
201300031116,13,5,6,950,1,2,1,1,6,048,"140, LAMENDIN (ARTHUR)",,,,620
201300031117,13,4,12,1420,1,1,1,6,6,516,ROUTE NATIONALE 43,,,,620
201300031118,13,6,7,1755,1,2,1,1,6,188,LILLERS (DE),,,,620
201300031119,13,6,19,810,1,1,1,1,3,516,ROUTE NATIONALE 43,,,,620
201300031120,13,6,12,1410,1,1,3,1,3,516,ROUTE NATIONALE 43,M,5056707,0249445,620
201300031121,13,8,4,1845,1,1,1,1,5,188,ROUTE DEPARTEMENTALE 183,M,5052188,0264638,620
201300031122,13,11,3,1140,1,2,1,2,1,328,"8, 19 MARS 1962",,,,620
201300031123,13,11,14,1740,5,2,3,2,3,048,EGALITE (DE L'),,,,620
201300031124,13,11,16,800,5,1,6,5,6,516,ROUTE NATIONALE 43,,,,620
201300031125,13,10,18,630,2,2,3,2,6,048,"166, BEUGNET (CASIMIR)",,,,620
201300031126,13,12,16,1420,1,2,1,1,2,516,PARIS ( Bld) DE,M,5054633,0247135,620
201300031127,13,12,15,1140,1,2,1,1,2,188,"76, HURIONVILLE (D')",,,,620
201300031128,13,12,24,1345,1,1,1,3,1,048,CD 183 E,,,,620
201300031129,13,8,18,25,5,2,4,1,6,516,DE LATTRE DE TASSIGNY,,,,620
201300031130,13,10,9,2125,3,1,1,1,3,516,"1, ROUTE NATIONALE 43",,,,620
201300031131,13,1,15,1820,3,1,1,8,3,724,CD 40,,,,620
201300031132,13,3,6,1820,2,2,1,1,7,065,"21, GHESQUIERES",,,,620
201300031133,13,3,8,1020,1,1,1,8,2,065,RD 917,,,,620
201300031134,13,4,2,1300,1,2,3,1,3,065,"0, EPARGES",M,5040631,0282089,620
201300031135,13,4,3,1500,1,2,1,1,7,277,"217, ARRAS",,,,620
201300031136,13,4,23,2200,5,2,1,1,2,065,LEFEBVRE (FRANCOIS),,,,620
201300031137,13,5,22,950,1,2,2,1,6,065,"41, BOVE ALEXANDRE",M,5041236,0283588,620
201300031138,13,5,26,845,1,2,6,1,3,724,CD 40,,,,620
201300031139,13,6,2,2130,1,2,4,1,7,570,"2, BULTOT (PAUL)",,,,620
201300031140,13,6,4,1140,1,2,2,1,5,065,"000, THUMERELLE ACHILLE",M,5040943,0281901,620
201300031141,13,6,23,1625,1,2,1,1,3,065,"82, PERI (GABRIEL BD)",,,,620
201300031142,13,7,9,1400,1,2,1,1,2,065,"179, MARTEL HENRI (BOULE",,,,620
201300031143,13,7,4,1720,1,2,6,1,3,277,ARRAS,,,,620
201300031144,13,7,21,940,1,2,1,1,2,570,"63, ROBESPIERRE",,,,620
201300031145,13,8,5,1900,1,1,1,1,3,065,GHESQUIERES,M,5040352,0280597,620
201300031146,13,8,14,1615,1,2,1,1,3,065,"9, FRANCE (BOULEVARD ANA",,,,620
201300031147,13,8,30,1000,1,2,6,1,3,065,BARBUSSE ( ROND POINT HE,,,,620
201300031148,13,9,26,1745,2,2,1,1,1,570,D 262,M,5040657,0286738,620
201300031149,13,10,15,1735,1,2,1,1,6,065,"72, VERDUN(BD)",,,,620
201300031150,13,10,31,930,1,2,1,7,1,570,"00, FLOHA (AVENUE DE )",,,,620
201300031151,13,11,9,1500,1,2,2,2,5,065,THUMERELLE ACHILLE,M,5040936,0281894,620
201300031152,13,11,13,1005,1,2,3,1,3,570,PASTEUR,,,,620
201300031153,13,11,16,150,5,2,3,5,7,570,"1, MOUSSERON (JULES)",,,,620
201300031154,13,12,5,800,2,2,1,9,6,570,"2, FUSILLES",M,5040288,0286042,620
201300031155,13,12,9,1740,5,2,2,1,5,570,CD 40,,,,620
201300031156,13,12,9,1250,1,2,2,1,3,724,D 46,,,,620
201300031157,13,12,29,1825,5,2,1,1,6,724,"12, MOULIN",,,,620
201300031158,13,2,9,1030,1,2,1,1,6,108,"49, IMPERATRICE",,,,620
201300031159,13,6,3,900,1,2,1,1,7,688,MERLIMONT (ROUTE DE),,,,620
201300031160,13,4,21,1115,1,2,2,1,3,108,"0, DOCTEUR QUETTIER",,,,620
201300031161,13,5,26,850,1,2,3,1,7,108,"137, IMPERATRICE",,,,620
201300031162,13,7,7,1100,1,2,2,1,3,688,"2629, BERCK (ROUTE DE)",,,,620
201300031163,13,6,17,800,2,2,3,2,3,108,DOCTEUR JOSEPH FOUCHET,M,5041258,0156784,620
201300031164,13,7,23,1115,1,2,2,1,6,108,SAINT EXUPERY,M,5040252,0155921,620
201300031165,13,12,9,1710,2,2,1,1,6,108,"54, IMPERATRICE",,,,620
201300031166,13,12,22,220,5,2,6,2,3,119,POINCARE   ( BOULEVARD R,,,,620
201300031167,13,1,26,605,2,2,1,4,6,126,"13, HAUTE ( RUE )",M,5052707,0272096,620
201300031168,13,1,31,2240,5,1,6,1,7,276,cd 941,M,5052210,0283319,620
201300031169,13,2,22,1600,1,1,6,4,7,836,D 86,,,,620
201300031170,13,3,15,1510,1,2,3,1,7,119,BERTHELOT ( RUE MARCELLI,M,5052994,0264483,620
201300031171,13,3,24,255,5,2,1,1,7,119,"54, MOLLET ( RUE GUY )",,,,620
201300031172,13,3,30,2340,5,2,1,1,6,132,"100, DE GAULLE ( RUE DU",,,,620
201300031173,13,4,19,1825,1,2,6,1,3,119,PEPIN (IMPASSE),M,5053925,0262787,620
201300031174,13,5,24,2205,5,2,1,8,6,126,"30, route nationale",,,,620
201300031175,13,6,1,1310,1,1,1,1,3,626,ANNEQUIN ( ROUTE D' ),M,5049743,0272930,620
201300031176,13,6,1,1130,1,2,1,1,1,330,"1080, GRANDE RUE ( LA )",,,,620
201300031177,13,6,1,1715,1,1,1,1,3,349,GRARD ( RUE ),M,5051896,0259503,620
201300031178,13,6,15,420,2,2,1,1,7,262,BASLY ( RUE ),,,,620
201300031179,13,7,5,1020,1,1,6,1,3,350,941(CD),,,,620
201300031180,13,7,11,2000,1,2,2,1,6,119,EGALITE ( RUE DE L' ),,,,620