Num_Acc,an,mois,jour,hrmn,lum,agg,int,atm,col,com,adr,gps,lat,long,dep
201300031181,13,7,15,1245,1,2,1,1,6,119,PONT DES DAMES ( AVENUE,,,,620
201300031182,13,7,24,1400,1,2,1,1,6,132,"6, DE GAULLE ( RUE DU GE",,,,620
201300031183,13,7,30,1435,1,2,1,2,2,119,"547, AIRE ( RUE D' )",,,,620
201300031184,13,7,29,1920,1,2,1,8,6,262,BASLY ( RUE ),,,,620
201300031185,13,8,19,1018,1,2,1,1,6,119,"612, JUIN ( RUE DU MAREC",,,,620
201300031186,13,8,14,1510,1,2,1,1,3,035,SALENGRO ( RUE ROGER ),,,,620
201300031187,13,9,7,240,5,2,9,1,6,119,LILLE ( RUE DE ),,,,620
201300031188,13,9,16,355,3,1,1,1,6,276,DULIEUX ( RUE DU CAPITAI,,,,620
201300031189,13,9,30,1815,1,2,3,1,4,119,MICHELET ( RUE ),,,,620
201300031190,13,9,30,1255,1,2,2,1,6,119,HUGO ( RUE VICTOR ),,,,620
201300031191,13,9,13,640,2,2,1,1,6,848,"79, DESMAZIERES",,,,620
201300031192,13,9,29,1800,1,2,1,1,6,200,"10, CD 941",,,,620
201300031193,13,10,14,1615,1,2,1,1,3,126,BRIAND ( RUE ARISTIDE ),,,,620
201300031194,13,10,19,1910,3,1,1,2,1,119,CD 943,,,,620
201300031195,13,10,16,1825,5,2,1,1,3,262,FRANCE ( RUE ANATOLE ),,,,620
201300031196,13,10,22,800,1,1,1,1,3,846,CD 165,,,,620
201300031197,13,11,10,1615,1,2,1,8,6,119,"624, POINCARE   ( BOULEV",,,,620
201300031198,13,11,23,2120,5,2,9,1,7,051,HUMBLOT IGNACE ( RUE ),,,,620
201300031199,13,12,19,1000,1,2,1,1,6,126,LECLERC ( RUE DU GENERAL,M,5051428,0269307,620
201300031200,13,12,28,1645,1,2,1,1,3,841,"84, MENDES FRANCE ( RUE",,,,620
201300031201,13,3,3,1000,1,2,1,1,1,119,PARIS ( AVENUE DE ),,,,620
201300031202,13,1,11,1435,1,2,1,1,7,160,"39, CLOCHEVILLE (Bld de)",M,5072800,0160775,620
201300031203,13,2,6,1815,5,2,1,3,3,755,"50, CROQUELOIS ( Av. du",M,5068788,0162596,620
201300031204,13,2,10,540,3,1,6,1,6,894,C.D. 96e,M,5074864,0162729,620
201300031205,13,2,26,920,1,2,1,1,6,758,"320, SAINT OMER ( Route",,,,620
201300031206,13,3,2,1242,1,2,2,1,3,160,FAIDHERBE (Rue),,,,620
201300031207,13,3,9,2015,5,2,3,1,3,160,CHEMIN VERT (Rue du),M,5073319,0160243,620
201300031208,13,3,20,1730,1,2,1,1,6,643,"10, INDUSTRIEL ( Bld)",,,,620
201300031209,13,5,6,1200,1,2,1,1,6,160,"20, CHEMIN VERT (Rue du)",M,5073430,0160508,620
201300031210,13,5,12,1845,1,2,3,2,6,160,"31, EURVIN (Bld)",,,,620
201300031211,13,5,1,2300,5,2,1,1,1,667,GOURNAY ( Rue Jean-Bapti,,,,620
201300031212,13,6,2,1810,1,2,1,1,6,160,CHEMIN VERT (Rue du),,,,620
201300031213,13,6,17,2315,5,2,1,1,6,893,"face  107, MITTERRAND (",,,,620
201300031214,13,6,23,245,3,2,1,3,6,893,C.D. 940,,,,620
201300031215,13,6,25,1145,1,2,1,1,6,160,"2bis, PAIX (Rue de la)",,,,620
201300031216,13,6,23,220,5,2,1,3,7,160,"100, SAINTE BEUVE (Bld)",,,,620
201300031217,13,7,10,1740,1,2,1,1,6,160,"12, PIPOTS (Rue des)",M,5072238,0160768,620
201300031218,13,7,15,30,5,2,3,1,3,160,AIGLON (Rue de l'),,,,620
201300031219,13,7,17,2310,5,2,2,1,3,758,SAINT OMER ( Route de ),M,5072611,0163821,620
201300031220,13,7,9,1315,1,2,1,1,6,160,"1, DE GAULLE (Ave Charle",,,,620
201300031221,13,7,27,2030,5,2,6,3,6,160,"02, PORTE NEUVE (Rue )",,,,620
201300031222,13,8,4,2130,1,2,3,1,6,160,"0, KENNEDY (Ave. John)",M,5071286,0161403,620
201300031223,13,8,11,1205,1,2,1,1,1,893,"3, SAINT SAENS ( Rue Cam",,,,620
201300031224,13,9,9,1330,1,2,3,8,6,643,"48, CLERC ( Rue du Profe",,,,620
201300031225,13,9,18,1530,1,2,1,1,6,643,INDUSTRIEL ( Bld),,,,620
201300031226,13,9,29,2035,5,2,4,1,3,643,LIBERTE ( Bld de la ),,,,620
201300031227,13,9,30,1740,1,2,1,1,2,160,"98, GAMBETTA (Quai L?on)",,,,620
201300031228,13,10,6,1550,1,2,1,1,5,160,"79, MARIETTE (Bld August",,,,620
201300031229,13,10,13,745,2,2,3,8,6,758,CROIX ABOT ( Rue ),M,5072194,0164634,620
201300031230,13,10,13,1915,1,2,9,1,3,667,"16, LOTI ( R?s. Pierre )",,,,620
201300031231,13,10,14,815,2,2,3,2,6,160,"197, NATIONALE (Rue)",,,,620
201300031232,13,11,27,1750,5,2,1,1,6,160,"1, VOLTAIRE (Bld)",,,,620
201300031233,13,11,26,750,2,2,1,2,6,758,DESVRES ( Rue de ),,,,620
201300031234,13,12,19,2135,5,2,1,1,1,160,"145, DE GAULLE (Ave Char",,,,620
201300031235,13,12,29,1520,1,2,1,1,3,758,CHAUDIERE ( Rue de la ),,,,620
201300031236,13,1,2,2140,5,2,2,2,3,270,BODELOT (RUE ACHILLE),M,5046996,0250968,620
201300031237,13,2,12,115,3,2,1,4,6,445,"0, REPUBLIQUE ( DE LA )",,,,620
201300031238,13,3,27,1200,1,2,2,1,3,270,DESNOS (RUE),,,,620
201300031239,13,4,6,800,1,1,1,1,3,270,CD 301,,,,620
201300031240,13,4,17,1725,1,2,3,1,3,400,PREMIER MAI ( DU ),,,,620
201300031241,13,4,26,1200,1,2,6,1,7,178,LUMIERES (FRERES),,,,620
201300031242,13,7,14,1800,1,2,1,1,6,178,"326, MARMOTTAN ( JULES )",,,,620
201300031243,13,9,3,1545,1,2,1,1,1,178,CHAMPAGNE,,,,620
201300031244,13,9,2,1225,1,2,3,1,3,178,DUSSART ( LOUIS ),,,,620
201300031245,13,9,9,1015,1,2,6,1,3,178,DESCAMPS ( PAUL ),M,5048427,0256689,620
201300031246,13,9,17,1640,1,2,1,3,6,178,"363, FESTEUX ( DES )",M,5048922,0254409,620
201300031247,13,10,3,1935,5,2,3,1,3,457,", BRUAY (ROUTE DE)",M,5046640,0254207,620
201300031248,13,10,18,730,5,2,1,5,6,445,"7, QUATRE SEPTEMBRE ( DU",,,,620
201300031249,13,11,23,1830,3,2,1,1,1,270,ALLENDE (RUE SALVATOR),,,,620
201300031250,13,12,30,1845,5,2,1,8,4,457,"953, BRUAY (ROUTE DE)",,,,620
201300031251,13,1,18,1755,5,2,1,1,6,193,TOUL (RUE DE),,,,620
201300031252,13,2,6,1725,1,2,3,1,5,193,HUYGHES (RUE A.),,,,620
201300031253,13,2,14,715,5,2,1,1,6,548,avenue de Calais,,,,620
201300031254,13,2,19,2315,3,1,1,1,3,244,SAINT-OMER (ROUTE DE),M,5091663,0191721,620
201300031255,13,2,19,1410,1,2,1,1,6,193,"123, FONTINETTES (RUE DE",M,5094246,0185028,620
201300031256,13,3,9,1015,1,2,1,2,6,193,VERT (CHEMIN),,,,620
201300031257,13,3,13,2145,5,2,2,1,3,193,QUATRE COINS (RUE DES),,,,620
201300031258,13,3,29,2040,5,2,1,1,2,193,"16, CURIE (BOULEVARD)",M,5093982,0185881,620
201300031259,13,3,28,815,1,2,3,1,2,193,"0, COUBERTIN (AVENUE PIE",M,5095336,0183862,620
201300031260,13,4,1,2020,3,1,6,1,6,193,rond point de la rivi?re,,,,620
201300031261,13,4,17,1250,1,1,1,1,1,193,DEPARTEMENTALE 943,,,,620
201300031262,13,4,26,832,1,2,2,1,3,193,ONZE NOVEMBRE (RUE DU),,,,620
201300031263,13,5,2,1210,1,2,2,1,3,193,TOUL (RUE DE),,,,620
201300031264,13,5,4,1100,1,2,3,1,7,193,CHAROST,,,,620
201300031265,13,5,9,1840,1,1,3,1,3,548,CD 119,,,,620
201300031266,13,5,10,1825,1,2,2,1,3,193,ROYALE,M,5095715,0184943,620
201300031267,13,6,18,1635,1,1,1,1,6,548,Rue du Ventu d'Alembon,,,,620
201300031268,13,7,6,1615,1,2,1,1,6,193,GASTON BERTHE (DIGUE),,,,620
201300031269,13,7,9,1245,1,2,1,1,2,193,GAMBETTA (BOULEVARD),M,5094760,0185329,620
201300031270,13,7,10,1910,1,2,1,1,6,193,"72, JACQUARD (BOULEVARD)",,,,620
201300031271,13,7,25,1820,1,2,9,1,6,193,Pont Georges V,,,,620
201300031272,13,7,30,1545,1,1,1,2,1,548,FRANCOIS MITTERAND,M,5095614,0198606,620
201300031273,13,8,3,910,1,2,2,1,2,244,REGNIERS (CHEMIN DES),M,5092894,0186253,620
201300031274,13,8,23,1540,1,1,2,1,3,193,CHEVREUL,,,,620
201300031275,13,9,5,1540,1,2,2,1,6,193,LOUIS BLERIOT (AVENUE),,,,620
201300031276,13,9,14,1830,2,2,4,1,3,193,WAROCQUIER (RUE CL.),,,,620
201300031277,13,10,7,715,5,2,1,1,6,193,GAMBETTA (BOULEVARD),,,,620
201300031278,13,9,19,840,1,2,1,1,6,193,LAFAYETTE (BOULEVARD),,,,620
201300031279,13,10,19,1425,1,2,2,2,6,193,GERSCHEL (RUE A.),,,,620
201300031280,13,11,8,2145,5,2,2,2,3,193,JEAN DE VIENNE,,,,620
201300031281,13,10,5,2330,5,2,3,1,3,193,EGALITE (BOULEVARD DE L',,,,620
201300031282,13,12,10,730,2,2,1,1,6,193,DORET (RUE M.),,,,620
201300031283,13,12,12,1715,5,2,1,1,3,548,"954, avenue de Calais",,,,620
201300031284,13,12,20,1220,1,2,3,1,6,193,", REGNIERS (CHEMIN DES)",M,5093204,0185638,620
201300031285,13,12,26,1330,1,2,2,1,6,193,FOUR A CHAUX (RUE DU),,,,620
201300031286,13,1,18,1920,3,1,3,4,3,033,"sans, RD917",,,,620
201300031287,13,1,12,1915,5,2,1,8,6,413,FUSILLES (R DES),,,,620
201300031288,13,2,6,1210,1,2,1,1,2,637,"76, FUSILLES (R DES 80)",M,5047071,0298397,620
201300031289,13,3,9,1120,1,2,3,1,3,215,"sans, POSTES (CHEMIN  DE",,,,620
201300031290,13,2,6,1420,1,2,1,1,3,215,"10, TERRIL (CHE. DU)",M,5049012,0297655,620
201300031291,13,3,29,2115,5,2,3,1,3,250,"sans, BRIAND (R ARISTIDE",,,,620
201300031292,13,4,5,1145,1,2,1,1,3,215,"sans, RD 160",,,,620
201300031293,13,4,7,2320,5,2,1,1,6,033,"67, POTIER (R RAYMOND)",,,,620
201300031294,13,4,13,1435,1,2,1,2,3,250,"SANS, BRIQUET (R RAOUL )",M,5044663,0294401,620
201300031295,13,4,9,1620,1,2,1,1,1,907,"sans, OIGNIES (RTE D')",M,5047938,0296636,620
201300031296,13,4,25,1140,1,2,3,1,6,413,"sans, BARBUSSE (AV.)",,,,620
201300031297,13,5,3,1620,1,2,1,1,4,215,"152, PRESSENCE  (R FRANC",,,,620
201300031298,13,5,7,1810,1,2,1,1,3,215,"24, ALLENDE (R SALVADOR)",,,,620
201300031299,13,6,4,2200,5,2,1,1,1,215,"73, HUGO (R VICTOR )",,,,620
201300031300,13,6,8,635,1,2,1,1,1,637,"158, BASLY (R EMILE)",,,,620
201300031301,13,6,9,545,5,2,1,1,6,637,"97, FUSILLES (R DES 80)",,,,620
201300031302,13,5,18,1925,1,1,6,1,3,215,"0, RD925",M,5050594,0297146,620
201300031303,13,5,19,150,5,2,1,1,7,215,"241, FOCH (R DU MARECHAL",,,,620
201300031304,13,6,14,1920,1,1,1,1,7,215,"sans, RD917",,,,620
201300031305,13,7,7,540,2,2,1,1,6,413,"SANS, MARQUOIS (CHE. DE)",,,,620
201300031306,13,6,27,1430,1,1,1,1,3,413,"SANS, ZI (LA MOTTE AU BO",M,5046538,0290503,620
201300031307,13,6,28,1825,1,2,1,2,6,215,"45, QUINET (R CYPRIEN)",,,,620
201300031308,13,7,23,320,5,2,2,1,3,413,SAULES (AV. DES),,,,620
201300031309,13,8,3,300,5,2,1,1,6,033,"96, POTIER (R RAYMOND)",M,5045867,0286332,620
201300031310,13,8,1,810,1,2,2,1,3,250,"sans, FUSILLES (R DES)",,,,620
201300031311,13,8,19,1715,1,1,1,1,5,907,"SANS, D917",M,5048488,0298255,620
201300031312,13,8,31,1550,1,1,1,1,2,215,"SANS, OIGNIES (RTE D')",M,5047363,0297852,620
201300031313,13,8,20,1840,1,2,1,1,6,637,"31, JAURES (R JEAN)",,,,620
201300031314,13,8,24,1215,1,2,1,3,1,215,"104, PROVIN (RTE DE)",,,,620
201300031315,13,8,26,1540,1,2,2,1,6,033,"SANS, ROLLE (R KLEBER)",,,,620
201300031316,13,9,7,2315,5,2,5,1,3,637,"SANS, ZOLA (R EMILE)",,,,620
201300031317,13,11,15,1400,1,1,1,1,3,215,"SANS, RD917",,,,620
201300031318,13,11,15,1615,1,2,1,1,3,250,"83, LAMENDIN (R ARTHUR)",,,,620
201300031319,13,12,7,1000,1,2,4,1,6,907,"SANS, SCHUMANN (BD )",,,,620
201300031320,13,12,14,1300,1,2,6,1,3,215,"SANS, QUINET (R CYPRIEN)",,,,620
201300031321,13,1,2,1035,1,2,2,1,3,133,"0, ANGOULEME (R D')",,,,620
201300031322,13,11,16,1610,1,1,1,1,6,427,"0, BORD DES EAUX (CHE. D",,,,620
201300031323,13,3,17,1915,2,2,2,8,3,133,"0, BARBUSSE (R HENRI )",M,5041224,0291176,620
201300031324,13,5,19,1630,1,2,1,1,6,133,"72, MURET (R DE)",,,,620
201300031325,13,5,24,1530,1,2,2,2,3,249,PRESSENCE (R FRANCIS DE),M,5041569,0301725,620
201300031326,13,5,23,1150,1,2,1,1,6,427,ABBAYE (R DE L' ),,,,620
201300031327,13,6,15,2250,5,2,9,1,3,497,BLUM (R LEON),,,,620
201300031328,13,6,17,1730,1,2,2,1,6,427,"22, DELRUE (BD DES FRERE",,,,620
201300031329,13,6,23,2050,1,1,1,1,6,427,FOUR A COKE (R DU),,,,620
201300031330,13,6,26,1740,1,2,6,1,6,427,"211, AYLE (R ROBERT)",,,,620
201300031331,13,7,10,1745,1,2,1,1,3,427,MOULIN (BD JEAN),,,,620
201300031332,13,7,14,1900,1,1,2,1,3,587,", CHEMIN DEPARTEMENTAL",,,,620
201300031333,13,8,13,2155,3,2,1,1,2,624,REPUBLIQUE (AVE DE LA ),,,,620
201300031334,13,8,25,2110,5,2,1,1,6,587,"10, SALENGRO (R ROGER)",,,,620
201300031335,13,9,20,1040,1,2,1,1,3,587,"., NORMANDIE NIEMEN  (AV",,,,620
201300031336,13,8,9,825,1,1,3,1,3,274,"0, RD 161",M,5043682,0297835,620
201300031337,13,10,15,800,2,2,1,8,6,587,"55, HARNES (RTE D')",,,,620
201300031338,13,10,31,1550,1,1,2,1,3,427,"0, DELRUE (BD DES FRERES",,,,620
201300031339,13,10,11,1610,1,1,9,1,3,624,"0, CENTRE COMMERCIAL AUC",M,5041152,0297911,620
201300031340,13,11,29,1920,5,1,3,1,3,249,FERRY (R JULES),,,,620
201300031341,13,12,12,1510,1,2,1,1,6,427,"134, JUIN (BVD DU MAL)",,,,620
201300031342,13,12,17,1715,1,2,1,1,6,427,"358, CASSIN (R RENE)",,,,620
201300031343,13,12,21,1125,1,2,1,1,6,497,"41, PRESSENCE (R FRANCIS",,,,620
201300031344,13,1,5,1630,2,1,1,2,6,573,"SANS, MIRABEAU (R)",M,5048652,0289509,620
201300031345,13,1,5,2020,5,2,1,1,6,895,"90, MEURCHIN (R DE)",M,5049704,0286766,620
201300031346,13,1,2,825,2,2,1,1,3,771,"47, LAMENDIN (R ARTHUR)",,,,620
201300031347,13,1,7,1225,1,2,1,1,6,498,"91, BLUM (R LEON)",M,5043916,0279599,620
201300031348,13,1,7,1135,1,2,1,8,6,771,"70, VAILLANT (R EDOUARD)",M,5041976,0287310,620
201300031349,13,12,5,825,1,2,1,1,2,771,"sans, DARRAS (R CONSTANT",,,,620
201300031350,13,1,31,920,1,2,3,1,7,498,"SANS, BASLY (BD EMILE)",,,,620
201300031351,13,2,2,1845,5,2,1,1,6,573,"1, BASLY (R EMILE)",M,5049668,0289103,620
201300031352,13,1,30,720,5,2,1,1,3,498,"498, ARRAS (RTE  D')",,,,620
201300031353,13,2,27,1650,1,2,1,1,3,842,"0, GRISON (R JEAN BAPTIS",,,,620
201300031354,13,2,18,1915,3,1,3,1,3,464,"sans, SALENGRO (R ROGER)",M,5047267,0281202,620
201300031355,13,2,28,1710,1,2,1,1,3,498,"234, BETHUNE (RTE DE)",M,5043757,0281330,620
201300031356,13,11,10,2210,5,1,1,2,2,842,RN 47,,,,620
201300031357,13,3,17,1435,1,2,1,1,6,498,"285, LONDRES (R DE)",,,,620
201300031358,13,3,25,930,1,2,2,1,6,498,"258, LILLE (RTE DE)  RN",,,,620
201300031359,13,4,8,1215,1,2,1,1,6,498,"SANS, BROSSOLETTE (R PIE",,,,620
201300031360,13,4,18,930,1,2,2,1,3,498,"sans, BLUM (R LEON)",M,5044261,0280252,620
201300031361,13,4,20,1900,1,2,1,9,6,498,6SENLIS (R DE),,,,620
201300031362,13,5,17,1850,1,2,3,1,3,628,SCHAFFNER (R DU DOCTEUR),,,,620
201300031363,13,5,18,2130,1,2,2,1,1,498,"sans, OEILLETS (R DES)",,,,620
201300031364,13,5,4,1700,1,2,4,1,3,498,"SANS, SOUVRAZ (R JEAN)",M,5043776,0282135,620
201300031365,13,6,17,1640,1,2,1,1,2,842,"SANS, SAINT NAZAIRE N? 1",M,5046026,0284982,620
201300031366,13,6,12,1740,1,2,1,1,6,771,"80, BEUGNET (R CASIMIR)",,,,620
201300031367,13,7,6,1215,1,2,3,1,3,842,"SANS, MANOT (CHE)",,,,620
201300031368,13,7,9,915,1,2,2,1,3,523,LILLE (RTE DE),,,,620
201300031369,13,7,15,1840,1,2,1,1,1,771,"50, BEUGNET (R CASIMIR)",M,5041979,0287858,620
201300031370,13,7,8,1650,1,2,3,1,6,842,NOBEL (R ALFRED),,,,620
201300031371,13,7,6,1130,1,2,1,1,6,498,QUATRE SEPTEMBRE (AV. DU,,,,620
201300031372,13,7,21,2155,2,2,1,1,6,842,"83, HUIT MAI (R DU)",,,,620
201300031373,13,8,8,1800,1,2,1,1,6,771,"83, LAMENDIN (R ARTHUR)",,,,620
201300031374,13,8,12,1725,1,2,3,1,3,771,"130, BEUGNET (R CASIMIR)",,,,620
201300031375,13,8,5,2135,2,2,1,1,6,498,"0, LOISON (RTE DE)",,,,620
201300031376,13,8,24,145,5,2,1,1,6,523,"21, HARNES (RTE D')",,,,620
201300031377,13,9,3,1550,1,2,1,1,3,498,"sans, ALAIN (R)",,,,620
201300031378,13,9,3,1440,1,2,2,1,3,498,"235, LILLE (RTE DE)  RN",,,,620
201300031379,13,9,8,615,1,2,1,1,2,498,"171, BLUM (R LEON)",,,,620
201300031380,13,9,22,1240,1,2,1,1,6,498,"30, QUATRE SEPTEMBRE (AV",,,,620
201300031381,13,9,24,1100,1,2,1,1,6,498,"11, ELUARD (R PAUL)",,,,620
201300031382,13,9,28,1650,1,2,1,1,1,498,"1, LOISON (RTE DE)",,,,620
201300031383,13,10,3,1600,1,2,1,2,6,498,"280, LILLE (RTE DE)  RN",M,5043638,0284074,620
201300031384,13,10,10,1435,1,2,1,3,6,498,"49, ARRAS (RTE  D')",,,,620
201300031385,13,10,20,1600,1,2,1,1,2,842,"45, VAILLANT (R EDOUARD",,,,620
201300031386,13,10,22,1445,1,2,1,1,6,498,"96, BASLY (BD EMILE)",,,,620
201300031387,13,10,12,1100,1,2,2,1,3,771,BEUGNET (R CASIMIR),,,,620
201300031388,13,11,8,1010,1,2,1,1,6,498,"10, SCHUMANN (R ROBERT)",,,,620
201300031389,13,11,19,1745,2,2,1,1,6,498,SCHUMANN (R ROBERT),,,,620
201300031390,13,12,5,845,1,2,1,1,6,498,"18, ARC (JEANNE D')",,,,620
201300031391,13,12,14,520,5,1,1,2,6,842,RN 47,M,5046237,0283077,620
201300031392,13,12,18,1910,5,2,1,1,6,498,"137, BERT (R PAUL)",M,5043326,0279666,620
201300031393,13,11,25,1345,1,2,1,1,3,498,"32, JAURES (PL. JEAN)",,,,620
201300031394,13,10,24,700,3,1,1,5,2,895,"SANS, DEPARTEMENTALE 165",,,,620
201300031395,13,12,10,1040,1,2,1,7,6,895,"14, LAGRANGE (R LEO)",,,,620
201300031396,13,8,30,1055,1,2,1,1,3,771,"., LAMENDIN (R ARTHUR)",,,,620
201300031397,13,12,29,2130,2,2,1,1,3,510,"., MARQUAGE (CHE DU)",,,,620
201300031398,13,11,8,945,1,2,1,1,7,510,"., LEMAIRE (R FLORIMONT",,,,620
201300031399,13,1,31,1420,1,2,1,1,1,528,"., SUPERVIELLE (R )",,,,620
201300031400,13,2,10,400,5,2,1,9,6,510,"., MITTERAND (AV FRANCOI",,,,620
201300031401,13,2,8,1645,1,2,1,1,7,528,"., TCHAD (R DU)",,,,620
201300031402,13,2,10,1840,5,2,1,4,6,510,"., TASSIGNY (R DU MAL. D",,,,620
201300031403,13,2,19,2015,5,1,1,1,3,510,", CD 58",,,,620
201300031404,13,2,24,1340,1,2,1,9,6,510,", FAIDHERBE (R )",,,,620
201300031405,13,3,4,1730,1,1,1,1,3,563,"., DUMAS (R ALEXANDRE)",,,,620
201300031406,13,4,2,1000,1,2,1,1,2,510,"., JAURES (AV JEAN )",,,,620
201300031407,13,4,8,1700,1,2,1,1,3,563,"., LAMENDIN (BD ARTHUR)",,,,620
201300031408,13,4,28,1645,1,2,1,1,7,386,"., BEAUCAMP (R FRANCOIS)",,,,620
201300031409,13,4,21,2050,2,2,1,1,3,186,"., ALSACE (BD D')",,,,620
201300031410,13,5,16,1910,1,2,1,1,6,386,"., BEUGNET (R CASIMIR)",,,,620
201300031411,13,6,8,528,1,2,1,1,6,019,"., ARRAS (R D')",,,,620
201300031412,13,5,24,1645,1,2,1,1,5,510,"., DUSSOUICH (R)",,,,620
201300031413,13,6,1,1940,1,1,1,1,3,186,"., VOLTAIRE (R )",,,,620
201300031414,13,6,14,1215,1,1,1,1,7,510,"., LECLERC (AV. DU MAREC",,,,620
201300031415,13,6,27,2115,2,1,1,1,6,510,"., CHAMPS (R DES JOLIS)",M,5042411,0274305,620
201300031416,13,7,2,1615,1,2,1,1,6,510,"146, SCHAFFNER (R ERNEST",,,,620
201300031417,13,7,8,830,1,2,1,1,3,510,"., DUTEMPLE (R )",,,,620
201300031418,13,7,30,2100,1,1,1,1,3,510,"., CD58",,,,620
201300031419,13,8,8,1430,1,2,1,1,1,563,JAURES (R JEAN),,,,620
201300031420,13,9,6,1135,1,1,1,1,7,186,"., BEUGNET (R CASIMIR)",,,,620
201300031421,13,9,12,1115,1,2,1,1,3,528,ROUSSEL (R JEAN BAPTISTE,,,,620
201300031422,13,9,23,930,1,1,1,1,1,019,"., ARRAS (R D')",,,,620
201300031423,13,9,23,2000,2,2,1,1,1,528,"., COUTURIER (R PAUL VAI",,,,620
201300031424,13,9,11,1915,1,2,1,1,6,510,"161, DELEBECQUE (R GERMA",,,,620
201300031425,13,10,2,10,5,2,1,1,7,528,"., BETHUNE (RTE DE)",,,,620
201300031426,13,10,7,2130,5,2,1,1,3,186,"., VOLTAIRE (R )",,,,620
201300031427,13,9,1,2105,2,2,1,1,3,528,"., BETHUNE (RTE DE)",,,,620
201300031428,13,10,24,1330,1,2,1,1,3,528,"., HOCHE (R LAZARE)",,,,620
201300031429,13,10,28,2000,2,2,1,2,7,510,"., MARQUAGE (CHE DU)",,,,620
201300031430,13,10,30,1450,1,2,1,1,3,186,"., EGALITE (R DE L')",,,,620
201300031431,13,10,21,1805,2,2,1,1,7,510,"., DELEBECQUE (R GERMAIN",,,,620
201300031432,13,11,23,1315,1,2,1,1,3,528,"., BETHUNE (RTE DE)",,,,620
201300031433,13,11,23,1030,1,2,1,1,3,019,"., BULLY (R DE)",,,,620
201300031434,13,12,3,1545,1,2,1,1,1,563,"., JAURES (R JEAN)",,,,620
201300031435,13,12,6,2200,3,1,1,1,6,528,"., CHEMINEE (CHE DE LA)",,,,620
201300031436,13,12,9,1120,1,2,1,1,6,186,"., BEUGNET (R CASIMIR )",,,,620
201300031437,13,12,9,1510,1,2,1,1,1,528,"., CONDE (R)",,,,620
201300031438,13,12,21,2340,5,2,1,1,1,563,"., DUTOUQUET (R )",,,,620
201300031439,13,12,25,1830,5,1,1,1,3,510,CD58,,,,620
201300031440,13,12,23,1345,1,2,1,1,7,555,"35, PAUL VAILLANT COUTUR",,,,620
201300031441,13,1,22,1130,1,2,1,4,6,555,"4, TILLEULS ( RUE DES)",,,,620
201300031442,13,1,26,550,3,2,1,8,7,194,QUENEHEM ( CHEMIN DE ),M,5049414,0249824,620
201300031443,13,2,22,1410,1,1,1,1,5,224,RD 943,,,,620
201300031444,13,3,4,1815,1,2,1,1,6,489,"93 TER, LOUIS PASTEUR (R",,,,620
201300031445,13,3,18,1140,1,2,3,2,5,555,"64, PASTEUR ( RUE LOUIS",,,,620
201300031446,13,4,2,805,1,2,1,1,6,555,CRACOVIE (RUE DE ),,,,620
201300031447,13,4,30,1640,1,2,2,1,3,489,MAIE (RUE DE LA),,,,620
201300031448,13,8,7,1000,1,2,4,2,3,197,CD 70,,,,620
201300031449,13,9,22,315,4,2,1,1,7,479,"759, GUESDE ( rue Jules",,,,620
201300031450,13,10,29,1710,1,2,1,2,6,555,"02, ALBERT (RUE D' )",,,,620
201300031451,13,11,4,1700,1,2,3,2,3,224,GONNEHEM (RUE DE),,,,620
201300031452,13,12,7,640,5,2,1,1,6,489,"288, JAURES ( rue Jean )",,,,620
201300031453,13,12,6,1825,5,2,1,1,3,555,"58, PAUL VAILLANT COUTUR",,,,620
201300031454,13,1,17,2030,3,1,1,4,2,540,D941,M,5045848,0257576,620
201300031455,13,2,18,730,1,2,1,1,1,083,"273/275, HOUDAIN (RUE D'",,,,620
201300031456,13,1,12,35,5,2,1,1,5,617,BLUM (RUE LEON),,,,620
201300031457,13,3,2,1910,5,2,1,1,6,617,"387, ROUTE NATIONALE (CD",,,,620
201300031458,13,4,26,1415,1,1,1,2,1,617,DEPARTEMENTALE 65,,,,620
201300031459,13,4,21,2035,1,2,1,1,7,737,NATIONALE (ROUTE) CD937,,,,620
201300031460,13,4,28,130,5,2,1,1,6,083,"312, HOUDAIN (RUE D')  O",,,,620
201300031461,13,5,28,1610,1,2,1,2,5,737,"0, NATIONALE (ROUTE) CD9",,,,620
201300031462,13,4,24,1745,1,2,1,1,3,617,BLUM (RUE LEON),,,,620
201300031463,13,6,22,430,5,2,1,1,6,617,"48, ROUTE NATIONALE (CD",,,,620
201300031464,13,8,7,1115,1,2,2,2,2,617,"1, DOUPHY (BD DU COMMAND",,,,620
201300031465,13,8,8,2205,5,2,2,1,3,617,"0, ROUTE NATIONALE (CD 9",M,5048128,0266125,620
201300031466,13,8,22,1900,1,1,1,7,1,540,RD 301 (ROCADE MINIERE),M,5045289,0256488,620
201300031467,13,9,4,1300,1,2,2,1,3,617,ROUTE NATIONALE (CD 937),M,5048131,0266127,620
201300031468,13,11,13,1530,1,1,1,7,2,540,"1, D 72",,,,620
201300031469,13,11,24,1810,5,2,1,1,6,617,"53 bis, SAILLY (RUE DE)",,,,620
201300031470,13,11,14,1355,2,2,2,2,1,083,"1, ORLEANS (RUE D')",,,,620
201300031471,13,2,15,850,1,2,1,1,6,765,"71, ARRAS (RUE D'.......",M,5074563,0225848,620
201300031472,13,3,2,1450,1,2,3,8,1,757,"0, REVEL (RUE DU CNE",M,5075234,0223923,620
201300031473,13,3,20,1420,1,1,1,1,3,902,"31, LEDUC (RUE EDOUARD",,,,620
201300031474,13,4,5,1515,1,2,1,1,3,902,"90, CHOCHOY (RUE BERNARD",,,,620
201300031475,13,8,2,1805,1,2,1,1,6,765,"35, SAINT EXUPERY (RUE..",,,,620
201300031476,13,8,31,1900,1,2,2,1,3,525,LIBERATION (RUE DE LA,M,5074115,0226162,620
201300031477,13,10,20,1310,1,2,1,1,1,139,"28, SAND (RUE GEORGES...",,,,620
201300031478,13,10,21,1720,1,2,2,1,2,757,RIVAGE (RUE DU ......),M,5075648,0223851,620