Num_Acc,an,mois,jour,hrmn,lum,agg,int,atm,col,com,adr,gps,lat,long,dep
201300031479,13,11,12,1200,1,2,6,2,6,765,VAUBAN (BD.........),M,5074847,0225019,620
201300031480,13,12,6,1645,2,2,1,1,6,525,CORDONNIER (RUE DENIS...,,,,620
201300031481,13,12,16,1754,5,2,1,1,6,765,".., PERPIGNAN (PLACE",M,5074695,0000000,620
201300031482,13,12,19,1200,1,1,3,1,3,139,LAGRANGE (RUE LEO     ),M,5071395,0000000,620
201300031483,13,5,10,1700,1,2,6,1,6,826,LOUIS QUETELART (AVENUE),M,5051683,0160088,620
201300031484,13,5,7,1005,1,2,3,1,3,826,FRANCOIS GODIN (AVENUE),,,,620
201300031485,13,6,12,1522,1,2,2,1,3,826,"58, DALOZ (BOULEVARD)",,,,620
201300031486,13,7,11,1510,1,2,1,1,6,826,"1, ROSSIGNOLS (ALLEE DES",,,,620
201300031487,13,8,6,525,5,2,1,1,6,826,"1, PICARDIE (AVENUE DE)",M,5052316,0159671,620
201300031488,13,8,13,1745,1,2,1,1,3,826,GENERAL DE GAULLE (AVENU,,,,620
201300031489,13,8,15,1105,1,2,9,1,3,826,"1, SANGUET (AVENUE)",,,,620
201300031490,13,9,1,605,3,2,1,1,6,826,PICARDIE (AVENUE DE),,,,620
201300031491,13,9,2,930,1,2,2,1,6,826,"30, AMIENS (RUE D')",,,,620
201300031492,13,11,6,1640,1,2,2,2,3,826,CHATEAU (AVENUE DU),M,5051602,0160367,620
201300031493,13,11,19,1435,1,2,3,1,2,826,"20, LEON GARET (RUE)",,,,620
201300031494,13,12,2,805,2,2,2,1,3,826,PICARDIE (AVENUE DE),M,5051735,0161024,620
201300031495,13,7,27,200,5,2,1,1,6,826,"1, GENERAL DE GAULLE (AV",,,,620
201300031496,13,1,2,2231,5,2,1,1,1,113,BERGOUGNAN (AVENUE RAYMO,,,,630
201300031497,13,1,4,2100,5,2,1,1,1,113,"., BINGEN (BD JACQUES)",,,,630
201300031498,13,1,8,1421,1,2,1,1,2,113,FLAUBERT (BD GUSTAVE),,,,630
201300031499,13,1,8,1621,1,2,1,1,6,113,CONDAMINE (RUE DE LA),M,4577692,0311193,630
201300031500,13,1,8,1700,1,2,3,1,3,113,"1, DUMAS (BD J.BAPTISTE)",M,4578608,0309230,630
201300031501,13,1,9,1600,1,2,1,1,6,075,"9, CHABRIER (RUE EMMANUE",M,4577149,0306321,630
201300031502,13,1,10,800,2,2,3,1,3,113,"0, MARINGUES (RUE DE)",M,4577937,0309420,630
201300031503,13,1,11,905,1,2,1,1,3,113,GANTIERE (RUE DE LA),M,4576234,0312328,630
201300031504,13,1,11,1907,5,2,1,1,6,014,COURNON (AVENUE DE),,,,630
201300031505,13,1,12,900,1,2,1,8,6,075,"22, ROC BLANC (RUE DU)",,,,630
201300031506,13,1,13,305,5,2,1,1,3,113,"1, PREMIER MAI (PLACE DU",,,,630
201300031507,13,1,13,2100,5,2,1,1,2,113,"13, CARNOT (AVENUE)",,,,630
201300031508,13,1,14,1838,5,2,1,1,3,113,ROND-POINT DES CHANELLES,M,4578919,0308047,630
201300031509,13,1,15,1310,1,2,1,1,6,113,"., LAFAYETTE (BD)",,,,630
201300031510,13,1,15,2050,5,2,1,8,6,113,L'HOSPITAL (PLACE MICHEL,M,4577706,0308858,630
201300031511,13,1,17,1752,2,2,1,1,6,113,"79, LAFAYETTE (BD)",M,4577269,0309754,630
201300031512,13,1,18,1930,3,1,1,1,3,032,"., RD 2089",,,,630
201300031513,13,1,19,1926,5,2,2,2,3,113,FLAUBERT (BD GUSTAVE),,,,630
201300031514,13,1,19,2025,5,2,1,2,6,113,GROLIERE (RUE DE LA),,,,630
201300031515,13,1,21,930,1,2,1,1,4,113,"1, SCHUMAN (BD ROBERT)",,,,630
201300031516,13,1,22,1500,1,2,1,1,6,113,"132, CHAMPFLEURI (RUE DE",M,4579218,0309676,630
201300031517,13,1,22,1800,5,2,1,1,4,032,"9, MONT-DORE (AVENUE DU)",M,4575234,0308234,630
201300031518,13,1,22,1904,5,2,1,1,3,113,SABLON (COURS),,,,630
201300031519,13,1,23,720,5,2,1,1,6,032,"., MONTPOLY (RUE DE)",,,,630
201300031520,13,1,23,835,1,2,1,1,7,075,"11, FONTMAURE (AVENUE DE",M,4577513,0306284,630
201300031521,13,1,23,908,1,2,1,8,6,113,CHARCOT (BD),,,,630
201300031522,13,1,24,1040,1,2,3,1,3,113,"., POINCARE (COURS RAYMO",M,4576951,0308973,630
201300031523,13,1,25,1339,1,2,1,1,6,113,JOUHAUX (BD LEON),,,,630
201300031524,13,1,27,1303,1,2,1,1,6,113,"12, TORPILLEUR SIROCCO (",M,4581462,0310697,630
201300031525,13,1,28,745,5,2,1,1,6,113,"1, BINGEN (BD JACQUES)",,,,630
201300031526,13,1,28,920,1,2,1,8,1,113,"1, CHANTERANNE (RUE DE)",,,,630
201300031527,13,1,29,1230,1,2,2,1,5,113,"., LAVOISIERS (BD)",,,,630
201300031528,13,1,29,1719,1,2,1,1,4,014,ROUSSILLON (AVENUE DU),,,,630
201300031529,13,1,29,1755,1,2,1,1,6,113,"., BONS ENFANTS (RUE DES",,,,630
201300031530,13,1,29,1910,5,2,2,1,3,113,"1, AURIOL (BOULEBARD VIN",M,4579223,0311805,630
201300031531,13,1,29,2050,5,2,1,1,6,113,LAFAYETTE (BD),,,,630
201300031532,13,1,30,1125,1,2,1,1,6,113,"53, CLOS NOTRE DAME (RUE",M,4578326,0307607,630
201300031533,13,1,30,1400,1,2,1,1,6,113,MALINTRAT (RUE DE),,,,630
201300031534,13,1,31,2000,5,2,1,1,6,113,"., FONTAINE (PLACE DE LA",M,4579134,0311329,630
201300031535,13,2,1,2130,5,2,1,8,6,113,"20, MOINIER (RUE ANDRE)",M,4578040,0308348,630
201300031536,13,2,3,1740,1,2,1,1,3,113,"1, FLAUBERT (BD GUSTAVE)",,,,630
201300031537,13,2,4,930,1,2,1,1,6,113,"58, MICHELIN (AVENUE EDO",M,4578155,0310303,630
201300031538,13,2,4,1727,1,2,1,1,3,113,PONCILLON (RUE),,,,630
201300031539,13,2,5,1351,1,2,1,1,6,032,"96, MONT-DORE (AVENUE DU",M,4574771,0307355,630
201300031540,13,2,5,715,5,2,1,8,6,113,"1, LIMOUSIN (AVENUE DU)",,,,630
201300031541,13,2,6,1500,1,2,1,1,4,113,"70, REPUBLIQUE (AVENUE D",M,4578632,0310342,630
201300031542,13,2,8,740,1,2,1,1,6,113,"., COTE BLATIN (BD)",,,,630
201300031543,13,2,8,1727,1,2,1,1,6,113,COUBERTIN (RUE PIERRE DE,,,,630
201300031544,13,2,10,1020,1,2,1,1,6,113,"1, GREGOIRE DE TOURS (RU",,,,630
201300031545,13,2,11,550,5,2,1,8,6,113,"34, AMADEO (RUE)",M,4578002,0307331,630
201300031546,13,2,11,1047,1,2,2,1,3,113,DIOMEDE (RUE PAUL),M,4578401,0307614,630
201300031547,13,2,11,1740,1,2,1,1,6,113,"2, GAILLARD (PLACE GILBE",M,4578035,0308311,630
201300031548,13,2,12,1020,1,2,1,1,6,113,RENOUX (PLACE),,,,630
201300031549,13,2,12,2009,5,2,1,1,6,113,"27, GUYNEMER (RUE)",M,4577967,0310692,630
201300031550,13,2,13,1515,1,2,1,1,6,113,"1, RABANESSE (RUE DE)",,,,630
201300031551,13,2,13,2052,5,2,2,1,3,113,"., COTE BLATIN (BD)",M,4576800,0308709,630
201300031552,13,2,14,2020,3,1,1,1,2,032,N2089,,,,630
201300031553,13,2,15,904,1,2,1,1,3,070,CURIE (RUE PIERRE),,,,630
201300031554,13,2,16,1710,1,2,1,1,6,113,BOUSQUET (RUE DR),,,,630
201300031555,13,2,16,1950,5,2,3,1,3,113,"1, GONCOURT (RUE)",M,4578448,0306705,630
201300031556,13,2,17,1144,1,2,1,1,3,113,ESTIENNE (RUE PIERRE),,,,630
201300031557,13,2,18,1640,1,2,1,1,4,014,"., COURNON (AVENUE DE)",,,,630
201300031558,13,2,19,1410,1,2,1,1,6,014,"1, ROUSSILLON (AVENUE DU",,,,630
201300031559,13,2,20,1600,1,2,1,1,6,113,"51, GRANDE BRETAGNE (AVE",M,4577730,0309597,630
201300031560,13,2,21,1920,5,2,1,1,6,113,"3, BLATIN (RUE)",M,4577707,0308112,630
201300031561,13,2,22,1150,1,2,2,1,3,113,"1, BRIAND (BD ARISTIDE)",M,4575614,0307746,630
201300031562,13,2,23,1203,1,2,1,1,3,113,MARGERIDE (AVENUE DE LA),,,,630
201300031563,13,2,28,620,3,1,1,1,6,032,,,,,630
201300031564,13,2,28,820,1,2,1,1,6,070,"53, MONTAGNARDS (RUE DES",M,4576172,0306510,630
201300031565,13,2,28,1605,1,2,1,1,6,113,ONZE NOVEMBRE (RUE DU),,,,630
201300031566,13,3,2,1252,1,2,1,1,6,113,BARBIER DAUBREE (AVENUE),,,,630
201300031567,13,3,3,2320,5,2,1,1,6,113,"., COTE BLATIN (BD)",,,,630
201300031568,13,3,5,915,1,2,1,1,6,113,"., CLOS NOTRE DAME (RUE",,,,630
201300031569,13,3,5,1000,1,2,1,1,6,113,"31, TOURRETTE (RUE)",M,4579981,0311738,630
201300031570,13,3,6,1642,1,2,1,1,6,113,"0, ROTONDE (RUE DE LA)",,,,630
201300031571,13,3,8,1620,1,2,1,1,2,113,"1, LAFAYETTE (BD)",,,,630
201300031572,13,3,4,840,1,2,1,1,7,113,CHANTERANNE (RUE DE),,,,630
201300031573,13,3,11,1230,1,2,3,1,6,113,"2, PELISSIER (RUE)",M,4578546,0310409,630
201300031574,13,3,11,1740,1,2,1,1,6,113,"., MENAT (RUE ANTOINE)",,,,630
201300031575,13,3,12,1020,1,2,1,1,6,070,"7, WILSON (AVENUE)",M,4573240,0306371,630
201300031576,13,3,12,1530,1,2,1,1,2,113,"., CHATEAU DES VERGNES (",,,,630
201300031577,13,3,13,900,1,2,1,1,6,075,BERTHELOT (BOULEVARD),,,,630
201300031578,13,3,14,1053,1,2,1,1,6,113,"48, FALLIERES (RUE ARMAN",M,4579168,0307303,630
201300031579,13,3,15,740,1,2,1,1,2,075,"33, GARE (AVENUE DE LA G",M,4576785,0306007,630
201300031580,13,3,18,1800,1,2,1,1,6,113,"1, MICHELET (RUE)",,,,630
201300031581,13,3,20,1020,1,2,2,1,6,113,"20, JAURES (BD JEAN)",M,4576790,0308418,630
201300031582,13,3,20,1755,1,2,1,1,3,113,DUMAS (BD J.BAPTISTE),,,,630
201300031583,13,3,21,1733,1,2,1,1,6,113,"8, SABLON (COURS)",M,4577600,0309009,630
201300031584,13,3,21,2240,5,2,1,1,3,113,"1, FLAUBERT (BD GUSTAVE)",,,,630
201300031585,13,3,22,1310,1,2,1,1,2,014,"16, COURNON (AVENUE DE)",M,4575296,0313467,630
201300031586,13,3,22,1825,1,2,1,1,7,014,ROCHE GENES (RUE),,,,630
201300031587,13,3,25,2023,1,2,1,1,6,113,LOUBET (RUE EMILE),,,,630
201300031588,13,3,23,850,1,2,1,8,6,113,"8, LANDAIS (AVENUE DES)",M,4576465,0311022,630
201300031589,13,3,23,1030,1,2,1,1,2,113,"23, CLOS NOTRE DAME (RUE",M,4578451,0307885,630
201300031590,13,3,23,1614,1,2,1,3,6,113,BERTHELOT (BOULEVARD),,,,630
201300031591,13,3,24,1736,1,1,1,1,6,113,"., BLERIOT (AVENUE LOUIS",,,,630
201300031592,13,3,27,1910,1,2,1,1,3,113,"1, DUMAS (BD J.BAPTISTE)",,,,630
201300031593,13,3,30,1630,1,1,1,1,6,113,A711,,,,630
201300031594,13,3,30,1943,1,2,1,1,3,113,PREVOST (RUE ABBE),,,,630
201300031595,13,4,2,2343,5,2,1,1,6,113,"0, POMPIDOU (BD GEORGES)",,,,630
201300031596,13,4,3,1200,1,2,1,1,2,113,"., CHANDIOTS (RUE DES)",,,,630
201300031597,13,4,8,1820,1,2,6,1,3,014,GERGOVIE (RUE DE),M,4575044,0310653,630
201300031598,13,4,6,540,5,2,1,1,6,113,"., UNION SOVIETIQUE (AVE",,,,630
201300031599,13,4,7,510,5,2,1,1,6,113,"1, NOHANENT (RUE DE)",,,,630
201300031600,13,4,8,1830,1,2,1,1,6,070,"80, MARROU (AVENUE JEAN-",M,4574396,0305859,630
201300031601,13,4,9,1850,1,2,2,1,3,113,"., FLAUBERT (BD GUSTAVE)",,,,630
201300031602,13,4,10,1549,1,2,1,1,3,113,JACOBINS (RUE DES),,,,630
201300031603,13,4,10,2039,5,2,1,1,6,113,LIBERATION (AVENUE DE LA,,,,630
201300031604,13,4,12,1220,1,2,1,8,6,113,"52, CHARCOT (BD)",M,4579421,0308772,630
201300031605,13,4,12,1320,1,2,1,1,6,113,"35, GUYNEMER (RUE)",M,4578010,0310782,630
201300031606,13,4,12,1520,1,2,2,1,3,113,"0, BERGOUGNAN (AVENUE RA",M,4578549,0306471,630
201300031607,13,4,12,2000,1,2,1,1,6,113,PAULINES (AVENUE DES),,,,630
201300031608,13,4,13,1617,1,2,1,1,6,113,"92, BLUM (AVENUE LEON)",M,4576624,0309616,630
201300031609,13,4,17,1220,1,2,1,1,6,113,"1, MEUNIERS (RUE DES)",M,4575873,0310513,630
201300031610,13,4,17,1705,1,2,2,1,3,113,"x, CARTOUCHERIE (RUE DE",M,4577798,0311572,630
201300031611,13,4,17,1835,1,2,1,1,2,113,"., POMPIDOU (BD GEORGES)",,,,630
201300031612,13,4,19,1600,1,2,1,1,6,113,"., PARDIEU (ROND-POINT D",M,4576435,0312574,630
201300031613,13,4,19,1830,1,2,1,1,2,113,"175, CLEMENTEL (BD ETIEN",,,,630
201300031614,13,4,23,913,1,2,4,1,3,113,";, BRUGIERE (BD AMBROISE",M,4578973,0311807,630
201300031615,13,4,23,1040,1,2,1,1,3,113,"., SAINT JEAN (BD)",,,,630
201300031616,13,4,23,1307,1,2,1,1,6,113,"18, POCHET LAGAYE (BD PA",M,4576528,0310376,630
201300031617,13,4,23,1400,1,2,2,1,3,113,"1, MITTERRAND (BD FRANCO",M,4577178,0308989,630
201300031618,13,4,25,829,1,2,1,1,2,113,"., BARBIER DAUBREE (AVEN",,,,630
201300031619,13,4,25,2240,5,2,1,1,3,113,COURNON (RUE DE),,,,630
201300031620,13,4,26,2235,5,2,2,8,1,014,"1, DE GAULLE (AVENUE CHA",M,4575195,0311797,630
201300031621,13,4,27,1430,1,2,1,1,6,113,"3, CHANTURGUE (RUE DES H",M,4581124,0310680,630
201300031622,13,4,27,1640,1,2,1,8,3,113,"1, ESTIENNE (RUE PIERRE)",M,4577051,0312910,630
201300031623,13,4,30,1117,1,2,4,3,1,113,"., NEWTON (RUE)",M,4578857,0313438,630
201300031624,13,5,1,50,5,2,1,2,2,113,"., DUMAS (BD J.BAPTISTE)",,,,630
201300031625,13,5,2,1504,1,2,1,1,3,014,AURIOL (RUE JACQUELINE),,,,630
201300031626,13,5,2,1730,1,2,1,1,4,113,"1, FLAUBERT (BD GUSTAVE)",,,,630
201300031627,13,5,3,1220,1,2,1,1,4,113,"1, UNION SOVIETIQUE (AVE",,,,630
201300031628,13,5,6,1108,1,2,1,1,3,113,PALISSY (RUE BERNARD),,,,630
201300031629,13,5,7,1040,1,2,3,1,6,113,MUSSET (RUE ALFRED DE),M,4577768,0310912,630
201300031630,13,5,8,145,5,2,9,1,6,113,"., GIDE (RUE CHARLES)",M,4577516,0311672,630
201300031631,13,5,10,1220,1,2,1,1,6,113,PRE LA REINE (RUE DU),,,,630
201300031632,13,5,11,1607,1,2,1,1,4,070,ROYAT (ROUTE DE),,,,630
201300031633,13,5,13,30,5,2,1,1,6,113,"1, BELLOY (PETITE RUE DU",,,,630
201300031634,13,5,14,1320,1,2,2,1,3,113,"1, CHATEAUBRIAND (RUE)",M,4579352,0307947,630
201300031635,13,5,14,1704,1,2,1,1,3,113,"64, CLEMENTEL (BD ETIENN",M,4580179,0311112,630
201300031636,13,5,15,1025,1,2,1,1,7,113,"., AURIOL (BOULEBARD VIN",,,,630
201300031637,13,5,16,1120,1,2,1,8,6,113,"73, SAINT ALYRE (RUE)",M,4578577,0308088,630
201300031638,13,5,16,1735,1,2,1,1,2,113,CHANTERANNE (RUE DE),,,,630
201300031639,13,5,16,1945,1,2,1,3,6,113,"., ITALIE (AVENUE DE L')",,,,630
201300031640,13,5,17,840,1,2,1,1,3,113,"1, ESTIENNE (RUE PIERRE)",M,4577083,0312906,630
201300031641,13,5,18,45,5,2,1,1,2,113,"90 bis, REPUBLIQUE (AVEN",M,4578724,0310551,630
201300031642,13,5,19,1225,1,2,1,1,7,113,"22, KESSLER (RUE)",M,4576942,0308726,630
201300031643,13,5,19,2251,5,2,2,1,3,113,"43, SABLON (COURS)",M,4577187,0308996,630
201300031644,13,5,20,1843,1,2,1,1,6,113,TORPILLEUR SIROCCO (RUE,M,4580959,0310715,630
201300031645,13,5,21,1212,1,2,1,1,6,113,"., CLEMENTEL (BD ETIENNE",,,,630
201300031646,13,5,21,1435,1,2,1,1,3,113,"1, BREZET (ROND-POINT DU",M,4578006,0313134,630
201300031647,13,5,22,1431,1,2,1,1,6,032,"66, MONT-DORE (AVENUE DU",M,4574792,0307490,630
201300031648,13,5,23,1550,1,2,1,1,3,113,"., CUGNOT (RUE NICOLAS-J",,,,630
201300031649,13,5,23,1647,1,2,1,1,3,113,"1, MONTALEMBERT (RUE)",M,4576011,0309391,630
201300031650,13,5,24,245,3,2,6,1,7,113,BREZET (AVENUE),M,4577939,0314730,630
201300031651,13,5,24,1347,1,2,1,1,6,113,POMPIDOU (BD GEORGES),,,,630
201300031652,13,5,26,850,1,2,1,1,6,113,"1, POURCHON (BD MAURICE)",M,4578942,0308076,630
201300031653,13,5,27,750,1,2,1,1,4,113,"74, BREZET (AVENUE)",M,4577909,0312734,630
201300031654,13,5,27,1645,1,2,1,1,3,113,"., FRANCE (RUE ANATOLE)",,,,630
201300031655,13,5,28,1155,1,2,1,1,6,075,"2, VOLTAIRE (RUE)",M,4577920,0306718,630
201300031656,13,5,30,1037,1,2,1,1,3,113,DESAIX (BD),,,,630
201300031657,13,5,31,1109,1,2,1,1,6,014,"62, COURNON (AVENUE DE)",M,4575423,0314100,630
201300031658,13,6,1,1840,1,2,1,1,6,113,"22-24, ANDRAUD (RUE HENR",M,4576605,0309032,630
201300031659,13,6,3,1408,1,2,1,1,3,113,"., AGRICULTURE (AVENUE D",,,,630
201300031660,13,6,4,1455,1,2,1,1,3,113,"., CHANTERANNE (RUE DE)",,,,630
201300031661,13,6,5,750,1,2,3,1,3,113,"12, TIRETAINE (ALLEE DE)",M,4579018,0309793,630
201300031662,13,6,5,1217,1,2,1,1,4,113,BINGEN (BD JACQUES),,,,630
201300031663,13,6,6,1212,1,2,1,1,6,113,"17, SCHUMAN (BD ROBERT)",M,4576343,0312807,630
201300031664,13,6,7,120,5,2,2,1,1,113,"1, BINGEN (BD JACQUES)",M,4576677,0310710,630
201300031665,13,6,7,847,1,2,1,1,4,113,"2, BLANZAT (RUE DE)",M,4578256,0308463,630
201300031666,13,6,7,1840,1,2,1,1,5,014,"., ROUSSILLON (AVENUE DU",,,,630
201300031667,13,6,8,1000,1,2,1,1,2,113,"., CLAUDIUS (CHAUSSEE)",,,,630
201300031668,13,6,10,845,1,2,1,1,7,113,BEAULIEU (CHEMIN DE),,,,630
201300031669,13,6,10,1501,1,2,2,1,6,113,"., MENAT (RUE ANTOINE)",M,4577944,0307767,630
201300031670,13,6,11,1155,1,2,1,1,3,308,"1, ALLARD (PLACE)",M,4576743,0305591,630
201300031671,13,6,11,1535,1,2,1,1,2,113,"1, AIGUILLADE (RUE DE L'",,,,630
201300031672,13,6,12,1515,1,2,1,1,3,113,"., JAURES (BD JEAN)",,,,630
201300031673,13,6,12,1805,1,2,3,1,3,014,"17, COURNON (AVENUE DE)",M,4575311,0313525,630
201300031674,13,6,13,1241,1,2,1,1,3,113,JAURES (BD JEAN),,,,630
201300031675,13,6,13,1845,1,2,1,1,6,113,"14, BELLOY (RUE DU)",M,4578430,0308013,630
201300031676,13,6,13,2115,1,2,1,1,6,113,"0, REPUBLIQUE (AVENUE DE",,,,630
201300031677,13,6,14,845,1,2,1,1,6,113,"1, AMADEO (RUE)",M,4578009,0307380,630
201300031678,13,6,15,1350,1,2,1,1,6,113,BEAULIEU (CHEMIN DE),,,,630
201300031679,13,6,15,2025,1,2,2,1,3,113,"., MOULIN (BD JEAN)",M,4577694,0311773,630
201300031680,13,6,16,2256,5,2,1,1,3,113,POCHET LAGAYE (BD PAUL),,,,630
201300031681,13,6,17,1034,1,2,1,1,6,075,"42, ROYAT (AVENUE DE)",M,4577553,0306611,630
201300031682,13,6,17,1230,1,2,2,1,3,113,"1, MONGE (RUE GASPARD)",M,4576552,0309677,630
201300031683,13,6,17,1345,1,2,1,1,4,113,BINGEN (BD JACQUES),,,,630
201300031684,13,6,17,1630,1,2,1,1,4,113,"., AGRICULTURE (AVENUE D",,,,630
201300031685,13,6,18,2047,1,2,1,1,3,113,"18, THEURIET (RUE ANDRE)",M,4576822,0307807,630
201300031686,13,6,21,910,1,2,1,1,6,113,"., BONNABAUD (RUE)",,,,630
201300031687,13,6,22,1410,1,2,1,1,6,075,"1, FONTMAURE (AVENUE DE)",,,,630
201300031688,13,6,22,1815,1,2,1,1,6,113,"1, CHANTURGUE (RUE DES H",M,4578241,0308471,630
201300031689,13,6,23,525,5,2,1,1,6,113,"0, JAUDE PLACE DE)",,,,630
201300031690,13,6,23,1440,1,2,2,1,3,113,"1, JOUHAUX (BD LEON)",M,4579235,0311782,630
201300031691,13,6,24,645,1,2,1,1,6,113,PELISSIER (RUE),,,,630
201300031692,13,6,24,730,1,2,1,8,2,113,"19, LAFAYETTE (BD)",M,4577349,0309101,630
201300031693,13,6,24,914,1,2,6,1,2,113,SCHUMAN (BD ROBERT),M,4576144,0313238,630
201300031694,13,6,25,1000,1,2,1,1,1,113,"., CHANCROLE (RUE DE)",,,,630
201300031695,13,6,27,1425,1,2,3,1,3,113,"., REPUBLIQUE (AVENUE DE",,,,630
201300031696,13,6,29,230,5,2,1,1,7,075,"95, ROYAT (AVENUE DE)",M,4577376,0306171,630
201300031697,13,7,2,1750,1,2,2,1,3,113,"1, TEMPLE (RUE DU)",M,4579294,0311624,630
201300031698,13,7,3,1510,1,2,1,1,3,113,SOUS LES VIGNES (RUE),,,,630
201300031699,13,7,4,1545,1,2,1,1,4,113,"0, BERTHELOT (BOULEVARD)",,,,630
201300031700,13,7,4,1605,1,2,1,1,3,113,CRISTAL (AVENUE ERNEST),,,,630
201300031701,13,7,4,1740,1,2,1,1,2,032,"X, POURLIAT (ROND-POINT",,,,630
201300031702,13,7,7,1550,1,2,3,1,3,113,"., FLAUBERT (BD GUSTAVE)",M,4576870,0312447,630
201300031703,13,7,6,310,5,2,1,1,6,113,"., ANGE (RUE DE L')",,,,630
201300031704,13,7,8,2032,1,2,1,1,6,113,CLEMENTEL (BD ETIENNE),,,,630
201300031705,13,7,9,1710,1,2,1,1,6,113,"15, TOURRETTE (RUE)",M,4579814,0311797,630
201300031706,13,7,10,2000,1,2,1,1,6,113,"., LAFAYETTE (BD)",,,,630
201300031707,13,7,10,1847,1,2,1,1,6,113,"., MOULIN (BD JEAN)",,,,630
201300031708,13,7,11,1500,1,2,1,1,6,113,"., ALLAGNAT (RUE D')",,,,630
201300031709,13,7,12,1700,1,2,1,1,6,113,KENNEDY (BD J.F.),,,,630
201300031710,13,7,12,1929,1,2,1,1,6,113,"286, ORADOU (RUE DE L')",M,4576471,0312488,630
201300031711,13,7,14,1140,1,2,1,1,6,113,"., ESPAGNE (PLACE D')",,,,630
201300031712,13,7,14,1725,1,2,1,1,1,113,"1, LIBERATION (AVENUE DE",M,4577099,0308338,630
201300031713,13,7,15,1720,1,2,3,1,6,113,AICARD (RUE JEAN),M,4578717,0308203,630
201300031714,13,7,16,1210,1,2,1,1,4,113,"1, FLAUBERT (BD GUSTAVE)",M,4577218,0312146,630
201300031715,13,7,16,1023,1,2,1,1,6,113,"., FOREST (AVENUE FERNAN",,,,630
201300031716,13,7,16,1245,1,2,1,1,6,113,"2, PLATS (RUE DES)",M,4576633,0309514,630
201300031717,13,7,16,1656,1,2,1,1,6,113,"., TRUDAINE (BD)",,,,630
201300031718,13,7,18,830,1,2,1,1,6,113,"., CLEMENTEL (BD ETIENNE",,,,630
201300031719,13,7,19,1430,1,2,1,1,2,113,"48, TORPILLEUR SIROCCO (",M,4580232,0310677,630
201300031720,13,7,23,1100,1,2,1,1,3,113,"283, ORADOU (RUE DE L')",M,4576510,0312295,630
201300031721,13,7,26,900,1,1,1,1,7,113,GAGARINE (RUE YOURI),,,,630
201300031722,13,7,27,650,1,2,1,1,3,113,"1, TRUDAINE (BD)",M,4577771,0309011,630
201300031723,13,7,28,1825,1,2,3,1,3,113,"., DAGUERRE (RUE)",M,4576075,0309862,630
201300031724,13,7,29,1350,1,1,1,1,7,113,"1, POMPIDOU (BD GEORGES)",M,4578062,0313123,630
201300031725,13,7,31,645,1,2,1,1,3,113,"1, BLERIOT (AVENUE LOUIS",M,4578062,0313123,630
201300031726,13,7,31,1820,1,2,1,1,6,113,"24, FAYOLLE (PLACE MAREC",M,4578113,0307829,630
201300031727,13,8,1,747,1,2,1,1,6,113,QUINET (BD EDGAR),,,,630
201300031728,13,8,2,2345,5,2,1,1,6,113,"15, CHATEAU DES VERGNES",M,4581419,0312722,630
201300031729,13,8,3,900,1,2,1,1,6,113,"48, CHAMBRETTES (RUE DES",M,4576712,0310114,630
201300031730,13,8,3,1230,1,2,1,1,3,113,"1, MICHELIN (AVENUE EDOU",M,4578222,0309589,630
201300031731,13,8,3,1650,1,2,1,1,6,113,CLEMENTEL (BD ETIENNE),,,,630
201300031732,13,8,3,2045,1,2,2,1,3,113,REPUBLIQUE (AVENUE DE LA,M,4578753,0310574,630
201300031733,13,8,4,550,1,2,1,1,3,113,"28, JAURES (BD JEAN)",M,4576794,0308312,630
201300031734,13,8,3,1955,1,2,1,1,6,113,"86, PRE JUGE (RUE DU)",M,4579997,0311643,630
201300031735,13,8,5,900,1,2,1,1,3,113,JOUHAUX (BD LEON),,,,630
201300031736,13,8,5,1450,1,2,1,1,3,113,"1, CLEMENTEL (BD ETIENNE",,,,630
201300031737,13,8,7,1612,1,2,2,1,3,075,"1, BELLEVUE (RUE DE)",M,4576849,0307554,630
201300031738,13,8,8,2020,1,2,1,1,3,113,"., CATAROU (RUE DE)",,,,630
201300031739,13,8,9,740,1,2,1,1,3,014,REPUBLIQUE (PLACE DE LA),,,,630
201300031740,13,8,10,2150,5,2,1,1,1,113,"1, SOUS LES VIGNES (RUE)",,,,630
201300031741,13,8,10,2330,5,2,2,1,5,113,"1, CLAUDIUS (CHAUSSEE)",M,4578456,0309872,630
201300031742,13,8,13,1518,1,1,1,1,3,113,RECLUS (AVENUE ELISEE),,,,630
201300031743,13,8,13,1730,1,2,1,1,6,113,"1, LAFAYETTE (BD)",M,4577372,0308832,630
201300031744,13,8,17,955,1,2,2,1,3,113,"1, DIOMEDE (RUE PAUL)",M,4578311,0307791,630
201300031745,13,8,20,1224,1,2,1,1,3,113,DESAYMARD (RUE JOSEPH),,,,630
201300031746,13,8,20,1940,1,2,2,1,3,113,"1, BESSET (RUE PIERRE)",M,4578127,0307630,630
201300031747,13,8,22,1106,1,2,1,1,3,113,"1, SAINT JEAN (BD)",M,4578059,0311767,630
201300031748,13,8,22,1130,1,2,1,1,3,113,ORADOU (RUE DE L'),,,,630
201300031749,13,8,23,920,1,2,2,1,3,113,"1, JAURES (BD JEAN)",M,4576787,0308310,630
201300031750,13,8,25,1950,1,2,1,1,4,113,"1, DUMAS (BD J.BAPTISTE)",M,4578724,0308475,630
201300031751,13,8,26,910,1,2,1,1,2,113,"17, BARBUSSE (RUE HENRI)",M,4578291,0308637,630
201300031752,13,8,26,1400,1,2,1,1,6,113,BIEN ASSIS (RUE DE),,,,630
201300031753,13,8,29,1839,1,2,1,1,6,113,MERMOZ (AVENUE JEAN),,,,630
201300031754,13,8,29,1925,1,2,1,1,1,113,"6, ROUVIER (RUE)",M,4580647,0311080,630