Num_Acc,an,mois,jour,hrmn,lum,agg,int,atm,col,com,adr,gps,lat,long,dep
201300031755,13,8,30,840,1,1,1,1,2,032,RD 2089,,,,630
201300031756,13,8,30,1700,1,2,1,1,4,113,LAVOISIERS (BD),,,,630
201300031757,13,8,30,1946,1,2,1,1,6,113,PONCILLON (RUE),,,,630
201300031758,13,8,31,1205,1,2,1,1,6,113,"23, BALLAINVILLIERS (RUE",M,4577533,0308685,630
201300031759,13,9,2,550,1,2,1,1,3,113,"1, RECLUS (AVENUE ELISEE",M,4578875,0313940,630
201300031760,13,9,2,1055,1,2,1,1,6,113,"120, SOUS LES VIGNES (RU",M,4580300,0310777,630
201300031761,13,9,2,1035,1,2,1,1,3,032,"85, NOELLET (AVENUE JEAN",M,4575852,0310194,630
201300031762,13,9,3,806,1,2,1,1,6,113,"9, KENNEDY (BD J.F.)",M,4579900,0312200,630
201300031763,13,9,3,1320,1,2,2,1,3,075,"1, CLAUSSAT (AVENUE JOSE",M,4577725,0307265,630
201300031764,13,9,3,1435,1,2,1,1,2,113,"34, TORPILLEUR SIROCCO (",M,4580959,0310713,630
201300031765,13,9,4,1700,1,2,1,1,3,113,"32, NIEL (RUE)",M,4578280,0310286,630
201300031766,13,9,5,1632,1,2,1,1,4,113,BLERIOT (AVENUE LOUIS),,,,630
201300031767,13,9,7,38,5,2,1,1,6,014,"32, LAVOISIER (AVENUE)",M,4575526,0314303,630
201300031768,13,9,7,1710,1,2,1,1,6,113,"1, VILLEVAUD (RUE)",,,,630
201300031769,13,9,8,1355,1,2,1,2,6,014,"1, RAMACLES (PLACE DES)",,,,630
201300031770,13,9,8,1455,1,2,1,1,6,113,ROSSIGNOL (RUE),,,,630
201300031771,13,9,8,1526,1,2,1,1,2,113,ORADOU (RUE DE L'),,,,630
201300031772,13,9,6,1120,1,2,1,1,6,113,BARRIERE DE JAUDE (RUE),,,,630
201300031773,13,9,9,735,1,2,1,1,6,113,"37, MONTLOSIER (RUE)",,,,630
201300031774,13,9,9,1302,1,2,1,1,7,113,"1, BOURDON (RUE DE)",,,,630
201300031775,13,9,9,1630,1,2,1,1,6,113,ALLAGNAT (RUE D'),,,,630
201300031776,13,9,10,1730,1,2,1,1,2,113,"., JOUHAUX (BD LEON)",,,,630
201300031777,13,9,11,1550,1,2,1,1,6,113,JAUDE PLACE DE),M,4577656,0308213,630
201300031778,13,9,12,1251,1,2,1,1,6,113,TRUDAINE (BD),,,,630
201300031779,13,9,13,2215,5,2,1,1,2,113,"1, DELILLE (PLACE)",M,4578047,0309108,630
201300031780,13,9,15,550,5,2,3,1,3,113,"109, LAFAYETTE (BD)",M,4577049,0310132,630
201300031781,13,9,16,1827,1,2,1,1,3,014,ROUSSILLON (AVENUE DU),,,,630
201300031782,13,9,18,712,1,2,1,9,6,113,"21, ITALIE (AVENUE DE L'",M,4577982,0309583,630
201300031783,13,9,18,845,1,2,1,1,6,308,"1, MONTCHALAMET (BOULEVA",,,,630
201300031784,13,9,18,1345,1,2,1,1,3,113,"15, PONCILLON (RUE)",M,4576464,0308351,630
201300031785,13,9,18,1745,1,2,1,1,3,113,ROUVIER (RUE),,,,630
201300031786,13,9,18,1825,1,2,1,1,6,113,BOUSSET (ALLEE DU),,,,630
201300031787,13,9,18,1845,1,2,1,1,2,113,"2, MEUNIERS (RUE DES)",M,4576827,0310456,630
201300031788,13,9,18,2120,3,2,1,1,3,113,"., POMPIDOU (BD GEORGES)",,,,630
201300031789,13,9,19,845,1,2,1,1,6,113,CHARRAS (AVENUE),,,,630
201300031790,13,9,19,904,1,2,1,1,6,113,L'HOSPITAL (PLACE MICHEL,M,4577744,0308891,630
201300031791,13,9,19,915,1,2,1,1,4,113,"21, CHURCHILL (BD WINSTO",M,4576127,0309449,630
201300031792,13,9,19,2045,5,2,2,1,3,113,"., BARBIER DAUBREE (AVEN",M,4578838,0309549,630
201300031793,13,9,19,2030,5,2,1,1,4,113,QUINET (BD EDGAR),M,0000000,0000000,630
201300031794,13,9,30,1930,1,2,1,1,6,113,"13, FLEURY (BD)",M,4577405,0309552,630
201300031795,13,9,21,940,1,2,6,1,3,113,"1, JOUHAUX (BD LEON)",,,,630
201300031796,13,9,21,1140,1,2,1,1,2,113,"1, ORADOU (RUE DE L')",,,,630
201300031797,13,9,24,1850,2,2,2,1,3,113,FLAUBERT (BD GUSTAVE),M,4576421,0312553,630
201300031798,13,9,25,1520,1,2,1,1,3,113,CHAPPE (RUE),,,,630
201300031799,13,9,25,1738,1,2,1,1,6,113,"5, BLERIOT (AVENUE LOUIS",M,4578208,0313295,630
201300031800,13,9,26,1340,1,2,1,1,2,113,"1, BERTHELOT (BOULEVARD)",,,,630
201300031801,13,9,24,709,2,2,1,1,3,113,"1, BERTHELOT (BOULEVARD)",,,,630
201300031802,13,9,20,1345,1,2,1,1,6,113,"1, RIBOT (RUE ALEXANDRE)",,,,630
201300031803,13,9,27,1640,1,2,1,1,3,032,"1, MAS (RUE DU)",,,,630
201300031804,13,9,27,2050,5,2,2,1,3,113,"1, MAYER (BD DANIEL)",M,4579256,0309163,630
201300031805,13,9,28,425,5,2,1,1,6,113,DURAND (RUE GILLES),,,,630
201300031806,13,9,28,850,1,2,1,1,3,014,"1, ROUSSILLON (AVENUE DU",,,,630
201300031807,13,9,29,1921,1,2,1,1,6,113,"111, REPUBLIQUE (AVENUE",M,4578879,0310813,630
201300031808,13,9,29,530,2,2,1,1,6,113,CLEMENCEAU (AVENUE GEORG,,,,630
201300031809,13,9,30,945,1,2,1,1,2,070,"., MARROU (AVENUE JEAN-B",,,,630
201300031810,13,9,28,2240,5,2,1,8,3,113,"1, CHANTERANNE (RUE DE)",,,,630
201300031811,13,9,30,950,1,2,2,1,3,014,"1, ROUSSILLON (AVENUE DU",M,4575553,0312928,630
201300031812,13,9,30,2115,5,2,1,1,6,075,"1, BERGOUGNAN (AVENUE)",,,,630
201300031813,13,10,3,747,2,2,1,1,3,113,BOURDON (RUE DE),,,,630
201300031814,13,10,3,2115,2,2,1,1,3,113,CARNOT (AVENUE),,,,630
201300031815,13,10,4,830,1,2,1,1,2,113,FLEURY (BD),,,,630
201300031816,13,10,4,939,1,2,1,2,6,113,"55, COURTIAUX (RUE DES)",M,4576870,0312952,630
201300031817,13,10,4,1210,1,2,1,1,6,113,"1, FORGE (RUE DE LA)",,,,630
201300031818,13,10,4,2250,5,2,1,1,2,113,MITTERRAND (BD FRANCO,,,,630
201300031819,13,10,4,1740,1,2,1,2,6,113,COURTIAUX (RUE DES),,,,630
201300031820,13,10,6,1700,1,2,1,1,3,113,PALISSY (RUE BERNARD),,,,630
201300031821,13,10,5,1931,5,2,1,1,6,014,MARGERIDE (AVENUE DE LA),,,,630
201300031822,13,10,7,2140,5,1,1,8,3,113,CRISTAL (AVENUE ERNES,,,,630
201300031823,13,10,8,800,2,2,2,1,3,113,"2, KESSLER (RUE)",M,4576960,0308729,630
201300031824,13,10,10,1210,1,2,1,1,3,113,MONTALEMBERT (RUE),,,,630
201300031825,13,10,10,1620,1,2,1,1,3,113,BOURDON (RUE DE),,,,630
201300031826,13,10,12,1545,1,2,1,1,2,014,CURABET (RUE JEAN),,,,630
201300031827,13,10,13,615,5,2,2,1,6,113,"., JAURES (BD JEAN)",M,4576799,0308661,630
201300031828,13,10,14,746,1,2,1,1,3,113,TORPILLEUR SIROCCO (RUE,,,,630
201300031829,13,10,14,1420,1,2,1,1,6,113,TORPILLEUR SIROCCO (RUE,,,,630
201300031830,13,10,15,820,1,2,1,1,1,308,"., AGID (AVENUE JOSEPH)",,,,630
201300031831,13,10,16,1105,1,2,1,1,3,113,MONTALEMBERT (RUE),,,,630
201300031832,13,10,16,1330,1,2,1,1,6,075,"29, GARE (AVENUE DE LA G",M,4576778,0306022,630
201300031833,13,10,17,925,1,2,1,1,3,075,"1, BRIAND (AVENUE ARISTI",,,,630
201300031834,13,10,17,1530,1,2,1,1,7,113,"18, NERUDA (RUE PABLO)",M,4576672,0312235,630
201300031835,13,10,17,1610,1,2,1,1,6,113,"1, PRE COMTAL (RUE DE)",,,,630
201300031836,13,10,18,750,1,2,3,1,3,113,"., COTEPET (RUE DE)",M,4575884,0308125,630
201300031837,13,10,18,1048,1,2,1,1,4,113,LAGRANGE (RUE LEO),,,,630
201300031838,13,10,18,1122,1,2,1,1,6,113,"., POURCHON (BD MAURICE)",,,,630
201300031839,13,10,18,1300,1,2,1,1,3,075,"46, BERTHELOT (BOULEVARD",M,4578078,0307110,630
201300031840,13,10,18,1310,1,2,1,1,1,113,"3, CATAROU (RUE DE)",M,4578909,0310428,630
201300031841,13,10,18,1530,1,2,1,1,6,113,BLUM (AVENUE LEON),,,,630
201300031842,13,10,18,1715,1,2,3,1,3,032,"2, CANAL (RUE DU)",M,4574929,0308793,630
201300031843,13,10,20,25,5,2,1,1,6,113,PERI (RUE GABRIEL),,,,630
201300031844,13,10,22,1229,1,2,1,1,6,113,MOULIN (RUE DU),,,,630
201300031845,13,10,22,1400,1,2,1,1,3,113,"17, CARTOUCHERIE (RUE DE",M,4577483,0310380,630
201300031846,13,10,23,1014,1,2,3,2,6,113,"1, GILBERT (RUE EUGENE)",M,4577375,0308145,630
201300031847,13,10,23,1520,1,2,1,1,6,113,CARNOT (AVENUE),,,,630
201300031848,13,10,24,740,1,2,1,1,6,113,LOUCHEUR (BD LOUIS),,,,630
201300031849,13,10,24,1620,1,2,1,1,6,113,POINCARE (COURS RAYMOND),,,,630
201300031850,13,10,26,1800,5,2,1,1,6,113,"1, SAINT ANTOINE (RUE)",M,4579162,0311320,630
201300031851,13,10,26,1930,2,2,1,1,6,113,"220, PRADELLE (RUE DE LA",M,4577281,0311833,630
201300031852,13,10,26,1930,1,2,1,1,3,113,"28, PASTEUR (BD)",M,4577257,0307905,630
201300031853,13,10,27,400,5,2,1,1,6,113,"., BONNABAUD (RUE)",,,,630
201300031854,13,10,28,1515,1,2,1,8,3,014,"1, GREVENMACHER (RUE DE)",M,4575334,0311718,630
201300031855,13,10,29,1354,1,2,1,1,3,075,"1, VOLTAIRE (RUE)",M,4577903,0306488,630
201300031856,13,10,29,1640,1,2,1,1,3,014,"1, CRISTAL (AVENUE ERNES",M,4575971,0314163,630
201300031857,13,10,29,2130,5,2,1,1,3,113,REPUBLIQUE (AVENUE DE LA,,,,630
201300031858,13,11,2,30,5,2,1,1,3,113,"1, LAVOISIERS (BD)",,,,630
201300031859,13,10,31,1853,2,2,1,1,4,113,"11, BRIAND (BD ARISTIDE)",M,4577247,0307511,630
201300031860,13,11,3,1555,1,2,1,1,7,014,"., SAHUT (RUE DU DOCTEUR",,,,630
201300031861,13,11,4,856,1,2,1,1,1,113,PERI (RUE GABRIEL),,,,630
201300031862,13,11,4,911,1,2,1,1,6,113,KENNEDY (BD J.F.),,,,630
201300031863,13,11,5,1655,1,2,1,1,6,113,"21, DUMAS (BD J.BAPTISTE",M,4578716,0308705,630
201300031864,13,11,6,730,1,2,1,8,3,113,"1, AGRICULTURE (AVENUE D",,,,630
201300031865,13,11,6,1900,5,2,1,1,6,113,"23, SABLON (COURS)",M,4577533,0309008,630
201300031866,13,11,7,1735,2,2,1,1,6,113,JAURES (BD JEAN),,,,630
201300031867,13,11,8,1336,1,2,2,1,6,113,"., BLUM (AVENUE LEON)",M,4577189,0309382,630
201300031868,13,11,9,1111,1,2,1,1,7,014,"., AURIOL (RUE JACQUELIN",,,,630
201300031869,13,11,9,1515,1,2,1,1,3,113,"1, BOURDON (RUE DE)",,,,630
201300031870,13,11,10,1600,1,2,1,1,1,113,"23, TOURRETTE (RUE)",M,4579933,0311748,630
201300031871,13,11,12,840,1,2,1,1,7,113,MOULIN (BD JEAN),,,,630
201300031872,13,11,13,655,5,2,1,1,6,113,"6, MALLET (RUE ALBERT)",M,4576512,0309086,630
201300031873,13,11,14,750,5,2,1,8,6,113,"1, JOUHAUX (BD LEON)",M,4579695,0311622,630
201300031874,13,11,15,1229,1,2,1,1,6,113,"1, MONTALEMBERT (RUE)",M,4575747,0309446,630
201300031875,13,11,15,1230,1,2,1,1,7,113,"., JAURES (BD JEAN)",,,,630
201300031876,13,11,15,1335,1,2,1,1,6,113,PLANCHETTES (RUE DES),,,,630
201300031877,13,11,15,1545,1,2,1,3,6,113,"0, FONTGIEVE (RUE)",,,,630
201300031878,13,11,15,1750,5,2,1,8,5,113,"1, MAYER (BD DANIEL)",,,,630
201300031879,13,11,16,450,5,2,1,1,6,113,"8, TORPILLEUR SIROCCO (R",M,4581555,0310699,630
201300031880,13,11,16,2245,5,2,1,1,6,113,POCHET LAGAYE (BD PAUL),,,,630
201300031881,13,11,17,50,5,2,1,1,4,113,"56, ITALIE (AVENUE DE L'",M,4577869,0309600,630
201300031882,13,11,17,950,1,2,1,1,6,113,DUNANT (PLACE HENRI),,,,630
201300031883,13,11,17,1025,1,2,1,8,6,113,"4, VERCINGETORIX (AVENUE",M,4577347,0308683,630
201300031884,13,11,18,1230,1,2,1,1,6,113,"1, ROTONDE (RUE DE LA)",,,,630
201300031885,13,11,18,738,2,2,1,1,6,113,"0, RAYNAUD (RUE FERNAND)",,,,630
201300031886,13,11,18,1700,1,2,1,1,2,070,"1, MARROU (AVENUE JEAN-B",,,,630
201300031887,13,11,19,735,5,2,1,2,2,113,"0, SCHUMAN (BD ROBERT)",,,,630
201300031888,13,11,19,744,1,2,1,1,6,075,BERTHELOT (BOULEVARD),,,,630
201300031889,13,11,19,900,1,2,1,2,6,070,"., LIBERATION (AVENUE DE",,,,630
201300031890,13,11,20,840,1,2,1,2,2,113,"29, LAFAYETTE (BD)",M,4577348,0309142,630
201300031891,13,11,20,1720,5,2,1,8,6,113,"1, DOLET (RUE ETIENNE)",,,,630
201300031892,13,11,21,745,2,2,1,1,6,113,"1, ROUVIER (RUE)",,,,630
201300031893,13,11,22,840,1,2,3,1,7,113,"., ROUVIER (RUE)",M,4580657,0311249,630
201300031894,13,11,22,1310,1,2,1,1,6,113,PELISSIER (RUE),,,,630
201300031895,13,11,23,1823,5,2,1,9,6,113,LAMARTINE (PLACE),,,,630
201300031896,13,11,23,2030,5,2,1,1,3,113,FLAUBERT (BD GUSTAVE),,,,630
201300031897,13,11,24,1744,2,2,1,8,3,113,"., FLAUBERT (BD GUSTAVE)",,,,630
201300031898,13,11,25,2040,5,2,1,1,6,113,"1, UNION SOVIETIQUE (AVE",,,,630
201300031899,13,11,26,1445,1,1,1,1,6,113,"., FLAUBERT (BD GUSTAVE)",,,,630
201300031900,13,11,27,1615,1,2,1,1,6,113,MITTERRAND (BD FRANCOIS),,,,630
201300031901,13,11,27,1638,1,2,1,1,6,113,"., BLERIOT (AVENUE LOUIS",,,,630
201300031902,13,11,27,1750,5,2,1,1,6,113,"25, DOLET (RUE ETIENNE)",M,4576440,0308659,630
201300031903,13,12,2,1155,1,2,1,1,6,113,GUYNEMER (RUE),,,,630
201300031904,13,12,2,2255,5,2,1,1,6,113,"., TRUDAINE (BD)",,,,630
201300031905,13,12,7,20,5,2,1,1,6,113,DOLET (RUE ETIENNE),,,,630
201300031906,13,12,12,1850,3,1,1,1,2,113,A711,,,,630
201300031907,13,12,16,2225,5,2,1,1,6,113,SABLON (COURS),,,,630
201300031908,13,12,14,1330,1,2,1,1,6,113,"44, JOUHAUX (BD LEON)",M,4579345,0311762,630
201300031909,13,12,25,2350,5,2,1,2,6,113,"1, BRUGIERE (BD AMBROISE",M,4579214,0311805,630
201300031910,13,12,28,341,5,2,1,1,2,113,"11, BRIAND (BD ARISTIDE)",M,4577249,0307512,630
201300031911,13,12,29,2032,5,2,1,1,6,113,DUMAS (BD J.BAPTISTE),,,,630
201300031912,13,12,26,1710,2,2,1,1,3,124,"37, AUBIERE (AV. D')",M,4575033,0315932,630
201300031913,13,2,9,1345,1,2,1,9,3,124,"15, LIBERTE (AVENUE DE L",,,,630
201300031914,13,2,9,1830,2,2,2,9,3,069,AUZON (AVENUE DE L'),M,4571845,0318450,630
201300031915,13,2,17,1540,1,2,1,1,3,124,"24, DOMES (AVENUE DES)",M,4573116,0319646,630
201300031916,13,2,26,1920,5,2,2,1,3,193,RD 769,M,4578011,0320257,630
201300031917,13,2,28,1530,1,2,4,1,3,193,RD 766,M,4577963,0320370,630
201300031918,13,3,12,2000,5,2,2,1,2,193,GRASSETTE (RUE DE LA),M,4577269,0318425,630
201300031919,13,3,18,1400,1,1,1,1,2,124,D137,,,,630
201300031920,13,3,27,1620,1,1,1,1,5,124,CLERMONT (AVENUE DE),,,,630
201300031921,13,3,28,1210,1,1,1,2,3,124,av de Clermont,,,,630
201300031922,13,3,31,1700,1,2,1,1,6,193,ONDRES (RUE D'),M,4576880,0318398,630
201300031923,13,4,23,1625,1,2,1,1,5,124,LECLERC (AVENUE MARECHAL,M,4573813,0316922,630
201300031924,13,4,24,1755,1,2,1,1,2,124,PASTEUR (BOULEVARD),M,4573033,0320608,630
201300031925,13,4,24,1825,1,2,1,1,7,124,"02, ROUX (BOULEVARD EMIL",M,4573299,0321061,630
201300031926,13,5,6,1025,1,1,2,1,5,193,RD 766,,,,630
201300031927,13,4,30,815,1,2,6,2,7,193,RD 766,M,4577656,0319756,630
201300031928,13,5,13,1225,1,2,1,1,2,124,CLEMENCEAU (AV. GEORGES),,,,630
201300031929,13,5,27,1645,1,2,2,1,3,193,RD 769,,,,630
201300031930,13,5,30,810,1,1,3,1,3,193,RD 766,M,4577670,0318025,630
201300031931,13,6,3,1755,1,2,2,1,3,193,RD 769,M,4578066,0320584,630
201300031932,13,6,15,1150,1,2,2,1,3,193,RD 769,M,4577929,0320352,630
201300031933,13,6,19,1530,1,2,1,1,1,124,"13, MERMOZ (RUE JEAN)",M,4574722,0316750,630
201300031934,13,6,30,1945,1,2,6,1,3,124,LIBERATION (AV. DE LA),M,4573568,0319296,630
201300031935,13,6,26,1850,1,2,1,1,2,272,COURNON (ROUTE DE),,,,630
201300031936,13,6,20,1325,1,1,1,1,6,193,RD 52,,,,630
201300031937,13,7,1,1850,1,2,4,1,3,193,RD 766,M,4577559,0319262,630
201300031938,13,7,3,2225,5,2,1,1,7,193,VAUGONDIERES (CHEMIN DES,,,,630
201300031939,13,8,5,645,2,2,6,1,3,124,HUGUET (CARREFOUR ROBERT,M,4574616,0321179,630
201300031940,13,8,31,1055,1,2,2,1,7,124,AUBIERE (AV. D'),M,4574339,0316753,630
201300031941,13,9,3,1745,1,2,1,1,3,124,"23, JOFFRE (AVENUE MAREC",M,4573242,0318926,630
201300031942,13,9,6,1840,1,1,1,1,7,193,COURNON (RUE DE),,,,630
201300031943,13,9,12,1450,1,1,1,1,3,124,SARLIEVES (RUE DE),,,,630
201300031944,13,9,23,845,1,2,1,1,3,069,AUZON (AVENUE DE L'),,,,630
201300031945,13,9,27,1600,1,2,1,1,7,124,MIDI (AVENUE DU),,,,630
201300031946,13,9,28,1455,1,2,2,1,3,124,DOMES (AVENUE DES),M,4573372,0320674,630
201300031947,13,10,1,1210,1,2,6,1,3,124,LECLERC (AVENUE MARECHAL,M,4574106,0317459,630
201300031948,13,10,15,725,2,2,3,2,5,124,CENDRE (ROUTE DU),,,,630
201300031949,13,10,15,1810,1,1,6,2,2,193,RD 766,M,4578415,0321330,630
201300031950,13,10,18,2145,5,1,1,1,6,193,RD 52,,,,630
201300031951,13,11,13,920,1,2,1,2,7,193,MILAN (RUE DE),,,,630
201300031952,13,11,25,1925,5,2,3,1,3,193,SAINT-VERNY (RUE),M,4576833,0319666,630
201300031953,13,11,29,530,3,1,1,1,6,124,LEMPDES (AVENUE DE),,,,630
201300031954,13,11,29,1145,1,2,1,8,3,069,CLERMONT-FERRAND (ROUTE,,,,630
201300031955,13,12,1,1400,1,1,1,1,3,193,RD 769,,,,630
201300031956,13,12,4,1830,5,2,1,1,6,124,"52, DOMES (AVENUE DES)",M,4573109,0320238,630
201300031957,13,12,6,1315,1,2,1,1,6,193,RD 766,,,,630
201300031958,13,12,6,1730,5,2,2,1,6,272,REPUBLIQUE (AVENUE DE),M,4574000,0314035,630
201300031959,13,12,17,1225,1,2,1,1,2,193,RD 769,,,,630
201300031960,13,2,1,1215,1,2,1,1,6,164,"., Malintrat ( route de",M,4548538,0345699,630
201300031961,13,3,30,2050,5,2,3,2,3,164,MARTYRS (RUE DES),M,4581911,0315009,630
201300031962,13,5,12,840,1,2,2,1,6,164,"., CHARMES (CARREFOUR DE",,,,630
201300031963,13,6,6,1510,1,2,1,1,6,164,"., SOUS LES ORS (RUE)",,,,630
201300031964,13,6,8,1140,1,2,1,1,6,063,"face 8 bis, PERCHES (COU",M,4583020,0309987,630
201300031965,13,6,16,915,1,2,1,1,6,063,"20, CHATEAUGAY (RUE DE)",M,4583383,0309650,630
201300031966,13,6,23,2115,1,2,2,1,6,113,"., Torpilleur Sirocco (",M,4581672,0310693,630
201300031967,13,8,5,1130,1,2,1,1,6,063,"., ORANGE (RUE)",,,,630
201300031968,13,8,7,1715,1,2,6,1,3,164,Rond point de COURLANDE,,,,630
201300031969,13,8,10,1700,1,2,2,1,6,063,"3, HUIT MAI (AVENUE DU)",M,4583037,0310232,630
201300031970,13,8,12,2030,1,2,6,1,6,164,"., CHARRIER (RUE FRANCOI",M,4582712,0315085,630
201300031971,13,10,17,1010,1,2,1,2,7,164,"17, CURIE (RUE PIERRE ET",M,4581592,0314680,630
201300031972,13,10,22,1900,2,2,1,1,6,164,"., CEBAZAT (ROUTE DE)",,,,630
201300031973,13,10,24,1215,1,2,3,1,3,164,FERRY (RUE JULES),M,4582004,0314409,630
201300031974,13,11,6,2135,4,2,1,1,6,063,RD 2009,,,,630
201300031975,13,12,6,1945,3,2,1,1,6,019,"., GERZAT (ROUTE DE)",,,,630
201300031976,13,12,2,1745,3,2,1,1,6,164,"., CEBAZAT (ROUTE DE)",,,,630
201300031977,13,3,20,1,5,2,3,1,6,300,RD 2029,M,4587935,0311402,630
201300031978,13,6,7,1815,1,2,1,1,3,300,CHATELGUYON-GUYON (AVENU,,,,630
201300031979,13,6,22,1100,1,2,2,1,6,300,"., CLERMONT (AVENUE DE)",M,4553129,0345699,630
201300031980,13,7,6,1730,1,2,1,1,6,103,RD 227,M,4555225,0345699,630
201300031981,13,10,11,2040,3,1,1,8,5,103,RD 227,,,,630
201300031982,13,11,5,1845,2,2,3,1,6,300,SERVET MICHEL (RUE),M,4588205,0312218,630
201300031983,13,11,8,1330,1,2,1,1,6,300,"79, CLEMENTEL ETIENNE (B",M,4589001,0311266,630
201300031984,13,1,5,1115,1,2,1,8,2,102,180 AV HENRI DE NAVARRE,M,4351210,-143997,640
201300031985,13,1,10,1630,1,2,1,2,6,102,RUE ANTOINE LABARTHE,M,4348940,-148363,640
201300031986,13,1,11,2215,5,2,3,8,3,102,25 RUE CHARLES FLOQUET,M,4349340,-146536,640
201300031987,13,1,12,840,1,2,3,3,6,102,ALLEES BOUFFLERS,M,4349250,-147132,640
201300031988,13,1,16,730,5,2,1,3,6,102,AV DU 8 MAI 1945,M,4347640,-148416,640
201300031989,13,1,22,1735,2,2,1,2,1,024,7 ROUTE DE MAIGNON,M,4347890,-150480,640
201300031990,13,1,23,1530,1,2,1,2,6,102,2 AV PAUL PRAS,M,4348520,-147633,640
201300031991,13,1,24,800,2,2,6,2,6,024,RP DOCTEUR LACROIX,M,4347770,-152384,640
201300031992,13,1,29,750,2,2,6,1,3,024,ROND POINT DE BAHINOS,M,4349400,-151851,640
201300031993,13,2,5,1015,1,2,3,8,2,024,AV DE BIARRITZ,M,4348110,-153457,640
201300031994,13,2,7,750,1,2,1,8,1,024,14 RUE DE NUMA,M,4348670,-150365,640
201300031995,13,2,10,930,1,1,1,8,7,102,BD D'ARITXAGUE,M,4347130,-149165,640
201300031996,13,2,10,1520,1,2,3,1,3,024,RUE DE BITACHON,M,4349110,-151373,640
201300031997,13,2,16,1050,1,2,3,1,3,024,RUE DES BARTHES,M,4348350,-150831,640
201300031998,13,2,20,850,1,2,1,1,2,102,GIRATOIRE DE BEYRIS,M,4347900,-149848,640
201300031999,13,2,20,1245,1,2,1,1,3,102,42 AV HENRI DE NAVARRE,M,4349810,-144841,640
201300032000,13,2,27,1740,1,2,1,1,7,102,17 RUE RENE CUZACQ,M,4349370,-145927,640
201300032001,13,3,5,1510,1,2,3,1,3,024,AV DE BAYONNE,M,4348120,-151064,640
201300032002,13,3,13,2000,5,2,1,4,6,102,6 RUE D' ESPAGNE,M,4348860,-147792,640
201300032003,13,3,15,1555,1,2,3,1,3,024,AV DE BAYONNE/MINERVA,M,4348120,-151064,640
201300032004,13,3,15,1800,1,2,1,1,6,102,5 AV JOUANDIN,M,4350290,-145231,640
201300032005,13,3,21,820,1,2,1,1,6,102,45 AV ALLEES MARINES,M,4349860,-148773,640
201300032006,13,3,23,1250,1,2,1,1,3,102,AV DU 8 MAI 1945,M,4346690,-149295,640
201300032007,13,3,29,1610,1,2,1,8,6,102,PLACE DU REDUIT,M,4349250,-147355,640
201300032008,13,3,29,1710,1,2,6,8,6,024,ROND POINT DU CADRAN,M,4348330,-150195,640
201300032009,13,3,31,1610,1,2,1,1,3,024,AV DE BAYONNE,M,4348120,-151077,640
201300032010,13,4,3,1220,1,2,1,1,3,024,44 AV CHAMBRE D' AMOUR,M,4349510,-153360,640
201300032011,13,4,4,1310,1,2,1,2,2,024,20 AVENUE D' ESPAGNE,M,4347980,-151679,640
201300032012,13,4,7,1720,1,2,1,1,7,024,RUE DU BOIS BELIN,M,4349250,-152100,640
201300032013,13,4,13,1920,1,2,6,1,3,102,AV AQUITAINE,M,4348670,-146903,640
201300032014,13,4,13,2015,1,2,1,1,3,102,RUE DE LACHEPAILLET,M,4348990,-147919,640
201300032015,13,4,15,750,1,2,2,1,3,102,AV DU 8 MAI 1945,M,4347640,-148407,640
201300032016,13,4,15,1840,1,2,1,1,3,102,168 AV HENRI DE NAVARRE,M,4351120,-144216,640
201300032017,13,4,17,1615,1,2,3,1,3,024,AV DE BAYONNE,M,4348250,-150532,640
201300032018,13,4,20,1823,1,2,3,1,3,024,AV JEAN LEON LAPORTE,M,4348760,-150078,640
201300032019,13,4,20,2150,5,2,6,1,7,024,GIRATOIRE DE LABORDOTTE,M,4346500,-149961,640
201300032020,13,4,21,2045,2,2,1,1,2,024,GIRATOIRE DE MAIGNON,M,4346080,-149611,640
201300032021,13,4,23,1925,1,2,1,1,7,024,37 AV DE BIARRITZ,M,4348030,-152021,640
201300032022,13,4,25,1718,1,2,1,1,3,024,RUE DU BOIS BELIN,M,4349330,-151497,640
201300032023,13,4,25,1920,1,2,1,1,4,140,QUAI DE LA DOUANE,M,4352270,-149023,640
201300032024,13,4,30,930,1,2,3,2,3,102,AV FAURIE,M,4348260,-148342,640
201300032025,13,5,4,1440,1,2,1,1,7,102,86 DUVERGIER DE HAURANNE,M,4348080,-146301,640
201300032026,13,5,4,1725,1,2,1,1,7,102,31 AV DOCTEUR DELVAILLE,M,4350710,-148593,640
201300032027,13,5,7,955,1,2,1,8,3,102,45 AV LOUIS DE FOIX,M,4350820,-146761,640
201300032028,13,5,10,1525,1,2,1,1,6,024,PLACE DE GAULLE,M,4348220,-151462,640
201300032029,13,5,11,1845,1,2,1,1,5,102,ALLEES MARINES/NARBAITZ,M,4349780,-148591,640
201300032030,13,5,21,1830,1,2,1,2,7,024,65 AV D'ESPAGNE,M,4347740,-152438,640
201300032031,13,5,22,1430,1,2,3,2,6,102,RUE ALFRED BOULAND,M,4349520,-148783,640
201300032032,13,5,22,1345,1,2,1,3,7,102,BD D'ARITXAGUE,M,4347400,-148984,640
201300032033,13,6,10,1455,1,2,6,1,3,102,ROND POINT AMADE,M,4350230,-147832,640
201300032034,13,6,10,2150,2,2,1,1,7,102,BD DU BAB,M,4349710,-148774,640
201300032035,13,6,14,2025,1,2,1,1,2,024,14 RUE DES BARTHES,M,4348340,-151099,640