Num_Acc,an,mois,jour,hrmn,lum,agg,int,atm,col,com,adr,gps,lat,long,dep
201300032302,13,6,12,1750,1,2,3,1,3,335,JEAN PREVOST/BD EUROPE,M,4333210,-045135,640
201300032303,13,6,14,1605,1,2,1,7,2,348,123 ROUTE DE BAYONNE,M,4330620,-040362,640
201300032304,13,6,16,1135,1,2,1,1,6,445,27 RUE DE VINCENNES,M,4332930,-037772,640
201300032305,13,6,16,1600,1,2,1,1,3,284,"0,CHEMIN DE LAROIN",M,4328590,-041293,640
201300032306,13,6,19,1216,1,2,1,1,2,129,52 RUE DES MARNIERES,M,4330350,-038815,640
201300032307,13,6,19,1530,1,2,3,2,1,445,RUE DESPOURRINS/GUICHENE,M,4329900,-036668,640
201300032308,13,6,19,1524,1,2,3,2,3,348,43 BD CHARLES DE GAULLE,M,4330870,-040825,640
201300032309,13,6,19,2030,2,2,1,2,6,445,2 RUE DES ALLIES,M,4330210,-036729,640
201300032310,13,6,20,1122,1,2,1,1,4,445,AV GENERAL POEYMIRAU,M,4329570,-035913,640
201300032311,13,6,20,1400,1,2,1,1,1,445,"0,BD OLOF PALME",,,,640
201300032312,13,6,20,1830,1,2,1,1,6,445,43 AV DU LOUP,M,4330890,-035577,640
201300032313,13,6,20,2000,2,2,1,1,5,445,"0,BD OLOF PALME",,,,640
201300032314,13,6,21,825,2,2,2,2,2,445,AV DE BUROS/CAMIE SALIE,M,4332660,-034169,640
201300032315,13,6,25,1205,1,2,1,1,2,041,10 RUE MATACHOT,M,4328120,-033362,640
201300032316,13,6,26,1216,1,2,1,1,2,284,31 RUE OLLE LAPRUNE,M,4328550,-038844,640
201300032317,13,7,2,1500,1,2,1,1,2,445,AV MARECHAL LECLERC,M,4330570,-033712,640
201300032318,13,7,2,1605,1,2,3,1,3,445,RUE RAUSKY/C DE RIBES,M,4330290,-037890,640
201300032319,13,7,2,1740,1,2,1,1,4,348,"0,AV DE SANTONA",,,,640
201300032320,13,7,2,1900,1,2,1,1,2,269,"0, D938",,,,640
201300032321,13,7,5,900,1,2,1,1,6,445,148 AV ALFRED NOBEL,M,4332020,-030523,640
201300032322,13,7,5,1200,1,2,1,1,3,335,AV SANTOS-DUMONT,M,4331940,-042425,640
201300032323,13,7,5,2005,1,2,3,1,3,284,AV CORPS FRANC POMMIES,M,4329220,-040124,640
201300032324,13,7,6,1118,1,2,1,1,4,445,68 AV GENERAL LECLERC,M,4330350,-034777,640
201300032325,13,7,8,1730,1,2,1,1,6,445,10 AV MARECHAL LECLERC,M,4330600,-033579,640
201300032326,13,7,8,1825,1,2,2,1,3,445,RUE DE PORTET,M,4332020,-034219,640
201300032327,13,7,9,1136,1,2,6,1,3,445,RP VICTOR SCHOELCHER,M,4332150,-035919,640
201300032328,13,7,10,1210,1,2,1,1,2,445,4 COURS LEON BERARD,M,4331370,-036977,640
201300032329,13,7,10,1215,1,2,1,1,6,445,33 RUE MICHEL HOUNAU,M,4330210,-036560,640
201300032330,13,7,12,1625,1,2,1,1,6,335,AV ANDRE MARIE AMPERE,M,4331560,-043026,640
201300032331,13,7,12,2004,1,2,1,1,6,445,9 RUE PIERRE MASSE,M,4331270,-035819,640
201300032332,13,7,13,1048,1,2,2,1,3,284,CORPS FRANC POMMIES/ARTI,M,4329210,-040125,640
201300032333,13,7,17,1600,1,2,6,1,3,335,AV SANTOS-DUMONT,M,4332330,-042057,640
201300032334,13,7,17,2030,1,2,1,1,3,335,BD DE L' EUROPE/SNCF,M,4331790,-042716,640
201300032335,13,7,18,1752,1,2,1,1,3,445,55 RUE 18EME REGIMENT,M,4329780,-038585,640
201300032336,13,7,18,2245,3,2,1,1,6,129,2 RUE SAINT EXUPERY,M,4331330,-038102,640
201300032337,13,7,20,1630,1,2,3,1,3,445,AV LILAS/BD TOURASSE,M,4330930,-034416,640
201300032338,13,7,21,1045,1,2,3,1,3,348,AV F ET I JOLIOT CURIE,M,4330850,-042730,640
201300032339,13,7,26,833,1,2,1,1,3,348,BD DE L' EUROPE,M,4332620,-038713,640
201300032340,13,7,29,818,1,2,1,1,3,445,RENE MOUCHOTTE,M,4330520,-032860,640
201300032341,13,8,1,652,1,2,1,1,6,445,100 BD ALSACE LORRAINE,M,4330530,-037316,640
201300032342,13,8,6,1710,1,2,6,1,6,129,"0, AV MARCEL DASSAULT",M,4330130,-040976,640
201300032343,13,8,8,1815,1,2,1,1,3,445,4 AV GEN DE GAULLE,M,4330210,-035517,640
201300032344,13,8,11,2055,1,2,3,1,3,445,RUE PANORAMA /MOUCHOTTE,M,4330260,-031924,640
201300032345,13,8,13,1419,1,2,1,1,6,445,24 RUE CHANOINE LABORDE,M,4330520,-036100,640
201300032346,13,8,13,1748,1,2,1,1,3,445,BD DE L' EUROPE/BYRON,M,4332650,-032938,640
201300032347,13,8,14,1740,1,2,1,1,3,445,82 AV DIDIER DAURAT,M,4333370,-037972,640
201300032348,13,8,15,1140,1,2,2,1,3,445,RUE DESPOURRINS/CASTETNA,M,4330020,-036698,640
201300032349,13,8,20,1802,1,2,1,1,6,445,64 BD DE LA PAIX,M,4331420,-033324,640
201300032350,13,8,21,800,1,2,6,1,3,129,ROUTE DE BAYONNE,M,4330580,-040008,640
201300032351,13,8,21,1155,1,2,1,1,6,445,72 RUE D'ETIGNY,M,4329640,-038418,640
201300032352,13,8,22,1820,1,2,1,1,6,129,"0,VOIE NORD SUD",,,,640
201300032353,13,8,29,1737,1,2,1,1,3,445,95 MARTYRS DU PONT LONG,M,4334180,-037983,640
201300032354,13,8,31,1550,1,2,1,1,6,132,"0,CHEMIN CAM MARTY",M,4329560,-032340,640
201300032355,13,9,9,1830,1,2,1,1,2,329,34 ROUTE DE TARBES,M,4329800,-030263,640
201300032356,13,9,10,1100,1,2,1,1,2,445,200 BD DE LA PAIX,M,4332050,-035223,640
201300032357,13,9,11,720,1,2,1,1,1,445,1 BD OLOF PALME,M,4333380,-035899,640
201300032358,13,9,11,849,1,2,1,1,6,445,41 RUE EMILE GINOT,M,4329450,-035489,640
201300032359,13,9,12,1945,2,2,2,1,3,445,AV DE LONS/AV PIC OSSAU,M,4331230,-038636,640
201300032360,13,9,13,1735,1,2,1,1,6,335,"0,CHEMIN DE L' AVIATION",M,4334400,-043073,640
201300032361,13,9,15,40,5,2,1,1,1,237,D100,M,4327890,-035960,640
201300032362,13,9,16,1430,1,2,1,1,2,335,147 BD CHARLES DE GAULLE,M,4331660,-042283,640
201300032363,13,9,17,830,1,2,2,2,3,445,RUE LAFFITTE/SANTONA,M,4331870,-038128,640
201300032364,13,9,24,653,2,2,6,1,3,445,COURS LEON BERARD/MONTAR,M,4331650,-037483,640
201300032365,13,9,24,1002,1,2,6,1,3,445,COURS LEON BERARD/MONTAR,,,,640
201300032366,13,9,24,1512,1,2,3,1,3,445,BD TOURASSE/AV DU LOUP,M,4331130,-035640,640
201300032367,13,9,24,2035,5,2,1,1,6,445,29-31 RUE CARNOT,M,4330150,-036930,640
201300032368,13,9,27,730,2,2,6,1,6,335,"0, RD 817",M,4334420,-043436,640
201300032369,13,9,27,1641,1,1,1,1,5,335,ROUTE SAULT DE NAVAILLES,M,4335740,-044227,640
201300032370,13,9,30,1637,1,2,2,1,3,445,"0,BD GENERAL DE GAULLE",M,4330180,-035621,640
201300032371,13,9,30,2000,4,2,2,1,3,445,AV MONTARDON/LABOURDETT,M,4331180,-037545,640
201300032372,13,10,2,1815,1,2,2,1,3,445,RUE MARCA/RUE DES PONTS,M,4329460,-037716,640
201300032373,13,10,3,1617,1,2,1,1,3,445,21 AV DIDIER DAURAT,M,4332690,-037964,640
201300032374,13,10,3,1808,1,2,1,1,6,348,"58, MARTYRS DU PONT LONG",M,4334360,-037987,640
201300032375,13,10,7,836,2,2,2,1,3,445,57 BD DE LA PAIX,M,4331420,-033325,640
201300032376,13,10,8,900,1,2,1,1,2,445,271 BD DE LA PAIX,M,4332170,-036249,640
201300032377,13,10,11,1807,1,2,1,1,2,445,35 RUE AMEDEE ROUSSILLE,M,4329330,-038331,640
201300032378,13,10,14,1937,4,2,2,1,3,445,2 RUE HOO PARIS,M,4330350,-036238,640
201300032379,13,10,17,735,5,2,2,1,3,129,39 AV LALANNE,M,4331020,-038912,640
201300032380,13,10,17,1402,1,2,6,1,2,445,RP DE LA COMMUNE PARIS,M,4331160,-036306,640
201300032381,13,10,20,40,5,2,2,1,5,445,38 AV DE MONTARDON,M,4331180,-037541,640
201300032382,13,10,20,1040,1,2,1,1,2,445,"0,AV DIDIER DAURAT",M,4332710,-037964,640
201300032383,13,10,22,1105,1,2,1,1,6,445,177 AV JEAN MERMOZ,M,4332290,-037937,640
201300032384,13,10,22,1648,1,2,2,1,3,445,RUE D' ETIGNY/MARCA,M,4329600,-037650,640
201300032385,13,10,22,1810,2,2,1,2,3,445,36 COURS LYAUTEY,M,4330870,-036399,640
201300032386,13,10,25,1405,1,2,1,1,2,348,3 AV DU GRAND PRIX,M,4332250,-038652,640
201300032387,13,10,25,2317,5,2,1,1,7,445,76 RUE D' ETIGNY,M,4329670,-038548,640
201300032388,13,10,30,1122,1,2,1,1,3,348,"0,AV DES FRERES WRIGHT",M,4334810,-038034,640
201300032389,13,10,31,730,1,1,3,1,3,284,19 AV GASTON CAMBOT,M,4329110,-039489,640
201300032390,13,10,31,1155,1,1,1,1,2,348,101 MARTYRS DU PONT LONG,M,4334520,-037990,640
201300032391,13,11,2,1800,2,1,1,1,1,445,ALLEE BUFFON,M,4333530,-036815,640
201300032392,13,11,4,1228,1,2,1,2,2,348,55 BD CHARLES DE GAULLE,M,4330980,-041030,640
201300032393,13,11,5,1020,1,2,1,3,6,284,4 RUE CHARLES DE GAULLE,M,4328710,-039015,640
201300032394,13,11,5,1914,3,2,1,2,6,445,13 AV BEZIOU,M,4330660,-038010,640
201300032395,13,11,6,1220,1,2,1,1,6,373,23 AV GENERAL DE GAULLE,M,4327810,-035353,640
201300032396,13,11,6,1500,1,2,6,1,3,335,AV VERT GALANT/EUROPE,M,4332630,-044064,640
201300032397,13,11,6,1517,1,2,3,1,3,348,AV DE SANTONA/EUROPE,M,4332100,-039167,640
201300032398,13,11,7,1925,3,2,3,1,3,445,AV RESISTANCE/NOLIVOS,M,4330400,-037580,640
201300032399,13,11,8,825,1,2,1,1,6,335,AV SANTOS-DUMONT,M,4331950,-042412,640
201300032400,13,11,9,550,5,2,1,1,6,445,20 BD DES PYRENEES,M,4329330,-036950,640
201300032401,13,11,10,50,5,2,1,2,6,269,40 ROUTE DE TARBES,M,4329760,-030110,640
201300032402,13,11,11,1810,5,2,2,1,6,445,RUE BIE MOULIE/PRINCE,M,4330600,-034406,640
201300032403,13,11,12,1812,3,2,1,1,6,335,ROUTE SAULT DE NAVAILLES,M,4334210,-043381,640
201300032404,13,11,13,145,5,2,1,1,7,445,RUE DES PONTS,M,4329560,-037869,640
201300032405,13,11,13,838,1,2,1,1,3,445,8 RUE MARCA,,,,640
201300032406,13,11,13,1215,1,2,1,1,2,348,"0,AV ANDRE MARIE AMPERE",,,,640
201300032407,13,11,14,1730,2,2,3,2,3,445,RUE HENRI FAISANS/LESPY,M,4329900,-036307,640
201300032408,13,11,14,1730,2,2,1,2,3,445,BD OLOF PALME,M,4333150,-035866,640
201300032409,13,11,14,1750,2,2,3,2,3,445,17 AV GASTON PHOEBUS,M,4330230,-037771,640
201300032410,13,11,14,1845,5,2,1,2,2,445,"0, CATHERINE DE BOURBON",,,,640
201300032411,13,11,14,1849,2,2,3,2,3,445,MAQUIS BEARN/BORDELONGUE,M,4329860,-037685,640
201300032412,13,11,14,2200,5,2,3,2,3,445,RUE GASSIOT/MOUROT,M,4329830,-037138,640
201300032413,13,11,15,1745,2,2,1,2,2,348,"0,BD CHARLES DE GAULLE",,,,640
201300032414,13,11,15,1845,5,2,1,3,3,348,"0,BD DE L' EUROPE",M,4332870,-038600,640
201300032415,13,11,15,2050,5,2,3,2,3,445,39 BD ALSACE LORRAINE,M,4330340,-036429,640
201300032416,13,11,18,1836,5,2,1,2,6,445,AV PIERRE MASSE,M,4331510,-035716,640
201300032417,13,11,19,1050,1,2,1,2,4,445,4 COURS LEON BERARD,M,4331400,-037012,640
201300032418,13,11,20,1730,2,2,1,1,3,348,15 A FRERES MONTGOLFIER,M,4330690,-042072,640
201300032419,13,11,21,810,1,2,1,2,6,129,30 AV CHATEAU D'ESTE,M,4330610,-038790,640
201300032420,13,11,21,1818,5,2,1,3,6,445,8 RUE HENRI FAISANS,M,4330060,-036033,640
201300032421,13,11,21,2030,5,2,2,3,3,445,149 BD CAMI SALIE,M,4332660,-034175,640
201300032422,13,11,22,1544,1,2,1,1,2,445,22 AV GASTON LACOSTE,M,4329220,-036483,640
201300032423,13,11,26,1155,1,2,3,1,3,445,CATHERINE DE BOURBON,M,4332480,-035737,640
201300032424,13,11,27,1515,1,2,1,1,3,445,20 BD RENE MOUCHOTTE,M,4330420,-032502,640
201300032425,13,11,28,810,1,2,2,1,2,445,RP ERIC TABARLY,M,4331120,-036326,640
201300032426,13,11,28,820,1,2,1,1,6,284,37 RUE GENERAL LECLERC,M,4328840,-038903,640
201300032427,13,11,29,835,2,2,2,7,3,335,82 BD DE L' EUROPE,M,4333300,-045325,640
201300032428,13,11,29,2100,5,2,1,1,6,445,30 RUE RONSARD,M,4331830,-035709,640
201300032429,13,12,3,1100,1,2,2,1,3,129,ROUTE DE BAYONNE,M,4330050,-039321,640
201300032430,13,12,4,755,2,2,1,1,2,129,70 ROUTE DE BAYONNE,M,4330320,-039828,640
201300032431,13,12,4,800,1,2,3,1,3,445,AV JEAN MERMOZ,M,4332280,-037940,640
201300032432,13,12,4,1745,5,2,2,1,1,445,AV BEAU SOLEIL/LARRIBAU,M,4329900,-033280,640
201300032433,13,12,4,2315,3,2,1,1,6,335,4 BD DE L'EUROPE,M,4333950,-046508,640
201300032434,13,12,6,804,1,2,3,1,3,445,BD OLOF PALME/BACARISSE,M,4333580,-036382,640
201300032435,13,12,6,1930,5,2,1,1,7,335,14 AV DE TARBES,M,4333210,-042257,640
201300032436,13,12,7,1915,5,2,3,1,3,129,ROUTE BAYONNE/RUE MAIRIE,M,4330210,-039627,640
201300032437,13,12,8,15,5,2,1,1,2,445,12  RECTEUR JEAN SARRAIL,M,4331120,-036654,640
201300032438,13,12,8,110,5,2,2,1,3,445,ALSACE LORRAINE/GARET,M,4330240,-036044,640
201300032439,13,12,9,745,1,2,1,1,3,445,68 RUE DU 14 JUILLET,M,4328790,-038033,640
201300032440,13,12,10,755,1,2,3,1,3,445,BD ALSACE LORRAIN/CARNOT,M,4330450,-036826,640
201300032441,13,12,10,800,1,2,6,1,3,284,AV CORPS FRANC POMMIES,M,4329120,-040492,640
201300032442,13,12,10,1322,1,2,1,1,6,445,33 AV JEAN MERMOZ,M,4330810,-037658,640
201300032443,13,12,10,1749,5,2,1,1,2,445,33 RUE CLEMENCEAU,M,4328860,-035362,640
201300032444,13,12,11,810,1,2,1,1,2,445,AV ROBERT SCHUMANN,M,4330950,-036500,640
201300032445,13,12,13,1732,5,2,1,1,2,445,30  RECTEUR JEAN SARRAIL,M,4331050,-036822,640
201300032446,13,12,13,2000,5,2,6,1,3,335,BD EUROPE/BD DE GAULLE,M,4331820,-042467,640
201300032447,13,12,13,2025,5,2,1,1,2,348,119 BD CHARLES DE GAULLE,M,4331400,-041796,640
201300032448,13,12,15,2000,5,2,1,1,3,445,107 BD ALSACE LORRAINE,M,4330520,-037274,640
201300032449,13,12,16,1328,1,2,1,1,6,348,BD DES FRERES FARMAN,M,4333350,-039057,640
201300032450,13,12,16,1725,2,2,1,1,6,335,9 AV DE TARBES,M,4333220,-042369,640
201300032451,13,12,17,655,1,2,3,1,3,445,BD CAMI SALIE/HAMEAU,M,4333340,-037082,640
201300032452,13,12,17,1415,1,2,6,1,6,445,1 ALLEE CONDORCET,M,4331890,-036043,640
201300032453,13,12,18,1636,1,2,1,1,6,445,AV SALLENAVE/LECLERC,M,4331700,-036034,640
201300032454,13,12,18,1910,5,2,1,1,3,445,45 RUE DU 14 JUILLET,M,4329040,-037920,640
201300032455,13,12,19,1553,1,2,1,1,3,335,AV VERT GALANT(PONT),M,4331890,-045318,640
201300032456,13,12,19,1810,5,2,6,1,3,445,CATHERINE DE BOURBON,M,4331850,-036026,640
201300032457,13,12,20,820,1,1,3,1,6,129,ROUTE DE BAYONNE/MAIRIE,M,4330210,-039626,640
201300032458,13,12,20,1845,5,2,1,1,4,335,123 BD DE L'EUROPE,M,4332550,-043916,640
201300032459,13,12,21,840,1,1,1,1,3,335,D509,M,4333560,-046191,640
201300032460,13,12,21,1300,1,2,1,1,2,445,30 AV JEAN SARRAILH,M,4331040,-036835,640
201300032461,13,12,23,1215,1,2,1,1,3,445,20 AV RENE MOUCHOTTE,M,4330420,-032494,640
201300032462,13,12,23,1435,1,2,2,1,3,445,64 AV ALFRED NOBEL,M,4331510,-031563,640
201300032463,13,1,3,1045,1,2,1,1,3,483,AV DE CHANTACO,M,4337850,-163857,640
201300032464,13,1,17,740,2,2,1,1,3,483,1 RUE AXULAR,M,4338690,-165649,640
201300032465,13,1,28,1730,1,2,3,1,3,483,VIEILLE ROUTE SAINT PEE,M,4338880,-164210,640
201300032466,13,1,30,1650,1,1,1,8,5,483,VIEILLE ROUTE SAINT PEE,M,4338820,-162460,640
201300032467,13,2,7,805,1,1,1,8,2,260,ROUTE DE LA CORNICHE,M,4337350,-175500,640
201300032468,13,2,11,1730,1,2,1,3,2,483,RUE DE L'ICHACA,M,4338650,-165019,640
201300032469,13,3,4,1435,1,1,1,1,4,483,RD810,M,4340250,-163529,640
201300032470,13,3,6,1245,1,2,1,1,2,483,26 BD THIERS,M,4339140,-165940,640
201300032471,13,3,24,200,5,1,1,1,3,483,RD810,M,4340920,-162372,640
201300032472,13,3,26,1755,1,1,1,1,2,130,NATIONALE 10,M,4334550,-176247,640
201300032473,13,3,27,1829,1,1,1,1,3,483,131 AV DE JALDAY,M,4340680,-162359,640
201300032474,13,4,15,1915,1,2,1,1,2,483,1 AV LARREGUY,M,4339080,-165931,640
201300032475,13,4,20,1450,1,2,1,1,3,260,ROUTE DE BEHOBIE,M,4334960,-177200,640
201300032476,13,4,26,2025,2,1,1,3,3,545,RD810,M,4337290,-168260,640
201300032477,13,4,29,1115,1,2,1,9,6,483,AV DE CHANTACO,M,4337630,-163790,640
201300032478,13,5,5,1445,1,2,1,1,1,260,BD DE GAULLE,M,4336410,-177063,640
201300032479,13,5,3,1150,1,2,1,1,6,483,AV  GREGORIO MARANON,M,4338530,-166211,640
201300032480,13,6,5,1345,1,2,3,2,3,260,10 RUE DES EUCALYPTUS,M,4337210,-177575,640
201300032481,13,6,10,1325,1,1,1,1,6,545,RD810,M,4336100,-169832,640
201300032482,13,6,12,1225,1,2,1,1,3,483,23 RUE BIBAL,M,4338460,-165647,640
201300032483,13,6,21,1220,1,2,1,1,3,189,RUE JEAN-BAPTISTE DUHAU,M,4337990,-166693,640
201300032484,13,6,25,1255,1,2,1,1,3,125,RD810,M,4342570,-160406,640
201300032485,13,6,27,1720,1,2,1,1,3,260,RUE LAURENT PARDO,M,4336730,-176010,640
201300032486,13,7,1,1630,1,2,1,1,3,483,AV DE CHANTACO,M,4338260,-164912,640
201300032487,13,7,2,1120,1,1,1,1,4,483,RD810,M,4340140,-163722,640
201300032488,13,7,3,1745,1,1,1,1,3,483,AV DE CHANTACO,M,4338080,-164075,640
201300032489,13,7,11,2015,1,1,1,1,6,483,1 CHEMIN D' ERROMARDIE,M,4339750,-164414,640
201300032490,13,7,18,1210,1,2,1,1,3,260,AV BAIE DE CHINGUDY,M,4337060,-177588,640
201300032491,13,7,19,2055,2,1,1,1,6,483,52 VIEILLE ROUTE ST PEE,M,4338890,-164726,640
201300032492,13,7,21,1105,1,2,1,1,6,260,56 BAV BAIE DE CHINGUDY,M,4337050,-177428,640
201300032493,13,7,22,1325,1,2,1,1,2,483,"1, INFANTE MARIE THERESE",M,4338770,-166524,640
201300032494,13,7,23,1455,1,2,1,1,6,483,1 BD VICTOR HUGO,M,4338690,-166311,640
201300032495,13,7,26,1355,1,2,1,1,3,260,5 RUE DU COMMERCE,M,4335360,-177707,640
201300032496,13,7,29,805,1,2,1,1,6,189,33 AV JEAN  JAURES,M,4338280,-166764,640
201300032497,13,8,3,1045,1,1,1,1,6,483,9 AV LAHANCHIPIA,M,4340010,-163098,640
201300032498,13,8,8,1025,1,1,1,3,1,483,VIEILLE ROUTE SAINT PEE,M,4339240,-163448,640
201300032499,13,8,10,1800,1,2,1,1,4,483,RD810,M,4339620,-164654,640
201300032500,13,8,15,1220,1,2,1,1,2,545,RD810,M,4337610,-167647,640
201300032501,13,8,16,1550,1,2,1,1,3,260,5 RUE DES CHEVREFEUILLES,M,4337320,-177164,640
201300032502,13,8,17,725,1,2,1,1,3,483,15 AV ANDRE ITHURRALDE,M,4339220,-165375,640
201300032503,13,8,19,1940,1,2,1,1,2,260,BD DE L' EMPEREUR,,,,640
201300032504,13,8,21,1315,1,2,1,1,3,260,BD DE L' EMPEREUR,,,,640
201300032505,13,8,22,1530,1,2,1,1,6,483,1 BD ADOLPHE THIERS,M,4338920,-165805,640
201300032506,13,8,24,1050,1,1,1,1,3,545,ROUTE DE LA CORNICHE,M,4338530,-171868,640
201300032507,13,8,27,1430,1,2,1,1,2,545,RD810,M,4337020,-168268,640
201300032508,13,8,27,1530,1,2,1,1,3,260,95 BD GAL DE GAULLE,M,4335320,-178060,640
201300032509,13,8,30,745,1,2,1,1,6,260,03 AV DE LISSARDY,M,4336850,-176435,640
201300032510,13,9,6,1140,1,1,1,1,3,545,1  RUE DE L'UNTXIN,M,4338910,-168619,640
201300032511,13,9,9,1805,1,2,1,1,1,483,AV DE CHANTACO,M,4336960,-163727,640
201300032512,13,9,14,1800,1,1,1,1,6,545,BRETELLE DE SOCOA RD 913,M,4337840,-168830,640
201300032513,13,9,18,605,5,2,1,1,1,260,RUE DE BEHOBIE,M,4334230,-175395,640
201300032514,13,9,20,1810,1,2,1,1,3,189,AV JAURES JEAN,M,4338240,-166768,640
201300032515,13,9,22,1330,1,2,1,1,3,249,RD810,M,4342200,-160489,640
201300032516,13,9,23,1650,1,2,1,1,2,249,RD810,M,4342200,-160489,640
201300032517,13,9,24,2110,5,2,1,1,3,260,RUE DE LARROUN,M,4336820,-176642,640
201300032518,13,10,3,1530,1,2,1,1,2,483,RD810,M,4338570,-166273,640
201300032519,13,10,8,1815,1,2,2,1,3,483,1 RUE MARCEL HIRIBARREN,M,4338620,-165556,640
201300032520,13,10,11,2050,5,2,1,1,2,260,16 BD DE L' EMPEREUR,M,4337370,-175891,640
201300032521,13,10,16,1945,2,2,1,1,6,189,5 AV DU GOLF,M,4338020,-166157,640
201300032522,13,10,19,1155,1,2,1,1,3,483,AV DE VERDUN,M,4338590,-166227,640
201300032523,13,10,19,1355,1,2,1,1,2,260,AV BAIE DE CHINGUDY,M,4336550,-176982,640
201300032524,13,10,22,1847,1,2,1,1,2,260,RUE DE HAPETENIA,M,4334920,-176904,640
201300032525,13,10,22,1847,1,1,1,1,3,483,VIEILLE ROUTE SAINT PEE,M,4338650,-161953,640
201300032526,13,10,29,1200,1,2,1,2,2,483,AV LAHANCHIPIA,M,4340140,-163602,640
201300032527,13,11,6,1846,5,2,1,1,3,260,AV DES ALLEES,M,4335460,-177484,640
201300032528,13,11,8,720,3,2,1,1,6,545,RD810,M,4336140,-170254,640
201300032529,13,11,12,1920,5,2,1,2,6,260,107 BD GAL DE GAULLE,M,4335290,-178099,640
201300032530,13,11,28,1350,1,2,1,1,3,260,ROUTE DE BEHOBIE,M,4334730,-176654,640
201300032531,13,11,29,1705,1,2,1,1,4,483,RD810,M,4339570,-164751,640
201300032532,13,12,3,920,1,1,1,1,1,483,ROUTE D'AHETZE,M,4341230,-161263,640
201300032533,13,12,3,1705,1,2,1,1,6,483,AV ANDRE ITHURRALDE,M,4339780,-164273,640
201300032534,13,12,17,1930,5,2,1,1,4,483,AV ANDRE ITHURRALDE,M,4339680,-164557,640
201300032535,13,1,20,615,5,1,1,3,7,483,AV LAHANCHIPIA,M,4340070,-162790,640
201300032536,13,2,16,15,3,1,1,1,6,545,RD810,M,4336830,-168593,640
201300032537,13,2,8,1805,2,2,1,3,3,483,RD810,M,4340150,-163700,640
201300032538,13,3,7,250,3,1,1,1,7,189,1 AV DU CO PASSICOT,M,4339470,-168455,640
201300032539,13,4,10,1640,1,1,1,1,7,189,CHEMIN DU HALAGE,M,4337960,-165219,640
201300032540,13,4,30,1425,1,2,1,1,3,260,RUE DU COMMERCE,M,4335330,-177891,640
201300032541,13,5,1,1230,1,2,1,1,6,483,PLACE LOUIS XIV,M,4338790,-166399,640
201300032542,13,5,8,955,1,2,1,1,2,189,1 AV MITTERRAND,M,4338350,-166738,640
201300032543,13,5,8,915,1,1,3,1,3,545,RD810,M,4336200,-170513,640
201300032544,13,5,30,300,5,2,1,3,6,483,AV DES PYRENEES,M,4338830,-165510,640
201300032545,13,5,31,450,5,1,1,1,6,260,ROUTE DE BEHOBIE,M,4334190,-175329,640
201300032546,13,6,5,1535,1,2,1,1,1,483,28 BD VICTOR HUGO,M,4338800,-165989,640
201300032547,13,6,26,933,1,2,3,1,3,483,AV ANDRE ITHURRALDE,M,4339660,-164583,640
201300032548,13,7,4,440,3,1,1,2,7,483,RD810,M,4341690,-160991,640
201300032549,13,6,26,1830,1,2,1,1,6,483,44 BD VICTOR HUGO,M,4338840,-165903,640
201300032550,13,7,6,1540,1,1,1,1,2,545,RD810,M,4336080,-170014,640
201300032551,13,7,9,1815,1,1,1,1,2,260,CD 912,M,4337740,-173879,640
201300032552,13,7,11,1510,1,1,1,1,1,545,ROUTE DE LA CORNICHE,M,4338220,-172727,640
201300032553,13,7,14,355,5,2,1,1,2,483,RD810,M,4340170,-163660,640
201300032554,13,7,11,1455,1,2,1,1,6,483,AV ANDRE ITHURRALDE,M,4339380,-165073,640
201300032555,13,7,26,1150,1,1,1,1,2,545,RD810,M,4335000,-174718,640
201300032556,13,7,29,920,1,2,1,1,3,483,AV ANDRE ITHURRALDE,M,4339460,-164941,640
201300032557,13,7,22,1310,1,1,1,1,1,130,HERRI ALDE (ROUTE D258),M,4333470,-175005,640
201300032558,13,8,4,915,1,1,1,1,2,545,ROUTE D'IBARDIN,M,4335510,-169086,640
201300032559,13,8,8,1350,1,1,1,3,2,545,35 RUE CAPITAINE PELLOT,M,4334720,-176643,640
201300032560,13,8,12,1800,1,1,1,1,5,260,ROUTE DE LA CORNICHE,M,4338690,-170933,640
201300032561,13,8,30,315,3,1,1,1,6,483,ROUTE DE BALCOIN,M,4339640,-162571,640
201300032562,13,9,7,510,5,2,1,8,3,483,RD810,M,4339290,-165234,640
201300032563,13,7,22,1055,1,2,1,1,6,189,19 AV JEAN JAURES,M,4338360,-166747,640
201300032564,13,9,23,1130,1,2,1,1,3,483,12 AV ANDRE ITHURRALDE,M,4339140,-165559,640
201300032565,13,9,28,2040,5,2,1,1,3,260,BD DE LA MER,,,,640
201300032566,13,9,28,1030,1,2,1,1,6,189,1 AV JEAN JAURES,M,4338460,-166638,640
201300032567,13,10,3,620,5,1,1,1,6,249,AV GUETARIA/RUE DOCHENIA,M,4342390,-160494,640
201300032568,13,10,18,1900,2,2,1,1,3,260,AV BAIE DE CHINGUDY,M,4336610,-177031,640