Num_Acc,an,mois,jour,hrmn,lum,agg,int,atm,col,com,adr,gps,lat,long,dep
201300032569,13,10,27,745,2,2,1,1,6,249,RD810,M,4342050,-160695,640
201300032570,13,11,23,2130,3,1,1,1,6,545,CHEMIN D' ELBARREN,M,4336950,-167216,640
201300032571,13,12,6,1940,5,1,1,1,1,483,17 AV LAHANCHIPIA,M,4340070,-162779,640
201300032572,13,1,3,1430,1,2,3,1,6,286,"5, SAINT-PIERRE (RUE)",M,4309653,-004599,650
201300032573,13,1,9,1710,1,2,6,1,3,286,"1, LAPACCA (BOULEVARD DU",M,4309558,-003488,650
201300032574,13,1,14,1415,1,2,1,2,2,286,"5, MARANSIN (CHAUSSEE)",M,4309874,-004542,650
201300032575,13,1,22,900,1,2,1,9,6,286,"1, JULOS (CHEMIN DE)",M,4310454,-003364,650
201300032576,13,1,30,920,1,2,1,1,6,286,"94, MARQUI (AVENUE ALEXA",M,4310571,-004107,650
201300032577,13,2,10,2125,5,2,1,1,6,286,"1, LAURENCE (PLACE MONSE",M,4309670,-005434,650
201300032578,13,2,13,1845,5,2,1,1,6,286,"13, MARANSIN (CHAUSSEE)",M,4309796,-004566,650
201300032579,13,2,15,1845,5,2,1,1,7,286,"30, MARQUI (AVENUE ALEXA",M,4310190,-004398,650
201300032580,13,3,3,1055,1,1,1,1,6,286,JARRET (ROUTE DE),M,4309082,-001952,650
201300032581,13,3,7,715,1,2,1,1,6,286,"08, LAFITTE (RUE)",M,4309440,-004613,650
201300032582,13,3,9,1515,1,2,3,1,3,286,POURXET (RUE LUCIEN),M,4308789,-004607,650
201300032583,13,3,11,830,1,2,1,1,2,286,"4, ESPAGNE (BOULEVARD D'",M,4308693,-004325,650
201300032584,13,3,28,1510,1,2,1,1,2,286,"80, MARQUI (AVENUE ALEXA",M,4310467,-004183,650
201300032585,13,4,3,1845,1,2,1,1,2,286,"8, ESPAGNE (BOULEVARD D'",M,4309003,-004265,650
201300032586,13,4,4,1710,2,2,1,3,6,286,"2, CHAMP COMMUN (PLACE)",M,4309425,-004629,650
201300032587,13,4,30,1110,1,2,1,1,6,286,"1, MARANSIN (CHAUSSEE)",M,4309939,-004527,650
201300032588,13,5,13,1815,1,2,1,2,6,286,"1, SEMPE (BOULEVARD DU P",M,4309804,-005163,650
201300032589,13,7,27,1750,1,2,3,2,3,286,ROUTE NATIONALE 21,M,4311288,-003541,650
201300032590,13,8,5,1808,1,2,1,1,3,286,"2A, CENTENAIRE (BOULEVAR",M,4309390,-003656,650
201300032591,13,8,9,1045,1,2,6,1,3,286,"1, ROND POINT CZESTOKOWA",M,4308325,-004463,650
201300032592,13,8,11,1120,1,2,1,1,1,286,"30, MARQUI (AVENUE ALEXA",M,4310200,-004389,650
201300032593,13,8,11,950,1,2,1,1,6,286,"1, ABADIE (Avenue Fran?o",M,4310834,-003902,650
201300032594,13,9,3,1235,1,2,1,1,1,286,"1, JULOS (CHEMIN DE)",M,4311321,-002866,650
201300032595,13,9,11,1530,1,2,3,1,2,286,"1, MARQUI (AVENUE ALEXAN",M,4310454,-004190,650
201300032596,13,9,12,1155,1,2,1,1,3,286,94 MARQUI (AV ALEXAN,M,4310586,-004098,650
201300032597,13,9,18,1705,1,2,1,8,1,286,CENTENAIRE (BOULEVARD,M,4309450,-003268,650
201300032598,13,9,19,1805,1,2,1,8,6,286,"6, LAFITTE (RUE)",M,4309460,-004601,650
201300032599,13,9,18,1225,1,2,1,3,3,286,MOULIN (AVENUE JEAN),M,4310653,-002941,650
201300032600,13,10,3,1430,1,2,1,1,3,286,"14, ESPAGNE (BOULEVARD D",M,4309269,-004025,650
201300032601,13,10,21,820,1,2,1,1,6,286,ESPAGNE (BOULEVARD D'),M,4308822,-004306,650
201300032602,13,10,29,1545,1,2,1,2,2,286,"23, BEGUERE (AVENUE ANTO",M,4310255,-005926,650
201300032603,13,12,4,1500,1,2,1,1,1,286,"52, CENTENAIRE (BOULEVAR",M,4310466,-003708,650
201300032604,13,1,10,1400,1,2,1,1,4,440,"12, JUIN (BOULEVARD DU M",M,4323703,0005624,650
201300032605,13,1,10,1810,5,2,1,1,3,100,"13, BORDEAUX (ROUTE DE)",M,4326646,0007130,650
201300032606,13,1,11,1150,1,2,2,1,3,100,ZOLA (RUE EMILE),M,4325458,0004697,650
201300032607,13,1,16,815,1,1,1,3,2,100,"6 ter, BORDEAUX (ROUTE D",M,4326451,0007146,650
201300032608,13,1,18,1345,1,2,2,2,3,440,"., MAQUIS DE PAYOLLE (RU",M,4322377,0008473,650
201300032609,13,1,19,1030,1,2,1,1,2,440,"., ALSACE LORRAINE (AVEN",M,4324539,0007322,650
201300032610,13,1,24,1335,1,2,1,1,2,440,"., ALSACE LORRAINE (AVEN",M,4324114,0007366,650
201300032611,13,1,25,945,1,2,3,1,3,440,"1, PLANETE (IMPASSE DE L",M,4324138,0005741,650
201300032612,13,1,28,1655,1,2,1,1,3,440,LATTRE DE TASSIGNY(BOULE,M,4322893,0005609,650
201300032613,13,1,29,1210,1,2,2,1,6,440,ESTEVENET (QUAI),M,4323167,0008550,650
201300032614,13,1,30,1105,1,2,5,1,2,440,VICTOIRE (RUE DE LA),M,4323415,0007136,650
201300032615,13,1,30,1330,1,2,6,1,6,440,"., UNIVERSITE (ROND POIN",M,4322293,0004599,650
201300032616,13,1,31,915,1,2,1,1,3,440,"32, MARNE (AVENUE DE LA)",M,4323211,0008709,650
201300032617,13,1,31,1345,1,2,1,1,6,440,"15, JOFFRE (AVENUE DU MA",M,4323960,0007233,650
201300032618,13,2,1,1900,5,2,1,1,6,440,"1, MARCADIEU (PLACE)",M,4323152,0008236,650
201300032619,13,2,3,115,5,2,1,1,6,440,"3, RENAUDET (BOULEVARD P",M,4324444,0007370,650
201300032620,13,2,5,1220,1,2,2,2,3,440,"., SEPTEMBRE (RUE DU IV)",M,4322895,0008124,650
201300032621,13,2,6,1815,1,2,1,2,4,440,"45, LACAUSSADE (BOULEVAR",M,4323257,0005467,650
201300032622,13,2,7,2055,5,2,1,1,3,440,"10, JUBINAL (RUE ACHILLE",M,4323915,0007787,650
201300032623,13,2,11,725,1,1,1,4,1,331,TARBES (AVENUE DE),M,4321572,0005937,650
201300032624,13,2,11,1445,1,2,3,8,3,440,"., ORMEAU (CHEMIN DE L')",M,4322800,0007565,650
201300032625,13,2,11,1710,1,2,1,1,6,440,"., PRADEAU (PROMENADE DU",M,4323244,0006650,650
201300032626,13,2,15,850,1,2,2,1,3,440,"., LAMARTINE (RUE)",M,4323135,0007801,650
201300032627,13,2,15,1255,1,2,1,1,2,433,"., BARBUSSE (AVENUE HENR",M,4321558,0009694,650
201300032628,13,2,20,1725,1,1,1,1,5,100,"., BORDEAUX (ROUTE DE) C",M,4326602,0007134,650
201300032629,13,2,22,930,1,1,1,1,4,100,"., BORDEAUX (ROUTE DE) C",M,4326879,0007097,650
201300032630,13,2,27,805,1,2,1,1,6,440,"Parking ENIT, av Azereix",M,4322556,0005329,650
201300032631,13,3,5,2100,5,2,3,1,2,440,"., PAU (ROUTE DE)",M,4323719,0004908,650
201300032632,13,3,6,1540,1,2,1,1,6,440,"73, FOCH (RUE DU MARECHA",M,4323212,0007855,650
201300032633,13,3,9,1835,1,2,1,7,4,440,MAI 1945 (BOULEVARD DU 0,M,4321895,0007213,650
201300032634,13,3,13,2000,5,2,1,4,1,417,D 817,M,4321655,0011045,650
201300032635,13,3,15,1940,5,2,1,1,3,440,"41, CARNOT (RUE)",M,4322036,0007068,650
201300032636,13,3,16,1130,1,2,1,1,3,100,"8, URAC (CHEMIN D')",M,4324695,0004536,650
201300032637,13,3,16,1640,1,2,1,1,6,440,"40, HENRI IV (BOULEVARD)",M,4323583,0005592,650
201300032638,13,3,17,1220,1,2,2,1,3,433,"., LIBERATION (AVENUE DE",M,4320353,0010114,650
201300032639,13,3,18,1820,1,2,2,2,3,440,"., LAFORGUE (AVENUE JULE",M,4322419,0006836,650
201300032640,13,3,20,1605,1,2,1,1,2,440,"62, FOCH (RUE DU MARECHA",M,4323192,0008067,650
201300032641,13,3,21,1400,1,2,2,1,3,440,"., LAFORGUE (AVENUE JULE",M,4322417,0006837,650
201300032642,13,3,21,1950,5,2,2,1,3,440,"., MASSEY (RUE)",M,4323573,0007416,650
201300032643,13,3,22,755,1,2,1,1,4,226,"., GABIZOS (Rue du)",M,4322095,0003392,650
201300032644,13,3,22,1000,1,2,2,1,6,440,"., MONTAUT (PLACE)",M,4323190,0008157,650
201300032645,13,3,25,2025,5,2,2,2,3,440,"., ARLAUD (RUE DU DOCTEU",M,4322438,0007548,650
201300032646,13,3,27,1835,1,2,1,1,3,440,"8, HENRI IV (BOULEVARD)",M,4323285,0006431,650
201300032647,13,3,28,2335,5,2,1,2,2,440,"., MASSEY (RUE)",M,4323971,0007380,650
201300032648,13,3,29,1450,1,2,2,1,3,440,", COMMANDO HISPANO (RUE",M,4322298,0008887,650
201300032649,13,4,6,1120,1,2,1,2,3,331,"88, LOURDES (AVENUE DE)",M,4320802,0004439,650
201300032650,13,4,15,1220,1,2,1,1,2,417,"97, MITTERRAND (AVENUE F",M,4322303,0010293,650
201300032651,13,4,18,1315,1,2,1,1,3,417,"., MITTERRAND (AVENUE FR",M,4322522,0010066,650
201300032652,13,4,19,1355,1,2,3,1,1,440,P RENAUDET (BD),M,4324579,0008020,650
201300032653,13,4,20,155,5,2,2,1,1,440,"., REGIMENT DE BIGORRE (",M,4322403,0006980,650
201300032654,13,4,20,1215,1,2,2,1,6,440,"., LARREY (RUE)",M,4323058,0007346,650
201300032655,13,4,22,2015,1,2,2,1,3,047,"., JAURES (AVE JEAN)",M,4324142,0009502,650
201300032656,13,4,26,15,5,2,1,1,6,440,"59, MAQUIS DE SOMBRUN (R",M,4324544,0005944,650
201300032657,13,5,3,1430,1,2,1,1,3,226,"., PAU (ROUTE DE)",M,4323861,0001350,650
201300032658,13,5,6,1345,1,2,1,1,3,440,"24, MONTAIGU (RUE DU)",M,4323424,0008919,650
201300032659,13,5,13,1810,1,2,1,1,2,440,"., LAGARDERE (RUE JEAN-L",M,4322092,0004314,650
201300032660,13,5,16,1940,1,2,5,7,3,440,"., COMMANDO HISPANO (RUE",M,4322301,0008880,650
201300032661,13,5,17,1455,1,2,1,1,2,440,"., ALSACE LORRAINE (AVEN",M,4324216,0007357,650
201300032662,13,5,20,13,5,2,3,1,1,440,"., RENAUDET (BOULEVARD P",M,4324502,0007846,650
201300032663,13,5,23,1420,1,2,2,2,3,440,"55, ALSACE LORRAINE (AVE",M,4324735,0007309,650
201300032664,13,5,27,2100,2,2,1,3,2,440,"., LATTRE DE TASSIGNY(BO",M,4322970,0005555,650
201300032665,13,5,31,1650,1,2,1,2,2,440,"., LAFORGUE (AVENUE JULE",M,4322405,0006960,650
201300032666,13,6,6,1710,1,2,1,1,3,440,TARBES/PL.DE VERDUN,M,4323270,0007373,650
201300032667,13,6,11,1150,1,2,1,1,1,440,TARBES/CH. DE L'ORMEAU,M,4321790,0007949,650
201300032668,13,6,11,1400,1,2,2,1,3,440,TARBES/R.G.LASSALLE,M,4323560,0006529,650
201300032669,13,6,14,1335,1,2,2,1,3,440,TARBES/R. BRAUHAUBAN,M,4323270,0007989,650
201300032670,13,6,16,616,1,2,2,1,3,440,SAINT-JEAN (RUE),M,4323843,0008192,650
201300032671,13,6,17,1315,1,2,1,1,6,440,"10, CULTIVATEURS (RUE DE",M,4323501,0006526,650
201300032672,13,6,17,1850,1,2,1,1,3,440,"., PERRIN (RUE JEAN)",M,4322061,0007911,650
201300032673,13,6,25,1540,1,1,3,1,2,440,EVADES DE FRANCE (RUE DE,M,4321487,0008541,650
201300032674,13,6,28,840,1,2,1,1,3,417,VILLON (RUE FRANCOIS),M,4323238,0010541,650
201300032675,13,6,29,2325,5,2,2,1,3,440,MARNE (AVENUE DE LA),M,4323224,0008738,650
201300032676,13,7,1,1630,1,2,1,1,3,440,TARBES/RUE DE GONNES,M,4323100,0007569,650
201300032677,13,7,8,35,5,2,1,1,6,047,AUREILHAN/19 R.J.GUESDE,M,4324450,0009205,650
201300032678,13,7,12,1835,1,2,1,1,4,440,TARBES/12 ROUTE DE PAU,M,4323760,0004552,650
201300032679,13,7,17,2000,1,2,1,1,6,417,"23, DALLAS (RUE EDOUARD)",M,4322401,0009888,650
201300032680,13,7,18,305,5,2,6,1,3,440,"., LOURDES (ROND-POINT R",M,4322112,0006100,650
201300032681,13,7,25,1205,1,2,1,1,3,440,"125, ALSACE LORRAINE (AV",M,4325440,0007229,650
201300032682,13,7,23,1720,1,2,1,1,4,440,"25, DEBUSSY (BOULEVARD C",M,4322026,0006485,650
201300032683,13,7,25,755,1,1,1,1,1,226,"., DEPARTEMENTALE 93 (RO",M,4324973,0001708,650
201300032684,13,7,26,1440,1,1,1,1,3,226,"., PAU (ROUTE DE)",M,4324325,-000942,650
201300032685,13,8,1,900,1,2,3,1,4,440,"., CARNOT (RUE)",M,4322303,0007005,650
201300032686,13,8,1,1425,1,2,2,1,3,440,"., LAC BLEU (RUE DU)",M,4324117,0004887,650
201300032687,13,8,11,1000,1,2,3,1,3,440,"., ORMEAU (CHEMIN DE L')",M,4322704,0007629,650
201300032688,13,8,14,945,1,2,6,1,6,440,"., BAGNERES (ROND POINT",M,4321906,0007068,650
201300032689,13,8,25,1020,1,2,1,1,2,047,"., TUILERIE (RUE DE LA)",M,4323387,0009036,650
201300032690,13,8,26,740,1,1,2,1,4,226,"., PAU (ROUTE DE)",M,4324121,0001073,650
201300032691,13,9,1,1945,1,2,1,1,6,440,"., SAINT-EXUPERY (AVENUE",M,4324388,0006354,650
201300032692,13,9,3,1040,1,2,1,1,2,417,MITTERRAND (27 AVENUE FR,M,4323081,0009451,650
201300032693,13,9,7,855,1,2,1,2,6,440,"., SAINT-JEAN (RUE)",M,4323337,0008219,650
201300032694,13,9,10,850,1,2,2,3,3,440,"41, VIGNEMALE (RUE DU)",M,4323628,0008694,650
201300032695,13,9,11,1925,1,2,1,1,2,417,"., GUINIER (RUE DU DOCTE",M,4322978,0009242,650
201300032696,13,9,12,1610,1,2,1,1,3,440,"., LACAUSSADE (BOULEVARD",M,4323574,0005495,650
201300032697,13,9,19,850,1,2,1,1,4,440,"16, DEBUSSY (BOULEVARD C",M,4321945,0006882,650
201300032698,13,9,20,1720,1,2,1,1,6,440,"12, CRONSTADT (RUE DE)",M,4322883,0007170,650
201300032699,13,9,26,1405,1,2,1,1,4,440,77 AV.ARIS.BRIAND,M,4322090,0006062,650
201300032700,13,9,30,1935,5,2,1,1,1,440,"., ALSTHOM (PONT)",M,4322332,0009228,650
201300032701,13,10,4,1555,1,2,2,1,3,440,"., SEPTEMBRE (RUE DU IV)",M,4322898,0008358,650
201300032702,13,10,6,1050,1,2,3,1,3,047,JAURES (AVE JEAN),M,4325538,0010038,650
201300032703,13,10,6,1215,1,2,3,1,3,433,"., CURIE (BOULEVARD JOLI",M,4320814,0009516,650
201300032704,13,10,7,1100,1,2,4,1,3,440,"., BROGLIE (RUE LOUIS DE",M,4322305,0007966,650
201300032705,13,10,7,1200,1,2,1,1,3,047,"104 b, SPORTS (AVE DES)",M,4323480,0010135,650
201300032706,13,10,7,1345,1,2,2,1,3,417,"., LAMARQUE (RUE MARCEL)",M,4323195,0009969,650
201300032707,13,10,7,1640,1,2,1,1,2,440,"2, CULTIVATEURS (RUE DES",M,4323544,0006522,650
201300032708,13,10,10,1705,1,2,1,2,3,047,"153, JAURES (AVE JEAN)",M,4325525,0010028,650
201300032709,13,10,12,1855,1,2,1,1,6,440,"., ADOUR (QUAI DE L')",M,4322982,0008801,650
201300032710,13,10,15,1300,1,2,2,1,1,440,"., LATTRE DE TASSIGNY(BO",M,4322808,0005643,650
201300032711,13,10,16,1625,1,2,1,1,3,440,"42, JOFFRE (AVENUE DU MA",M,4323955,0006915,650
201300032712,13,10,23,1955,2,2,2,1,6,440,"., MARTINET (BOULEVARD D",M,4323131,0008769,650
201300032713,13,10,25,1835,1,2,3,1,3,440,MENDES FRANCE (RUE PIERR,M,4322853,0008657,650
201300032714,13,10,26,1805,1,2,1,1,3,440,"105, BRIAND (AVENUE ARIS",M,4321744,0005637,650
201300032715,13,10,28,1435,1,2,1,1,6,440,"72, BRIAND (AVENUE ARIST",M,4322098,0006073,650
201300032716,13,11,1,2025,5,2,2,2,6,440,TARBES/2 AV.MCHAL JOFFRE,M,4323950,0007375,650
201300032717,13,11,5,1545,1,1,1,3,3,100,BORDERES/R.RENE CASSIN,M,4326780,0006927,650
201300032718,13,11,6,900,1,2,1,1,6,440,TARBES/20 AV. FOULD,M,4322520,0007179,650
201300032719,13,11,17,2230,5,2,2,2,3,440,"., AZEREIX (AVENUE D')",M,4322800,0005642,650
201300032720,13,11,18,745,2,2,6,2,3,417,"., BRIAND (PLACE ARISTID",M,4322835,0010564,650
201300032721,13,11,21,1900,2,2,2,3,3,440,"., FOIRAIL (PLACE DU)",M,4322891,0008358,650
201300032722,13,11,26,2310,5,2,2,1,3,440,"., BARERE (AVENUE BERTRA",M,4323574,0007210,650
201300032723,13,12,5,800,1,2,1,1,6,440,"., JOFFRE (AVENUE DU MAR",M,4323950,0006440,650
201300032724,13,12,7,1435,1,2,2,1,1,440,AZEREIX (AVENUE D'),M,4322807,0005645,650
201300032725,13,12,8,2030,3,1,1,1,2,100,BORDEAUX (ROUTE DE) CD 9,M,4326013,0007180,650
201300032726,13,12,9,810,1,2,3,1,3,047,"00, NOVEMBRE (RUE DU XI)",M,4325374,0008936,650
201300032727,13,12,9,905,1,2,2,1,3,440,"55, ALSACE LORRAINE (AVE",M,4324732,0007304,650
201300032728,13,12,9,1505,1,1,2,1,3,100,"0, DEPARTEMENTALE 64 (RO",M,4324716,0003773,650
201300032729,13,12,10,1220,1,2,9,1,6,440,"72, LASSALLE (RUE GEORGE",M,4323530,0006737,650
201300032730,13,12,11,1637,1,2,1,1,6,440,"51, TRAYNES (RUE DE)",M,4322963,0005973,650
201300032731,13,12,13,2005,5,2,1,2,5,226,"., PAU (ROUTE DE)",M,4324073,0001582,650
201300032732,13,12,17,1045,1,2,2,1,6,440,"1, ARDENNES (BOULEVARD D",M,4324964,0007276,650
201300032733,13,1,1,1,5,2,2,1,3,136,", JULIEN PANCHOT (AVENU",M,4269281,0288586,660
201300032734,13,1,4,150,3,1,1,1,6,136,", FRANCE LIBRE (BOULEVA",M,4270709,0290903,660
201300032735,13,1,5,1915,5,2,2,1,7,136,PALAIS-DES-EXPO (AVENUE,M,4270691,0290014,660
201300032736,13,1,7,1900,5,2,1,1,3,136,", OISEAUX (DES)",M,4271102,0288619,660
201300032737,13,1,11,700,1,1,1,1,3,136,", MAS-BRESSON (CHEMIN D",M,4266815,0286294,660
201300032738,13,1,9,1500,1,2,2,1,3,136,", MERMOZ (AVENUE JEAN)",M,4269534,0291040,660
201300032739,13,1,13,1730,1,1,1,1,3,136,ESPAGNE (ROUTE D'),M,4267022,0288278,660
201300032740,13,1,15,815,1,2,1,1,3,136,"., GAUGUIN (AVENUE PAUL)",M,4271918,0288999,660
201300032741,13,1,16,1850,5,2,1,2,2,136,"12, ESCARGUEL (LAZARE)",M,4269943,0288678,660
201300032742,13,1,19,1500,1,2,1,1,6,136,MERCADER (BOULEVARD FELI,M,4269254,0289187,660
201300032743,13,1,18,820,1,2,1,2,6,136,CLEMENCEAU (BOULEVARD),M,4269943,0288678,660
201300032744,13,1,21,1525,1,2,1,1,6,136,"1270, ESPAGNE (ROUTE D')",M,4267832,0289135,660
201300032745,13,1,23,2125,5,2,1,1,6,136,"., CAMUS AVENUE ALBERT",M,4269186,0290638,660
201300032746,13,1,25,1835,5,2,1,1,3,136,"43, CLEMENCEAU (BOULEVAR",M,4269961,0288893,660
201300032747,13,1,30,1715,1,2,1,1,3,136,"., JULIEN PANCHOT (AVENU",M,4269071,0288080,660
201300032748,13,1,30,1830,1,2,1,1,6,136,DESNOYE (BOULEVARD DR. J,M,4271357,0288583,660
201300032749,13,1,31,1900,3,2,1,1,6,136,Departementale  617,,,,660
201300032750,13,2,4,1730,1,1,1,1,3,136,"., ESPAGNE (ROUTE D')",M,4267030,0288228,660
201300032751,13,2,17,1940,5,2,1,1,3,136,"1125, JULIEN PANCHOT (AV",M,4268828,0287496,660
201300032752,13,2,18,1845,3,2,1,1,6,136,"115, GUYNEMER (AVENUE GE",M,4268793,0290828,660
201300032753,13,2,20,1630,1,1,1,1,2,136,"., MICHELET (BOULEVARD E",M,4269922,0287595,660
201300032754,13,2,23,1230,1,1,1,1,6,136,"., R D 900",M,4274658,0289386,660
201300032755,13,3,6,1115,1,2,1,3,6,136,"129, JOFFRE (AVENUE DU M",M,4271138,0288991,660
201300032756,13,3,7,635,2,1,1,1,1,136,R D 900,M,4268725,0285376,660
201300032757,13,3,1,1520,1,2,1,1,6,136,"0, DALBIEZ (AVENUE VICTO",M,4269184,0288690,660
201300032758,13,3,10,935,1,2,1,1,6,136,"0, BLANC AVENUE ROSETTE",M,4269875,0290546,660
201300032759,13,3,10,1328,1,2,1,1,6,136,"0, REICHEL (FRANTZ)",M,4269244,0286611,660
201300032760,13,3,12,1840,1,2,1,1,6,136,"., ALDUY (Paul)",M,4267905,0290442,660
201300032761,13,3,10,1640,1,2,1,1,3,136,"36, BOURRAT BOULEVARD JE",M,4270008,0290305,660
201300032762,13,3,11,930,1,2,1,1,2,136,"0, DALBIEZ (AVENUE VICTO",M,4268724,0288218,660
201300032763,13,3,13,1020,1,2,1,1,4,136,"0, PYRENEES (BOULEVARD D",M,4269594,0288856,660
201300032764,13,3,14,609,1,2,1,6,3,136,"0, POINCARE (BOULEVARD H",M,4269133,0289654,660
201300032765,13,3,19,1000,1,2,1,1,6,136,"., BARCELONE QUAI DE",M,4269724,0288962,660
201300032766,13,3,19,1405,1,2,1,1,6,136,"., CASERNE SAINT MARTIN",M,4269546,0288996,660
201300032767,13,3,19,800,1,2,1,1,3,136,"., LANGUEDOC (AVENUE DU",M,4272567,0288749,660
201300032768,13,3,21,900,1,1,1,1,3,136,"., FAUCEILLE (CHEMIN DE",M,4267305,0289170,660
201300032769,13,3,20,1650,1,1,2,1,3,136,"., FLACHAT (EUGENE)",M,4273398,0289684,660
201300032770,13,3,21,1725,1,2,2,1,3,136,"., VIDAL (PIERRE)",M,4272243,0288189,660
201300032771,13,3,21,1945,2,2,1,1,2,136,"., DESNOYE (BOULEVARD DR",M,4271065,0288469,660
201300032772,13,3,24,1136,1,2,1,1,3,136,ALDUY (Paul),M,4267821,0290496,660
201300032773,13,3,22,1135,1,2,3,1,3,136,DALBIEZ (AVENUE VICTOR),M,4269051,0288549,660
201300032774,13,3,25,1750,1,2,1,1,3,136,"140, DALBIEZ (AVENUE VIC",M,4267933,0288157,660
201300032775,13,3,27,1245,1,2,1,1,1,136,"0, JOFFRE (AVENUE DU MAR",M,4270397,0289284,660
201300032776,13,4,2,1350,1,2,1,1,6,136,"0, JULIEN PANCHOT (AVENU",M,4268384,0286440,660
201300032777,13,4,4,1,3,1,1,1,4,136,Departementale  617,M,4271352,0293064,660
201300032778,13,4,8,1855,1,2,1,1,7,136,"57, MAILLOLES (CHEMIN)",M,4268464,0287903,660
201300032779,13,4,10,1845,1,2,1,1,6,136,"1, COQUELICOTS (DES)",M,4270399,0290260,660
201300032780,13,4,16,655,1,2,1,1,6,136,"6, JULIEN PANCHOT (AVENU",M,4269363,0288733,660
201300032781,13,4,16,1418,1,2,1,7,6,136,"1, DIAZ (NARCISSE VIRGIL",M,4271623,0288841,660
201300032782,13,4,15,1735,1,2,1,1,6,136,"1, LECLERC (AVENUE DU GE",M,4270151,0289276,660
201300032783,13,4,22,1820,1,2,1,1,6,136,"42, CARSALADE-DU-PONT(AV",M,4268893,0289986,660
201300032784,13,4,23,1400,1,2,1,1,6,136,"., ARGELES SUR MER AVENU",M,4268382,0290926,660
201300032785,13,4,27,500,5,2,1,2,6,136,"100, NUNGESSER-ET-COLI (",M,4268308,0288969,660
201300032786,13,4,29,1930,1,2,1,2,6,136,"2, SOUVENIRS (ALLEE DES)",M,4268914,0289317,660
201300032787,13,5,2,1350,1,1,1,1,3,136,R D 900,,,,660
201300032788,13,5,6,1300,1,2,1,7,6,136,"0, CASALS Pau (Av)",M,4271766,0288595,660
201300032789,13,5,6,823,1,1,1,1,1,136,POU-DE-LES-COULOBRES (CH,M,4266550,0291984,660
201300032790,13,5,7,705,1,2,1,1,3,136,JULIEN PANCHOT (AVENUE),M,4269282,0288586,660
201300032791,13,5,6,1755,1,2,2,1,3,136,"0, RACINE (JEAN)",M,4270096,0290060,660
201300032792,13,5,11,1355,1,2,1,1,6,136,"0, R D 900",M,4270256,0279228,660
201300032793,13,5,13,600,2,2,1,1,3,136,"0, BRUXELLES (AVENUE DE",M,4268793,0284965,660
201300032794,13,5,13,1500,1,2,1,1,2,136,"., ALDUY (Paul)",M,4267936,0290416,660
201300032795,13,5,15,1500,1,2,1,1,2,136,"., GUYNEMER (AVENUE GEOR",M,4269454,0290415,660
201300032796,13,5,19,700,2,1,1,1,6,136,"16, POUDRIERE (CHEMIN DE",M,4270908,0289546,660
201300032797,13,5,24,2020,2,2,1,1,3,136,"68, DELORME (PHILIBERT)",M,4269312,0292454,660
201300032798,13,5,28,1400,1,2,1,2,6,136,"., KENNEDY (BD JOHN-FITZ",M,4268841,0290439,660
201300032799,13,5,13,1425,1,2,1,1,3,136,"., DESNOYE (BOULEVARD DR",M,4270871,0288593,660
201300032800,13,6,1,1515,1,2,1,6,6,136,"20, REMPARTS-LA-REAL (DE",M,4269733,0289714,660
201300032801,13,6,4,1700,1,2,1,1,6,136,"., JOFFRE (AVENUE DU MAR",M,4270298,0289324,660
201300032802,13,6,6,1745,1,2,1,1,6,136,"., CLEMENCEAU (BOULEVARD",M,4270041,0289025,660
201300032803,13,6,7,1900,1,2,1,1,6,136,"11, PAYRA (JEAN)",M,4269827,0289329,660
201300032804,13,6,11,930,1,2,1,1,2,136,RD 900,,,,660
201300032805,13,6,11,1830,1,2,1,1,6,136,"., NUNGESSER-ET-COLI (BO",M,4268147,0289340,660
201300032806,13,6,12,1230,1,1,1,1,3,136,RD 914,,,,660
201300032807,13,6,18,1202,1,2,1,1,6,136,"36, DAGOBERT (LUC)",M,4269468,0289148,660
201300032808,13,6,19,1308,1,2,1,1,6,136,"0, ESCARGUEL (COURS LAZA",M,4269999,0288662,660
201300032809,13,6,19,750,1,2,1,1,1,136,"0, DESNOYE (BOULEVARD DR",M,4270386,0288279,660
201300032810,13,6,20,1208,1,2,1,1,1,136,"0, BIOT JEAN BAPTISTE",M,4273425,0290029,660
201300032811,13,6,14,1412,1,2,1,1,6,136,"18, TAULIS (DE)",M,4268122,0290327,660
201300032812,13,6,29,21,5,2,1,1,3,136,"., TORREILLES (AV DU DOC",M,4268695,0287436,660
201300032813,13,6,29,145,3,1,1,1,7,136,"., R D 900",,,,660
201300032814,13,7,8,900,1,2,1,1,2,136,"13, AUGUSTINS DES",M,4269754,0289463,660
201300032815,13,7,15,1740,1,2,1,1,6,136,"320, JOFFRE (AVENUE DU M",M,4272047,0288637,660
201300032816,13,7,18,53,5,2,1,1,3,136,"0, LANCASTER (PLACE DE)",M,4271594,0288802,660
201300032817,13,7,20,2115,1,2,2,1,3,136,", ESCARGUEL (COURS LAZAR",M,4269736,0288777,660