Num_Acc,an,mois,jour,hrmn,lum,agg,int,atm,col,com,adr,gps,lat,long,dep
201300032818,13,7,22,1227,1,2,1,1,6,136,"0, PALAIS-DES-EXPO (AVEN",M,4270882,0290484,660
201300032819,13,7,28,2145,5,2,1,1,6,136,PALAIS-DES-EXPO (AVENUE,M,4270436,0289254,660
201300032820,13,8,7,1350,1,2,1,1,6,136,"., BLANC AVENUE ROSETTE",M,4269885,0290571,660
201300032821,13,8,8,1950,1,1,1,1,7,136,"., JEAN JACQUES ROCADE",M,4270154,0290925,660
201300032822,13,8,9,230,3,1,1,1,7,136,Departementale  617,,,,660
201300032823,13,8,12,600,1,2,1,1,3,136,"0, FRANCE LIBRE (BOULEVA",M,4270509,0290186,660
201300032824,13,8,11,1510,1,2,1,1,2,136,"0, SAINT-ROCH (CHEMIN DE",M,4268776,0290857,660
201300032825,13,8,13,1115,1,1,1,1,3,136,"0, R D 900",,,,660
201300032826,13,8,16,1410,1,2,1,1,3,136,"0, R D 900",,,,660
201300032827,13,8,20,1850,2,2,1,1,3,136,"0, CAMUS AVENUE ALBERT",M,4269115,0290776,660
201300032828,13,8,21,1805,1,2,1,1,6,136,CLEMENCEAU (BOULEVARD),M,4270030,0288965,660
201300032829,13,8,28,2215,5,2,1,1,2,136,BALEARES ROND POINT ET C,M,4268867,0289504,660
201300032830,13,9,3,1840,1,2,1,1,2,136,"., ARGELES SUR MER AVENU",M,4268331,0290945,660
201300032831,13,9,8,245,3,1,1,1,6,136,Departementale  617,,,,660
201300032832,13,9,9,1757,1,2,1,1,2,136,"., BLANC AVENUE ROSETTE",M,4269942,0291672,660
201300032833,13,9,11,1731,1,2,1,1,6,136,"7 b, AERODROME AVENUE DE",M,4272144,0288552,660
201300032834,13,9,16,1630,1,1,1,1,1,136,"., ANCIEN CHEMIN DE BAIX",M,4270948,0287528,660
201300032835,13,9,6,1200,1,2,1,1,6,136,"., ALBERT MARCELLIN",M,4269073,0289110,660
201300032836,13,9,18,2140,5,2,1,1,3,136,"., JARDINS SAINT-JACQUES",M,4270301,0290929,660
201300032837,13,9,20,1600,1,2,1,1,3,136,"., ROUDAYRE (AVENUE EMIL",M,4270698,0290008,660
201300032838,13,9,25,850,1,2,1,1,3,136,FAUCEILLE (CHEMIN DE LA),M,4267245,0289107,660
201300032839,13,9,26,2345,3,2,1,1,1,136,"., FRANCE LIBRE (BOULEVA",M,4270249,0289190,660
201300032840,13,9,29,2029,2,2,1,1,3,136,"., FRANCE LIBRE (BOULEVA",M,4270428,0289739,660
201300032841,13,10,3,2201,3,2,1,1,2,136,Departementale  617,M,4271026,0291800,660
201300032842,13,10,5,330,5,2,1,1,1,136,"., JULIEN PANCHOT (AVENU",M,4268369,0286410,660
201300032843,13,10,7,1538,1,2,2,1,3,136,"., BERGES ARISTIDE",M,4273116,0289239,660
201300032844,13,10,9,930,1,2,1,1,3,136,"0, BIGORRE LA",M,4268763,0289872,660
201300032845,13,10,9,1220,1,2,1,1,3,136,"., CARREL (AVENUE DU DOC",M,4267962,0290406,660
201300032846,13,10,14,1605,1,2,1,1,6,136,"., MASSOT (PAUL)",M,4269585,0288393,660
201300032847,13,10,20,245,4,2,1,1,1,136,R D 900,M,4266497,0288385,660
201300032848,13,10,22,1027,1,2,1,1,6,136,"60, REMPART-VILLENEUVE",M,4269932,0288976,660
201300032849,13,10,22,1847,3,2,6,1,3,136,"., AMSTERDAM ( ROND POIN",M,4268172,0285213,660
201300032850,13,10,27,940,1,2,1,1,3,136,"0, ARGELES SUR MER AVENU",M,4268114,0291059,660
201300032851,13,10,27,1823,1,2,1,1,3,136,WILSON (BOULEVARD THOMAS,M,4270186,0289570,660
201300032852,13,11,6,1030,1,2,1,1,6,136,"31, MERCADER (BOULEVARD",M,4269261,0289194,660
201300032853,13,11,9,1750,2,2,1,1,6,136,"34, TORCATIS (AVENUE LOU",M,4269261,0289195,660
201300032854,13,11,14,1215,1,2,1,1,3,136,LANGUEDOC (AVENUE DU CD,M,4273132,0288917,660
201300032855,13,11,18,1515,1,1,1,3,2,136,departementale 914,,,,660
201300032856,13,11,11,1350,1,2,6,1,3,136,"., LANCASTER (PLACE DE)",M,4268136,0289355,660
201300032857,13,11,22,1000,1,2,1,1,6,136,"., KENNEDY (BD JOHN-FITZ",M,4268702,0290609,660
201300032858,13,11,26,1600,1,2,1,1,2,136,Bd Fr Mistral,M,4269869,0290543,660
201300032859,13,11,29,1957,5,2,1,1,3,136,DALBIEZ AVENUE VICTOr,M,4268714,0288208,660
201300032860,13,12,1,2300,5,2,1,1,2,136,"., ESPAGNE (ROUTE D')",M,4268724,0289545,660
201300032861,13,12,5,1300,1,2,2,1,3,136,PYRENEES (BOULEVARD DES),M,4269683,0288824,660
201300032862,13,12,4,1745,5,2,1,1,3,136,"1499, LANGUEDOC (AVENUE",M,4274048,0289180,660
201300032863,13,12,5,1555,1,2,1,1,3,136,LANGUEDOC (AVENUE DU CD,M,4273785,0289110,660
201300032864,13,12,9,800,1,2,1,1,3,136,GUYNEMER (AVENUE GEORGES,M,4269322,0290393,660
201300032865,13,12,9,1000,1,2,1,1,3,136,ESCARGUEL (COURS LAZARE),M,4269905,0288697,660
201300032866,13,12,10,920,1,2,2,1,3,136,JULIEN PANCHOT (AVENUE),M,4268662,0286950,660
201300032867,13,12,14,1450,1,2,1,1,6,136,ROMARINS (DES),M,4268902,0288825,660
201300032868,13,12,15,1600,1,2,2,1,3,136,WALDECK-ROUSSEAU (RENE),M,4269400,0290246,660
201300032869,13,12,15,700,2,2,1,1,1,136,"., ARCADES (RD POINT)",M,4267403,0288770,660
201300032870,13,12,16,1000,1,2,1,1,6,136,"., ESPAGNE (ROUTE D')",M,4268724,0289554,660
201300032871,13,12,16,1600,1,2,1,1,6,136,"27, LYCEE (AVENUE)",M,4269438,0288874,660
201300032872,13,12,17,1235,1,2,1,1,6,136,SALANQUE (AVENUE DE),M,4272780,0290555,660
201300032873,13,12,19,1405,1,2,2,2,3,136,MERMOZ (AVENUE JEAN),M,4269422,0291316,660
201300032874,13,12,24,1600,1,2,1,1,6,136,"7, KENNEDY (BD JOHN-FITZ",M,4268991,0290250,660
201300032875,13,1,5,1530,1,2,1,9,1,180,SPITZACKER (RUE),,,,670
201300032876,13,1,9,1725,3,1,1,2,4,180,RD 1062,,,,670
201300032877,13,1,13,220,5,2,9,1,1,180,"72, BISCHWILLER (ROUTE D",,,,670
201300032878,13,2,7,755,2,1,1,8,1,180,RD 1063,,,,670
201300032879,13,2,16,700,2,1,1,5,1,180,RD 27,,,,670
201300032880,13,3,28,1715,1,1,1,1,6,180,WEITBRUCH (ROUTE DE) (WE,,,,670
201300032881,13,4,6,1512,1,2,1,1,6,180,DESIRE BRUMBT (PLACE),,,,670
201300032882,13,4,19,930,1,2,2,8,3,180,BITCHE (ROUTE DE),,,,670
201300032883,13,4,24,605,1,2,1,1,7,180,CHATEAU FIAT (RUE DU),,,,670
201300032884,13,5,12,1845,1,1,2,1,3,180,RD263,,,,670
201300032885,13,7,7,1540,1,2,2,1,1,180,BITCHE (ROUTE DE),,,,670
201300032886,13,8,1,1950,1,2,2,1,1,180,PROFESSEUR RENE LERICHE,,,,670
201300032887,13,8,14,1528,1,2,2,1,3,180,"101, CHATEAU FIAT (RUE D",,,,670
201300032888,13,9,7,30,5,2,1,1,3,180,"48, MARIENTHAL (ROUTE DE",,,,670
201300032889,13,10,21,700,3,1,1,1,1,180,RD 1062,,,,670
201300032890,13,1,2,1600,1,2,1,1,6,462,"01, GRENOUILLES (RUE DES",,,,670
201300032891,13,3,3,1613,1,2,2,1,6,462,"01, PORTE DE STRASBOURG",,,,670
201300032892,13,5,5,1554,1,1,1,1,2,462,MARCKOLSHEIM (ROUTE DE),,,,670
201300032893,13,5,16,1320,1,2,1,8,6,462,"5, MOZART (RUE)",,,,670
201300032894,13,11,24,1655,2,2,2,1,1,462,"01, GENERAL DE GAULLE (A",,,,670
201300032895,13,11,27,750,1,2,2,1,6,462,"01, SAINTE ODILE (RUE)",,,,670
201300032896,13,1,3,1355,1,2,1,1,6,482,"0, PIERRE NUSS (RUE)",,,,670
201300032897,13,1,2,1700,5,2,2,1,1,482,RATHSAMHAUSEN (RUE DE),,,,670
201300032898,13,1,3,1720,5,2,1,1,2,482,"10, RICHARD WAGNER (RUE)",,,,670
201300032899,13,1,4,1900,5,2,3,1,3,447,"0, GENERAL DE GAULLE (RO",,,,670
201300032900,13,1,4,2015,5,2,1,1,2,365,"0, GEISPOLSHEIM (RUE DE)",,,,670
201300032901,13,1,4,2220,5,2,3,1,3,482,RHIN (ROUTE DU),,,,670
201300032902,13,1,5,135,5,2,2,1,3,482,"0, RHIN (ROUTE DU)",,,,670
201300032903,13,1,7,1405,1,2,3,1,3,482,"0, BRION (RUE AUGUSTE)",,,,670
201300032904,13,1,8,1750,5,2,1,1,2,482,"10, SAINTE MARGUERITE (R",,,,670
201300032905,13,1,9,2200,5,2,2,2,2,447,"0, GENERAL DE GAULLE (RO",,,,670
201300032906,13,1,10,820,1,2,1,2,6,482,"16, LAUTH (RUE)",,,,670
201300032907,13,1,10,1310,1,2,1,8,6,447,"18, LAMARTINE (RUE)",,,,670
201300032908,13,1,12,235,5,2,1,2,6,482,"7, PECHEURS (QUAI DES)",,,,670
201300032909,13,1,12,1850,5,2,1,2,3,482,"8, RIBEAUVILLE (RUE DE)",,,,670
201300032910,13,1,14,805,1,2,3,4,4,447,GENERAL DE GAULLE (ROUTE,,,,670
201300032911,13,1,14,1830,1,2,1,1,6,218,"21, ROSEAUX (RUE DES)",,,,670
201300032912,13,1,15,1350,1,2,1,4,3,482,"0, RENE CASSIN (ALLEE)",,,,670
201300032913,13,1,16,1730,5,2,2,1,6,482,"0, PETITES FERMES (RUE D",,,,670
201300032914,13,1,18,1625,1,2,1,1,3,482,"34, HOPITAL (ROUTE DE L",,,,670
201300032915,13,1,19,1025,1,2,2,4,3,482,"0, PECHEURS (QUAI DES)",,,,670
201300032916,13,1,20,830,1,2,1,4,6,482,"19, ROMAINS (PLACE DES)",,,,670
201300032917,13,1,23,925,1,2,2,8,3,482,"0, LIBERTE (AVENUE DE LA",,,,670
201300032918,13,1,23,1220,1,2,1,8,6,482,"0, FEDERATION (ROUTE DE",,,,670
201300032919,13,1,28,1140,1,2,1,1,3,482,"86, JESUITES (RUE DES)",,,,670
201300032920,13,1,30,1125,1,2,1,2,6,482,"0, COUBERTIN (RUE PIERRE",,,,670
201300032921,13,1,31,1730,5,2,1,1,6,482,"0, MOLSHEIM (RUE DE)",,,,670
201300032922,13,2,1,730,2,2,2,2,3,482,SCHUTZENBERGER (AVENUE),,,,670
201300032923,13,2,1,900,1,2,1,2,3,482,"3, CHARLES PEGUY (RUE)",,,,670
201300032924,13,2,1,1820,5,2,3,2,3,482,"0, FUSTEL DE COULANGES (",,,,670
201300032925,13,2,1,1910,5,2,1,3,6,447,"14, EUROPE (AVENUE DE L",,,,670
201300032926,13,2,1,2015,5,2,2,3,3,447,"0, PIERRE MENDES FRANCE",,,,670
201300032927,13,2,3,740,1,2,2,1,3,482,"0, VOSGES (AVENUE DES)",,,,670
201300032928,13,2,5,2105,5,2,1,2,3,482,"0, TRAVAIL (RUE DU)",,,,670
201300032929,13,2,7,1930,5,2,1,1,2,482,"0, VICTOIRE (BOULEVARD D",,,,670
201300032930,13,2,8,815,1,2,1,2,3,204,"30, BRUMATH (ROUTE DE)",,,,670
201300032931,13,2,8,1720,2,2,1,1,6,482,"0, MARAIS VERT (RUE DU)",,,,670
201300032932,13,2,8,1755,5,2,1,1,3,482,"29, AMPERE (RUE)",,,,670
201300032933,13,2,9,750,1,2,1,1,3,482,"179, MITTELHAUSBERGEN (R",,,,670
201300032934,13,2,11,415,5,2,1,1,3,218,"0, ALFRED KASTLER (ROUTE",,,,670
201300032935,13,2,11,1935,5,2,3,4,3,218,"0, GOUNOD (RUE)",,,,670
201300032936,13,2,13,1700,5,2,2,1,6,482,"0, LANDSBERG (RUE DU)",,,,670
201300032937,13,2,13,1755,5,2,1,1,6,482,"0, SEBASTOPOL (RUE DE)",,,,670
201300032938,13,2,14,1935,5,2,1,1,3,482,"51, SCHIRMECK (ROUTE DE)",,,,670
201300032939,13,2,15,745,1,2,1,4,3,482,"317, LA WANTZENAU (ROUTE",,,,670
201300032940,13,2,15,1150,1,2,1,1,6,043,"78B, PERIGUEUX (AVENUE D",,,,670
201300032941,13,2,15,1900,5,2,1,2,3,482,"8, BEULENWOERTH (CHEMIN",,,,670
201300032942,13,2,16,1845,5,2,3,1,6,482,"0, ALPES (QUAI DES)",,,,670
201300032943,13,2,20,1000,1,2,3,1,3,482,"0, RHIN (ROUTE DU)",,,,670
201300032944,13,2,21,1355,1,2,1,1,6,267,"1, GENERAL DE GAULLE (RU",,,,670
201300032945,13,2,23,2220,5,2,1,4,6,482,"55, MITTELHAUSBERGEN (RO",,,,670
201300032946,13,2,25,1345,1,2,1,1,4,218,"0, ALFRED KASTLER (ROUTE",,,,670
201300032947,13,3,1,1235,1,2,3,1,3,482,"46, MEINAU (ROUTE DE LA)",,,,670
201300032948,13,3,3,1630,1,2,2,1,3,482,"21, LAVOISIER (RUE)",,,,670
201300032949,13,3,4,745,1,1,1,1,3,204,"0, TROIS MAIRES (RUE DES",,,,670
201300032950,13,3,4,1840,5,2,1,1,3,482,"0, SCHIRMECK (ROUTE DE)",,,,670
201300032951,13,3,4,2120,5,2,2,1,3,482,"0, ZIEGELAU (RUE DE LA)",,,,670
201300032952,13,3,5,1700,1,2,1,1,6,482,"0, WELSCH (RUE)",,,,670
201300032953,13,3,5,2135,5,2,2,1,3,043,"0, BISCHWILLER (ROUTE DE",,,,670
201300032954,13,3,6,1920,5,2,1,1,2,447,"19, GLACIERE (RUE DE LA)",,,,670
201300032955,13,3,7,850,1,2,1,1,3,482,"42, GEILER (RUE)",,,,670
201300032956,13,3,9,1040,1,2,2,1,6,482,"7, DORDOGNE (BOULEVARD D",,,,670
201300032957,13,3,9,1500,1,2,1,2,3,482,"0, BELGES (QUAI DES)",,,,670
201300032958,13,3,10,1840,5,2,2,2,3,482,"0, FRAN?OIS MITTERRAND (",,,,670
201300032959,13,3,11,805,1,2,3,8,2,447,"0, GENERAL DE GAULLE (RO",,,,670
201300032960,13,3,11,1625,1,2,1,2,4,482,"46-48, HOPITAL (ROUTE DE",,,,670
201300032961,13,3,11,1845,5,2,1,1,3,482,"0, RENE CASSIN (ALLEE)",,,,670
201300032962,13,3,12,2340,5,2,2,8,6,482,"14, WASSELONNE (RUE DE)",,,,670
201300032963,13,3,13,700,1,2,2,1,3,482,"0, GENERAL OFFENSTEIN (R",,,,670
201300032964,13,3,13,1515,1,2,2,4,3,218,"0, STRASBOURG (ROUTE DE)",,,,670
201300032965,13,3,13,1620,1,2,5,8,5,482,"0, VOSGES (AVENUE DES)",,,,670
201300032966,13,3,14,1625,1,2,1,8,6,043,"59, BISCHWILLER (ROUTE D",,,,670
201300032967,13,3,15,1900,2,2,1,1,2,482,"36, MOLSHEIM (RUE DE)",,,,670
201300032968,13,3,16,1340,1,2,1,1,3,204,"25, REPUBLIQUE (RUE DE L",,,,670
201300032969,13,3,16,2000,5,2,3,1,3,482,"0, BRIGADE ALSACE LORRAI",,,,670
201300032970,13,3,17,1325,1,2,1,2,2,482,"0, RHIN TORTU (RUE DU)",,,,670
201300032971,13,3,17,1430,1,2,2,3,6,482,"7, DUNTZENHEIM (RUE DE)",,,,670
201300032972,13,3,17,2200,5,2,2,2,3,482,"0, JEAN JAURES (AVENUE)",,,,670
201300032973,13,3,20,1415,1,2,1,1,3,447,"0, PIERRE MENDES FRANCE",,,,670
201300032974,13,3,22,1010,1,2,1,1,3,482,"0, UNIVERSITE (RUE DE L",,,,670
201300032975,13,3,22,1353,1,2,2,1,3,482,"0, COMMANDANT FRANCOIS (",,,,670
201300032976,13,3,22,2125,5,2,2,1,3,043,"0, BRUMATH (ROUTE DE)",,,,670
201300032977,13,3,24,215,5,2,3,1,3,482,REPUBLIQUE (PLACE DE LA),,,,670
201300032978,13,3,27,1455,1,2,1,1,2,482,"0, KOENIGSHOFFEN (RUE DE",,,,670
201300032979,13,3,27,1929,5,2,1,1,4,482,"0, RHIN (ROUTE DU)",,,,670
201300032980,13,3,28,800,1,2,1,1,6,482,"0, COLMAR (AVENUE DE)",,,,670
201300032981,13,3,28,1400,1,2,1,1,6,043,"43, BRUMATH (ROUTE DE)",,,,670
201300032982,13,3,28,1545,1,2,1,1,6,482,"9, GARE (PLACE DE LA)",,,,670
201300032983,13,3,28,1800,1,2,1,1,3,482,"0, PREMIERE ARMEE (RUE D",,,,670
201300032984,13,3,30,1518,1,2,1,1,7,482,"190, UNTERELSAU (RUE DE",,,,670
201300032985,13,3,30,1245,1,2,1,1,3,482,PAUL ELUARD (RUE),,,,670
201300032986,13,3,31,350,4,2,1,1,2,482,"0, HERRENSCHMIDT (AVENUE",,,,670
201300032987,13,4,1,1630,1,2,1,1,3,482,"81, LA ROCHELLE (RUE DE)",,,,670
201300032988,13,4,1,2052,5,2,1,1,6,482,"28, ORBEY (RUE D )",,,,670
201300032989,13,4,3,1645,1,2,2,1,3,482,"0, CLEMENCEAU (BOULEVARD",,,,670
201300032990,13,4,4,2220,5,2,2,1,3,043,"0, BRUMATH (ROUTE DE)",,,,670
201300032991,13,4,5,1342,1,2,1,1,6,447,"0, 23 NOVEMBRE (AVENUE D",,,,670
201300032992,13,4,5,1701,1,2,1,1,2,482,"3, GENERAL KOENIG (QUAI",,,,670
201300032993,13,4,6,30,5,2,3,1,3,482,"0, MITTELHAUSBERGEN (ROU",,,,670
201300032994,13,4,6,2110,5,2,2,1,6,482,"0, OBERHAUSBERGEN (ROUTE",,,,670
201300032995,13,4,7,1600,1,2,1,1,6,482,"40, MATHIAS GRUNEWALD (R",,,,670
201300032996,13,4,8,1830,1,2,1,1,3,482,"0, EGLISE ROUGE (RUE DE",,,,670
201300032997,13,4,8,2315,5,2,1,1,6,482,"0, PETIT BROGLIE (PLACE",,,,670
201300032998,13,4,9,525,5,2,1,1,6,482,"0, SCHLUTHFELD (ALLEE DU",,,,670
201300032999,13,4,9,920,1,2,1,1,3,218,"0, NIEDERBOURG (RUE DE L",,,,670
201300033000,13,4,9,1635,1,2,1,1,3,482,"0, ANDRE MALRAUX (RUE)",,,,670
201300033001,13,4,12,1455,1,2,1,1,3,482,"2, KENTZINGER (RUE)",,,,670
201300033002,13,4,13,1800,1,2,1,1,3,447,"0, LAUTER (RUE DE LA)",,,,670
201300033003,13,4,16,1030,1,2,2,1,3,482,"0, GOLBERY (PLACE)",,,,670
201300033004,13,4,18,1850,1,2,2,1,3,218,"0, VIGNES (RUE DES)",,,,670
201300033005,13,4,20,620,5,2,2,1,5,482,ROMAINS (ROUTE DES),,,,670
201300033006,13,4,20,1005,1,2,1,2,3,482,"25, PRESIDENT WILSON (BO",,,,670
201300033007,13,4,20,1850,1,2,3,1,3,482,"0, SCHUTZENBERGER (AVENU",,,,670
201300033008,13,4,21,1910,1,2,2,1,3,447,"0, EUROPE (AVENUE DE L )",,,,670
201300033009,13,4,23,900,1,2,2,1,3,482,"0, LEZAY MARNESIA (QUAI)",,,,670
201300033010,13,4,24,840,1,2,2,1,3,482,"0, BISCHWILLER (ROUTE DE",,,,670
201300033011,13,4,24,2008,5,2,1,1,3,482,"13, MARNE (BOULEVARD DE",,,,670
201300033012,13,4,25,1208,1,2,2,1,3,482,GEORGES WODLI (RUE),,,,670
201300033013,13,4,25,1610,1,2,1,1,6,482,"0, ALPES (QUAI DES)",,,,670
201300033014,13,4,27,1950,1,2,2,2,3,447,"0, PIERRE MENDES FRANCE",,,,670
201300033015,13,4,28,122,5,2,1,2,6,043,"2, PERIGUEUX (AVENUE DE)",,,,670
201300033016,13,4,30,1430,1,2,2,2,3,482,"0, VOSGES (AVENUE DES)",,,,670
201300033017,13,4,30,2020,2,2,1,8,6,482,"0, MITTELHAUSBERGEN (ROU",,,,670
201300033018,13,5,1,352,5,2,3,2,6,482,"0, ETOILE (PLACE DE L )",,,,670
201300033019,13,5,3,1800,1,2,2,3,6,482,"0, KOENIGSHOFFEN (RUE DE",,,,670
201300033020,13,5,3,1905,2,2,1,2,4,482,"4, OBERHAUSBERGEN (ROUTE",,,,670
201300033021,13,5,6,822,1,2,3,1,6,482,"0, GERLINDE (RUE)",,,,670
201300033022,13,5,6,2210,5,2,5,2,3,482,"0, NANCY (BOULEVARD DE)",,,,670
201300033023,13,5,7,10,3,2,2,2,7,482,"0, LUBECK (RUE DE)",,,,670
201300033024,13,5,7,935,1,2,1,1,3,043,"0, GEORGES BURGER (RUE)",,,,670
201300033025,13,5,7,1100,1,2,2,1,3,482,"0, LA WANTZENAU (ROUTE D",,,,670
201300033026,13,5,8,1650,1,2,1,1,7,043,"19a, ROBERTSAU (RUE DE L",,,,670
201300033027,13,5,11,2125,5,2,2,2,3,482,"0, FAUBOURG DE PIERRE (R",,,,670
201300033028,13,5,12,200,5,2,2,2,3,482,"0, OBERHAUSBERGEN (ROUTE",,,,670
201300033029,13,5,13,2145,5,2,3,1,3,482,"0, NORMANDIE (AVENUE DE)",,,,670
201300033030,13,5,14,1230,1,2,2,1,6,482,"0, DIVISION LECLERC (RUE",,,,670
201300033031,13,5,14,1440,1,2,3,1,3,482,"0, DIVISION LECLERC (RUE",,,,670
201300033032,13,5,14,1900,1,2,3,1,3,482,"0, MINOTERIE (RUE DE LA)",,,,670
201300033033,13,5,15,753,1,2,1,1,5,267,"190, MARECHAL FOCH (RUE",,,,670
201300033034,13,5,15,1730,1,2,1,1,2,482,"197, SCHIRMECK (ROUTE DE",,,,670
201300033035,13,5,16,1300,1,2,3,8,6,482,"0, CHARLES FREY (QUAI)",,,,670
201300033036,13,5,17,1849,1,2,1,1,1,204,"90, REPUBLIQUE (RUE DE L",,,,670
201300033037,13,5,20,1345,1,2,1,3,3,482,"0, PAUL VERLAINE (RUE)",,,,670
201300033038,13,5,20,2055,5,2,1,2,4,482,"7, PETIT MARAIS (RUE DU)",,,,670
201300033039,13,5,24,655,1,2,6,1,3,482,"0, CHARLES PEGUY (RUE)",,,,670
201300033040,13,5,24,1200,1,2,1,1,3,218,"11, INDUSTRIE (RUE DE L",,,,670
201300033041,13,5,25,1455,1,2,1,1,6,482,"9, ALBERT EINSTEIN (RUE)",,,,670
201300033042,13,5,25,1520,1,2,3,1,3,482,"0, REPUBLIQUE (PLACE DE",,,,670
201300033043,13,5,25,1800,1,2,1,1,1,043,"4, ECOLE (RUE DE L )",,,,670
201300033044,13,5,27,1400,1,2,1,1,6,482,"9, MARCEL PROUST (RUE)",,,,670
201300033045,13,5,28,2040,2,2,3,2,3,447,"128, BISCHWILLER (ROUTE",,,,670
201300033046,13,5,29,2135,5,2,2,2,6,204,"0, REPUBLIQUE (RUE DE LA",,,,670
201300033047,13,5,30,2300,5,2,2,1,6,482,"0, ZELLENBERG (RUE DE)",,,,670
201300033048,13,5,31,1210,1,2,1,2,6,482,"0, VICTOIRE (BOULEVARD D",,,,670
201300033049,13,6,4,1820,1,2,3,1,3,447,"0, CHARME (RUE DU)",,,,670
201300033050,13,6,4,1804,1,2,1,1,3,218,"0, FORT UHRICH (ROUTE DU",,,,670
201300033051,13,6,5,840,1,2,1,1,2,482,"0, ARTHUR RIMBAUD (RUE)",,,,670
201300033052,13,6,5,2020,1,2,2,1,3,482,"0, LOUIS PASTEUR (QUAI)",,,,670
201300033053,13,6,6,1210,1,2,1,1,3,482,"0, HERRENSCHMIDT (AVENUE",,,,670
201300033054,13,6,6,1425,1,2,3,1,3,482,"244, OBERHAUSBERGEN (ROU",,,,670
201300033055,13,6,6,1905,1,2,2,1,3,043,"0, BRUMATH (ROUTE DE)",,,,670
201300033056,13,6,7,320,5,2,1,1,6,482,"24, HECHNER (RUE)",,,,670
201300033057,13,6,7,1750,1,2,3,1,2,482,"0, LA WANTZENAU (ROUTE D",,,,670
201300033058,13,6,7,2015,1,2,3,1,6,447,"20, TRIBUNAL (RUE DU)",,,,670
201300033059,13,6,7,2330,5,2,1,1,3,482,"208, ROMAINS (ROUTE DES)",,,,670
201300033060,13,6,11,1104,1,2,1,1,6,482,"0, CHARLES PEGUY (RUE)",,,,670
201300033061,13,6,11,1343,1,2,1,1,6,447,"69, BISCHWILLER (ROUTE D",,,,670
201300033062,13,6,12,1600,1,2,1,1,3,482,"208, ROMAINS (ROUTE DES)",,,,670
201300033063,13,6,12,1830,1,2,1,1,6,482,"75, ZIEGELAU (RUE DE LA)",,,,670
201300033064,13,6,14,1345,1,1,3,1,3,482,GENERAL OFFENSTEIN (RUE,,,,670
201300033065,13,6,15,410,5,2,2,1,3,482,"0, ALFRED KASTLER (RUE)",,,,670
201300033066,13,6,16,1725,1,2,2,1,3,482,"0, PONT DE L EUROPE (AVE",,,,670
201300033067,13,6,19,1810,1,2,1,1,3,365,"26, MARECHAL FOCH (RUE D",,,,670
201300033068,13,6,20,1925,1,2,1,1,3,482,"17, JACQUES PREISS (BOUL",,,,670
201300033069,13,6,21,1645,1,2,1,1,3,482,"0, HURTIGHEIM (RUE DE)",,,,670
201300033070,13,6,21,1730,1,2,3,1,3,447,"0, GENERAL DE GAULLE (RO",,,,670
201300033071,13,6,21,1810,1,2,3,1,6,482,"0, RHIN (ROUTE DU)",,,,670
201300033072,13,6,24,1620,1,2,4,1,3,218,ESCHAU (ROUTE D ),,,,670
201300033073,13,6,24,1630,1,2,1,1,6,482,PETIT MARAIS (RUE DU),,,,670
201300033074,13,6,25,2115,1,2,1,2,6,482,"0, PIERRE CORNEILLE (AVE",,,,670
201300033075,13,6,26,1935,2,2,1,1,3,218,"0, 23 NOVEMBRE (RUE DU)",,,,670
201300033076,13,6,28,1730,1,2,1,1,6,365,"13, ILLKIRCH (RUE D)",,,,670
201300033077,13,6,29,1555,1,2,1,1,5,482,RHIN (ROUTE DU),,,,670
201300033078,13,6,29,1820,2,2,1,1,6,447,"0, TRIBUNAL (RUE DU)",,,,670
201300033079,13,7,1,115,5,2,1,1,7,482,"0, MOLSHEIM (RUE DE)",,,,670
201300033080,13,7,1,1250,1,2,1,1,6,482,"0, BROGLIE (PLACE)",,,,670
201300033081,13,7,1,715,1,2,3,1,3,482,"0, RHIN (ROUTE DU)",,,,670
201300033082,13,7,1,1850,1,2,1,1,5,267,"78, MARECHAL FOCH (RUE D",,,,670
201300033083,13,7,2,1810,1,2,1,1,3,482,"0, ORBEY (RUE D )",,,,670
201300033084,13,7,2,2115,2,2,2,1,3,204,"0, BRUMATH (ROUTE DE)",,,,670
201300033085,13,7,3,1855,1,2,3,1,3,204,"43, MARECHAL LECLERC (RU",,,,670
201300033086,13,7,4,835,1,2,1,1,3,482,"0, OBERHAUSBERGEN (ROUTE",,,,670
201300033087,13,7,4,1430,1,2,1,1,3,482,"0, BORDEAUX (PLACE DE)",,,,670
201300033088,13,7,5,1000,1,2,1,1,3,218,"6, STRASBOURG (ROUTE DE)",,,,670
201300033089,13,7,5,2010,1,1,2,1,3,218,"0, FORT UHRICH (ROUTE DU",,,,670
201300033090,13,7,5,2215,5,2,2,1,3,482,"0, SELESTAT (RUE DE)",,,,670
201300033091,13,7,6,1330,1,2,1,1,3,447,"3A, MARAIS (RUE DU)",,,,670
201300033092,13,7,7,2115,2,2,1,1,6,267,"190, MARECHAL FOCH (RUE",,,,670
201300033093,13,7,8,1350,1,2,1,1,6,482,"56, SCHIRMECK (ROUTE DE)",,,,670
201300033094,13,7,9,945,1,2,3,1,6,482,"22, PREMIERE ARMEE (RUE",,,,670
201300033095,13,7,9,2220,5,2,2,1,3,043,BISCHWILLER (ROUTE DE),,,,670
201300033096,13,7,10,800,1,2,1,1,6,482,"16, STEINBOURG (RUE DE)",,,,670
201300033097,13,7,10,1110,1,2,3,1,6,482,"0, LANDSBERG (RUE DU)",,,,670
201300033098,13,7,11,2010,1,2,1,1,3,218,"0, RHIN (ROUTE DU)",,,,670
201300033099,13,7,12,2325,4,1,1,1,6,482,"0, CHATELET DE LA FORET",,,,670
201300033100,13,7,13,1015,1,2,2,1,3,482,"0, SOULTZ (RUE DE)",,,,670
201300033101,13,7,13,1750,1,2,1,1,6,482,"79, ROMAINS (ROUTE DES)",,,,670
201300033102,13,7,14,2330,5,2,2,1,3,482,"0, MITTELHAUSBERGEN (ROU",,,,670
201300033103,13,7,17,1615,1,2,2,1,6,482,"0, GENERAL KOENIG (QUAI",,,,670
201300033104,13,7,18,2034,1,2,1,1,6,447,"1, ALPHONSE ADAM (RUE)",,,,670
201300033105,13,7,20,1150,1,2,1,1,1,482,"0, BELGES (QUAI DES)",,,,670
201300033106,13,7,20,1330,1,2,1,1,1,482,"0, ALFRED KASTLER (RUE)",,,,670