Num_Acc,an,mois,jour,hrmn,lum,agg,int,atm,col,com,adr,gps,lat,long,dep
201300033107,13,7,23,1915,1,2,1,1,3,482,"0, MARCEL PROUST (RUE)",,,,670
201300033108,13,7,21,1945,1,2,1,1,5,482,"0, FEDERATION (ROUTE DE",,,,670
201300033109,13,7,21,2225,5,2,1,1,6,482,"0, HORACE (RUE)",,,,670
201300033110,13,7,24,750,1,2,2,1,6,482,"0, CANONNIERS (RUE DES)",,,,670
201300033111,13,7,25,1948,1,2,2,1,3,218,"0, RAISIN (RUE DU)",,,,670
201300033112,13,7,25,2115,2,2,1,1,3,482,"146, ROMAINS (ROUTE DES)",,,,670
201300033113,13,7,26,1605,1,2,1,1,6,218,"150, ILLKIRCH",,,,670
201300033114,13,7,31,2050,2,2,2,1,6,043,"0, ROBERT KIEFFER (RUE)",,,,670
201300033115,13,8,1,40,5,2,3,1,3,482,"0, ROMAINS (ROUTE DES)",,,,670
201300033116,13,8,1,115,5,2,2,1,3,482,"0, FORGET (RUE)",,,,670
201300033117,13,8,1,800,1,2,1,1,3,482,"62, LAZARET (RUE DU)",,,,670
201300033118,13,8,2,1000,1,2,2,1,3,447,"0, GENERAL DE GAULLE (RO",,,,670
201300033119,13,8,2,1545,1,2,1,1,6,482,"33, ALPES (QUAI DES)",,,,670
201300033120,13,8,3,900,1,2,1,1,3,482,"6, OBERHAUSBERGEN (ROUTE",,,,670
201300033121,13,8,4,10,5,1,1,1,6,218,"1, LE CORBUSIER ( RUE )",,,,670
201300033122,13,8,4,1445,1,2,2,1,3,482,"0, MOLSHEIM (RUE DE)",,,,670
201300033123,13,8,4,205,5,2,1,1,7,447,"0, PIERRE MENDES FRANCE",,,,670
201300033124,13,8,4,2200,5,2,1,1,3,482,"0, VITRY LE FRANCOIS (AV",,,,670
201300033125,13,8,7,1720,1,2,1,2,3,482,"22, ORPHELINS (RUE DES)",,,,670
201300033126,13,8,8,1728,1,2,1,8,3,482,"15, RHONE (RUE DU)",,,,670
201300033127,13,8,8,2300,5,2,1,1,6,482,"0, ILL (RUE DE L )",,,,670
201300033128,13,8,9,1,5,2,2,1,3,482,"0, VOSGES (AVENUE DES)",,,,670
201300033129,13,8,10,400,5,2,2,1,6,482,"0, GUTENBERG (PLACE)",,,,670
201300033130,13,8,10,1630,1,2,1,1,6,482,"35, CHARLES PEGUY (RUE)",,,,670
201300033131,13,8,12,1335,1,2,1,1,1,482,"12, OBERHAUSBERGEN (ROUT",,,,670
201300033132,13,8,12,1735,1,2,1,1,3,482,"0, RHIN NAPOLEON (RUE DU",,,,670
201300033133,13,8,16,1640,1,2,1,1,2,482,"40, PRESIDENT WILSON (BO",,,,670
201300033134,13,8,17,1630,1,2,1,1,3,482,"26, AUGUSTIN FRESNEL (RU",,,,670
201300033135,13,8,17,2110,5,2,1,1,7,482,"27, REUSS (ALLEE)",,,,670
201300033136,13,8,17,2310,5,2,3,1,1,482,"0, RUNGIS (RUE DE)",,,,670
201300033137,13,8,19,1158,1,2,1,1,6,482,"4, MAIRE KUSS (RUE DU)",,,,670
201300033138,13,8,19,1705,1,2,1,1,6,482,"106, ZIEGELAU (RUE DE LA",,,,670
201300033139,13,8,20,1415,1,2,3,1,3,043,"1c, BRUMATH (ROUTE DE)",,,,670
201300033140,13,8,21,715,1,2,2,1,3,482,"186, OBERHAUSBERGEN (ROU",,,,670
201300033141,13,8,22,35,5,2,1,1,6,482,"0, NUEE BLEUE (RUE DE LA",,,,670
201300033142,13,8,22,2240,5,2,2,1,1,482,"0, DUCS (RUE DES)",,,,670
201300033143,13,8,23,1710,1,2,2,1,3,204,"0, STADE (RUE DU)",,,,670
201300033144,13,8,28,710,1,2,3,1,3,482,"0, VIEUX MARCHE AUX VINS",,,,670
201300033145,13,8,28,2240,5,2,2,1,3,482,"0, SCHUTZENBERGER (AVENU",,,,670
201300033146,13,8,29,320,5,2,1,1,6,482,"8, RATHSAMHAUSEN (RUE DE",,,,670
201300033147,13,8,29,1446,1,2,3,1,1,482,"175, ROMAINS (ROUTE DES)",,,,670
201300033148,13,8,30,1445,1,2,1,1,6,482,"249, SCHIRMECK (ROUTE DE",,,,670
201300033149,13,9,2,838,1,2,3,1,3,482,"0, FAUBOURG NATIONAL (RU",,,,670
201300033150,13,9,2,1120,1,2,3,1,6,447,"0, SAINT CHARLES (RUE)",,,,670
201300033151,13,9,2,1630,1,2,2,1,7,204,"0, BRUMATH (ROUTE DE)",,,,670
201300033152,13,9,3,1200,1,2,1,1,2,267,"8, JUIFS (RUE DES)",,,,670
201300033153,13,9,3,1825,1,2,3,1,3,482,"0, AUBEPINE (SENTIER DE",,,,670
201300033154,13,9,3,2110,5,2,3,1,6,482,"0, POLYGONE (ROUTE DU)",,,,670
201300033155,13,9,5,1530,1,2,1,1,1,482,"0, LA ROCHELLE (RUE DE)",,,,670
201300033156,13,9,5,1830,1,2,2,1,3,482,"0, RHEINFELD (RUE DE)",,,,670
201300033157,13,9,6,1820,1,2,3,1,6,482,"0, DETTWILLER (RUE DE)",,,,670
201300033158,13,9,8,250,5,2,1,3,6,482,"3, DOUBS (RUE DU)",,,,670
201300033159,13,9,8,1740,1,2,1,1,6,365,"0, 23 NOVEMBRE (RUE DU)",,,,670
201300033160,13,9,9,1130,1,2,2,2,3,482,"0, HOPITAL (PORTE DE L )",,,,670
201300033161,13,9,10,1740,1,2,9,1,6,482,"17, NORMANDIE (AVENUE DE",,,,670
201300033162,13,9,11,1345,1,2,1,2,4,447,"12, PIERRE MENDES FRANCE",,,,670
201300033163,13,9,11,1600,1,2,4,3,3,482,"0, PORTE DE L HOPITAL (R",,,,670
201300033164,13,9,12,1745,1,2,2,1,3,447,"0, VIENNE (RUE DE)",,,,670
201300033165,13,9,13,1318,1,2,1,1,6,482,"64, FORET NOIRE (AVENUE",,,,670
201300033166,13,9,13,1800,1,2,1,1,3,482,"153/155, OBERHAUSBERGEN",,,,670
201300033167,13,9,14,1716,1,2,2,3,6,482,"0, PREMIERE ARMEE (RUE D",,,,670
201300033168,13,9,16,1145,1,2,1,1,4,482,"99, SCHIRMECK (ROUTE DE)",,,,670
201300033169,13,9,18,1815,2,2,2,1,3,482,"4, FINKWILLER (RUE)",,,,670
201300033170,13,9,19,810,1,2,2,1,5,482,"0, ANKARA (RUE D )",,,,670
201300033171,13,9,19,1350,1,2,1,1,6,267,"0, GENERAL DE GAULLE (RU",,,,670
201300033172,13,9,19,1840,1,2,2,1,3,482,"0, PRESIDENT POINCARE (B",,,,670
201300033173,13,9,19,2007,5,1,1,1,3,218,"24, INDUSTRIE (RUE DE L",,,,670
201300033174,13,9,19,2145,5,2,2,1,3,482,FUSTEL DE COULANGES (QUA,,,,670
201300033175,13,9,19,2215,5,2,3,1,3,482,"0, HUMANN (RUE)",,,,670
201300033176,13,9,24,1950,3,1,1,1,3,482,"0, JACOUTOT (QUAI)",,,,670
201300033177,13,9,25,1755,1,2,1,1,6,267,"8, CROIX (RUE DE LA)",,,,670
201300033178,13,9,25,2055,5,2,3,1,6,482,"0, MOLSHEIM (RUE DE)",,,,670
201300033179,13,9,27,2145,5,2,1,1,6,482,RHIN (ROUTE DU),,,,670
201300033180,13,9,28,1835,2,2,2,1,3,482,"0, LOUIS PASTEUR (QUAI)",,,,670
201300033181,13,9,29,210,5,2,2,1,3,447,"0, GENERAL DE GAULLE (RO",,,,670
201300033182,13,10,1,900,1,2,1,1,6,482,"5, SENGENWALD (RUE)",,,,670
201300033183,13,10,2,1543,1,2,1,1,6,043,"7, REPUBLIQUE (PLACE DE",,,,670
201300033184,13,10,3,830,1,2,3,1,3,482,"9, PONT SCHUHANSEN (RUE",,,,670
201300033185,13,10,3,1340,1,2,1,1,3,482,"3, SEBASTIEN BRANT (PLAC",,,,670
201300033186,13,10,3,1720,1,2,1,1,3,267,"1, SCHUMANN (AVENUE)",,,,670
201300033187,13,10,5,445,3,2,1,2,7,218,"0, ALFRED KASTLER (ROUTE",,,,670
201300033188,13,10,5,1220,1,2,1,1,6,043,"0, MARAIS (RUE DU)",,,,670
201300033189,13,10,6,1000,1,2,3,2,3,482,"0, LEON DACHEUX (AVENUE)",,,,670
201300033190,13,10,6,1140,1,2,1,2,6,482,"10, LYON (BOULEVARD DE)",,,,670
201300033191,13,10,7,1255,1,2,2,1,3,482,"0, CANONNIERS (RUE DES)",,,,670
201300033192,13,10,8,1215,1,2,1,1,6,482,"0, ETOILE (PLACE DE L )",,,,670
201300033193,13,10,9,1640,1,2,1,1,7,482,"287, COLMAR (AVENUE DE)",,,,670
201300033194,13,10,9,2110,5,2,1,1,6,482,"60-62, PAUL BATIMENT (ru",,,,670
201300033195,13,10,9,2145,5,2,3,2,3,482,"0, PRESIDENT POINCARE (B",,,,670
201300033196,13,10,9,2040,2,2,2,1,3,482,"0, ALPES (QUAI DES)",,,,670
201300033197,13,10,10,1900,5,2,2,1,2,482,"0, CONSEIL DES QUINZE (R",,,,670
201300033198,13,10,11,1345,1,2,2,1,6,482,"0, DOSSENHEIM (RUE DE)",,,,670
201300033199,13,10,11,1745,1,2,3,1,3,482,"0, ALFRED KASTLER (RUE)",,,,670
201300033200,13,10,12,1520,1,2,2,1,3,482,"0, GEORGES WODLI (RUE)",,,,670
201300033201,13,10,15,1058,1,2,1,2,3,482,"270, SCHIRMECK (ROUTE DE",,,,670
201300033202,13,10,18,840,1,2,1,1,6,482,"20, PORT DU RHIN (RUE DU",,,,670
201300033203,13,10,18,2350,5,2,2,1,3,482,"0, SAINT ETIENNE (QUAI)",,,,670
201300033204,13,10,19,2255,5,2,1,2,3,482,"47, ZURICH (RUE DE)",,,,670
201300033205,13,10,20,1105,1,2,2,2,3,267,"0, MARECHAL FOCH (RUE DU",,,,670
201300033206,13,10,20,1740,2,2,1,1,6,482,"15, JOSEPH WEYDMANN (RUE",,,,670
201300033207,13,10,21,2045,3,2,1,1,7,267,"0, HOLTZHEIM (RUE DE)",,,,670
201300033208,13,10,23,725,2,2,3,2,3,482,"0, ALPHONSE ADAM (RUE)",,,,670
201300033209,13,10,24,1420,1,2,3,1,3,482,"0, PAUL VALERY (RUE)",,,,670
201300033210,13,10,26,1315,1,2,3,1,3,447,"0, BISCHWILLER (ROUTE DE",,,,670
201300033211,13,10,26,1950,5,2,2,1,3,482,"0, ARISTIDE BRIAND (AVEN",,,,670
201300033212,13,10,30,945,1,2,1,1,6,204,"0, HOHENBOURG (RUE)",,,,670
201300033213,13,10,31,1820,5,2,2,1,1,267,"0, SCHUMANN (AVENUE)",,,,670
201300033214,13,10,31,1843,5,2,2,1,6,447,"0, BRETAGNE (RUE DE)",,,,670
201300033215,13,11,2,1350,1,2,3,1,6,482,"3, YSER (RUE DE L )",,,,670
201300033216,13,11,3,1045,1,2,1,1,6,482,"0, RHIN NAPOLEON (RUE DU",,,,670
201300033217,13,11,4,1015,1,2,2,2,3,482,"0, PERIGUEUX (RUE DE)",,,,670
201300033218,13,11,5,930,1,2,2,1,3,482,"0, RATHSAMHAUSEN (RUE DE",,,,670
201300033219,13,11,5,1150,1,2,1,1,2,482,"11, SILBERMANN (RUE)",,,,670
201300033220,13,11,5,1810,5,2,1,2,1,043,"0, LONGCHAMPS (RUE DE)",,,,670
201300033221,13,11,5,1900,3,2,2,2,3,482,"0, POLYGONE (ROUTE DU)",,,,670
201300033222,13,11,6,1523,1,2,2,8,3,482,"1, TRAVAIL (RUE DU)",,,,670
201300033223,13,11,8,1000,1,2,2,2,6,482,"0, MARTIN SCHONGAUER (RU",,,,670
201300033224,13,11,9,845,1,2,1,1,6,482,"0, JACQUELINE AURIOL",,,,670
201300033225,13,11,9,2120,5,2,1,1,6,218,"0, STRASBOURG (ROUTE DE)",,,,670
201300033226,13,11,10,1,5,2,3,1,3,218,"0, NEUHOF (ROUTE DE)",,,,670
201300033227,13,11,10,10,5,2,1,2,6,447,"105, GENERAL DE GAULLE (",,,,670
201300033228,13,11,12,1645,2,2,2,1,6,482,"16, OBERLIN (RUE)",,,,670
201300033229,13,11,13,1630,2,2,1,1,6,482,"23, SCHULMEISTER (RUE)",,,,670
201300033230,13,11,14,1515,1,2,6,1,5,482,"1, PIERRE CORNEILLE (AVE",,,,670
201300033231,13,11,14,1810,5,2,1,1,6,482,"0, FORET NOIRE (AVENUE D",,,,670
201300033232,13,11,14,1948,5,2,3,1,3,482,"0, NUEE BLEUE (RUE DE LA",,,,670
201300033233,13,11,15,2122,5,2,1,1,7,482,"181, POLYGONE (ROUTE DU)",,,,670
201300033234,13,11,19,1756,5,2,1,3,6,482,"77, FORET NOIRE (AVENUE",,,,670
201300033235,13,11,20,655,5,2,2,2,6,482,"1, CHAMP DE MANOEUVRE (R",,,,670
201300033236,13,11,20,555,5,2,1,2,2,482,"197, COLMAR (AVENUE DE)",,,,670
201300033237,13,11,20,1240,1,2,3,2,2,482,"0, VIENNE (ROUTE DE)",,,,670
201300033238,13,11,20,1855,5,2,1,2,3,482,"0, SAINT NAZAIRE (RUE DE",,,,670
201300033239,13,11,21,825,1,2,3,2,3,447,"0, GENERAL DE GAULLE (RO",,,,670
201300033240,13,11,21,845,1,2,3,2,5,482,"0, ANGLE (RUE DE L )",,,,670
201300033241,13,11,21,1440,1,2,2,8,3,043,"0, PERIGUEUX (AVENUE DE)",,,,670
201300033242,13,11,21,1800,5,2,1,2,6,482,"0, LANGEVIN (RUE)",,,,670
201300033243,13,11,22,1830,5,2,2,1,3,482,"0, NEUHOF (ROUTE)",,,,670
201300033244,13,11,23,1000,1,2,3,1,6,482,"0, FRAN?OIS MITTERRAND (",,,,670
201300033245,13,11,25,1245,1,2,1,1,1,482,"3, BUCAREST (RUE DE)",,,,670
201300033246,13,11,26,1615,1,2,1,1,6,482,"20, NEUHOF (ROUTE)",,,,670
201300033247,13,11,27,1415,1,2,1,1,6,267,"6, MARECHAL FOCH (RUE DU",,,,670
201300033248,13,11,27,1445,1,2,1,1,6,267,"102, MARECHAL FOCH (RUE",,,,670
201300033249,13,11,27,1855,5,2,3,1,6,447,"0, BISCHWILLER (ROUTE DE",,,,670
201300033250,13,11,27,2105,5,2,1,1,1,482,"0, RHIN TORTU (RUE DU)",,,,670
201300033251,13,11,29,1150,1,2,3,1,6,043,"0, BISCHWILLER (ROUTE DE",,,,670
201300033252,13,11,30,1205,1,2,2,1,3,218,"0, STRASBOURG (ROUTE DE)",,,,670
201300033253,13,11,30,1510,1,2,2,1,6,482,"0, KENTZINGER (RUE)",,,,670
201300033254,13,12,1,43,5,2,2,2,3,482,"0, NEUHOF (ROUTE)",,,,670
201300033255,13,12,2,845,1,2,2,1,3,482,"0, GUSTAVE DORE (RUE)",,,,670
201300033256,13,12,4,1030,1,2,1,8,6,218,"307, LYON (RTE DE)",,,,670
201300033257,13,12,4,1920,1,2,1,1,3,482,"0, MARECHAL JUIN (RUE DU",,,,670
201300033258,13,12,5,2200,5,2,1,1,1,482,"2, BRIGADE ALSACE LORRAI",,,,670
201300033259,13,12,6,640,5,2,1,1,4,482,"0, MONTAGNE VERTE (RUE D",,,,670
201300033260,13,12,6,1910,5,2,4,1,6,482,"0, RACINE (AVENUE)",,,,670
201300033261,13,12,7,5,5,2,1,1,7,482,"0, FUSTEL DE COULANGES (",,,,670
201300033262,13,12,7,2200,5,2,3,1,3,447,"0, BISCHWILLER (ROUTE DE",,,,670
201300033263,13,12,9,910,1,2,1,1,6,218,"0, STRASBOURG (ROUTE DE)",,,,670
201300033264,13,12,9,1810,5,2,3,1,3,482,"0, OSTWALD (RUE D )",,,,670
201300033265,13,12,10,1730,5,2,4,1,6,482,"0, RHIN (ROUTE DU)",,,,670
201300033266,13,12,11,750,1,2,2,1,3,482,"0, KLEBER (PLACE)",,,,670
201300033267,13,12,11,1310,1,2,2,8,1,482,"0, JACOB (RUE)",,,,670
201300033268,13,12,11,1655,5,2,1,5,6,482,"21, VAUBAN (RUE)",,,,670
201300033269,13,12,11,1745,5,2,3,5,5,218,"0, INDUSTRIE (RUE DE L )",,,,670
201300033270,13,12,12,1700,5,2,1,1,3,482,"76, PLAINE DES BOUCHERS",,,,670
201300033271,13,12,12,1720,5,2,3,5,2,482,"0, RHIN NAPOLEON (RUE DU",,,,670
201300033272,13,12,12,1845,4,2,1,5,5,482,"81, LA ROCHELLE (RUE DE)",,,,670
201300033273,13,12,13,810,1,2,2,1,6,447,"0, PETITS CHAMPS (RUE DE",,,,670
201300033274,13,12,13,1430,1,2,1,1,1,482,"0, OSTENDE (RUE D )",,,,670
201300033275,13,12,13,2040,5,2,2,5,7,482,"0, JEAN JAURES (AVENUE)",,,,670
201300033276,13,12,13,2345,5,2,2,5,6,482,"0, NEUFELD (RUE DU)",,,,670
201300033277,13,12,16,1545,1,2,1,1,6,482,"0, REPUBLIQUE (PLACE DE",,,,670
201300033278,13,12,16,2200,5,2,1,1,6,218,"80, STRASBOURG (ROUTE DE",,,,670
201300033279,13,12,17,945,1,2,5,1,6,482,"0, JACQUES KABLE (RUE)",,,,670
201300033280,13,12,17,1510,1,2,1,1,6,482,"0, MARKSGARTEN (RUE DU)",,,,670
201300033281,13,12,18,1355,1,2,1,1,3,482,"0, TRAVAIL (RUE DU)",,,,670
201300033282,13,12,20,1715,5,2,1,2,6,447,"105, GENERAL DE GAULLE (",,,,670
201300033283,13,12,20,1930,5,2,1,1,3,482,"68, SCHIRMECK (ROUTE DE)",,,,670
201300033284,13,12,22,723,2,2,1,1,1,482,"5, ROMAINS (ROUTE DES)",,,,670
201300033285,13,12,24,738,5,2,1,1,3,447,"27, EUROPE (AVENUE DE L",,,,670
201300033286,13,12,28,1705,5,2,1,3,3,482,"280, SCHIRMECK (ROUTE DE",,,,670
201300033287,13,12,31,1105,1,2,2,1,2,482,"0, RHIN (ROUTE DU)",,,,670
201300033288,13,1,18,2230,5,2,2,4,3,066,INGERSHEIM (ROUTE D'),M,4808654,0733128,680
201300033289,13,1,26,1505,1,1,1,1,4,066,"110, STRASBOURG (ROUTE D",M,4810756,0736358,680
201300033290,13,1,28,1745,2,2,6,1,6,066,LADHOF (RUE DU),,,,680
201300033291,13,1,28,730,5,2,2,1,3,066,LADHOF (RUE DU),M,4808348,0736581,680
201300033292,13,2,3,1600,1,2,2,1,2,066,CAVALERIE (RUE DE LA),M,4808207,0736035,680
201300033293,13,2,8,710,1,2,1,1,6,066,"1, FLORIMONT (RUE DU)",M,4807694,0734866,680
201300033294,13,2,5,1426,1,2,1,1,6,066,INGERSHEIM (ROUTE D'),M,4808457,0734234,680
201300033295,13,2,14,830,1,2,1,1,6,066,"4, 4?BATAILLON DU CHASSE",M,4808178,0735816,680
201300033296,13,2,14,800,1,2,6,1,6,066,"18, LIBERTE (AVENUE DE L",M,4807490,0734414,680
201300033297,13,2,15,1608,1,2,3,1,6,066,ROUFFACH (ROUTE DE),M,4806704,0734317,680
201300033298,13,2,17,150,3,1,1,1,6,066,"1, BIRG (RUE DE LA)",M,4810724,0739207,680
201300033299,13,2,16,2050,5,2,1,1,6,066,"30, 1�re Arm�e Fra (RUE)",M,4808576,0735767,680
201300033300,13,2,23,1540,1,2,1,1,2,066,"26, LIBERTE (AVENUE DE L",M,4807722,0733716,680
201300033301,13,3,4,208,5,2,6,1,6,066,"14, LORRAINE (AVENUE DE)",M,4809222,0733346,680
201300033302,13,3,15,1650,1,2,2,1,6,066,"11, SANDHERR (RUE CHARLE",M,4806646,0734513,680
201300033303,13,3,17,1810,5,2,2,3,3,066,"1, LATTRE DE TASSIGNY (A",M,4807659,0735020,680
201300033304,13,4,1,1720,1,2,3,1,3,066,ROME (AVENUE DE) 40,M,4807491,0732892,680
201300033305,13,4,16,600,5,1,1,1,1,066,"120, LADHOF (RUE DU)",M,4810757,0738305,680
201300033306,13,4,24,1424,1,2,2,1,3,066,"15, ST ELOI (RUE)",M,4807964,0736243,680
201300033307,13,4,25,1830,1,2,1,1,6,066,STANISLAS (RUE),M,4807799,0735154,680
201300033308,13,4,30,1721,1,2,2,1,3,066,ALSACE (RUE D'),M,4807669,0736606,680
201300033309,13,5,1,2125,5,2,1,3,6,066,"6, STRASBOURG (ROUTE DE)",M,4808928,0735979,680
201300033310,13,5,3,2157,5,2,2,1,3,066,INGERSHEIM (ROUTE D'),M,4808653,0733136,680
201300033311,13,5,4,59,5,2,6,2,6,066,"110, STRASBOURG (ROUTE D",M,4810826,0736338,680
201300033312,13,5,6,1845,1,2,3,1,6,066,"16, ROME (AVENUE DE)",M,4807469,0733303,680
201300033313,13,5,10,1654,1,2,3,1,6,066,"1, LAUSANNE (RUE DE)",M,4807474,0733172,680
201300033314,13,5,16,1533,1,2,1,1,6,066,"38, LIBERTE (AVENUE DE L",M,4807689,0733481,680
201300033315,13,5,24,1707,1,2,1,1,1,066,"51, TROIS CHATEAUX (RUE",M,4807247,0733283,680
201300033316,13,5,25,1018,1,2,1,1,2,066,"24, TIR (RUE DU)",M,4807457,0734700,680
201300033317,13,6,13,1145,1,1,1,1,6,066,"4, SINT-NIKLAAS  (RUE)",M,4807992,0733542,680
201300033318,13,6,17,1622,1,2,1,1,6,066,"1, BERNE (RUE DE)",M,4807106,0733102,680
201300033319,13,7,2,1345,1,1,1,1,4,066,"1, LORRAINE (AVENUE DE)",M,4809303,0735347,680
201300033320,13,7,3,836,1,2,2,2,3,066,"46, SCHOENENWERD (CHEMIN",M,4807328,0737819,680
201300033321,13,7,5,1102,1,1,6,1,3,066,LORRAINE (AVENUE DE) 17,M,4809221,0733350,680
201300033322,13,7,12,1355,1,2,9,1,7,066,"2, REPUBLIQUE (AVENUE DE",M,4807793,0735366,680
201300033323,13,7,14,1836,1,2,1,1,2,066,"7, STANISLAS (RUE)",M,4807861,0735249,680
201300033324,13,7,22,1930,1,2,2,7,3,066,REPUBLIQUE (AVENUE) 64,M,4807342,0734932,680
201300033325,13,8,3,1754,1,2,3,1,3,066,INGERSHEIM (ROUTE D'),M,4808257,0735190,680
201300033326,13,8,10,1259,1,2,1,1,3,066,MARGUERITES (RUE DES) 8,M,4808594,0732993,680
201300033327,13,8,20,1750,1,2,1,1,6,066,"6, INGERSHEIM (ROUTE D')",M,4808292,0735143,680
201300033328,13,8,27,1015,1,2,2,1,3,066,"20, POINCARE (AVENUE RAY",M,4807136,0734983,680
201300033329,13,8,30,1700,1,2,1,1,6,066,1. WILHELM (RUE HENRY),M,4808369,0735381,680
201300033330,13,9,22,1415,1,1,1,1,1,066,CD4,M,4810641,0738937,680
201300033331,13,9,26,755,1,2,8,1,6,066,"1, SCHWEITZER (RUE DU DR",M,4808344,0734067,680
201300033332,13,9,26,1003,1,1,6,1,6,066,"120, LADHOF (RUE DU)",M,4810743,0737970,680
201300033333,13,9,27,754,1,2,3,1,6,066,"01, TURCKHEIM (RUE DE)",M,4807727,0734785,680
201300033334,13,10,3,1925,5,2,1,1,6,066,"1, MARGUERITES (RUE DES)",M,4808590,0732992,680
201300033335,13,10,17,1950,5,2,1,1,6,066,"36, LOGELBACH ( RUE DU)",M,4808099,0734955,680
201300033336,13,10,29,915,1,2,1,1,6,066,"28, TROIS CHATEAUX (RUE",M,4807267,0733288,680
201300033337,13,11,2,2025,5,2,3,1,3,066,"117A, ROUFFACH (ROUTE DE",M,4806206,0733851,680
201300033338,13,11,6,1215,1,2,2,1,6,066,"27, INGERSHEIM (ROUTE D'",M,4808462,0734278,680
201300033339,13,10,24,1550,1,2,2,1,6,066,"21, NORD (RUE DU)",M,4808024,0736074,680
201300033340,13,11,16,1430,1,1,1,1,3,066,SEMM (RUE DE LA),M,4806827,0738241,680
201300033341,13,11,26,1834,3,2,1,1,6,066,"3, 1ERE ARMEE FRANCAISE",M,4808443,0735673,680
201300033342,13,11,29,1430,1,2,2,1,6,066,"3, ALSACE (RUE D')",M,4808026,0736445,680
201300033343,13,11,28,1620,2,1,3,1,6,066,"1, SOIE (RUE DE LA)",M,4808707,0736810,680
201300033344,13,11,28,1500,1,2,1,1,6,066,"21, RAPP (RUE)",M,4808102,0736005,680
201300033345,13,12,9,1417,1,2,1,1,6,066,"0, LIBERTE (AVENUE DE LA",M,4807614,0734025,680
201300033346,13,12,10,1430,1,1,3,1,6,066,"1, SCHWEITZER (RUE DU DR",M,4808303,0734047,680
201300033347,13,2,4,1905,5,2,9,2,6,112,"10, DECK, Th�odore (rue)",M,4790134,0721656,680
201300033348,13,3,9,1954,5,2,1,2,5,112,", GENERAL DE GAULLE (RUE",M,4791443,0720902,680
201300033349,13,8,10,1840,1,2,1,1,7,112,DECK (RUE THEODORE) 69,M,4759940,0721092,680
201300033350,13,1,9,740,2,2,1,1,6,224,WALLACH (BOULEVARD A 22,M,4774197,0734556,680
201300033351,13,1,12,340,5,2,1,1,6,224,PUITS (RUE DU),M,4775187,0735298,680
201300033352,13,1,15,2010,5,2,2,1,3,224,"11, TROIS-ROIS (RUE DES)",M,4774495,0733458,680
201300033353,13,1,22,1645,1,2,3,2,6,224,"64, FORST (QUAI DU)",M,4775253,0732794,680
201300033354,13,1,30,850,1,2,2,1,6,224,PREISS (RUE JACQUES),M,4774563,0733030,680
201300033355,13,2,2,2000,5,2,1,4,6,224,"14, DOLLFUS (RUE ENGEL)",M,4775041,0733208,680
201300033356,13,2,9,1420,1,2,1,1,6,224,"3, ARC (RUE JEANNE D')",M,4777228,0732073,680
201300033357,13,3,4,1130,1,2,1,1,6,224,"01, PORTE JEUNE",M,4774961,0733903,680
201300033358,13,3,6,1742,1,2,1,1,6,224,"161, ROMAINS (RUE DES)",M,4777739,0732836,680
201300033359,13,3,8,2000,5,2,1,1,6,224,"1, JOUHAUX (RUE LEON)",M,4774630,0730895,680
201300033360,13,3,12,1845,5,2,1,1,6,224,"107, BALE (RUE DE)",,,,680
201300033361,13,3,13,1535,1,2,1,8,6,224,"10, LECLERC (AVENUE DU G",M,4774310,0734312,680
201300033362,13,3,21,1635,1,2,1,1,6,224,"42, LAVOISIER (RUE)",M,4775423,0734235,680
201300033363,13,3,22,1540,1,2,1,1,6,224,"39, WALLACH (BOULEVARD A",M,4774077,0734301,680
201300033364,13,3,25,1620,1,2,1,1,6,271,"28, CLEMENCEAU (RUE)",M,4774482,0736472,680
201300033365,13,4,6,1410,1,2,1,1,6,224,"02, DESCARTES (RUE)",M,4774916,0732982,680
201300033366,13,4,23,900,1,2,3,1,6,224,"85, COLMAR (AVENUE DE)",M,4775944,0732869,680
201300033367,13,4,23,1110,1,2,1,1,6,224,"21, THANN (RUE DE)",M,4774816,0730816,680
201300033368,13,4,23,1630,1,1,1,1,3,256,"146, RICHWILLER (RUE DE)",M,4777545,0729523,680
201300033369,13,4,25,1928,1,2,1,1,6,224,"48, LORIENT (RUE DE)",M,4777512,0731120,680
201300033370,13,4,29,1620,1,2,1,2,3,224,UNIVERSITE (RUE DE L'),M,4773391,0731611,680
201300033371,13,4,30,750,1,2,1,1,6,224,PORTE DU MIROIR,M,4774320,0733429,680
201300033372,13,5,4,1505,1,2,1,1,6,224,"9, NATIONS (BOULEVARD DE",M,4773615,0730134,680
201300033373,13,5,9,30,5,2,2,1,3,224,VOIE RAPIDE NORD SUD,M,4776251,0735178,680
201300033374,13,5,7,1700,1,2,2,1,6,224,"51, ILLZACH (RUE D')",M,4775364,0734160,680
201300033375,13,5,11,1344,1,2,1,1,3,224,COUBERTIN (RUE PIERRE DE,M,4773672,0733026,680
201300033376,13,5,17,1715,1,2,1,1,6,224,"25, NATIONS (BOULEVARD D",M,4773663,0730193,680
201300033377,13,5,7,1600,1,2,1,1,6,224,"184, BELFORT (RUE DE)",M,4773953,0730029,680
201300033378,13,5,21,1402,1,2,2,1,6,224,"2, BONHOMME (RUE DU)",M,4773705,0733401,680
201300033379,13,5,24,1345,1,2,4,1,1,224,"30, ILE NAPOLEON (RUE DE",M,4775281,0735483,680
201300033380,13,5,29,750,1,2,3,2,3,224,SOLEIL (RUE DU),M,4775554,0731720,680
201300033381,13,6,1,907,1,2,1,1,6,224,"17, PORTE DU MIROIR",M,4774321,0733431,680
201300033382,13,6,1,1042,1,2,1,1,6,224,DAGUERRE (RUE),M,4774515,0731883,680
201300033383,13,6,2,2035,1,2,1,1,6,224,STOESSEL (BOULEVARD CHAR,M,4774398,0732625,680
201300033384,13,6,8,2045,1,2,1,1,6,224,CLOCHE (QUAI DE LA),M,4775114,0732880,680
201300033385,13,6,28,1305,1,2,3,1,3,224,", HUGUENIN (RUE)",M,4774768,0733180,680