Num_Acc,an,mois,jour,hrmn,lum,agg,int,atm,col,com,adr,gps,lat,long,dep
201300033993,13,9,7,1900,2,2,1,3,6,282,"0, ROUTE DEPARTEMENTALE",,,,690
201300033994,13,10,17,1728,1,2,2,1,6,282,AVENUE DE VERDUN,,,,690
201300033995,13,10,25,2315,5,2,1,1,1,282,"0, RUE JEAN JAURES",,,,690
201300033996,13,11,4,945,1,2,1,2,6,282,"77, RUE DE LA REPUBLIQUE",,,,690
201300033997,13,11,29,1729,2,2,3,1,3,282,"0, AVENUE DE LA LIBERATI",,,,690
201300033998,13,12,4,1555,1,2,2,1,6,282,"., AVENUE DE VERDUN",,,,690
201300033999,13,12,19,740,5,2,1,2,6,282,"3, AVENUE LIONEL TERRAY",,,,690
201300034000,13,1,4,1740,3,2,1,1,6,286,"28, AVENUE DE L EUROPE",,,,690
201300034001,13,1,9,1250,1,2,1,1,4,286,"16, AVENUE DE L EUROPE",,,,690
201300034002,13,1,8,1940,3,2,1,1,6,286,"7, CHEMIN DE LA PELLETIE",,,,690
201300034003,13,1,14,1715,2,2,1,9,4,286,"600, AVENUE DE L INDUSTR",,,,690
201300034004,13,1,24,655,2,2,1,1,7,286,"295, ROUTE DE STRASBOURG",,,,690
201300034005,13,1,29,1825,5,2,1,2,6,286,"2489, ROUTE DE STRASBOUR",,,,690
201300034006,13,2,17,1540,1,2,2,1,3,286,RUE FLEURY SALIGNAT,,,,690
201300034007,13,4,4,1620,1,2,1,1,3,286,ROUTE DE STRASBOURG,,,,690
201300034008,13,6,16,1835,2,2,3,1,3,286,"00, ROUTE DE GENEVE",,,,690
201300034009,13,6,22,1540,1,2,6,1,6,286,"00, ROUTE DE STRASBOURG",,,,690
201300034010,13,7,19,1330,1,1,2,1,3,286,CHEMIN DE SATHONAY VILLA,,,,690
201300034011,13,7,23,1845,1,2,1,1,2,286,ROUTE DE GENEVE,,,,690
201300034012,13,7,25,2330,3,1,1,1,1,286,ROUTE DE STRASBOURG,,,,690
201300034013,13,7,26,1110,1,2,1,7,3,286,"3380, ROUTE DE STRASBOUR",,,,690
201300034014,13,8,26,1530,1,2,1,7,7,286,chemin des Persevodes,,,,690
201300034015,13,9,2,1203,1,2,1,1,6,286,"30, AVENUE DE L EUROPE",,,,690
201300034016,13,9,12,1445,1,2,1,1,6,286,"11, AVENUE DE L EUROPE",,,,690
201300034017,13,9,16,1355,1,2,1,1,2,286,"3 bis, AVENUE GENERAL LE",,,,690
201300034018,13,9,23,1740,1,2,1,1,6,286,"39, ROUTE DE GENEVE",,,,690
201300034019,13,1,10,1030,1,2,3,2,2,290,"0, RUE ARISTIDE BRIAND",,,,690
201300034020,13,1,10,1620,1,2,2,2,6,290,"0, AVENUE JEAN JAURES",,,,690
201300034021,13,1,28,1820,5,2,2,1,3,290,"0, ROUTE DE LYON",,,,690
201300034022,13,2,18,715,1,2,2,1,2,290,"0, ROUTE DE LYON",,,,690
201300034023,13,3,6,905,1,2,2,2,3,290,"0, RUE GARIBALDI",,,,690
201300034024,13,3,9,1545,1,2,1,1,6,290,"0, BOULEVARD ANDRE BOULL",,,,690
201300034025,13,3,8,1930,5,2,1,1,4,290,"34, RUE ARISTIDE BRIAND",,,,690
201300034026,13,3,14,1949,5,2,1,1,6,290,"47-49, RUE ARISTIDE BRIA",,,,690
201300034027,13,3,18,1315,1,2,2,2,3,290,"0, RUE ARISTIDE BRIAND",,,,690
201300034028,13,4,3,1228,1,2,1,1,6,290,"11, RUE ARISTIDE BRIAND",,,,690
201300034029,13,4,15,1600,1,2,2,1,3,290,"0, RUE DU BEAUJOLAIS",,,,690
201300034030,13,4,25,1915,1,2,2,1,6,290,"0, Boulevard Cit? Berlie",,,,690
201300034031,13,4,30,1235,1,2,3,8,6,290,"33, RUE DE LA CORDIERE",,,,690
201300034032,13,5,8,1310,1,2,2,1,2,290,"., AVENUE JEAN JAURES",,,,690
201300034033,13,5,10,1715,1,2,3,1,3,290,"0, RUE HENRI MARECHAL",,,,690
201300034034,13,5,13,815,1,2,2,1,3,290,"0, Boulevard Cit? Berlie",,,,690
201300034035,13,5,13,2300,5,2,2,1,3,290,"., AVENUE JEAN JAURES",,,,690
201300034036,13,5,16,1100,1,2,1,2,2,290,"14, RUE ARISTIDE BRIAND",,,,690
201300034037,13,5,28,1650,1,2,6,3,3,290,"0, RUE DE L AVIATION",,,,690
201300034038,13,6,3,1528,1,2,1,1,1,290,"0, CHEMIN DE SAINT MARTI",,,,690
201300034039,13,6,3,1810,1,2,1,1,3,290,"86 TER, AVENUE JEAN JAUR",,,,690
201300034040,13,6,14,1500,1,2,1,1,3,290,"0, RUE DE LA CORDIERE",,,,690
201300034041,13,6,20,1340,1,2,3,1,3,290,"45, RUE ALFRED DE VIGNY",,,,690
201300034042,13,6,21,2100,1,2,1,1,6,290,"35, RUE LOUIS BRAILLE",,,,690
201300034043,13,6,25,1605,1,2,2,1,3,290,"0, BOULEVARD DE LA PORTE",,,,690
201300034044,13,6,27,1825,1,2,2,1,3,290,"0, BOULEVARD DE LA PORTE",,,,690
201300034045,13,7,2,1600,1,2,2,1,3,290,"0, BOULEVARD ANDRE BOULL",,,,690
201300034046,13,7,8,1515,1,2,2,1,3,290,"0, RUE DE L AGRICULTURE",,,,690
201300034047,13,8,12,1945,1,2,2,1,3,290,"0, AVENUE CHARLES DE GAU",,,,690
201300034048,13,8,13,800,1,2,1,1,2,290,"0, RUE DU LYONNAIS",,,,690
201300034049,13,8,20,1100,1,2,1,1,2,290,"6, BOULEVARD EDOUARD HER",,,,690
201300034050,13,9,2,1120,1,2,1,1,6,290,"10, ROUTE DE LYON",,,,690
201300034051,13,9,5,2030,5,2,6,1,3,290,"0, BOULEVARD EDOUARD HER",,,,690
201300034052,13,9,13,845,1,2,2,1,6,290,"0, BOULEVARD PASTEUR",,,,690
201300034053,13,9,27,1730,1,2,1,1,6,290,"40, RUE LOUIS BRAILLE",,,,690
201300034054,13,9,29,1645,1,2,1,3,6,290,"0, RUE DU LYONNAIS",,,,690
201300034055,13,9,30,1155,1,2,1,1,1,290,"222, ROUTE DE GRENOBLE",,,,690
201300034056,13,10,17,1820,1,2,1,9,6,290,"., CHEMIN DE LA FOUILLOU",,,,690
201300034057,13,10,15,2050,5,2,6,2,3,290,ROND-POINT DES DROITS DE,,,,690
201300034058,13,10,16,1850,5,2,1,2,5,290,"16, RUE ARISTIDE BRIAND",,,,690
201300034059,13,10,17,2047,5,2,1,1,6,290,"119, ROUTE D HEYRIEUX",,,,690
201300034060,13,10,22,1610,1,2,1,6,2,290,ROUTE DE GRENOBLE,,,,690
201300034061,13,10,24,1330,1,2,1,1,4,290,"145, ROUTE DE GRENOBLE",,,,690
201300034062,13,10,25,1240,1,2,2,1,1,290,AVENUE B CITE BERLIET,,,,690
201300034063,13,10,31,815,1,2,1,1,2,290,"146, ROUTE DE GRENOBLE",,,,690
201300034064,13,11,1,1430,1,2,1,1,2,290,"99, ROUTE DE LYON",,,,690
201300034065,13,11,8,1215,1,2,4,8,2,290,"0, RUE DE L AVIATION",,,,690
201300034066,13,11,9,1900,5,2,9,3,3,290,"0, RUE COMMANDANT CHARCO",,,,690
201300034067,13,11,16,1430,1,2,1,8,2,290,"211, ROUTE DE GRENOBLE",,,,690
201300034068,13,11,23,305,5,2,2,1,3,290,"0, RUE JULES FERRY",,,,690
201300034069,13,12,3,1855,5,2,1,1,3,290,"14, BOULEVARD DES ROSES",,,,690
201300034070,13,12,10,800,1,2,1,5,6,290,"24, RUE DU GRISARD",,,,690
201300034071,13,12,11,1830,5,2,1,1,2,290,"32, ROUTE DE LYON",,,,690
201300034072,13,12,9,1010,1,2,1,5,1,290,"0, RUE DU LYONNAIS",,,,690
201300034073,13,12,11,1845,5,2,1,1,4,290,"96 BIS, ROUTE DE GRENOBL",,,,690
201300034074,13,12,17,1440,1,2,2,1,2,290,"50, ROUTE DE LYON",,,,690
201300034075,13,12,31,1240,1,2,2,1,3,290,"0, ROUTE DE GRENOBLE",,,,690
201300034076,13,2,28,100,3,2,1,9,7,299,RD 517 E,,,,690
201300034077,13,7,10,1005,1,1,1,1,2,285,RD 438H,,,,700
201300034078,13,7,19,1900,1,2,1,1,3,285,MONT VAUDOIS (RUE DU),,,,700
201300034079,13,12,10,1450,1,1,1,7,2,285,CD 438,,,,700
201300034080,13,2,5,1705,1,2,6,2,3,550,RUE LUCIE ET RAYMOND AUB,,,,700
201300034081,13,4,12,1620,1,2,1,2,6,550,"2, GERLINGEN (RUE DE)",,,,700
201300034082,13,4,14,1110,1,1,3,1,3,513,PUSEY (ROUTE DE),,,,700
201300034083,13,4,23,1730,1,1,1,1,2,261,RN19,,,,700
201300034084,13,4,28,130,5,1,1,2,6,550,ROCADE OUEST - RD 457,,,,700
201300034085,13,5,11,1135,1,2,2,1,1,550,KENNEDY (BOULEVARD),,,,700
201300034086,13,5,16,1030,1,2,1,2,6,550,MOREL (RUE PAUL),,,,700
201300034087,13,6,6,1655,1,2,3,1,3,261,,,,,700
201300034088,13,6,15,1045,1,2,1,1,7,550,2 COUBERTIN (RUE PIERRE),,,,700
201300034089,13,7,7,350,5,2,1,1,7,378,"4, LECLERC (RUE GENERAL)",,,,700
201300034090,13,7,21,1315,1,2,1,1,3,550,"21, BARON BOUVIER (RUE)",,,,700
201300034091,13,8,4,610,2,2,1,1,6,388,RUE DES FAINES,,,,700
201300034092,13,8,14,1925,1,2,1,1,6,550,BELIN (RUE EDOUARD),,,,700
201300034093,13,8,29,1640,1,2,1,1,3,550,ROCADE OUEST - RD 457,,,,700
201300034094,13,9,3,1450,1,2,3,1,3,550,JAURES (RUE JEAN),M,0000000,0000000,700
201300034095,13,9,6,2200,3,1,1,1,7,261,RN 57,,,,700
201300034096,13,9,7,535,5,2,1,1,1,550,MAGINOT (RUE ANDRE),,,,700
201300034097,13,10,10,1650,1,2,1,1,6,550,"95, BRIAND (RUE ARISTIDE",,,,700
201300034098,13,10,16,30,5,2,1,3,6,388,RUE DE LA VAIVRE,,,,700
201300034099,13,10,20,1425,1,1,3,1,3,261,RN 57,,,,700
201300034100,13,10,27,35,5,2,6,1,3,550,LIBERATION (ROND POINT D,,,,700
201300034101,13,12,19,2120,5,1,1,1,7,388,RD457,,,,700
201300034102,13,12,23,840,2,2,1,2,6,550,GARE (AVENUE DE LA),,,,700
201300034103,13,12,23,1520,1,2,3,1,2,550,KENNEDY (BOULEVARD),,,,700
201300034104,13,1,3,1035,1,2,3,1,3,076,15 avenue deL AUBEPIN,M,4679487,0484708,710
201300034105,13,1,5,1520,1,2,1,1,6,076,AVENUE DE VERDUN,M,4677620,0486042,710
201300034106,13,1,16,945,1,2,3,1,6,076,rue de l'asile,M,4678172,0484699,710
201300034107,13,1,26,1125,1,2,1,1,6,445,1 RUE PHILIPPE FLATOT,M,4677592,0489111,710
201300034108,13,2,7,1230,1,2,3,1,3,076,34 QUAI SAINTE MARIE,M,4678234,0486243,710
201300034109,13,2,8,755,1,2,1,4,1,081,104 RUE DE PARIS,M,4682224,0483492,710
201300034110,13,2,8,1910,5,2,2,1,3,475,67 ROUTE DE GIVRY,M,4677389,0482105,710
201300034111,13,3,2,1145,1,2,1,1,6,445,ROUTE D OSLON,M,4678280,0491104,710
201300034112,13,3,11,825,1,2,2,1,6,076,AVENUE MONNOT,M,4678694,0485821,710
201300034113,13,3,15,1,5,1,1,1,1,445,RD673,,,,710
201300034114,13,3,16,1115,1,2,9,1,1,475,RUE AUGUSTE MARTIN,M,4676601,0483725,710
201300034115,13,3,23,1700,1,2,1,1,1,445,33 rue de la VILLENEUVE,M,4676718,0489349,710
201300034116,13,4,3,1755,1,2,3,1,2,475,DEPARTEMENTALE 977,M,4675119,0481949,710
201300034117,13,4,8,1130,1,2,1,2,2,076,rue des POILUS D'ORIENT,M,4679437,0483537,710
201300034118,13,4,9,945,1,2,1,2,3,076,avenue  KENNEDY,M,4679651,0486271,710
201300034119,13,4,12,1000,1,2,1,1,6,076,74 GRANDE RUE,M,4678307,0485599,710
201300034120,13,4,23,1435,1,2,1,1,6,076,avenue NIEPCE,M,4678279,0484740,710
201300034121,13,4,28,1640,1,2,3,1,3,076,rue de  THIARD,M,4678210,0485278,710
201300034122,13,5,2,1100,1,2,3,1,3,076,1 avenue KENNEDY,,,,710
201300034123,13,5,2,1500,1,1,9,1,3,475,ROUTE NATIONALE 80,,,,710
201300034124,13,5,16,1755,1,2,1,1,6,118,34 avenue DE GAULLE,M,4679519,0481574,710
201300034125,13,6,3,1325,1,2,1,1,3,076,1RUE  ROSTAND,M,4677801,0483946,710
201300034126,13,6,6,730,1,2,9,1,6,076,rue 56 EME RI,M,4679174,0484968,710
201300034127,13,6,12,1255,1,2,3,1,3,076,rue du 134 EME RI,M,4678931,0484198,710
201300034128,13,6,18,810,1,2,1,1,6,076,avenue  KENNEDY,,,,710
201300034129,13,7,23,845,1,2,9,1,6,076,rue 56 EME RI,M,4679174,0484967,710
201300034130,13,8,22,1010,1,2,1,1,6,076,avenue  KENNEDY,M,4679650,0486294,710
201300034131,13,8,30,1545,1,2,2,1,3,076,13rue de NOVARA,M,4679626,0486079,710
201300034132,13,9,3,1740,1,1,1,1,5,445,avenue de CHALON,,,,710
201300034133,13,9,10,1825,1,2,1,1,3,076,23 rue de BELFORT,M,4678594,0485687,710
201300034134,13,9,12,1720,1,2,1,1,6,118,32 rue de la LIBERTE,M,4680131,0481387,710
201300034135,13,10,5,1905,1,2,1,1,6,076,rue du 134 EME RI,M,4678997,0484350,710
201300034136,13,10,8,720,5,2,1,1,3,081,1rue de PARIS,M,4682029,0483688,710
201300034137,13,10,11,1210,1,2,3,1,3,076,64 rue BOIS DE MENUSE,M,4680417,0485345,710
201300034138,13,10,27,1815,5,2,1,1,6,076,19 rue pierre LOTI,M,4680488,0484436,710
201300034139,13,10,31,1640,1,2,1,1,6,076,rue PALAIS DE JUSTICE,M,4678436,0485389,710
201300034140,13,11,15,2230,5,2,1,1,3,076,72 AVENUE BOUCICAUT,M,4678678,0484015,710
201300034141,13,11,5,820,2,2,2,1,3,076,1rue LEDRU ROLLIN,M,4678756,0483886,710
201300034142,13,11,27,1820,5,2,1,1,6,076,pierre DELIRY,M,4679337,0485315,710
201300034143,13,1,6,2015,3,2,3,8,3,309,MARECHAL JOFFRE PROLONGE,M,4678970,0440361,710
201300034144,13,1,29,1200,1,2,3,1,3,153,AVENUE MONTVALTIN,M,4679588,0445332,710
201300034145,13,2,1,1445,1,2,9,8,6,153,rue ETANG DE LA FORGE,M,4679766,0443322,710
201300034146,13,2,8,1730,1,2,3,1,3,059,rue des GRANDES RAIES,M,4680613,0446962,710
201300034147,13,3,29,2315,3,2,9,2,1,153,rue STADE JEAN GARNIER,,,,710
201300034148,13,5,8,1020,1,2,1,1,6,153,8 rue PRESIDENT WILSON,M,4679895,0443763,710
201300034149,13,6,16,950,1,2,2,1,3,153,rue edith CAVELL,M,4679500,0442508,710
201300034150,13,6,27,1649,1,2,9,1,6,153,rue PRESIDENT WILSON,,,,710
201300034151,13,6,28,1640,1,2,1,1,5,153,bd des ABATTOIRS,,,,710
201300034152,13,7,24,900,1,2,9,1,3,153,rue de LONGWY,,,,710
201300034153,13,8,13,735,1,2,1,1,1,540,route bois morey,,,,710
201300034154,13,8,15,210,5,2,1,1,6,153,AVENUE DE VERDUN,M,4679964,0443916,710
201300034155,13,8,31,1545,1,1,9,1,6,540,le VIEUX SAULE,,,,710
201300034156,13,9,2,1335,1,2,9,1,6,540,Rond-Point du Vieux Saul,,,,710
201300034157,13,9,16,1035,1,2,1,3,1,309,route COMBE AUX BEAUTES,M,4679728,0439093,710
201300034158,13,10,26,1530,1,2,9,1,6,153,MARTYRS DE LA LIBERATION,M,4680725,0443398,710
201300034159,13,11,5,1755,5,2,2,2,3,540,carrefour HUIT MAI,M,4678663,0443256,710
201300034160,13,11,9,1300,1,1,1,1,6,153,rue de POLOGNE,M,4679170,0444659,710
201300034161,13,11,9,1730,2,2,3,3,6,153,rue MARECHAL FOCH,M,4680515,0445742,710
201300034162,13,11,22,1110,1,2,3,4,3,153,avenue de MONTALVIN,M,4680478,0445951,710
201300034163,13,12,2,910,1,1,1,1,1,540,route CENTRE A CENTRE,M,4676661,0444271,710
201300034164,13,12,4,2025,5,2,1,1,6,153,124 rue EDITH CAVELL,M,4679611,0442446,710
201300034165,13,1,11,2240,5,2,3,1,3,270,place poissonniere,M,4630438,0483466,710
201300034166,13,2,6,1440,1,2,1,2,6,105,1 rue du VIEUX TEMPLE,,,,710
201300034167,13,2,15,2010,5,2,1,1,2,270,QUAI LAMARTINE,,,,710
201300034168,13,2,12,1550,1,2,1,1,6,497,BD GENERAL DE GAULLE,,,,710
201300034169,13,3,18,2015,5,2,3,2,4,270,RUE CHARLES PILLET,M,4629591,0481428,710
201300034170,13,3,21,2115,5,2,1,1,6,270,45 BD des  NEUF CLES,M,4631413,0482074,710
201300034171,13,3,26,1400,1,1,1,1,1,105,ROUTE NATIONALE 79,,,,710
201300034172,13,5,19,2045,2,2,1,9,6,270,quai JAURES,,,,710
201300034173,13,6,1,20,5,2,6,1,7,270,1BD SCHOELCHER,M,4631951,0482558,710
201300034174,13,6,7,1340,1,2,1,1,6,270,1rue BIGONNET,M,4630320,0482664,710
201300034175,13,7,11,1825,1,2,2,1,3,270,avenue DE GAULLE,M,4631389,0483597,710
201300034176,13,8,9,2045,2,2,3,1,3,270,1rue de SANCE,M,4632181,0483166,710
201300034177,13,9,1,815,1,2,2,1,3,270,quai LAMARTINE,M,4630535,0483571,710
201300034178,13,9,5,800,1,2,1,1,6,270,1 rue gustave EIFFEL,M,4628693,0480990,710
201300034179,13,10,4,1555,1,2,1,3,6,270,rue du 28 JUIN 1944,M,4630979,0483637,710
201300034180,13,10,9,2010,3,1,1,1,6,105,1 route  ALLOGNERAIES,M,4630181,0479470,710
201300034181,13,10,15,30,3,1,1,1,6,105,route de CLUNY,,,,710
201300034182,13,10,16,2040,5,2,1,2,6,270,1rue de la  LIBERATION,M,4630790,0482998,710
201300034183,13,10,29,1155,1,2,1,1,6,270,quai dLATTRE DE TASSIGNY,,,,710
201300034184,13,11,3,1800,4,2,1,1,1,105,route des ALLEMANDS,,,,710
201300034185,13,11,14,1730,5,2,1,3,6,270,1avenue CASSIN,M,4632823,0482361,710
201300034186,13,11,25,1605,1,2,2,1,3,270,1 Rue de l'Europe,M,4629824,0482878,710
201300034187,13,11,19,945,1,2,1,2,6,270,1rue gabriel JEANTON,M,4630400,0482968,710
201300034188,13,12,2,1730,2,2,1,1,3,270,1 rue frederic MISTRAL,M,4629226,0481103,710
201300034189,13,12,21,1745,5,2,1,1,6,270,1rue louise  MICHEL,M,4632819,0482806,710
201300034190,13,2,12,2125,5,2,2,2,3,486,1 BOULEVARD DE VERDUN,M,4664393,0431989,710
201300034191,13,3,9,1745,1,2,2,1,3,486,45 avenue  JEAN JAURES,M,4664364,0435881,710
201300034192,13,4,1,1540,1,2,3,1,3,306,28 rue de SEMARD,M,4667058,0437811,710
201300034193,13,5,11,135,5,2,1,1,7,486,84 FRANKLIN ROOSEVELT,M,4664888,0435749,710
201300034194,13,6,22,1136,1,2,1,1,2,306,1quai GENERAL DE GAULLE,,,,710
201300034195,13,6,29,610,1,2,1,1,7,306,2 quai JULES CHAGOT,M,4667814,0436628,710
201300034196,13,8,10,1205,1,2,1,1,3,306,1avenue des ALOUETTES,M,4667844,0436635,710
201300034197,13,9,3,900,1,2,3,1,3,486,rue ANATOLE FRANCE,,,,710
201300034198,13,1,7,1845,5,2,1,1,6,181,WAGRAM (RUE),,,,720
201300034199,13,1,11,800,2,2,6,2,3,181,TIRONNEAU ADRIEN (PL),,,,720
201300034200,13,1,24,2350,5,2,1,1,6,181,BOLLEE (AV) N? IMP 347 E,,,,720
201300034201,13,1,26,730,5,2,1,4,6,181,"241, BOLLEE (AV) N? IMP",,,,720
201300034202,13,2,4,750,5,1,1,2,6,181,LYAUTEY MARECHAL (AV) N?,,,,720
201300034203,13,2,9,1905,5,2,1,2,6,181,"161, LIBERATION (AV DE L",,,,720
201300034204,13,2,19,1510,1,2,3,1,3,181,MESSIAEN OLIVIER (AV) IM,,,,720
201300034205,13,3,1,2300,5,2,1,1,6,181,"155, LIBERATION (AV DE L",,,,720
201300034206,13,3,5,1030,1,2,1,1,3,181,"SANS, GAULLE GENERAL DE",,,,720
201300034207,13,3,19,1515,1,2,1,2,7,181,NEWTON (PROMENADE),,,,720
201300034208,13,3,28,1310,1,1,1,1,6,181,WASHINGTON GEORGES (PL),,,,720
201300034209,13,4,16,1635,1,2,2,1,3,181,GENESLAY FELIX (AV) N? I,,,,720
201300034210,13,4,18,1157,1,2,3,1,3,181,"sans, PASTEUR (RUE)",,,,720
201300034211,13,5,1,1043,1,2,1,1,6,181,BRETAGNE (AV DE),,,,720
201300034212,13,5,2,1650,1,2,1,1,6,181,"139, HEUZE OLIVIER (AV)",,,,720
201300034213,13,5,4,2245,5,2,1,1,6,181,"28 Bis, IENA (RUE D')",,,,720
201300034214,13,5,8,120,5,2,2,1,3,181,MAC JEAN (AV) N? IMP 107,,,,720
201300034215,13,5,29,1650,1,2,1,1,6,181,"140, GENESLAY FELIX (AV)",,,,720
201300034216,13,6,7,1045,1,2,1,1,3,181,MONTOISE (RUE),,,,720
201300034217,13,6,14,2232,3,1,1,1,1,181,"autre, TOURS (RTE) LIGNE",,,,720
201300034218,13,7,4,1530,1,1,1,1,2,181,LATTRE DE TASSIGNY MAREC,,,,720
201300034219,13,7,18,1545,1,1,1,1,4,181,PATTON GENERAL RTE BAUGE,,,,720
201300034220,13,7,26,2125,1,2,1,1,1,181,"36, HUGO VICTOR (RUE) HO",,,,720
201300034221,13,8,9,2320,5,2,1,1,6,181,"358, GENESLAY FELIX (AV)",,,,720
201300034222,13,8,10,620,2,2,2,1,3,181,BLANC LOUIS (QUAI),,,,720
201300034223,13,9,1,540,5,2,1,1,6,181,ROUSSEAU JJ  BD N? IMP 1,,,,720
201300034224,13,9,21,1450,1,1,1,1,6,181,ITALIENS (BD DES),,,,720
201300034225,13,9,20,2028,3,1,1,1,5,181,ITALIENS (BD DES),,,,720
201300034226,13,10,7,1948,5,2,1,1,6,095,SAINT MICHEL (BD),,,,720
201300034227,13,11,16,2015,5,2,1,1,6,181,CUGNOT NICOLAS (BD),,,,720
201300034228,13,11,20,410,3,1,1,1,1,181,Boulevard Henri FRENAY,,,,720
201300034229,13,11,25,910,1,2,1,1,6,181,BOLLEE (AV) N PAIRS 2 A,,,,720
201300034230,13,12,18,1830,5,2,1,1,2,008,"9, VERDUN AVENUE DE",M,4569114,0591053,730
201300034231,13,1,27,1940,5,2,1,3,6,008,CHARCOT  BOULEVARD JEAN,M,4569261,0589617,730
201300034232,13,1,29,710,2,2,3,2,2,008,"18, SIMOND ST AVENUE",M,4569729,0591206,730
201300034233,13,4,3,1645,1,2,1,1,2,008,WILSON BOULEVARD,M,4568857,0590965,730
201300034234,13,5,20,205,5,2,2,2,3,008,SIMOND ST AVENUE,M,,,730
201300034235,13,7,15,1530,1,2,9,1,3,008,GRAND PORT (RONDEAU) AVE,M,4570502,0588707,730
201300034236,13,7,19,1330,1,2,1,1,6,008,"181, TARENTAISE RUE DE L",M,4567473,0591189,730
201300034237,13,7,27,1300,1,2,1,1,2,008,"4, CLEMENCEAU GEORGES PL",M,4569385,0591040,730
201300034238,13,8,17,1030,1,2,2,1,3,008,"2, GRAND PORT (JUSQU'A L",M,4569458,0591027,730
201300034239,13,2,5,730,2,2,1,3,2,011,DE GAULLE (AV.) HUGO A J,M,4566847,0637418,730
201300034240,13,2,14,1420,1,2,1,1,6,011,"27, DE GAULLE (AV.) HUGO",M,4567164,0638119,730
201300034241,13,4,17,1645,1,1,1,1,7,011,CHASSEURS ALPINS (AV.) P,M,4566299,0638699,730
201300034242,13,7,16,1750,1,2,3,1,3,011,"21, CHAMP DE MARS (AVENU",M,4566471,0638694,730
201300034243,13,9,23,1500,1,2,1,1,3,011,"104, REPUBLIQUE (RUE DE",M,4567509,0638866,730
201300034244,13,1,18,1100,1,2,1,1,6,065,"47, JAURES JEAN (AVENUE)",M,4557105,0591123,730
201300034245,13,2,17,1855,5,2,2,,6,065,"11, chemin du Biollay",M,4556294,0590823,730
201300034246,13,1,1,1800,5,2,1,2,6,065,"1455, LYON (AVENUE DE)",M,4556305,0590164,730
201300034247,13,3,21,850,1,1,1,1,2,065,VOIE RAPIDE URBAINE,M,4557560,0591980,730
201300034248,13,3,26,900,1,2,1,1,6,065,MARTIN CLAUDE (RUE),M,4556690,0592370,730
201300034249,13,3,29,1330,1,2,2,2,3,065,"346, SIRE (RUE DU)",M,4557950,0589150,730
201300034250,13,5,6,1700,1,2,1,1,6,065,Place du Forum,M,4559200,0591930,730
201300034251,13,6,3,1650,1,2,1,1,6,065,"43, avenue Jean Jaures",M,4557050,0591160,730
201300034252,13,5,13,2000,1,2,1,1,3,065,TURIN (AVENUE),M,4556893,0593050,730
201300034253,13,7,24,1155,1,2,3,1,3,065,Bd Gambetta-Quai Verdun,M,4557343,0591591,730
201300034254,13,7,28,1935,1,1,3,1,3,065,Mendes France-Ch Primeve,M,4558737,0590832,730
201300034255,13,8,12,1810,1,2,2,1,3,065,"Girard Madoux, Bon Paste",M,4556964,0591116,730
201300034256,13,8,22,945,1,1,6,1,6,065,,M,4557390,0593720,730
201300034257,13,10,21,650,2,2,2,1,3,065,MOTTE SERVOLEX (AVENUE D,M,4558110,0588970,730
201300034258,13,9,26,851,1,2,1,1,3,065,GRAND ARIETAZ (AVENUE DU,M,4558500,0590120,730
201300034259,13,9,27,1635,1,2,1,1,5,087,CORINTHE (AVENUE DE),M,4555970,0589550,730
201300034260,13,10,8,1610,1,2,1,1,6,065,MOTTE SERVOLEX (AVENUE D,M,4558010,0589200,730
201300034261,13,11,8,825,1,1,1,1,3,065,MENDES FRANCE PIERRE(AVE,M,4559250,0591410,730
201300034262,13,11,5,1745,5,2,1,2,6,065,REPUBLIQUE (RUE DE LA),M,4556380,0592640,730
201300034263,13,12,5,1100,1,1,1,1,6,065,Rue Belle-Eau,M,4560880,0588920,730
201300034264,13,1,4,1830,3,2,1,1,6,010,QUAI  EUSTACHE CHAPUIS,,,,740
201300034265,13,1,4,1900,5,2,1,1,6,010,AVENUE ALBIGNY,,,,740
201300034266,13,1,5,1240,1,2,1,1,6,010,"1, AVENUE DU RHONE",,,,740
201300034267,13,2,10,40,5,2,3,1,6,010,9 BOULEVARD DU  FIER,,,,740
201300034268,13,3,6,1440,1,2,1,1,6,010,4 RUE DU TRAVAIL,,,,740
201300034269,13,3,8,1730,1,2,1,1,7,010,17 BIS AV  CHAMBERY,,,,740
201300034270,13,3,28,1700,1,2,6,2,6,010,AV DU STADE / BEL AIR,,,,740
201300034271,13,4,1,2052,5,2,3,1,6,010,AV ALERY/CHEVESNE,,,,740
201300034272,13,4,6,100,5,2,3,1,6,010,AV D'ALBIGNY/ REVON,,,,740
201300034273,13,5,6,830,1,2,3,2,6,010,AVENUE DE FRANCE,,,,740
201300034274,13,5,16,1255,1,2,6,2,6,010,"67, AVENUE DE LA PLAINE",,,,740
201300034275,13,6,6,1940,1,2,1,1,6,093,ROUTE DES CREUSES,,,,740
201300034276,13,6,10,1600,1,2,1,1,6,010,"6, HENRY BORDEAUX",,,,740
201300034277,13,6,10,1958,1,2,1,2,6,010,QUAI EUSTACHE CHAPPUIS,,,,740
201300034278,13,6,11,1915,1,2,1,1,2,010,AVENUE DE BROGNY,,,,740
201300034279,13,6,13,640,1,2,4,1,6,010,"76, AVENUE DE  BROGNY",,,,740
201300034280,13,6,18,2102,1,2,2,1,6,010,AV GAMBETTA/ NOVEL,,,,740
201300034281,13,6,20,1642,1,2,1,1,6,010,AVENUE DU RHONE,,,,740
201300034282,13,6,19,1255,1,2,2,1,6,010,"13, JEAN JAURES",,,,740
201300034283,13,6,28,515,1,2,1,1,6,010,"90, AVENUE DE BROGNY",,,,740