Num_Acc,an,mois,jour,hrmn,lum,agg,int,atm,col,com,adr,gps,lat,long,dep
201300034570,13,5,20,1550,1,1,1,3,7,341,RD 6382,M,4949857,0019831,760
201300034571,13,5,27,1500,1,2,2,1,6,351,"22, R FONTENELLE",M,4949228,0011096,760
201300034572,13,5,27,1805,1,2,1,1,3,351,"458, R DE VERDUN",M,4950227,0018116,760
201300034573,13,5,28,1345,1,2,1,2,6,351,"108, R JULES LECESNE",M,4949306,0012097,760
201300034574,13,5,29,1805,1,1,1,1,2,305,AV MARCEL LE MIGNOT,M,4949587,0025078,760
201300034575,13,5,31,1450,1,1,1,1,6,351,BD DE LENINGRAD,M,4950054,0018167,760
201300034576,13,6,1,125,5,2,3,1,6,341,R DE LA GAITE,M,4950544,0019435,760
201300034577,13,6,3,1320,1,2,1,1,6,481,"7, CH DES QUATRE FERMES",M,4954609,0011122,760
201300034578,13,6,5,1420,1,2,1,1,3,552,"105, R D IGNAUVAL",M,4951484,0007696,760
201300034579,13,6,4,1735,1,2,1,1,2,351,R D APLEMONT,M,4950577,0016988,760
201300034580,13,6,7,1725,1,2,1,1,6,296,"6, RTE DE ROGERVILLE",M,4951773,0026405,760
201300034581,13,6,9,1645,1,2,3,1,6,351,CHS JOHN KENNEDY,M,4948446,0010355,760
201300034582,13,6,10,750,1,1,1,1,3,305,RTE DE LA BREQUE,M,4949496,0019723,760
201300034583,13,6,11,915,1,2,1,1,6,351,"143, R DE VERDUN",M,4950215,0015849,760
201300034584,13,6,11,1115,1,2,3,2,6,351,"42, R FERNAND CHATEL",M,4951959,0011001,760
201300034585,13,6,12,845,1,2,6,1,2,447,AV PIERRE MENDES FRANCE,M,4953433,0017900,760
201300034586,13,6,12,1805,1,2,1,1,6,351,"34, R DICQUEMARE",M,4949071,0010347,760
201300034587,13,6,15,1910,1,2,3,1,3,552,"36, RTE D OCTEVILLE",M,4951130,0008580,760
201300034588,13,6,21,1325,1,2,1,1,2,351,"42, R AUGUSTE RISPAL",M,4949272,0014121,760
201300034589,13,6,21,1600,1,1,1,1,2,351,,M,4952447,0017141,760
201300034590,13,6,21,1815,1,2,3,1,3,351,CRS DE LA REPUBLIQUE,M,4950091,0013057,760
201300034591,13,6,22,1430,1,2,3,2,1,447,RTE DE LA PAYENNIERE,M,4955177,0021072,760
201300034592,13,6,23,2230,5,1,1,1,6,351,RD 6382,M,4952520,0015943,760
201300034593,13,6,27,1350,1,2,3,1,3,351,"113, CRS DE LA REPUBLIQ",M,4949722,0012780,760
201300034594,13,7,2,2005,1,2,2,1,3,351,PL DE L HOTEL DE VILLE,M,4949458,0010938,760
201300034595,13,7,3,1615,1,2,2,1,6,351,PONT DENIS PAPIN,M,4949428,0013824,760
201300034596,13,7,3,1915,1,2,1,1,7,447,AV MARECHAL FOCH,M,4953258,0018997,760
201300034597,13,7,5,1445,1,2,1,1,1,351,"6, R MARCEL CACHIN",M,4950756,0018207,760
201300034598,13,7,5,2200,1,2,3,1,2,351,"29, AV DU GENERAL LECLER",M,4949461,0010843,760
201300034599,13,7,6,1640,1,1,6,1,7,481,ROND POINT DU CALVAIRE,M,4954612,0010933,760
201300034600,13,7,9,410,5,2,1,1,7,305,R PIERRE GLENISSON,M,4950511,0023023,760
201300034601,13,7,9,1915,1,2,1,1,3,351,"471, AV DU BOIS AU COQ",M,4951982,0011479,760
201300034602,13,7,10,930,1,2,1,1,6,351,"22, R DU VORNIER",M,4950870,0012194,760
201300034603,13,7,10,1630,1,2,2,1,3,351,"59, BD FRANCOIS 1ER",M,4948720,0010341,760
201300034604,13,7,11,105,5,2,2,1,3,351,"0, MASSILLON",M,4949876,0013599,760
201300034605,13,7,12,2305,5,1,1,1,7,447,,M,4953332,0018740,760
201300034606,13,7,15,1645,1,1,1,1,2,447,RTE D OCTEVILLE,M,4954853,0016019,760
201300034607,13,7,16,910,1,2,2,1,3,351,R DES DRAPIERS,M,4948745,0010942,760
201300034608,13,7,17,1800,1,2,2,1,6,351,"58, R JULES TELLIER",M,4949840,0012683,760
201300034609,13,7,19,1945,1,2,1,1,3,305,AV JACQUES  EBERHARD,M,4950827,0023139,760
201300034610,13,7,21,1830,1,2,3,1,3,552,"5, R REINE ELISABETH",M,4950354,0008665,760
201300034611,13,7,26,2020,1,2,1,1,1,351,,M,4952791,0012158,760
201300034612,13,8,1,2000,1,2,1,1,3,351,"17, QU DE SOUTHAMPTON",M,4948560,0010845,760
201300034613,13,8,2,1630,1,2,1,1,5,351,"47, R DE LABOUTEILLERIE",M,4952104,0016899,760
201300034614,13,8,4,1740,1,2,1,1,3,351,"113, CRS DE LA REPUBLIQ",M,4949731,0012793,760
201300034615,13,8,6,1235,1,2,1,1,7,351,AV AMIRAL DU CHILLOU,M,4947559,0017571,760
201300034616,13,8,6,2300,5,2,2,1,6,351,BD FRANCOIS 1ER,M,4949356,0009772,760
201300034617,13,8,8,900,1,2,2,1,6,351,"27, R DES  IRIS",M,4950801,0016331,760
201300034618,13,8,10,2130,2,2,2,1,7,351,R ANDRE VIMBERT,M,4952133,0016020,760
201300034619,13,8,15,630,5,2,3,1,6,351,"307, R ARISTIDE BRIAND",M,4950047,0013841,760
201300034620,13,8,21,1330,1,1,1,1,6,341,D6015,M,4951689,0020696,760
201300034621,13,8,22,1720,1,2,3,1,3,351,R PIERRE MENDES FRANCE,M,4950974,0014204,760
201300034622,13,8,22,2005,1,2,2,1,6,351,CRS COMMANDANT FRATACCI,M,4949088,0012282,760
201300034623,13,8,30,1700,1,2,3,1,1,351,"1, R ANDRE VIMBERT",M,4952229,0015729,760
201300034624,13,8,31,1545,1,2,2,1,3,351,"1, R DES IRIS",M,4950793,0015889,760
201300034625,13,9,2,1210,1,2,1,1,6,447,"2, R DES CASTORS",M,4953222,0018076,760
201300034626,13,9,2,1310,1,2,3,1,3,351,"95, R LOUIS BLANC",M,4950781,0013324,760
201300034627,13,9,3,435,5,2,1,1,7,351,"287, R ARISTIDE BRIAND",M,4950039,0013686,760
201300034628,13,9,4,1835,1,2,2,1,3,351,"62, AV PAUL VERLAINE",M,4950932,0015890,760
201300034629,13,9,5,1410,1,1,1,1,2,341,,M,4951370,0019426,760
201300034630,13,9,5,1630,1,2,3,1,3,351,CRS DE LA REPUBLIQUE,M,4950115,0013054,760
201300034631,13,9,6,1650,1,2,2,1,3,351,"162, R JULES GUESDE",M,4950599,0011501,760
201300034632,13,9,6,2130,5,2,1,1,7,351,TUNNEL  JENNER,M,4950309,0013220,760
201300034633,13,9,8,215,5,2,1,1,7,351,"453, AV JEAN JAURES",M,4950105,0018173,760
201300034634,13,9,9,210,5,2,2,1,6,351,"3, AV RENE COTY",M,4949484,0010947,760
201300034635,13,9,9,710,2,2,3,1,3,351,"107, QU DE SOUTHAMPTON",M,4948652,0011153,760
201300034636,13,9,11,1425,1,2,1,1,6,351,CRS  LAFAYETTE,M,4949171,0012543,760
201300034637,13,9,13,1620,1,1,1,1,3,305,RTE DE LA BREQUE,M,4948995,0019622,760
201300034638,13,9,14,1350,1,2,3,1,7,351,"28, BD CLEMENCEAU",M,4948967,0009773,760
201300034639,13,9,20,1710,1,2,2,1,6,351,"9, R PIERRE LOTI",M,4950490,0014837,760
201300034640,13,9,22,220,5,2,1,1,2,351,"94, R GEORGES LAFAURIE",M,4950095,0011289,760
201300034641,13,9,23,1705,1,2,1,1,6,351,"119, AV RENE COTY",M,4949839,0011735,760
201300034642,13,9,23,1850,1,2,2,1,3,351,"127, R DEMIDOFF",M,4949771,0013743,760
201300034643,13,9,24,1020,1,2,1,1,7,552,BD PRESIDENT FELIX FAURE,M,4950095,0007919,760
201300034644,13,9,29,1755,1,1,6,1,7,351,"490, BD JULES DURAND",M,4949780,0018420,760
201300034645,13,10,2,1750,1,2,2,1,3,351,"76, R DE SAINT QUENTIN",M,4951254,0011705,760
201300034646,13,10,5,2005,5,2,2,1,3,447,"2, R MEDERIC DESCHAMPS",M,4954562,0018823,760
201300034647,13,10,10,845,1,2,4,1,6,351,CRS LAFAYETTE,M,4949171,0012567,760
201300034648,13,10,11,645,2,1,1,3,6,341,RD 6382,M,4952409,0018258,760
201300034649,13,10,11,1805,1,2,3,2,6,351,R JEAN ZAY,M,4950274,0010485,760
201300034650,13,10,17,2330,5,2,1,1,7,351,"28, AV RENE COTY",M,4949609,0011007,760
201300034651,13,10,18,1645,1,2,1,1,6,351,"456, R DE VERDUN",M,4950230,0018086,760
201300034652,13,10,18,2010,5,2,1,1,6,351,"139, AV DUHUIT MAI 1945",M,4951470,0017433,760
201300034653,13,10,20,1945,5,2,1,1,6,351,"78, R JOSEPH MADEC",M,4950754,0013925,760
201300034654,13,10,23,740,2,1,1,1,3,305,RTE DU PONT VIII,M,4949726,0021119,760
201300034655,13,10,24,1730,1,2,2,1,3,305,R DE LA  VERRERIE,M,4950192,0020567,760
201300034656,13,10,25,240,5,2,1,1,7,351,BD DE LENINGRAD,M,4950002,0017172,760
201300034657,13,10,25,735,2,1,1,1,3,341,RD 6015,M,4950783,0019599,760
201300034658,13,10,25,1605,1,2,1,1,6,305,R PABLO PICASSO,M,4950515,0020461,760
201300034659,13,10,26,1530,1,1,1,1,7,447,CH DE LA  PIERRE GRISE,M,4953105,0020565,760
201300034660,13,10,26,1700,1,2,2,1,3,351,BD FRANCOIS 1ER,M,4949354,0009772,760
201300034661,13,10,30,1420,1,2,2,1,3,351,R LUDOVIC HALEVY,M,4950779,0015235,760
201300034662,13,10,31,825,1,2,1,1,6,351,"128, R LOUIS BLANC",M,4950868,0013500,760
201300034663,13,11,1,2320,5,2,2,2,6,351,R  TOURVILLE,M,4949828,0012298,760
201300034664,13,11,3,1145,1,2,2,1,3,351,R DU  BOIS AU COQ,M,4950894,0013532,760
201300034665,13,11,5,2205,5,2,6,2,3,351,"428, BD JULES DURAND",M,4949595,0017883,760
201300034666,13,11,5,1445,1,1,1,6,6,351,AV AMIRAL DU CHILLOU,M,4946868,0018063,760
201300034667,13,11,5,2105,5,2,1,2,6,351,"330, R FELIX FAURE",M,4950163,0011387,760
201300034668,13,11,6,1350,1,1,4,2,7,341,,M,4949855,0019808,760
201300034669,13,11,7,1215,1,2,1,2,6,305,AV DU CAMP DOLENT,M,4950792,0022423,760
201300034670,13,11,8,1320,1,2,2,1,3,351,QU GEORGES POMPIDOU,M,4948955,0011650,760
201300034671,13,11,8,2330,5,2,1,2,6,351,"121, CRS DE LA REPUBLIQ",M,4949789,0012819,760
201300034672,13,11,12,1350,1,2,4,2,3,351,"77, R GEORGES LAFAURIE",M,4949874,0010698,760
201300034673,13,11,12,1400,1,1,4,2,7,341,,M,4949859,0019825,760
201300034674,13,11,16,1500,1,2,2,1,6,351,"28, R DE CALIGNY",M,4949259,0010076,760
201300034675,13,11,19,1000,1,2,3,1,6,351,"239, BD DE GRAVILLE",M,4949408,0014773,760
201300034676,13,11,19,815,1,1,1,1,2,305,RTE DE LA CHIMIE,M,4948328,0022382,760
201300034677,13,11,20,1755,5,1,1,3,2,351,RD 6382,M,4952463,0018162,760
201300034678,13,11,21,1855,5,2,2,1,6,351,"164, CRS DE LA REPUBLIQ",M,4949955,0012960,760
201300034679,13,11,22,830,2,2,2,1,6,351,"0, GEORGES BRAQUE (RUE)",M,4949521,0010388,760
201300034680,13,11,22,1500,1,2,3,1,6,351,"2 bis, R DE CONTI",M,4950129,0014826,760
201300034681,13,11,22,1745,5,1,3,2,3,341,,M,4951380,0019323,760
201300034682,13,11,25,800,3,2,1,1,6,305,R JACQUES BREL,M,4952090,0022609,760
201300034683,13,11,25,1830,5,2,2,2,6,270,"31, AV JEAN JAURES",M,4953552,0014648,760
201300034684,13,11,26,805,2,1,1,1,4,351,,M,4952438,0017164,760
201300034685,13,11,26,1400,1,2,2,1,6,351,"173, BD AMIRAL MOUCHEZ",M,4948738,0014562,760
201300034686,13,11,26,1810,3,2,3,1,3,305,RTE DU PONT VIII,M,4949726,0021120,760
201300034687,13,11,27,1,5,2,2,1,6,296,"93, R DE LA LIBERATION",M,4951761,0025067,760
201300034688,13,12,1,1410,1,2,4,1,6,552,"6, R DU ROI ALBERT",M,4950264,0008553,760
201300034689,13,12,3,1830,5,2,1,1,6,351,"203, R DEMIDOFF",M,4949819,0014538,760
201300034690,13,12,5,1135,1,2,3,1,6,341,RTE D OUDALLE,M,4950474,0020025,760
201300034691,13,12,7,15,5,1,4,2,6,351,BD DE LENINGRAD,M,4950264,0019415,760
201300034692,13,12,10,1230,1,2,2,1,6,351,R CASIMIR PERIER,M,4949399,0011170,760
201300034693,13,12,12,1445,1,2,2,1,3,351,R DE LA CONCORDE,M,4950658,0015894,760
201300034694,13,12,12,1810,5,2,4,1,6,305,"29, RTE ORCHER",M,4950345,0021431,760
201300034695,13,12,13,800,2,2,1,1,6,351,"10,R IRENE JOLIOT CURIE",M,4950610,0010052,760
201300034696,13,12,13,1252,1,1,4,2,2,341,,M,4950794,0019643,760
201300034697,13,12,13,1605,1,2,2,1,3,351,"185, R ROMAIN ROLLAND",M,4950599,0011499,760
201300034698,13,12,19,1500,1,2,3,1,6,351,"189, R DE VERDUN",M,4950235,0016251,760
201300034699,13,12,20,1500,1,2,1,1,1,305,RTE DE GOURNAY,M,4951916,0022383,760
201300034700,13,12,21,515,5,1,1,1,6,305,D6015,M,4951278,0022466,760
201300034701,13,12,24,850,1,2,2,3,3,351,"43, R BEAULIEU",M,4951117,0011038,760
201300034702,13,12,24,1830,5,2,3,1,3,447,"n?ant, SAINTE CROIX (COU",M,4954335,0019249,760
201300034703,13,12,26,1235,1,2,2,1,3,351,R RAYMOND GUENOT,M,4949431,0010373,760
201300034704,13,12,27,1130,1,2,9,3,6,351,PL DU CHILLOU,M,4949162,0011062,760
201300034705,13,12,30,1020,1,2,1,1,6,351,"1, CRS LAFAYETTE",M,4949183,0012513,760
201300034706,13,12,31,1120,1,2,1,1,6,351,"32, R IRENE JOLIOT CURIE",M,4950702,0009998,760
201300034707,13,12,23,830,1,2,3,2,2,484,"1, GAULLE. AVENUE DU GEN",M,4936300,0110402,760
201300034708,13,12,26,918,1,2,3,1,2,540,AV JEAN RONDEAUX,M,4943578,0107725,760
201300034709,13,12,2,1555,1,1,1,1,3,322,"01, VOIE RAPIDE SUD 3 (R",M,4940032,0103238,760
201300034710,13,12,9,1620,1,2,1,1,6,216,"87, RTE DE DIEPPE",M,4946181,0105389,760
201300034711,13,12,10,1500,1,2,2,1,6,540,BD FERDINAND DE LESSEPS,M,4944513,0106420,760
201300034712,13,12,13,825,2,2,1,1,6,498,AV JACQUES PREVERT,M,4942928,0106215,760
201300034713,13,12,19,1900,5,2,1,1,6,540,AV CHAMPLAIN,M,4943392,0109180,760
201300034714,13,12,20,810,2,2,4,2,6,540,R HENRI RIVIERE,M,4943622,0111214,760
201300034715,13,12,17,1705,1,2,3,1,3,540,"12, R BRISOUT DE BARNE",M,4943426,0108143,760
201300034716,13,12,13,845,1,2,4,3,6,540,"52, RTE DE BONSECOURS",M,4943286,0110808,760
201300034717,13,1,7,945,1,2,2,8,1,319,R DE L A COMMUNE DE PARI,M,4934738,0099386,760
201300034718,13,12,15,2040,5,2,4,1,6,540,R DU VAL D EAUPLET,M,4943285,0110777,760
201300034719,13,12,24,1300,1,2,1,9,5,540,AV DE LA GRAND MARE,M,4944327,0113041,760
201300034720,13,12,30,1800,5,2,3,9,2,540,AV JEAN RONDEAUX,M,4943690,0107837,760
201300034721,13,1,15,1405,1,2,3,1,3,540,RTE DU HAVRE,M,4945042,0105922,760
201300034722,13,1,2,1820,5,2,2,1,3,319,"01, MATHILDE. AVENUE DE",M,4935599,0100912,760
201300034723,13,1,9,505,5,2,1,1,6,540,"84, RTE DE BONSECOURS",M,4943422,0110669,760
201300034724,13,1,9,2010,5,2,2,1,6,540,QU JEAN MOULIN,M,4943583,0109056,760
201300034725,13,1,15,1520,1,2,6,1,6,322,BD DE VERDUN,M,4941429,0104468,760
201300034726,13,1,16,2120,3,1,1,1,1,410,D 1043,M,4947346,0102582,760
201300034727,13,1,17,1345,1,2,1,1,3,540,QU D ELBEUF,M,4943122,0109831,760
201300034728,13,1,23,1630,1,2,1,1,3,540,"23, BD GAMBETTA",M,4943706,0110285,760
201300034729,13,1,23,725,5,2,1,5,6,319,AV DES POIRIERS,M,4933966,0102297,760
201300034730,13,2,2,200,5,2,1,2,6,498,Voie rapide SUD III,M,4943299,0106089,760
201300034731,13,1,17,1545,1,2,2,1,6,540,"25, R DE LA REPUBLIQUE",M,4943907,0109690,760
201300034732,13,1,25,1820,5,2,1,1,4,497,"671, R ARISTIDE BRIAND",M,4939265,0102343,760
201300034733,13,1,26,615,5,2,1,1,6,540,"140, RTE DE NEUFCHATEL",M,4945450,0110561,760
201300034734,13,1,27,230,5,2,1,9,2,540,"154, AV DU MONT RIBOUDET",M,4944742,0106859,760
201300034735,13,1,30,1215,1,2,1,9,3,540,"21, R MALOUET",M,4943149,0108989,760
201300034736,13,2,1,350,5,1,6,9,7,484,CD18 E,M,4934612,0107713,760
201300034737,13,2,2,2115,5,2,3,1,3,540,AV BERNARD BICHERAY,M,4944965,0105053,760
201300034738,13,2,9,1750,1,2,1,9,6,157,"2,AV DU PRESIDENT  ALLEN",M,4945074,0103464,760
201300034739,13,1,25,750,1,2,5,1,3,681,R DES  ABEILLES,M,4940632,0109014,760
201300034740,13,1,17,1800,5,2,3,1,6,157,BD CLAUDE MONET,M,4945218,0103429,760
201300034741,13,1,28,600,5,2,1,2,3,410,"19, R DE LA REPUBLIQUE",M,4947809,0104281,760
201300034742,13,1,22,1227,1,1,2,2,3,575,BD LENINE,M,4938122,0110992,760
201300034743,13,2,10,1900,5,2,5,2,6,540,AV DE LA  LIBERATION,M,4942831,0107067,760
201300034744,13,2,1,1450,1,2,2,1,7,540,"40, R DU GRAND PONT",M,4943939,0109271,760
201300034745,13,2,6,1530,1,2,1,1,2,429,RTE DE  DARNETAL,M,4941356,0115198,760
201300034746,13,2,12,1240,1,2,3,1,6,575,R ERNEST RENAN,M,4939851,0106977,760
201300034747,13,2,15,750,5,2,2,3,7,322,BD PIERRE BROSSOLETTE,M,4941668,0103743,760
201300034748,13,2,20,1545,1,2,2,1,3,540,R DE LA CROIX D YONVIL,M,4945086,0106631,760
201300034749,13,1,16,1250,1,2,6,1,3,451,R DU TRONQUET,M,4946916,0107691,760
201300034750,13,2,20,1140,1,1,1,1,3,540,RN 28,M,4943725,0111056,760
201300034751,13,2,28,2030,5,2,1,9,6,540,"104, BD DES BELGES",M,4944519,0108607,760
201300034752,13,2,22,1110,1,2,1,1,6,540,"118, R MARTAINVILLE",M,4943926,0110117,760
201300034753,13,3,1,1630,1,2,1,1,1,498,"15, R JACQUARD",M,4943076,0105165,760
201300034754,13,2,4,1650,1,2,1,1,3,540,AV BERNARD BICHERAY,M,4945024,0105302,760
201300034755,13,2,28,1130,1,1,1,9,6,319,,M,4935309,0102803,760
201300034756,13,2,28,1830,2,2,1,1,3,319,AV DU GENERAL  LECLERC.,M,4936652,0101433,760
201300034757,13,3,16,640,5,2,1,1,2,540,"268, BD JEAN JAURES",M,4945175,0106001,760
201300034758,13,3,7,740,1,2,3,1,3,681,BD INDUSTRIEL,M,4942286,0110629,760
201300034759,13,3,16,2010,5,2,1,2,3,575,"69, AV AMBROISE CROIZAT",M,4936972,0110574,760
201300034760,13,3,31,1815,1,2,2,1,3,540,"117, RTE DU HAVRE",M,4945278,0105659,760
201300034761,13,3,29,1545,1,2,3,1,3,484,AV DU GENERAL DE GAULLE,M,4935282,0109754,760
201300034762,13,4,3,1420,1,2,2,1,2,540,"117, RTE DU HAVRE",M,4945277,0105664,760
201300034763,13,3,31,1245,1,2,1,1,4,498,Voie rapide SUD III,M,4943454,0106916,760
201300034764,13,4,5,1320,1,2,2,2,6,540,AV JEAN RONDEAUX,M,4943879,0108013,760
201300034765,13,4,4,1225,1,2,3,1,3,540,AV JACQUES CHASTELLAIN,M,4943443,0109890,760
201300034766,13,4,2,1255,1,2,2,1,3,322,R GAY LUSSAC,M,4941740,0104695,760
201300034767,13,4,8,1140,1,2,1,1,6,681,"67, R RASPAIL",M,4941550,0109400,760
201300034768,13,2,5,915,1,2,3,1,3,540,AV BERNARD BICHERAY,M,4944951,0105000,760
201300034769,13,2,8,730,2,2,1,2,3,540,"2, BD DE LA MARNE",M,4944735,0109468,760
201300034770,13,4,15,1840,1,2,2,1,5,681,GR DE QUATRE-MARES,M,4940490,0110312,760
201300034771,13,4,16,1945,1,2,2,1,6,540,QU JEAN MOULIN,M,4943583,0109056,760
201300034772,13,4,13,550,5,2,1,1,6,540,QU DE LA  BOURSE,M,4943818,0109135,760
201300034773,13,4,15,1350,1,2,1,1,2,540,"110, R JEANNE D'ARC",M,4944777,0109392,760
201300034774,13,4,16,1155,1,2,3,1,3,540,"79, RTE DE DARNETAL",M,4944000,0112993,760
201300034775,13,4,3,35,5,2,4,1,3,540,"01, BONSECOURS. ROUTE DE",M,4943316,0110764,760
201300034776,13,4,17,1730,1,2,2,1,3,410,"47, RTE DE DIEPPE",M,4947547,0104820,760
201300034777,13,2,8,1135,1,2,3,2,6,540,"17, R FRANCOIS COUPERIN",M,4944792,0113873,760
201300034778,13,4,19,1640,1,2,2,1,6,540,R DU GENERAL GIRAUD,M,4944029,0108936,760
201300034779,13,4,28,640,2,2,2,1,2,540,AV ARISTIDE BRIAND,M,4943469,0110572,760
201300034780,13,3,7,1840,1,2,2,2,3,575,R ROMAIN ROLLAND,M,4939745,0106457,760
201300034781,13,4,29,1235,1,2,2,1,3,681,"441, R DE PARIS",M,4941287,0109856,760
201300034782,13,5,3,145,5,2,2,1,6,540,R GRAND PONT,M,4943882,0109228,760
201300034783,13,4,18,1700,1,2,1,1,6,540,R JEAN TEXIER,M,4946144,0113118,760
201300034784,13,4,30,1640,1,2,1,1,6,157,"30, AV DU PRESIDENT  ALL",M,4944955,0103521,760
201300034785,13,5,3,1530,1,2,1,9,6,599,,M,4942883,0115524,760
201300034786,13,5,8,150,5,2,3,1,3,540,QU DE PARIS,M,4943653,0109989,760
201300034787,13,5,2,1940,1,2,1,1,6,540,"13, R HENRY II PLANTAGEN",M,4942431,0109752,760
201300034788,13,5,7,2050,1,2,3,1,3,402,"21, RTE DE MONTVILLE",M,4952838,0104766,760
201300034789,13,5,12,1945,1,2,2,2,7,540,RTE DE LYONS LA FORET,M,4943653,0113385,760
201300034790,13,5,15,1810,1,1,2,1,4,575,BD LENINE,M,4936842,0111216,760
201300034791,13,4,13,1805,1,2,1,1,6,319,R VICTOR HUGO,M,4935544,0100807,760
201300034792,13,5,18,1300,1,2,3,8,6,402,"205, RTE DE DIEPPE",M,4952610,0104249,760
201300034793,13,5,15,1755,1,2,1,1,3,540,QU DE PARIS,M,4943672,0109824,760
201300034794,13,5,17,1650,1,2,1,1,6,540,"9, R D ERNEMONT",M,4944946,0110138,760
201300034795,13,5,22,900,1,2,2,1,7,540,R DES ARSINS,M,4944272,0109667,760
201300034796,13,4,21,1520,1,2,3,1,6,681,"15, R PIERRE CORNEILLE",M,4942290,0109050,760
201300034797,13,4,11,1240,1,2,1,1,6,451,R ROBERT  LEHMANN,M,4946979,0107919,760
201300034798,13,5,25,608,1,2,2,2,3,540,QU DE PARIS,M,4943712,0109609,760
201300034799,13,5,26,2030,1,2,1,1,3,474,"38, R FREDERIC CHOPIN",M,4947794,0105889,760
201300034800,13,5,17,1240,1,2,1,1,6,540,"22, R SAINT GERVAIS",M,4944686,0108546,760
201300034801,13,5,30,1825,1,2,1,1,6,575,AV DE LA MARE AUX DAIMS,M,4938697,0107103,760
201300034802,13,6,3,1930,1,2,1,1,4,540,"17, R JEANNE D ARC",M,4944113,0109005,760
201300034803,13,6,4,1915,1,2,2,1,3,103,R DES HAUTES HAIES,M,4942280,0113078,760
201300034804,13,6,2,225,5,2,2,1,6,540,R BOUVREUIL,M,4944712,0109518,760
201300034805,13,6,5,2025,1,2,3,1,3,484,AV DU GENERAL DE GAULLE,M,4936301,0110400,760
201300034806,13,6,5,2010,1,2,3,1,6,681,BD INDUSTRIEL,M,4941508,0110711,760
201300034807,13,6,1,1537,1,2,3,1,2,212,BD DE LA  PAIX.,M,4943763,0114387,760
201300034808,13,6,1,1600,1,2,3,1,2,540,"136, AV DES CANADIENS",M,4941786,0107680,760
201300034809,13,6,5,1410,1,2,2,1,4,322,BD PIERRE BROSSOLETTE,M,4941661,0103767,760
201300034810,13,6,7,1305,1,1,1,1,4,540,RTE DE LYONS LA FORET,M,4943610,0113529,760
201300034811,13,6,8,1430,1,2,1,1,6,575,CH DU  PETIT BOIS,M,4938022,0109839,760
201300034812,13,6,9,235,5,1,1,1,6,540,A 150,M,4945030,0105840,760
201300034813,13,6,10,115,5,2,2,1,3,681,"1, GAULLE. PLACE CHARLES",M,4941103,0109314,760
201300034814,13,4,28,1550,1,2,2,1,3,540,"01, GAMBETTA. BOULEVARD",M,4943955,0111063,760
201300034815,13,4,7,900,1,2,1,1,6,451,"4, AV GALLIENI",M,4945337,0108837,760
201300034816,13,6,8,2140,2,2,4,1,3,540,BD JEAN DE BETHENCOURT,M,4943952,0107628,760
201300034817,13,6,14,1420,1,1,1,1,6,474,R DE L ABBAYE,M,4949878,0104095,760
201300034818,13,6,15,200,3,1,1,1,2,157,,M,4946365,0103978,760
201300034819,13,6,16,1615,1,1,1,1,3,497,,M,4939390,0103621,760
201300034820,13,6,16,2100,1,2,1,1,6,498,"15, R CLAUDINE GUERIN",M,4942743,0106378,760
201300034821,13,6,18,845,1,2,2,2,3,319,BD DU GRAND AULNAY,M,4934519,0097900,760
201300034822,13,6,12,1535,1,2,2,1,3,540,QU JEAN  MOULIN,M,4943503,0109340,760
201300034823,13,6,6,1715,1,2,1,1,3,575,"20, AV DE FELLING.",M,4939493,0106446,760
201300034824,13,6,9,300,5,2,2,1,3,540,AV JEAN RONDEAUX,M,4943879,0108019,760
201300034825,13,6,11,800,1,1,1,2,3,451,AV DU BOIS AUX DAMES,M,4947477,0107738,760
201300034826,13,6,7,1650,1,1,1,1,2,410,,M,4946920,0103520,760
201300034827,13,6,20,1715,1,1,1,1,2,540,RN 28,M,4943881,0111579,760
201300034828,13,6,24,1520,1,1,2,1,3,498,"83 B, BD DU 11 NOVEMBRE",M,4941666,0107043,760
201300034829,13,6,25,2030,1,2,2,1,3,540,"55, AV GUSTAVE FLAUBERT",M,4944491,0108363,760
201300034830,13,6,23,1700,1,2,1,1,6,216,"47, R RENE COTY",M,4946994,0105363,760
201300034831,13,6,25,1200,1,2,1,1,6,681,R D  EAUPLET,M,4942029,0110216,760
201300034832,13,6,29,2315,5,2,1,1,6,540,"106, R LA FAYETTE",M,4943150,0108755,760
201300034833,13,7,2,1510,1,2,1,1,6,540,"104, BD D ORLEANS",M,4943670,0108023,760
201300034834,13,6,1,2045,1,2,2,1,3,575,"01, CARNOT. RUE LAZARE",M,4937964,0110767,760