Num_Acc,an,mois,jour,hrmn,lum,agg,int,atm,col,com,adr,gps,lat,long,dep
201300034835,13,6,14,1905,1,2,1,1,3,322,"17, AV FRANKLIN ROOSEVEL",M,4939891,0105792,760
201300034836,13,5,31,1305,1,2,3,1,3,216,R JEAN RICHARD,M,4946648,0104623,760
201300034837,13,5,13,740,2,2,3,9,3,319,"39, AV JEAN JAURES",M,4935341,0100208,760
201300034838,13,7,4,1800,1,2,1,1,5,540,PONT GUSTAVE FLAUBERT,M,4944355,0106393,760
201300034839,13,7,5,1000,1,1,4,1,3,410,D86,M,4947307,0102880,760
201300034840,13,7,9,1020,1,2,2,1,6,216,"55, R LAVEISSIERE",M,4946905,0104440,760
201300034841,13,5,2,1750,1,2,1,1,6,540,"81, PL JEAN BAPTISTE DE",M,4944840,0108359,760
201300034842,13,5,9,1400,1,2,2,1,2,540,R DU MAIL,M,4943120,0108935,760
201300034843,13,7,13,1645,1,2,3,1,3,322,AV DES  PROVINCES,M,4941149,0105290,760
201300034844,13,7,16,1450,1,2,2,1,3,451,R DU TRONQUET,M,4947101,0107645,760
201300034845,13,7,18,1755,1,2,2,1,3,540,"15, BD DE LA  MARNE",M,4944704,0109258,760
201300034846,13,7,20,2140,1,2,1,1,3,540,"13, R HENRY II PLANTAGEN",M,4942429,0109755,760
201300034847,13,7,5,1645,1,2,1,1,4,540,"35, RTE DE NEUFCHATEL",M,4945087,0109860,760
201300034848,13,7,9,2340,3,1,3,1,7,157,,M,4944475,0104174,760
201300034849,13,7,6,620,5,2,1,1,7,540,"53, QU DU  HAVRE",M,4943978,0108515,760
201300034850,13,7,9,2250,4,2,3,1,3,681,"22, AV DES CANADIENS",M,4941438,0107431,760
201300034851,13,7,15,825,1,2,1,1,3,540,"12, RTE DE BONSECOURS",M,4943017,0111162,760
201300034852,13,7,20,830,1,2,3,1,6,540,"24, QU GASTON BOULET",M,4944183,0108089,760
201300034853,13,7,24,1908,1,2,1,1,2,498,RN 338,M,4943448,0106865,760
201300034854,13,6,13,915,1,2,1,1,6,451,BD ANDRE SIEGFRIED,M,4945701,0106586,760
201300034855,13,6,23,615,1,2,1,2,7,540,R NANSEN,M,4945011,0105841,760
201300034856,13,8,2,710,1,2,2,1,3,212,R LOUIS PASTEUR,M,4944239,0114700,760
201300034857,13,8,3,1605,1,1,1,1,2,322,,M,4940925,0103874,760
201300034858,13,8,2,1345,1,2,2,1,1,575,BD LENINE,M,4938118,0110995,760
201300034859,13,8,10,1710,1,2,3,1,1,575,R DES CATELIERS,M,4939009,0107411,760
201300034860,13,8,10,1420,1,2,1,1,5,108,"1763, RTE DE NEUFCHATEL",M,4945866,0110864,760
201300034861,13,6,14,130,5,1,1,1,6,540,,M,4943806,0112899,760
201300034862,13,8,22,200,5,2,1,1,7,540,"21, QU DE FRANCE",M,4943895,0106155,760
201300034863,13,6,3,820,1,2,1,1,3,474,"342, RTE DE DIEPPE",M,4949666,0104854,760
201300034864,13,8,12,1250,1,2,1,1,7,402,"04, RTE DE MONTVILLE",M,4952731,0104362,760
201300034865,13,8,14,1820,1,2,2,1,4,498,BD CHARLES DE  GAULLE,M,4941946,0106027,760
201300034866,13,8,23,1850,1,2,1,1,3,540,"52, R GALILEE",M,4945743,0113868,760
201300034867,13,7,26,1940,1,2,1,1,1,681,"16, R DES TISSERANDS",M,4940960,0109538,760
201300034868,13,9,3,1807,1,2,1,1,6,540,"33, R GIUSEPPE VERDI",M,4944994,0113767,760
201300034869,13,8,17,1930,1,1,1,1,6,540,RN 28,M,4945916,0114369,760
201300034870,13,8,23,1948,1,2,2,1,3,540,R DE LA CROIX D'YONVILLE,M,4945086,0106635,760
201300034871,13,8,30,1030,1,2,2,1,3,540,"16, R DU CONTRAT SOCIAL",M,4944423,0108302,760
201300034872,13,8,31,1840,1,2,1,1,6,212,"90, RTE DE GOURNAY",M,4944264,0116252,760
201300034873,13,9,6,1145,1,1,1,1,3,540,A 150,M,4945303,0105443,760
201300034874,13,9,10,1830,1,2,3,1,6,681,"369, R VICTOR HUGO",M,4940859,0109794,760
201300034875,13,8,7,2110,1,2,2,1,6,322,"78,R ALFRED DE  MUSSET",M,4940783,0106079,760
201300034876,13,9,11,1735,1,2,1,1,3,575,R DU VELAY,M,4937190,0109796,760
201300034877,13,9,13,400,5,2,1,1,6,540,PONT PIERRE  CORNEILLE,M,4943611,0109575,760
201300034878,13,9,13,1725,1,2,1,1,3,540,"30, CRS CLEMENCEAU",M,4943473,0108818,760
201300034879,13,8,13,1320,1,2,2,1,3,681,R LEON SALVA,M,4941065,0107886,760
201300034880,13,8,30,1410,1,2,4,1,3,540,RN 28,M,4943723,0111039,760
201300034881,13,9,13,1100,1,2,2,2,6,540,"53, AV DE BRETAGNE",M,4943321,0108529,760
201300034882,13,9,17,1645,1,2,2,2,3,498,PL DES  CHARTREUX,M,4942389,0106730,760
201300034883,13,9,19,835,1,2,3,1,3,402,"259, RTE DE DIEPPE",M,4952766,0104234,760
201300034884,13,9,19,2125,5,2,2,2,3,498,AV DE LA LIBERATION,M,4942391,0106734,760
201300034885,13,8,31,1935,1,2,1,1,1,410,"2, AV DU VAL AUX DAMES",M,4947343,0103491,760
201300034886,13,9,29,140,3,1,1,1,5,157,,M,4946088,0104242,760
201300034887,13,9,30,730,2,2,3,2,3,108,"2555, RTE DE  NEUFCHATEL",M,4946459,0111451,760
201300034888,13,9,25,1530,1,2,1,1,3,540,"50, CAVELIER DE LA SALLE",M,4943781,0108381,760
201300034889,13,10,3,910,1,2,3,1,3,497,BD MARITIME,M,4938387,0101585,760
201300034890,13,10,6,1400,1,1,1,1,6,484,,M,4935804,0103553,760
201300034891,13,10,4,1600,1,2,2,1,5,322,BD PIERRE BROSSOLETTE,M,4941865,0103157,760
201300034892,13,10,5,1700,1,2,1,1,6,474,"1169, R DESLONGS VALLONS",M,4948586,0106172,760
201300034893,13,10,4,1200,1,2,1,9,3,540,"106, R LA FAYETTE",M,4943150,0108754,760
201300034894,13,10,9,1930,5,2,3,1,7,540,"57, R  D AMIENS",M,4944068,0110097,760
201300034895,13,10,14,2130,5,2,1,2,6,540,AV DE  BRETAGNE,M,4943102,0108043,760
201300034896,13,10,14,1700,1,2,2,2,6,540,"56, R DE LA REPUBLIQUE",M,4944009,0109737,760
201300034897,13,10,5,1300,1,2,1,1,3,540,QU JACQUES ANQUETIL,M,4943337,0109546,760
201300034898,13,10,16,800,1,2,2,2,3,497,"356, R PIERRE CORNEILLE",M,4939071,0102169,760
201300034899,13,10,17,2115,5,2,1,1,6,540,"120, R JEANNE D'ARC",M,4944809,0109411,760
201300034900,13,10,19,1140,1,1,1,2,3,484,,M,4934330,0106905,760
201300034901,13,10,18,1945,5,2,2,2,3,319,"108, R PASTEUR",M,4935900,0100722,760
201300034902,13,10,21,1240,1,2,1,1,3,498,BD STANISLAS GIRARDIN,M,4941458,0106223,760
201300034903,13,10,24,945,1,2,1,1,3,319,"56, AV DU GENERALLECLERC",M,4936234,0101262,760
201300034904,13,11,1,115,3,2,1,1,1,540,,M,4943783,0111333,760
201300034905,13,10,30,1245,1,2,3,1,3,575,"101, R DU MADRILLET",M,4939751,0107405,760
201300034906,13,10,29,845,1,2,1,1,6,410,"96, R DES MARTYRS DE LA",M,4948245,0104434,760
201300034907,13,11,12,1525,1,1,3,2,3,157,COTE DE CANTELEU,M,4944438,0104095,760
201300034908,13,10,15,740,3,2,3,9,1,498,R ROUGET DE LISLE,M,4942486,0104954,760
201300034909,13,11,7,1850,5,2,1,2,3,540,"43D, BD DE VERDUN",M,4944534,0110934,760
201300034910,13,11,8,1815,5,2,5,2,5,540,"129, BD DE L YSER",M,4944838,0109946,760
201300034911,13,11,7,2055,5,2,1,2,2,540,QU JEAN DE BETHENCOURT,M,4943949,0107861,760
201300034912,13,11,8,1430,1,2,1,2,2,575,AV DU VAL L ABBE,M,4938250,0110007,760
201300034913,13,11,6,1300,1,2,1,1,6,540,"45 Bis, R JEANNE D'ARC",M,4944319,0109124,760
201300034914,13,11,14,2015,5,2,1,2,6,575,R DU  VAL L ABBE,M,4938490,0109964,760
201300034915,13,11,17,615,5,2,1,1,6,540,"169, BD DE L EUROPE",M,4943292,0107845,760
201300034916,13,11,15,2000,5,2,1,1,1,474,"11, RTE D HOUPPEVILLE",M,4949075,0105112,760
201300034917,13,10,15,2022,5,2,1,2,6,451,CENTRE CIAL VATINE,M,4947119,0109488,760
201300034918,13,10,31,2120,5,2,1,1,3,402,"125, RTE DE DIEPPE",M,4952202,0103991,760
201300034919,13,11,20,1730,5,2,2,3,6,681,AV DE LA LIBERATION,M,4941392,0108429,760
201300034920,13,11,19,1210,1,2,4,1,3,108,"1171, RTE DE NEUFCHATEL",M,4945399,0110496,760
201300034921,13,11,12,1830,5,2,1,3,6,451,R DU TRONQUET,M,4946818,0107534,760
201300034922,13,11,18,1850,5,2,3,1,3,681,"07bis, AV DES CANADIENS",M,4941863,0107741,760
201300034923,13,11,25,2130,5,2,2,2,3,498,,M,4943300,0106030,760
201300034924,13,11,7,1740,5,2,1,2,6,540,"24, BD D ORLEANS",M,4943573,0108514,760
201300034925,13,11,16,1630,1,2,1,1,2,212,"75, R DE PREAUX",M,4945333,0115859,760
201300034926,13,11,25,1740,5,2,3,2,6,319,"1, AV DE LA REINE MATHIL",M,4935695,0100797,760
201300034927,13,11,22,850,1,2,2,1,3,540,"53, AV DE BRETAGNE",M,4943323,0108531,760
201300034928,13,11,20,1730,5,2,1,3,6,429,"74, RTE DE PARIS",M,4941068,0114122,760
201300034929,13,11,21,750,5,2,1,9,6,216,"44, R DE LA REPUBLIQUE",M,4947172,0104288,760
201300034930,13,11,22,1900,3,1,6,1,1,319,,M,4934038,0101434,760
201300034931,13,11,29,2210,5,2,1,2,6,474,"334, RTE DE DIEPPE",M,4949631,0104858,760
201300034932,13,12,1,520,5,2,4,1,1,540,"66, RTE DE BONSECOURS",M,4943315,0110767,760
201300034933,13,11,28,1745,5,2,1,2,2,216,"1, GAILLARD. RUE GUSTAVE",M,4947621,0104884,760
201300034934,13,12,2,820,1,2,1,1,6,366,"110, R DU GENERAL DE GAU",M,4950766,0103992,760
201300034935,13,11,28,1125,1,2,2,1,6,540,R RACINE,M,4944190,0108609,760
201300034936,13,12,5,955,1,2,2,1,6,366,"1, R DE LA REPUBLIQUE",M,4950847,0103921,760
201300034937,13,11,30,1705,2,2,2,1,6,540,"36, R JEANNE D ARC",M,4944087,0108987,760
201300034938,13,11,27,2105,5,2,3,1,3,540,BD GAMBETTA,M,4943799,0110581,760
201300034939,13,12,7,1355,1,1,1,1,4,498,Voie rapide SUD III,M,4943474,0107093,760
201300034940,13,12,4,1745,5,2,4,1,6,540,"188, AV DU MONT RIBOUDET",M,4944893,0106552,760
201300034941,13,11,16,1845,5,2,1,1,6,540,"120, R DU GENERALLECLERC",M,4944011,0108970,760
201300034942,13,12,9,1550,1,2,2,1,3,410,RTE DE DIEPPE,M,4948065,0104788,760
201300034943,13,12,13,1740,3,2,2,9,6,498,BD DU 11 NOVEMBRE,M,4942375,0106711,760
201300034944,13,12,25,430,5,2,1,2,6,540,PONT GUSTAVE FLAUBERT,M,4943905,0106598,760
201300034945,13,12,20,1700,1,2,3,1,3,108,"147, AV DU MARECHAL JUIN",M,4946392,0111621,760
201300034946,13,12,5,1335,1,2,2,1,6,540,"15, BD DE LA MARNE",M,4944710,0109271,760
201300034947,13,12,9,1545,1,2,1,1,3,540,"41, RTE DE NEUFCHATEL",M,4945160,0109816,760
201300034948,13,12,10,740,5,2,2,9,3,540,R DU MESNIL GREMICHON,M,4945219,0111975,760
201300034949,13,12,22,923,5,2,1,1,6,540,"25, BD DE VERDUN",M,4944430,0111224,760
201300034950,13,12,27,1510,1,2,6,2,1,410,"40, R DES BELGES",M,4947605,0104008,760
201300034951,13,1,21,1900,5,2,1,4,6,108,"34, NAST (RUE GUSTAVE)",M,4888153,0258496,770
201300034952,13,1,29,1705,1,2,2,1,3,108,", MARECHAL FOCH (AVENUE",M,4887177,0257785,770
201300034953,13,2,18,903,1,2,1,1,2,108,MONTFERMEIL (ROUTE DE),,,,770
201300034954,13,4,3,1615,1,2,3,1,3,055,CARNOT (RUE),,,,770
201300034955,13,4,15,1940,1,2,1,1,2,108,MONTFERMEIL (ROUTE DE),,,,770
201300034956,13,5,1,2105,5,1,3,2,3,108,PARC (RUE  DU),M,4887710,0259950,770
201300034957,13,6,2,1105,1,2,1,1,3,108,GUERRY (AVENUE EMILE),M,4888762,0262111,770
201300034958,13,6,28,1525,1,2,1,2,6,108,MARINIERS (QUAI DES),M,4886695,0259339,770
201300034959,13,7,7,1145,1,2,2,1,3,479,"26, COLONEL MOLL (RUE DU",M,4887148,0263737,770
201300034960,13,8,14,1850,1,2,1,1,1,108,"111, BICKART (RUE ALEXAN",,,,770
201300034961,13,8,31,1845,1,2,2,1,3,479,PARC (RUE DU),M,4886749,0264193,770
201300034962,13,9,19,800,1,2,1,1,6,479,ALGIS (RUE PAUL),M,4886978,0262639,770
201300034963,13,9,21,1835,1,2,2,1,3,108,MARECHAL FOCH (AVENUE DU,,,,770
201300034964,13,9,25,1600,1,2,1,1,3,108,"50, SYLVIE (AVENUE DE)",,,,770
201300034965,13,11,18,830,1,2,2,1,3,108,DIGOY (AVENUE GEORGES),,,,770
201300034966,13,12,10,848,1,2,1,1,6,108,"0, MENDES FRANCE (BLD PI",,,,770
201300034967,13,12,16,1610,1,1,1,1,7,118,CD34,,,,770
201300034968,13,12,4,1830,2,1,2,1,3,517,CD 404,,,,770
201300034969,13,12,16,1530,1,2,1,7,6,108,"46, MARECHAL FOCH (AVENU",M,4871175,0257700,770
201300034970,13,12,13,1030,1,2,1,1,2,108,"149, CLAYE (AVENUE DE)",,,,770
201300034971,13,12,25,30,3,1,2,3,6,517,LAGNY (RUE DE),,,,770
201300034972,13,2,26,1350,1,2,3,1,3,268,EUROPE ( BOULEVARD DE L',,,,770
201300034973,13,2,28,1140,1,2,1,1,6,307,ROME ( RUE DE ),M,4885917,0275883,770
201300034974,13,6,9,1015,1,1,1,8,6,268,EUROPE ( BOULEVARD DE L',,,,770
201300034975,13,7,5,1740,1,2,3,1,3,111,HERGE ( AVENUE),M,4885900,0277370,770
201300034976,13,12,13,1937,4,1,1,2,3,449,RD 345  (PENETRANTE VAL,,,,770
201300034977,13,12,21,1040,1,2,9,1,1,111,GRAND FOSSE ( BOULEVARD,,,,770
201300034978,13,1,14,905,1,2,1,1,1,131,"1, BRISEBECHE (RUE DE LA",M,4882218,0310317,770
201300034979,13,4,8,1815,1,2,1,1,6,371,VION (PLACE),M,4881352,0299261,770
201300034980,13,4,12,55,5,1,1,1,6,131,PETITS AULNOYS (RUE DES),M,4880879,0310830,770
201300034981,13,5,20,1345,1,2,1,2,3,131,"39, GENERAL LECLERC (RUE",,,,770
201300034982,13,6,2,1510,1,2,1,7,6,131,"1, GAMBETTA (COUR)",,,,770
201300034983,13,7,15,1,5,2,6,1,7,131,"1, ROND POINT DE LA GARE",,,,770
201300034984,13,8,24,1750,1,2,1,1,6,131,"29, DANIEL TOURNEUR (RUE",M,4880390,0308225,770
201300034985,13,9,23,1500,1,1,1,7,7,042,FERTE GAUCHER (RUE DE LA,,,,770
201300034986,13,9,30,1810,1,2,1,1,1,131,"15, ELVERT ROBERT (AVENU",M,4880467,0307925,770
201300034987,13,10,5,1330,1,2,1,2,7,070,"3, SAINT - MEDARD (RUE)",,,,770
201300034988,13,10,7,1145,1,1,1,1,7,028,D 15,,,,770
201300034989,13,10,11,1625,1,2,1,8,4,131,"1, BLUM LEON (AVENUE)",,,,770
201300034990,13,10,16,950,1,2,1,1,7,131,"3, BEAUREPAIRE (RUE)",,,,770
201300034991,13,10,23,1705,1,2,1,1,6,131,"1, BRISEBECHE (RUE DE LA",,,,770
201300034992,13,11,2,910,1,2,1,2,2,131,"126, GENERAL LECLERC (RU",,,,770
201300034993,13,12,5,1735,5,2,1,1,4,320,"1135, GENERAL DE GAULLE",,,,770
201300034994,13,12,12,2215,3,1,1,9,7,400,MOUROUX (ROUTE DE),,,,770
201300034995,13,12,21,2330,3,2,1,2,7,281,D402,,,,770
201300034996,13,12,27,2120,3,1,1,2,6,042,"97, FERTE GAUCHER (RUE D",,,,770
201300034997,13,12,13,1040,1,2,1,7,6,131,"3, VICTOR HUGO (AVENUE)",,,,770
201300034998,13,2,14,550,3,1,1,8,1,281,MONTESQUIOU (RUE),,,,770
201300034999,13,2,17,40,3,1,1,5,2,433,D 402,,,,770
201300035000,13,2,19,2020,3,1,1,1,6,013,D402,,,,770
201300035001,13,3,2,145,5,1,9,1,7,042,MORIN (RUE DU),,,,770
201300035002,13,4,7,2036,2,2,3,1,5,042,CHARLES DE GAULLE (AVENU,,,,770
201300035003,13,4,18,1755,1,2,1,1,1,131,"1, GRAND MORIN (RUE DU)",,,,770
201300035004,13,5,11,500,2,2,9,1,2,320,MARECHAL LECLERC (AVENUE,,,,770
201300035005,13,5,21,1445,1,1,1,2,7,371,HUERNE (AVENUE DU GENERA,,,,770
201300035006,13,8,23,1710,1,2,3,1,3,131,"1, VICTOR HUGO (AVENUE)",,,,770
201300035007,13,10,8,1610,1,2,3,1,3,131,MARNE (BOULEVARD DE LA),,,,770
201300035008,13,10,21,2000,5,2,1,2,2,320,"1468, GENERAL DE GAULLE",,,,770
201300035009,13,2,1,1920,3,1,1,2,1,186,RD607 de Barbizon ? pav?,,,,770
201300035010,13,2,20,1950,5,2,1,2,6,014,"62, FRANKLIN ROOSEVELT (",,,,770
201300035011,13,2,21,2245,3,1,6,1,6,186,D138. girat.valvins ? cr,,,,770
201300035012,13,3,8,1640,1,2,2,2,6,186,"23, FRANCE (RUE DE)",M,4840466,0269815,770
201300035013,13,3,19,1755,1,1,1,4,3,186,RD148 carrefour DIANE,,,,770
201300035014,13,4,2,1550,1,1,1,1,5,186,RD142 Gland� au grand Ve,,,,770
201300035015,13,4,5,1725,1,2,1,1,6,186,"15, REPUBLIQUE (PLACE DE",M,4840634,0270085,770
201300035016,13,4,11,850,1,2,1,8,6,014,"34, VIADUC (RUE DU)",M,4841217,0272554,770
201300035017,13,4,24,800,1,2,2,1,3,037,DOUMER ( AVENUE PAUL),,,,770
201300035018,13,5,3,620,1,1,1,5,6,186,RD 11 Panneau ONF  RD 4,,,,770
201300035019,13,5,17,1750,1,1,1,1,2,186,RD606. de la rochette,,,,770
201300035020,13,5,19,2035,3,1,1,8,7,186,RD148 carrefour DIANE,,,,770
201300035021,13,6,4,1715,1,1,1,1,1,186,RD148 carrefour DIANE,,,,770
201300035022,13,6,28,2015,1,1,2,1,3,186,RD148 carrefour DIANE ?,,,,770
201300035023,13,7,18,1029,1,1,2,1,5,186,RD148 carrefour DIANE,,,,770
201300035024,13,7,31,1905,1,1,1,1,5,186,RD148 carrefour DIANE,,,,770
201300035025,13,8,4,1015,1,2,1,1,3,186,"15, GRANDE (RUE)",M,4840445,0270064,770
201300035026,13,8,20,2040,2,1,1,1,6,186,RD148 carrefour DIANE,,,,770
201300035027,13,8,21,800,1,1,1,1,6,186,"RD58, Ob�lisque panneau",,,,770
201300035028,13,8,24,2140,3,1,1,1,6,186,"RD58, Ob�lisque panneau",,,,770
201300035029,13,9,7,1425,1,1,6,1,7,186,D138. girat.valvins ? cr,,,,770
201300035030,13,10,11,1635,2,1,1,3,2,442,D210.carre mar?chaux apr,,,,770
201300035031,13,10,15,1000,1,1,1,2,6,186,RD148 carrefour DIANE ?,,,,770
201300035032,13,12,24,1715,3,1,1,3,1,186,d301 de chantoiseau /gra,,,,770
201300035033,13,12,25,1830,5,1,5,2,1,186,RD606. de la rochette ?,,,,770
201300035034,13,12,28,350,5,2,1,2,7,186,GENERAL LECLERC (BOULEVA,,,,770
201300035035,13,12,30,1015,1,1,1,9,1,186,RD607 de Barbizon ? pav?,,,,770
201300035036,13,12,31,1425,1,1,2,1,5,186,RD148 carrefour DIANE ?,,,,770
201300035037,13,1,12,1110,1,1,1,8,6,058,MARIE CURIE  (AVENUE),,,,770
201300035038,13,4,5,1235,1,2,6,1,3,058,"29-38, GENERAL DE GAULLE",,,,770
201300035039,13,5,8,1650,1,2,2,1,3,243,METZ  (RUE DE  ),M,4887400,0271348,770
201300035040,13,6,21,2050,1,2,2,1,3,438,SAINT GERMAIN DES NOYERS,,,,770
201300035041,13,7,5,1330,1,2,3,1,3,155,"20, FER  (CHEMIN DE)",M,4888408,0273342,770
201300035042,13,7,11,1100,1,2,1,7,3,237,LAGNY  (RUE DE  ),,,,770
201300035043,13,7,8,2310,3,1,1,1,7,058,TOURNAN (ROUTE DE ),,,,770
201300035044,13,8,31,1235,1,1,9,8,3,243,"25, GEORGES CLEMENCEAU",,,,770
201300035045,13,10,16,1225,1,2,1,2,1,464,PAUL DOUMER  (RUE   ),,,,770
201300035046,13,11,5,230,3,1,1,1,6,237,MEAUX  (RUE DE  ),,,,770
201300035047,13,10,30,1825,5,2,1,1,6,464,"49, RAYMOND POINCARE  (R",,,,770
201300035048,13,12,5,1725,3,2,1,1,1,059,GUERMANTES  (RUE DE  ),,,,770
201300035049,13,12,4,1110,1,2,1,1,1,464,"49, RAYMOND POINCARE  (R",,,,770
201300035050,13,12,20,805,5,2,1,9,6,243,ALFRED BREBION (RUE),,,,770
201300035051,13,7,29,820,1,1,1,1,3,474,RN3 (ROUTE NATIONALE),,,,770
201300035052,13,8,5,1515,1,1,1,1,6,335,RN3 (ROUTE NATIONALE),,,,770
201300035053,13,9,20,1335,1,2,1,1,6,475,"23, SAINT FIACRE (RUE)",,,,770
201300035054,13,10,16,1645,1,1,1,2,1,335,RN3 (ROUTE NATIONALE),,,,770
201300035055,13,10,18,1140,1,2,1,1,3,276,"513, CHARLES DE GAULLE (",,,,770
201300035056,13,10,2,1020,1,1,1,1,3,284,"1, SENLIS (RUE DE)",,,,770
201300035057,13,11,21,1730,5,2,1,2,6,284,"11B, APPEL DU 18 JUIN 19",,,,770
201300035058,13,11,29,1320,1,2,1,8,7,284,"8, BUNUEL (RUE LOUIS)",,,,770
201300035059,13,12,4,1855,3,1,1,2,1,475,RN 3,,,,770
201300035060,13,12,6,840,1,2,1,1,6,143,"49, EMILE ZOLA (RUE)",,,,770
201300035061,13,3,31,1805,1,1,1,1,1,335,RN3 (ROUTE NATIONALE),,,,770
201300035062,13,1,29,925,1,1,1,2,6,288,R.N 105,M,0000000,0000000,770
201300035063,13,3,30,1610,1,2,3,1,3,378,"75, FONTAINEBLEAU(AVENUE",,,,770
201300035064,13,4,11,645,2,2,1,1,6,152,"68, ZOLA(AVENUE EMILE)",,,,770
201300035065,13,3,5,1355,1,2,2,7,6,288,GENERAL LECLERC (RUE),,,,770
201300035066,13,5,2,1850,1,2,1,1,2,394,"471,",,,,770
201300035067,13,5,12,50,5,2,1,2,2,288,PENETRANTE (RN6),,,,770
201300035068,13,6,2,1600,1,2,1,1,1,288,"11/13, ANTOINE DE SAINT",M,4855118,0265181,770
201300035069,13,6,3,1515,1,2,2,1,3,407,FONTAINEBLEAU(AVENUE DE),,,,770
201300035070,13,5,11,1722,1,2,2,1,3,288,COURTILLE  (Quai DE LA ),M,4853636,0266029,770
201300035071,13,6,4,1815,1,2,4,1,3,407,FONTAINEBLEAU(AVENUE DE),,,,770
201300035072,13,5,18,1935,1,1,1,8,6,410,R.N 36,,,,770
201300035073,13,7,7,620,2,1,1,1,7,487,MAINCY(rue),,,,770
201300035074,13,7,16,1002,1,2,1,1,7,285,BIR-HAKEIM (AVENUE DE),M,4854548,0264255,770
201300035075,13,8,22,1430,1,1,3,1,3,407,VILANOVA DE FAMALICAO(AV,,,,770
201300035076,13,7,27,1610,1,2,1,1,2,288,"51, TROIS MOULINS  (RUE",M,4852818,0269247,770
201300035077,13,10,21,540,5,2,2,1,3,288,"46, DAJOT (RUE)",M,4852996,0265781,770
201300035078,13,11,11,1640,1,2,4,1,6,389,"1, DIAZ(RUE)",M,4852259,0266006,770
201300035079,13,12,13,1330,1,2,1,1,2,288,"52, HIPPOLYTE ROSSIGNOL",,,,770
201300035080,13,12,24,1025,1,2,1,2,6,288,ALMONT (BOULEVARD DE L'),,,,770
201300035081,13,12,2,745,2,2,1,8,6,288,"24 bis, HIPPOLYTE ROSSIG",,,,770
201300035082,13,2,27,1615,1,2,1,8,3,389,"870, GENERAL LECLERC(AVE",,,,770
201300035083,13,7,12,700,1,2,1,1,6,152,"816, MONTAIGNE(AVENUE DE",,,,770
201300035084,13,7,17,810,1,2,6,1,3,288,ROND POINT DE L'EUROPE,,,,770
201300035085,13,9,18,630,3,1,1,2,1,447,"00, C.D 50",,,,770
201300035086,13,9,20,1735,1,2,1,1,6,152,BRIAND(RUE ARISTIDE),M,4851570,0263522,770
201300035087,13,6,12,1215,1,2,1,1,6,288,"1, ARISTIDE BRIAND  (BOU",M,4853893,0265359,770
201300035088,13,1,11,755,5,1,1,8,6,122,EUROPE ( Boulevard de l',M,4864844,0254870,770
201300035089,13,1,28,1230,1,1,1,1,1,114,RD 216,,,,770
201300035090,13,1,30,1910,3,2,6,2,7,445,8 MAI 1945 (AVENUE DU),,,,770
201300035091,13,2,1,1905,5,2,1,3,4,495,"neant, D.306",,,,770
201300035092,13,1,16,2105,5,2,1,1,6,445,"159, INDUSTRIE (RUE DE L",M,4859555,0259181,770
201300035093,13,2,3,1000,1,2,1,1,6,326,"neant, D.346",,,,770
201300035094,13,2,9,1915,3,1,1,1,4,067,D306,,,,770
201300035095,13,2,28,1655,1,2,1,1,3,122,PABLO PICASSO(RUE),M,4865772,0256304,770
201300035096,13,3,3,1420,1,1,1,1,3,495,D.306,,,,770
201300035097,13,3,10,600,5,2,6,1,6,122,REPUBLIQUE(AVENUE DE LA),M,4866578,0255022,770
201300035098,13,2,28,1120,1,2,2,1,7,384,D.306,,,,770
201300035099,13,3,7,2105,5,2,1,1,6,053,"11, GAMBETTA (RUE)",M,4869140,0261090,770
201300035100,13,4,9,1,5,2,1,2,6,114,"62, BEAUDERIE (RUE DE LA",M,4872332,0265921,770
201300035101,13,4,11,1715,1,2,1,2,7,122,"38, SERMONOISE(RUE)",,,,770
201300035102,13,4,21,1545,1,1,1,1,3,114,D471,,,,770
201300035103,13,5,5,1720,1,2,2,7,2,326,D.346,,,,770
201300035104,13,5,12,1150,1,1,1,1,7,251,ROYALE (ALLEE),M,4862211,0252852,770
201300035105,13,5,27,1650,1,2,1,1,6,053,BEAU (AVENUE),,,,770
201300035106,13,6,6,845,1,1,1,1,7,445,8 MAI 1945 (AVENUE DU),,,,770
201300035107,13,6,11,1605,1,2,1,1,6,445,"10, VALLES (AVENUE JULES",M,4859432,0258114,770
201300035108,13,6,21,1020,1,1,2,1,3,384,"neant, D.57",,,,770
201300035109,13,7,2,1205,1,2,6,1,6,122,ESPLANADE DE LA PAIX,,,,770
201300035110,13,6,16,1310,1,1,2,1,3,445,D.346,,,,770
201300035111,13,6,30,826,1,2,6,1,2,445,REGALLES (AVENUE DES),M,4860339,0255950,770
201300035112,13,7,19,2205,5,2,1,1,7,251,TRAIT D'UNION (AVENUE DU,M,4861484,0254495,770
201300035113,13,7,26,615,3,1,1,3,3,296,D402,,,,770
201300035114,13,8,5,1745,1,1,3,1,7,296,PIERRE AUBERGE(AVENUE),,,,770
201300035115,13,8,6,1855,1,1,1,1,7,053,GUSTAVE EIFFEL (RUE),M,4870277,0260080,770
201300035116,13,8,9,1651,1,1,1,1,5,495,D.306,,,,770
201300035117,13,8,14,2230,3,1,2,1,2,114,D.471,,,,770
201300035118,13,8,25,2255,5,1,1,2,3,445,D.50E,,,,770