Num_Acc,an,mois,jour,hrmn,lum,agg,int,atm,col,com,adr,gps,lat,long,dep
201300035421,13,6,27,1835,1,2,1,1,6,501,Bd de la Republique,,,,780
201300035422,13,7,8,2235,1,2,1,1,6,361,"10, RUE BOILEAU",,,,780
201300035423,13,7,12,1420,1,1,1,1,6,267,"00, RD 130",,,,780
201300035424,13,7,24,1625,1,2,1,1,6,267,AVENUE DE PARIS,,,,780
201300035425,13,7,28,1745,1,1,1,1,1,335,RD983,,,,780
201300035426,13,7,31,1215,1,2,1,1,3,361,"05, AVENUE  GEO ANDRE",,,,780
201300035427,13,9,16,2150,5,2,1,2,2,362,"00, BOULEVARD ROGER SALE",,,,780
201300035428,13,9,19,1750,1,2,1,2,6,335,"00, AVENUE DE LA PAIX",,,,780
201300035429,13,9,23,1315,1,2,9,1,6,362,"00, ROUTE DE SAINT GERMA",,,,780
201300035430,13,10,19,2150,5,2,1,8,7,501,"38, boulevard de la rep",,,,780
201300035431,13,10,27,535,5,2,2,2,1,217,PROFESSEUR SERGENT,,,,780
201300035432,13,11,5,810,1,2,1,2,6,335,"7 BIS, RUE NATIONALE",,,,780
201300035433,13,11,13,1705,2,2,1,1,2,402,C.D  113,,,,780
201300035434,13,11,14,1755,2,2,2,2,1,267,"00, RD 190",,,,780
201300035435,13,11,15,1145,1,2,1,1,6,361,"33, RUE MAUREPAS",,,,780
201300035436,13,11,15,1655,5,2,3,1,3,217,CD 113,,,,780
201300035437,13,11,25,1605,1,2,1,1,1,531,"00, RUE NATIONALE",,,,780
201300035438,13,11,29,1500,1,1,1,1,1,531,"24, AVENUE DE MANTES",,,,780
201300035439,13,12,5,655,2,2,1,8,6,217,R.D 130,,,,780
201300035440,13,1,19,840,1,2,1,4,6,502,PRKG LES PYRAMIDES,M,4888742,0210575,780
201300035441,13,4,14,1550,1,1,1,1,2,350,"9, CONTI (QUAI)",,,,780
201300035442,13,4,16,1815,1,2,3,1,3,372,R FONTENELLE/H BEQUE,M,4887174,0209768,780
201300035443,13,4,27,1050,1,2,1,1,6,372,"07, AMIRAL LEMONNIER (AV",,,,780
201300035444,13,11,27,1615,1,2,3,1,3,372,PAUL LEPLAT (RUE),,,,780
201300035445,13,5,31,1915,1,2,4,1,3,372,"01, CLOS COURCHE (CHEMIN",,,,780
201300035446,13,5,20,850,1,2,1,8,2,372,"30, ABREUVOIR (AVENUE DE",,,,780
201300035447,13,7,15,1640,1,2,1,1,6,502,SIMON VOUET (AVENUE),,,,780
201300035448,13,9,21,205,5,2,1,1,7,502,1 SIMON VOUET (AVENUE),,,,780
201300035449,13,3,7,1600,1,2,2,1,1,372,"40, SAINT GERMAIN (AVENU",,,,780
201300035450,13,11,11,615,5,2,1,9,6,224,"28-30, SAINT GEMAIN (ROU",,,,780
201300035451,13,12,2,755,1,2,1,1,6,350,"01, VERSAILLES (ROUTE DE",,,,780
201300035452,13,12,8,515,4,2,1,1,6,502,SAINT GERMAIN (AVENUE DE,,,,780
201300035453,13,7,28,800,1,2,1,1,7,440,GIROFLES (ALLEE DES),,,,780
201300035454,13,1,3,1700,5,2,1,2,3,029,R DE LA COOPERATION,M,4895956,0185816,780
201300035455,13,1,8,915,1,2,6,1,5,440,R DE SEINE/P RAOULT,M,4899773,0190896,780
201300035456,13,1,9,1530,1,2,1,2,3,238,RTE DE RENAULT (PRKG),M,4896733,0186437,780
201300035457,13,1,11,1035,1,2,3,1,5,609,RD 28/FERME AUBETTE,M,4901565,0191050,780
201300035458,13,1,10,1320,1,2,3,2,3,440,RTE VERNEUIL/P LEROY,M,4899894,0191631,780
201300035459,13,1,24,1720,1,2,1,1,4,440,R DESCARTES,M,4898276,0189303,780
201300035460,13,1,17,2210,5,2,2,2,2,238,RD 14,M,4896326,0186185,780
201300035461,13,1,28,900,1,2,1,5,1,261,R DU POINT DU JOUR,M,4901828,0190019,780
201300035462,13,1,28,1830,5,2,1,1,6,440,EUROPE (AVENUE DE L'),,,,780
201300035463,13,2,3,1330,1,2,1,1,1,401,ALL MARCHANDE,M,4901200,0191699,780
201300035464,13,1,26,1930,5,2,6,1,6,440,AV PAUL RAOULT,M,4897807,0191385,780
201300035465,13,1,30,1240,1,2,6,2,2,440,AV PAUL RAOULT/AMPERE,M,4899689,0191355,780
201300035466,13,2,5,1820,5,2,1,4,3,440,32 RTE DE VERNEUIL,M,4899898,0191977,780
201300035467,13,2,8,720,5,2,2,1,6,440,R M ROCH/P RAOULT,M,4899495,0191368,780
201300035468,13,2,16,1430,1,2,2,1,6,238,RD 14/BOIS BODIN,M,4896334,0186222,780
201300035469,13,2,12,1715,1,2,3,1,6,401,R FERME PARADIS/MARCHAND,M,4901267,0191868,780
201300035470,13,12,26,2230,5,2,1,1,7,638,"144, GENERAL DE GAULLE (",,,,780
201300035471,13,12,15,650,3,1,3,2,3,238,CD 113,,,,780
201300035472,13,3,10,510,5,2,6,1,6,440,AMPERE (RUE),,,,780
201300035473,13,3,11,1850,5,2,4,4,3,440,MARECHAL FOCH (AVENUE DU,,,,780
201300035474,13,3,1,2000,5,1,2,1,5,440,VERNEUIL (ROUTE DE),,,,780
201300035475,13,3,4,1700,1,2,2,1,3,029,FRANCO BELGE (COUR),,,,780
201300035476,13,3,2,1755,1,2,1,1,6,440,SEINE (RUE DE),,,,780
201300035477,13,3,21,1730,1,2,9,1,3,609,CD 28,,,,780
201300035478,13,4,12,1310,1,2,1,1,4,029,PIERRE LEFAUCHEUX (RUE),,,,780
201300035479,13,3,17,1300,1,2,1,1,6,440,ARISTIDE BRIAND (RUE),,,,780
201300035480,13,4,5,1525,1,2,1,1,6,440,PAUL RAOULT,,,,780
201300035481,13,4,17,1510,1,1,1,1,3,029,CLOS DE REINE (RUE DU),,,,780
201300035482,13,4,24,1850,1,2,1,1,6,440,JEAN-JACQUES ROUSSEAU (R,,,,780
201300035483,13,4,23,1450,1,2,1,1,6,440,"1, av Republique",,,,780
201300035484,13,4,30,2310,5,2,1,1,6,440,EUROPE (AVENUE DE L'),,,,780
201300035485,13,5,4,120,5,2,1,1,6,638,"88, PARIS (AVENUE DE)",,,,780
201300035486,13,5,11,1530,1,2,1,1,2,440,EUROPE (AVENUE DE L'),,,,780
201300035487,13,5,24,1030,1,2,3,3,6,299,CHATEAU (RUEDU),,,,780
201300035488,13,5,28,1250,1,2,1,2,1,299,VEXIN (ROUTE DU),,,,780
201300035489,13,5,29,700,1,2,1,7,2,440,LEVASSOR (RUE),,,,780
201300035490,13,6,1,1900,1,2,1,1,6,440,TULIPES (ALLEE DES),,,,780
201300035491,13,5,20,1538,1,2,1,2,2,440,SEINE (RUE DE),,,,780
201300035492,13,6,6,2005,1,2,1,1,2,238,CD 113,,,,780
201300035493,13,6,7,1110,1,1,9,1,3,401,D 922,,,,780
201300035494,13,6,8,1730,1,2,2,1,3,440,GYMNASE PIERRE DE COUBER,,,,780
201300035495,13,6,13,830,1,2,1,1,6,029,"03, MARRONNIERS (ALLEE D",,,,780
201300035496,13,6,17,1700,1,2,1,1,6,440,"15, BOUGIMONTS (RUE DES)",,,,780
201300035497,13,6,21,830,1,2,1,1,6,401,PONTOISE (ROUTE DE ),,,,780
201300035498,13,5,2,1245,1,2,1,1,3,440,RHIN ET DANUBE (PONT),,,,780
201300035499,13,6,28,820,1,2,1,2,4,299,MICHELET (BOULEVARD),,,,780
201300035500,13,6,29,1140,1,2,1,1,4,440,PAUL RAOULT (AVENUE),,,,780
201300035501,13,7,3,930,1,2,6,2,3,029,CHARLES DE GAULLE (AVENU,,,,780
201300035502,13,7,3,2100,1,2,1,2,6,440,JEAN DE LA FONTAINE (RUE,,,,780
201300035503,13,7,3,1030,1,1,3,2,7,609,CD 28,,,,780
201300035504,13,7,6,1830,1,2,1,1,7,238,"122, GENERAL DE GAULLE (",,,,780
201300035505,13,7,10,1605,1,2,1,1,6,440,GIROFLES (ALLEE DES),,,,780
201300035506,13,7,11,1712,1,1,1,1,6,238,CD 14,,,,780
201300035507,13,7,12,1940,1,2,1,1,7,238,RENAULT (ROUTE DE),,,,780
201300035508,13,7,13,1120,1,2,1,1,6,440,PAUL DOUMER (RUE),,,,780
201300035509,13,7,16,515,5,2,2,1,6,238,MARECHAL FOCH (RUE DU),,,,780
201300035510,13,7,22,1035,1,2,1,1,4,440,SEINE (RUE DE),,,,780
201300035511,13,7,16,40,5,2,1,1,1,440,VERNEUIL (ROUTE DE),,,,780
201300035512,13,8,8,1130,1,2,1,1,6,299,VEXIN (ROUTE DU),,,,780
201300035513,13,8,13,1850,1,2,1,1,6,440,CROIX VERTE (RUE DE LA),,,,780
201300035514,13,8,18,2050,2,2,1,2,3,440,SEINE (RUE DE),,,,780
201300035515,13,8,6,2250,5,2,1,1,5,440,"24, STENDHAL (RUE)",,,,780
201300035516,13,8,22,1540,1,2,1,1,5,638,GENERAL DE GAULLE (RUE D,,,,780
201300035517,13,9,4,410,3,1,1,1,6,227,CD 922,,,,780
201300035518,13,9,2,1900,1,2,1,1,6,440,PAUL RAOULT (AVENUE),,,,780
201300035519,13,9,4,1335,1,2,1,1,6,440,EUROPE (AVENUE DE L'),,,,780
201300035520,13,9,16,744,1,2,1,8,2,299,VEXIN (ROUTE DU),,,,780
201300035521,13,9,4,1530,1,2,9,1,1,440,"0000000000, PAUL RAOULT",,,,780
201300035522,13,9,13,1320,1,2,1,2,3,029,COOPERATION (RUE DE LA),,,,780
201300035523,13,9,22,2240,5,2,1,1,3,440,"1, AMPERE (RUE)",,,,780
201300035524,13,9,27,810,1,2,1,1,7,029,GARE (BOULEVARD DE LA),,,,780
201300035525,13,9,28,1930,5,2,1,2,6,638,CHATEAU (RUE DU),,,,780
201300035526,13,9,29,1905,2,2,1,3,3,638,PARIS (AVENUE DE),,,,780
201300035527,13,10,1,815,1,2,6,1,6,029,CHARLES DE GAULLE (AVENU,,,,780
201300035528,13,10,7,1900,1,2,1,1,3,440,POISSY (RUE DE),,,,780
201300035529,13,10,15,1920,5,2,1,1,6,401,PONTOISE (ROUTE DE ),,,,780
201300035530,13,10,22,1045,1,2,3,1,2,440,EUROPE (AVENUE DE L'),,,,780
201300035531,13,10,30,624,2,2,1,1,6,440,"49, PAUL RAOULT (AVENUE)",,,,780
201300035532,13,10,18,1645,1,2,1,1,6,440,HENRI DUNANT (RUE),,,,780
201300035533,13,12,5,850,1,2,3,1,5,440,RD 44,,,,780
201300035534,13,11,6,1115,1,2,1,8,1,029,"6, BAZEMONT (RUE DE)",,,,780
201300035535,13,11,13,1120,1,1,3,1,3,401,D 922,,,,780
201300035536,13,4,5,1500,1,2,1,1,6,029,PLAGE (BOULEVARD DE LA),,,,780
201300035537,13,4,9,1415,1,2,1,2,3,029,GARE (RUE DE LA),,,,780
201300035538,13,10,24,1015,1,2,1,8,4,440,PAUL RAOULT (AVENUE),,,,780
201300035539,13,9,5,1940,1,2,1,1,2,299,CHATEAUBRIAND (AVENUE),,,,780
201300035540,13,1,8,820,1,2,1,2,6,165,AV JEAN JAURES,M,4882770,0198252,780
201300035541,13,1,11,740,2,2,4,8,6,490,R P MAITRE/MENDES FRANCE,M,4882577,0196380,780
201300035542,13,1,16,1620,1,2,6,1,6,165,AV DE LA STATION/DUNANT,M,4882506,0199727,780
201300035543,13,1,31,2005,4,2,6,9,6,165,PL DE LA REPUBLIQUE,M,4882196,0198916,780
201300035544,13,1,16,1930,5,2,6,1,6,490,AV 19 MARS 1962/GUYET,M,4883115,0194485,780
201300035545,13,2,12,925,1,2,6,2,3,490,AV ST GERMAIN/LEON BLUM,M,4882700,0196397,780
201300035546,13,2,24,2320,5,2,9,4,6,490,AQUEDUC/PRAIRIE FORESTIE,M,4882416,0196792,780
201300035547,13,2,27,1930,4,2,1,2,6,165,"0, VIGNES (CHEMIN DES)",,,,780
201300035548,13,3,3,2025,3,1,1,1,7,674,CD 11,,,,780
201300035549,13,12,24,1025,1,2,1,2,6,165,"1, PROU (AVENUE HENRI)",,,,780
201300035550,13,3,19,1010,1,2,6,1,6,165,PROU (AVENUE HENRI),,,,780
201300035551,13,4,29,2010,1,2,2,1,3,490,Gal de Gaulle,,,,780
201300035552,13,5,2,1520,1,2,2,1,3,490,EBISOIRES (RUE DES),,,,780
201300035553,13,6,15,2330,5,2,1,1,6,490,DEUX PLATEAUX (ROUTE DES,,,,780
201300035554,13,7,9,1220,1,2,1,1,3,165,BARBUSSE (AVENUE HENRY),,,,780
201300035555,13,7,25,1710,1,2,6,1,2,490,PETIT ST CLOUD (ROND POI,,,,780
201300035556,13,8,16,1010,1,2,3,1,3,165,"0, VIGNES (CHEMIN DES)",,,,780
201300035557,13,9,16,730,1,2,1,1,5,490,"0, DEUX PLATEAUX (ROUTE",,,,780
201300035558,13,8,22,1210,1,2,6,1,2,165,BARBUSSE (AVENUE HENR,,,,780
201300035559,13,9,26,1705,1,2,1,1,6,490,SABLONS (AVENUE DES),,,,780
201300035560,13,9,19,900,2,2,1,1,3,490,PETIT ST CLOUD (ROND POI,,,,780
201300035561,13,10,17,2005,5,2,3,1,3,490,BOISSIERE (RUE DE LA),,,,780
201300035562,13,7,14,1235,1,2,1,1,3,674,CD 11,,,,780
201300035563,13,11,22,1410,1,2,1,1,2,490,PETIT ST CLOUD (ROND POI,,,,780
201300035564,13,12,24,1520,1,1,1,3,6,490,RN12,,,,780
201300035565,13,1,14,825,1,2,2,1,3,498,AV F LEFEBVRE/PRIMASENS,M,4892623,0204839,780
201300035566,13,2,13,630,5,2,6,1,6,498,PLACE VERTE,M,4893300,0204360,780
201300035567,13,3,23,1650,1,2,1,1,7,643,"1, EUROPE BD DE L'",,,,780
201300035568,13,3,25,1805,1,1,6,1,6,498,RTE DE 40 SOUS/MALADRERI,M,4891387,0202213,780
201300035569,13,3,23,1030,1,1,3,1,3,672,VERNOUILLET ROUTE DE (CD,,,,780
201300035570,13,4,3,1535,1,2,1,1,2,498,"1, URSULINES AV DES",,,,780
201300035571,13,4,15,1855,1,1,1,1,7,624,RD1,,,,780
201300035572,13,4,21,1800,1,2,2,1,3,498,GAMBETTA BD,,,,780
201300035573,13,6,4,1930,1,2,2,1,3,498,GAMBETTA BD,,,,780
201300035574,13,6,8,1310,1,2,3,1,3,498,"1, BEAUREGARD RUE DE",,,,780
201300035575,13,6,17,620,1,2,1,1,7,498,"45, TIMBAUD RUE JEAN PIE",,,,780
201300035576,13,6,14,1725,1,2,2,1,7,498,"1, CASTILLE AV BLANCHE D",,,,780
201300035577,13,6,11,1450,1,2,1,1,6,498,"74, LEFEBVRE AV FERNAND",,,,780
201300035578,13,7,6,130,5,2,1,1,7,624,DOUMER RUE PAUL,,,,780
201300035579,13,7,10,1920,1,2,2,1,2,498,"1, VILLIERS RUE DE",,,,780
201300035580,13,8,2,1600,1,2,3,1,3,498,"1, MEISSONIER AV",,,,780
201300035581,13,8,6,1010,1,2,2,1,2,672,VERNOUILLET ROUTE DE (CD,,,,780
201300035582,13,9,4,1915,1,2,4,1,7,672,GALLIENI RUE,,,,780
201300035583,13,9,17,850,1,1,1,1,6,498,QUARANTE SOUS ROUTE DE,,,,780
201300035584,13,9,28,1155,1,2,3,1,3,643,"1, GROSSE PIERRE RUE DE",,,,780
201300035585,13,9,29,1830,1,2,1,2,2,498,SAINT SEBASTIEN RUE,,,,780
201300035586,13,9,18,835,1,2,1,1,3,642,"11, MALRAUX BD ANDRE",,,,780
201300035587,13,10,15,1250,1,2,2,1,3,123,"212, PELLETIER BD",,,,780
201300035588,13,10,11,1935,2,2,6,1,3,643,EUROPE ROND POINT DE L',,,,780
201300035589,13,11,20,1240,1,1,1,1,6,643,"37, CHAPET ROUTE DE",,,,780
201300035590,13,11,26,910,1,2,1,1,6,498,SAINT SEBASTIEN RUE,,,,780
201300035591,13,12,12,1850,3,1,2,1,7,672,CD 154,,,,780
201300035592,13,12,28,1220,1,2,1,1,3,642,"63, MALRAUX BD ANDRE",,,,780
201300035593,13,12,26,1050,1,1,1,1,6,498,2 EIFFEL RUE GUSTAVE,,,,780
201300035594,13,12,30,2035,1,2,1,1,6,498,DEVAUX BD,,,,780
201300035595,13,12,19,1145,1,2,2,2,3,498,CASTILLE AV BLANCHE DE,,,,780
201300035596,13,1,24,850,1,2,4,1,1,498,R DE LA TOURNELLE/ABBAYE,M,4892848,0203813,780
201300035597,13,1,25,1428,1,1,1,1,6,672,191 AV D'ACQUEVILLE,M,4892797,0200229,780
201300035598,13,2,3,210,5,1,3,1,3,624,SENET RUE EUGENE,,,,780
201300035599,13,2,5,1830,1,2,1,1,6,123,CC ST LOUIS,M,4894734,0202516,780
201300035600,13,2,15,2325,3,2,4,1,7,672,"1, R DE LA CROIX",,,,780
201300035601,13,3,9,1815,1,2,4,1,2,498,AV LEFEBVRE/EISENHOWER,M,4892410,0205355,780
201300035602,13,4,1,1230,1,2,1,1,6,498,"10, CHAMP GAILLARD RUE D",,,,780
201300035603,13,4,24,1700,1,1,1,1,7,624,POISSY AVENUE DE,,,,780
201300035604,13,5,1,1935,1,2,1,2,1,498,BEAUREGARD RUE DE,,,,780
201300035605,13,5,5,510,5,2,1,1,2,498,BIDONNIERE RUE DE LA,,,,780
201300035606,13,5,26,1845,1,1,1,1,2,643,RD1,,,,780
201300035607,13,5,22,2350,5,2,1,1,7,624,"1, RD1",,,,780
201300035608,13,6,2,1845,1,1,1,1,6,624,RD1,,,,780
201300035609,13,6,15,2130,2,1,1,1,6,384,"1, BOIS DE MEDAN (ROUTE",,,,780
201300035610,13,6,16,450,5,2,2,1,5,123,AV EUROPE,,,,780
201300035611,13,6,27,1655,1,2,1,1,6,123,"45, SAINT LOUIS RUE",,,,780
201300035612,13,7,10,5,5,2,2,1,3,498,DEVAUX BD,,,,780
201300035613,13,8,11,1110,1,2,2,1,3,123,EUROPE (RN 190) AVENUE D,,,,780
201300035614,13,8,11,2020,1,2,1,1,2,123,HAUTIL AV DE L',,,,780
201300035615,13,8,25,8,5,2,1,3,1,498,RD30,,,,780
201300035616,13,9,21,40,5,2,1,1,1,123,"1, DAVID RUE",,,,780
201300035617,13,9,22,204,3,1,1,1,3,642,ROUILLARD CHEMIN DU,,,,780
201300035618,13,9,28,2235,5,2,2,1,3,123,EUROPE (RN 190) AVENUE D,,,,780
201300035619,13,10,1,1510,1,2,1,1,7,123,"1, EUROPE (RN 190) AVENU",,,,780
201300035620,13,10,12,1520,1,2,1,1,6,642,CLOS DES VIGNES AVENUE,,,,780
201300035621,13,10,17,1845,5,2,2,1,5,498,LYAUTEY AV DU MARECHAL,,,,780
201300035622,13,11,9,1440,1,2,2,9,6,498,"12, SAINT SEBASTIEN RUE",,,,780
201300035623,13,11,7,2020,5,2,2,2,6,498,"141, FOCH AV",,,,780
201300035624,13,11,17,1920,3,2,1,1,6,624,"17, SOBAUX RUE DU DOCTEU",,,,780
201300035625,13,12,6,1030,1,1,1,1,3,672,"136, DE VOISINS AVENUE D",,,,780
201300035626,13,12,9,1510,1,2,2,1,6,498,SAINT SEBASTIEN RUE,,,,780
201300035627,13,1,5,1935,5,1,2,8,2,220,RN 10/RD 34,M,4872306,0188940,780
201300035628,13,1,18,1355,1,2,1,4,3,517,60 R SADI CARNOT,M,4864960,0183082,780
201300035629,13,2,15,810,1,2,3,8,3,517,R LOUVIERE/PRAIRIE,M,4864351,0183717,780
201300035630,13,2,25,1345,1,2,6,4,3,517,AV G POMPIDOU/HERRIOT,M,4863691,0183241,780
201300035631,13,3,1,1600,1,1,1,1,1,220,RD 191,M,4871604,0185090,780
201300035632,13,3,12,1015,1,1,1,4,1,220,RD 202,M,4869602,0193681,780
201300035633,13,3,30,1735,1,2,3,1,5,517,R D'ORPHIN/DROUETTE,M,4862940,0182687,780
201300035634,13,4,2,1805,1,2,2,1,2,220,RD 202/R DES MOLIERES,M,4872030,0189675,780
201300035635,13,4,7,1725,1,1,1,1,7,269,R BERNARD BATAILLE,M,4863512,0177580,780
201300035636,13,4,7,1850,1,1,1,1,7,486,RN 10,,,,780
201300035637,13,4,21,2015,1,1,1,1,6,220,RN 10,,,,780
201300035638,13,4,23,820,1,2,1,1,3,517,59 R GRANGE COLOMBE,M,4865891,0185837,780
201300035639,13,4,24,1455,1,2,1,7,3,517,46 R GEORGES LENOTRE,M,4863691,0182756,780
201300035640,13,4,29,1230,1,2,4,1,3,220,R DE BRETAGNE/LANGUEDOC,M,4871842,0189202,780
201300035641,13,5,5,2220,3,1,1,1,7,486,RN 10,,,,780
201300035642,13,6,4,1605,1,1,1,1,7,486,RN 10,,,,780
201300035643,13,6,11,1215,1,2,1,1,6,517,"01, MOUTIE (RUE AUGUSTE)",,,,780
201300035644,13,6,19,1800,1,2,7,3,6,220,MAIRIE (PLACE DE LA),,,,780
201300035645,13,7,13,1000,1,2,1,1,6,517,"1, CHASLES (RUE)",,,,780
201300035646,13,7,26,1930,1,2,3,1,3,220,"5, Jean Ferrat (rue)",,,,780
201300035647,13,8,6,1215,1,2,6,1,1,517,CLAIREFONTAINE (RUE DE),,,,780
201300035648,13,8,21,1720,1,1,1,1,7,517,ETANG DE LA TOUR (RUE DE,,,,780
201300035649,13,9,14,2050,5,2,6,2,6,517,ANGIVILLER (RUE D'),,,,780
201300035650,13,9,23,825,1,1,1,1,5,486,SAINT HUBERT (ROUTE),,,,780
201300035651,13,10,2,1725,1,1,1,1,4,517,D 936,,,,780
201300035652,13,10,5,2135,3,1,1,1,7,269,POIGNY,,,,780
201300035653,13,10,17,1820,1,2,6,1,3,517,CLAIRIERE (AVENUE DE LA),,,,780
201300035654,13,10,20,935,1,1,1,2,6,517,RN 10,,,,780
201300035655,13,10,20,1620,1,1,1,8,7,517,POTEAU DES 3 SEIGNEURS (,,,,780
201300035656,13,10,26,2000,5,2,1,1,3,517,"18, PARIS (AVENUE DE)",,,,780
201300035657,13,11,13,1615,1,2,1,1,6,517,"00, ROUGET DE L'ISLE (RU",,,,780
201300035658,13,11,27,930,1,2,3,1,3,486,"77, CHARTRES (RUE DE",,,,780
201300035659,13,12,22,1330,1,1,1,2,3,220,RN 10,,,,780
201300035660,13,12,26,745,3,1,1,1,6,486,RN 10,,,,780
201300035661,13,1,10,1030,1,2,3,2,6,545,R G PERI/SAMPAIX,M,4880483,0205650,780
201300035662,13,2,14,900,1,1,1,1,3,073,"50bis, VAILLANT COUTURIE",,,,780
201300035663,13,3,5,1550,1,2,1,1,6,545,"101, CURIE (AVENUE PIERR",,,,780
201300035664,13,3,8,930,1,2,3,1,7,242,"1, RAVEL (RUE MAURICE)",,,,780
201300035665,13,5,3,1050,1,2,9,1,1,545,"10, BARBUSSE (BOULEVARD",,,,780
201300035666,13,6,25,1630,1,2,1,1,1,073,ROBESPIERRE (RUE),,,,780
201300035667,13,7,13,2130,1,2,3,1,3,545,"75, CURIE (AVENUE PIERRE",,,,780
201300035668,13,9,16,1055,1,2,3,1,3,545,ZOLA (RUE EMILE),,,,780
201300035669,13,10,10,900,1,2,1,7,6,073,"70, JAURES (AVENUE JEAN)",,,,780
201300035670,13,10,8,905,1,2,2,1,3,242,GRAVIERS (CHEMIN DE ),,,,780
201300035671,13,11,20,855,1,2,2,7,6,545,FABIEN (AVENUE COLONEL),,,,780
201300035672,13,11,23,1810,4,2,1,1,4,545,RD 10,,,,780
201300035673,13,1,4,130,3,1,1,1,6,551,RD 308,,,,780
201300035674,13,1,11,750,5,2,1,1,6,551,R SAINT LEGER,M,4889737,0206872,780
201300035675,13,1,14,855,2,2,1,1,6,481,AV MAL DE LATTRE DE TASS,M,4889788,0210676,780
201300035676,13,1,24,805,3,1,1,1,1,551,RN 184,M,4894344,0209518,780
201300035677,13,1,30,1650,1,1,1,1,6,551,RN 184,M,4895242,0209315,780
201300035678,13,2,16,1145,1,2,3,1,3,551,R REPUBLIQUE/F BONVIN,M,4889939,0208956,780
201300035679,13,4,7,1730,1,2,1,1,6,551,RN 184,,,,780
201300035680,13,4,18,230,5,2,2,1,3,133,RD 113,,,,780
201300035681,13,5,31,1215,1,1,1,1,6,551,RN 184,,,,780
201300035682,13,6,13,810,1,1,1,1,4,551,RD 308,,,,780
201300035683,13,6,22,45,4,1,1,3,2,551,RN 184,,,,780
201300035684,13,6,24,2155,1,1,1,1,6,551,RTE CENTRALE,,,,780
201300035685,13,7,7,1930,1,1,1,1,3,551,RD 308,,,,780
201300035686,13,7,20,1015,1,2,1,1,6,551,"15 bis, VIEILLE BUTTE (D",,,,780
201300035687,13,7,20,2300,3,1,1,1,6,551,RN 184,,,,780
201300035688,13,8,24,255,3,2,3,1,3,551,RN 184,,,,780
201300035689,13,7,1,1935,1,1,3,1,3,133,MANTES (RTE DE),,,,780
201300035690,13,11,21,1745,3,2,8,2,6,481,"1, TOUS SECTEURS LE PECQ",,,,780
201300035691,13,1,14,1320,1,2,3,1,6,586,BD DE BEZONS/BAUDIN,M,4894307,0218088,780
201300035692,13,1,11,1910,5,2,2,2,6,586,AV CLEMENCEAU/ST EXUPERY,M,4894254,0219416,780
201300035693,13,1,14,1220,1,2,2,1,3,586,AV REPUBLIQUE/DIXMUDE,M,4893376,0215121,780
201300035694,13,1,18,915,1,2,1,1,3,586,77 AV DE LA REPUBLIQUE,M,4893510,0215334,780
201300035695,13,2,6,730,5,2,4,2,6,586,R CHAMPS DE MARS/MERMOZ,M,4894469,0217256,780
201300035696,13,2,18,845,1,2,3,7,3,586,R VERDUN/FRANCKLIN,M,4893085,0215581,780
201300035697,13,4,16,1720,1,2,1,1,6,586,"42, STALINGRAD",,,,780
201300035698,13,2,25,1145,1,2,1,2,6,586,RUELLE REINE,M,4894617,0217174,780
201300035699,13,2,20,1040,1,2,2,1,3,018,RTE DE PONTOISE,M,4894610,0220620,950
201300035700,13,6,5,1725,1,2,1,1,6,586,"140, AV REPUBLIQUE",,,,780
201300035701,13,5,17,2155,5,2,2,1,3,586,M BERTEAUX,,,,780
201300035702,13,4,13,1445,1,2,2,1,3,586,Gal de Gaulle / Bezons,,,,780
201300035703,13,6,23,710,1,2,2,1,7,586,"n?ant, ROOSEVELT (PRESID",,,,780
201300035704,13,8,3,1730,1,2,1,7,7,586,"0, FLORIAN",,,,780
201300035705,13,8,12,2130,1,2,3,1,7,586,"159, CLEMENCEAU (G.)",,,,780
201300035706,13,6,26,1850,1,2,1,1,3,586,BEZONS,,,,780
201300035707,13,9,10,1715,1,2,1,1,6,586,"22-24, STALINGRAD",,,,780
201300035708,13,9,12,445,5,2,1,2,2,586,BERTEAUX (MAURICE) N1 A,,,,780
201300035709,13,9,16,1145,1,2,1,2,7,586,"4 ter, BARIAN",,,,780
201300035710,13,10,11,1855,1,2,1,1,6,586,BEZONS N1 A 19,,,,780
201300035711,13,10,17,1725,1,2,1,1,6,586,BOURQUELOT (ROBE,,,,780
201300035712,13,10,18,1035,1,2,2,1,3,586,CONVENTION (AVENUE),,,,780
201300035713,13,7,10,1530,1,2,6,1,3,586,CLEMENCEAU (G.),,,,780
201300035714,13,11,23,1400,1,2,1,1,3,586,"55, REPUBLIQUE (AVENUE)",,,,780
201300035715,13,12,2,820,5,2,3,1,7,586,"0, BARIAN",,,,780
201300035716,13,12,21,1410,1,2,1,9,6,586,"11, BARBUSSE (HENRI)",,,,780
201300035717,13,1,17,900,1,2,1,2,4,621,RD 912,M,4878475,0198919,780
201300035718,13,1,31,700,2,2,1,2,6,621,BERLIOZ (RUE HECTOR),,,,780
201300035719,13,2,8,1945,5,2,1,1,6,621,"1, PASTEUR MARTIN LUTHER",,,,780
201300035720,13,2,6,740,2,2,2,2,6,621,AV S ALLENDE/L LAGRANGE,M,4877756,0197688,780
201300035721,13,5,4,2045,1,2,1,1,1,621,CASTIGLIONE DEL LAGO (RU,,,,780
201300035722,13,6,7,810,1,1,1,1,2,621,"1, NATIONALE 10   (ROUTE",,,,780
201300035723,13,6,21,755,1,2,3,1,2,621,POLITZER (AVENUE GEORGES,,,,780
201300035724,13,9,27,1646,1,2,1,1,4,621,NATIONALE 10   (ROUTE),,,,780
201300035725,13,10,15,730,5,2,1,1,3,621,NATIONALE 10   (ROUTE),,,,780
201300035726,13,12,15,1230,1,2,3,1,6,621,"36, VAILLANT COUTURIER",,,,780
201300035727,13,1,15,1620,1,2,1,8,6,640,R LOUVOIS,M,4878167,0219732,780
201300035728,13,2,20,745,2,2,3,1,3,322,AV J JAURES/THABOT,M,4876462,0217079,780
201300035729,13,3,24,1710,1,2,2,1,3,640,R LECLERC/BRETAGNE,M,4878481,0216913,780
201300035730,13,10,23,1615,1,2,1,1,6,686,"37, JEAN REY (RUE)",,,,780