Num_Acc,an,mois,jour,hrmn,lum,agg,int,atm,col,com,adr,gps,lat,long,dep
201300037170,13,5,3,1126,1,2,3,1,3,085,"76, ISLE (RUE D')",,,,870
201300037171,13,5,6,1156,1,2,1,1,2,085,"0, MAS-BOUYOL  (CITE ET",,,,870
201300037172,13,5,8,1600,1,2,2,1,3,085,"02, DONZELOT (RUE)",,,,870
201300037173,13,5,11,1026,1,2,1,1,2,113,CARNOT (AVENUE SADI),,,,870
201300037174,13,5,11,744,2,1,1,1,6,113,"8, MITTERRAND (AVENUE FR",,,,870
201300037175,13,5,11,1504,1,1,1,1,1,085,RN520,,,,870
201300037176,13,5,12,816,1,1,1,2,6,048,"0, RD 32",,,,870
201300037177,13,5,13,1808,1,2,1,1,3,085,ORADOUR SUR GLANE (CARRE,,,,870
201300037178,13,5,15,1032,1,2,2,1,3,114,"72, BLUM (AVENUE LEON-)",,,,870
201300037179,13,5,15,1353,1,2,9,1,6,085,"0, LARREY (AVENUE DOMINI",,,,870
201300037180,13,5,16,750,2,1,1,1,6,114,"50, PALAIS-SUR-VIENNE (A",,,,870
201300037181,13,5,16,815,1,2,1,1,6,085,"1, SOUCIS (RUE DES)",,,,870
201300037182,13,5,17,832,1,2,2,1,6,085,"179, VANTEAUX (BOULEVARD",,,,870
201300037183,13,5,17,1805,1,2,1,1,6,085,"24, BEL AIR (BOULEVARD D",,,,870
201300037184,13,5,18,945,1,1,1,2,6,048,"04, CHAMBON (LIEU DIT LE",,,,870
201300037185,13,5,18,1049,1,1,1,3,6,085,AUTOROUTE A20,,,,870
201300037186,13,5,18,1315,1,2,1,2,2,085,"0, BROGLIE (AVENUE LOUIS",,,,870
201300037187,13,5,20,1229,1,1,1,2,6,085,AUTOROUTE A20,,,,870
201300037188,13,5,20,1429,1,2,1,3,6,050,"0, LIMOGES (AVENUE DE)",,,,870
201300037189,13,5,21,1702,1,2,9,2,2,085,"0, ARMAND (AVE Z.A.C",,,,870
201300037190,13,5,22,1538,1,2,1,1,6,085,"11, CHURCHILL WINSTON (P",,,,870
201300037191,13,5,23,959,1,2,1,1,6,085,BEL AIR (BOULEVARD DE),,,,870
201300037192,13,5,24,830,1,2,1,1,4,085,"319, BAUDIN ( AVENUE) (V",,,,870
201300037193,13,5,27,1245,1,1,1,1,1,050,RN520 (COUZEIX),,,,870
201300037194,13,5,27,1315,1,2,1,2,6,085,"196, BELLAC (RUE DE)",,,,870
201300037195,13,5,27,1951,1,2,1,1,6,085,"0, CARNOT (PLACE SADI)",,,,870
201300037196,13,5,28,839,1,1,1,1,4,048,"0, NEXON (ROUTE DE)",,,,870
201300037197,13,5,28,1350,1,2,1,2,6,085,SCHUMAN (BOULEVARD ROBER,,,,870
201300037198,13,5,28,1552,1,2,1,3,6,085,"79, LATTRE-DE-TASSIGNY (",,,,870
201300037199,13,5,29,1228,1,2,1,2,6,085,"53, PECHIERAS (RUE RENE)",,,,870
201300037200,13,5,29,1756,2,2,3,2,3,085,"0, JOURDAN (PLACE)",,,,870
201300037201,13,5,30,906,1,2,2,1,6,114,"68, BLUM (AVENUE LEON-)",,,,870
201300037202,13,5,30,1235,1,2,1,2,6,085,"0, ORADOUR SUR GLANE (CA",,,,870
201300037203,13,5,31,1755,1,1,3,1,6,075,"06, COUERASSAS (RUE DE)",,,,870
201300037204,13,5,31,2158,5,1,1,1,6,065,MOISSAGUET (LIEU-DIT),,,,870
201300037205,13,6,3,1025,1,2,1,1,6,085,"28, MAS-LOUBIER (RUE DU)",,,,870
201300037206,13,6,3,1706,1,2,1,1,4,114,"50, CARNOT (AVENUE PRESI",,,,870
201300037207,13,6,4,1136,1,2,2,1,6,085,"26, GARIBALDI (AVENUE)",,,,870
201300037208,13,6,5,1047,1,1,1,1,5,085,AUTOROUTE A20,,,,870
201300037209,13,6,7,1543,1,2,3,1,6,085,"184, CASSEAUX (AVE DES)",,,,870
201300037210,13,6,8,1348,1,1,1,2,1,085,ESSARTS (RUE DES),,,,870
201300037211,13,6,8,1537,1,2,1,2,3,085,"4, AMPHITHEATRE (RUE DE)",,,,870
201300037212,13,6,9,41,5,2,1,1,6,085,"39, FEYTIAT (RUE DE)",,,,870
201300037213,13,6,9,1237,1,2,2,1,3,085,"71, CHINCHAUVAUD (RUE DU",,,,870
201300037214,13,6,12,1517,1,2,1,1,6,085,"6, CARMES (PLACE DES)",,,,870
201300037215,13,6,12,1706,1,2,1,1,2,085,"07, GARIBALDI (AVENUE)",,,,870
201300037216,13,6,13,1322,1,2,1,3,6,065,LEGRAND (RUE FREDERIC-),,,,870
201300037217,13,6,13,1658,1,1,1,3,2,085,AUTOROUTE A20,,,,870
201300037218,13,6,14,1359,1,2,1,1,2,085,"0, MAS-GIGOU (RUE DU)",,,,870
201300037219,13,6,15,500,1,1,1,1,6,075,"0, BALEZY (ROUTE DE)",,,,870
201300037220,13,6,16,1205,1,2,1,1,6,085,"12, GUILLEMOT (RUE JOSEP",,,,870
201300037221,13,6,17,1942,1,2,3,1,3,085,"93, LEGENDRE (RUE CHARLE",,,,870
201300037222,13,6,19,751,1,2,1,2,2,085,BAUDIN (AVENUE) ( RN21),,,,870
201300037223,13,6,20,1723,1,2,2,2,3,085,"0, BEAUBREUIL (AVENUE DE",,,,870
201300037224,13,6,20,1704,1,2,1,2,6,085,"11, WAGNER (RUE)",,,,870
201300037225,13,6,23,1032,1,2,1,1,6,085,"14, MAS-BOUYOL  (CITE ET",,,,870
201300037226,13,6,26,1421,1,1,1,1,3,085,MAS-BOUYOL  (CITE ET BOU,,,,870
201300037227,13,6,27,1449,1,1,1,1,2,065,AUTOROUTE A20,,,,870
201300037228,13,6,28,1812,1,2,1,1,6,085,"34, BARBES (RUE ARMAND)",,,,870
201300037229,13,6,29,133,3,1,1,1,6,114,"0, LAVAUD - LIEU DIT",,,,870
201300037230,13,6,30,122,5,2,1,1,6,085,"212, BRIAND (RUE ARISTID",,,,870
201300037231,13,6,30,1021,1,2,1,1,2,085,"61, DUTREIX (RUE ARMAND)",,,,870
201300037232,13,6,30,1742,1,2,2,1,2,085,"01, GALLIENI (RUE)",,,,870
201300037233,13,6,30,1854,1,2,1,1,6,085,"43, PISSARO (RUE CAMILLE",,,,870
201300037234,13,6,30,1905,1,2,1,1,6,050,LIMOGES (AVENUE DE),,,,870
201300037235,13,7,2,910,1,1,1,1,6,113,"0, MITTERRAND (AVENUE FR",,,,870
201300037236,13,7,3,833,1,2,1,2,7,085,"182, SAINT GENCE (RUE DE",,,,870
201300037237,13,7,3,1802,1,2,1,2,6,085,"167, LATTRE-DE-TASSIGNY",,,,870
201300037238,13,7,3,1853,1,1,1,1,2,075,RD79,,,,870
201300037239,13,7,6,1001,1,1,3,1,1,048,"0, NEXON (ROUTE DE)",,,,870
201300037240,13,7,6,1142,1,2,1,1,2,085,"38, BOTREL (RUE THEODORE",,,,870
201300037241,13,7,6,1620,1,2,3,1,7,085,"51, GAMBETTA (BOULEVARD)",,,,870
201300037242,13,7,6,2119,1,2,1,1,6,113,"12, POMPIDOU (AVENUE GEO",,,,870
201300037243,13,7,7,1828,1,2,2,1,3,085,"11, MONTJOVIS (AVENUE)",,,,870
201300037244,13,7,8,1104,1,2,1,1,6,113,"0, BASTIE (AVENUE MARYSE",,,,870
201300037245,13,7,9,1334,1,2,2,1,3,085,"130, RUBEN (AVENUE ERNES",,,,870
201300037246,13,7,9,1707,1,2,3,1,6,085,"52, COUTURES (AVENUE DES",,,,870
201300037247,13,7,10,1727,1,2,2,1,3,085,"34, NADAUD (RUE GUSTAVE)",,,,870
201300037248,13,7,11,1613,1,2,3,1,1,085,"0, REVOLUTION (PONT DE L",,,,870
201300037249,13,7,11,1804,1,2,1,1,2,065,VALIN (AVENUE MARTIAL),,,,870
201300037250,13,7,12,2025,1,1,1,1,6,048,"0, SOLIGNAC (Rue de)",,,,870
201300037251,13,7,13,1803,1,2,3,1,3,085,"44, MONTJOVIS (AVENUE)",,,,870
201300037252,13,7,13,1929,1,2,3,1,4,085,"0, BEL AIR (BOULEVARD DE",,,,870
201300037253,13,7,17,1927,1,2,3,1,3,085,"01, CHARENTES (PLACE DES",,,,870
201300037254,13,7,18,810,1,1,1,1,6,085,AUTOROUTE A20,,,,870
201300037255,13,7,18,827,1,1,1,1,3,085,"132 BIS, POITIERS (RUE D",,,,870
201300037256,13,7,19,436,3,1,1,1,1,050,RN520 (COUZEIX),,,,870
201300037257,13,7,19,2057,2,2,1,1,6,085,"54, ENCOMBE-VINEUSE (IMP",,,,870
201300037258,13,7,20,2014,1,1,1,2,6,085,GROSSEREIX (ROND POINT D,,,,870
201300037259,13,7,21,1820,1,2,3,1,3,075,"0, ARAGON (AVENUE LOUIS)",,,,870
201300037260,13,7,22,2108,2,1,1,1,6,085,AUTOROUTE A20,,,,870
201300037261,13,7,23,1220,1,2,3,1,3,085,"0, CATROUX (RUE DU GENER",,,,870
201300037262,13,7,23,1058,1,2,2,1,3,085,"33, BUGEAUD (COURS)",,,,870
201300037263,13,7,23,1447,1,1,1,1,2,085,AUTOROUTE A20,,,,870
201300037264,13,7,23,1700,1,2,1,2,6,085,"03, AINE (PLACE D')",,,,870
201300037265,13,7,24,1552,1,2,1,1,2,085,"18, LEGENDRE (RUE CHARLE",,,,870
201300037266,13,7,25,808,1,2,1,1,6,085,"33, COMTE (RUE AUGUSTE)",,,,870
201300037267,13,7,25,1527,1,2,3,1,3,085,"0, ALLENDE (QUAI SALVADO",,,,870
201300037268,13,7,28,1900,1,2,2,1,3,085,"01, CARNOT (PLACE SADI)",,,,870
201300037269,13,7,29,1252,1,2,3,1,3,085,"0, KING (AVENUE MARTIN L",,,,870
201300037270,13,8,2,2146,5,2,2,1,3,085,"0, DUMAS (AVENUE GEORGES",,,,870
201300037271,13,8,6,819,1,2,2,1,3,085,MAS-BOUYOL  (CITE ET BOU,,,,870
201300037272,13,8,7,933,1,2,1,1,4,085,SCHUMAN (BOULEVARD ROBER,,,,870
201300037273,13,8,8,1330,1,1,1,2,6,085,"0, MOCQUET(RUE GUY)",,,,870
201300037274,13,8,9,1904,1,2,1,1,6,085,"39, CARNOT (BOULEVARD)",,,,870
201300037275,13,8,13,1213,1,2,1,1,2,085,SCHUMAN (BOULEVARD ROBER,,,,870
201300037276,13,8,14,1327,1,2,1,1,6,085,"214, BRIAND (RUE ARISTID",,,,870
201300037277,13,8,16,1525,1,2,2,1,3,085,"0, RESISTANCE LIMOUSINE",,,,870
201300037278,13,8,18,1847,1,2,2,1,3,085,"34, BAC (RUE THEODORE)",,,,870
201300037279,13,8,18,1550,1,1,2,1,3,050,D35,,,,870
201300037280,13,8,19,736,1,2,1,1,6,085,POMPIDOU (AVENUE GEORGES,,,,870
201300037281,13,8,20,2017,1,1,3,1,5,050,RN520 (COUZEIX),,,,870
201300037282,13,8,21,1355,1,2,2,1,3,085,"99, BELLAC (RUE DE)",,,,870
201300037283,13,8,22,1227,1,2,1,1,6,085,"11, LEBON (RUE PHILIPPE)",,,,870
201300037284,13,8,24,1022,1,1,1,1,2,085,AUTOROUTE A20,,,,870
201300037285,13,8,24,1912,1,2,1,1,6,085,"55, PISSARO (RUE CAMILLE",,,,870
201300037286,13,8,25,1943,1,1,1,1,5,085,AUTOROUTE A20,,,,870
201300037287,13,8,27,1653,1,1,1,2,2,085,AUTOROUTE A20,,,,870
201300037288,13,8,29,1451,1,2,1,1,2,085,"120, VANTEAUX (BOULEVARD",,,,870
201300037289,13,8,31,2230,5,2,1,1,2,113,"25, CARNOT (AVENUE SADI)",,,,870
201300037290,13,9,1,548,5,1,1,1,6,075,RN 21,,,,870
201300037291,13,9,2,652,3,1,1,1,4,085,RD941 (OUEST),,,,870
201300037292,13,9,2,1838,1,2,1,1,6,085,"89, BAC (RUE THEODORE)",,,,870
201300037293,13,9,3,1842,1,1,1,1,2,065,"0, BOISSEUIL (RUE DE)",,,,870
201300037294,13,9,4,827,1,2,2,1,3,085,"0, GAGNANT (AVENUE JEAN)",,,,870
201300037295,13,9,4,941,1,2,3,1,2,085,"45, ROCHILLOUX (RUE DES)",,,,870
201300037296,13,9,5,1153,1,2,1,1,6,085,"71, GARIBALDI (AVENUE)",,,,870
201300037297,13,9,5,1750,1,2,3,1,3,085,"0, VANTEAUX (BOULEVARD D",,,,870
201300037298,13,9,6,910,1,1,1,1,6,085,AUTOROUTE A20,,,,870
201300037299,13,9,7,1750,1,1,1,2,6,085,AUTOROUTE A20,,,,870
201300037300,13,9,7,2108,2,1,1,2,7,085,"0, VALOINE (BOULEVARD DE",,,,870
201300037301,13,9,9,1725,1,2,1,1,6,085,SAINT MARTIAL (QUAI),,,,870
201300037302,13,9,13,1220,1,1,1,2,4,085,AUTOROUTE A20,,,,870
201300037303,13,9,13,2231,5,2,3,1,3,085,"11, LEBON (RUE PHILIPPE)",,,,870
201300037304,13,9,14,115,5,1,1,1,2,085,AUTOROUTE A20,,,,870
201300037305,13,9,14,1227,1,2,1,1,1,050,RD947,,,,870
201300037306,13,9,14,1408,1,1,1,1,1,050,RD947,,,,870
201300037307,13,9,14,1640,1,2,3,2,3,085,"47, ISLE (RUE D')",,,,870
201300037308,13,9,15,2054,5,2,9,1,3,085,"0, MICHAUD (RUE EDOUARD)",,,,870
201300037309,13,9,16,733,2,1,1,2,6,085,RN520,,,,870
201300037310,13,9,16,849,1,2,3,2,3,085,"48, BRIAND (RUE ARISTIDE",,,,870
201300037311,13,9,16,1159,1,2,1,2,6,085,"46, VIALOUBE (RUE DE LA)",,,,870
201300037312,13,9,17,743,1,1,1,1,4,114,CROIX FINOR (LA) - LIEU,,,,870
201300037313,13,9,17,1632,1,2,1,2,1,085,"0, RHIN ET DANUBE (RUE)",,,,870
201300037314,13,9,23,1050,1,2,3,1,3,085,"22, ARC (RUE JEANNE D')",,,,870
201300037315,13,9,23,2005,5,2,1,1,6,085,"2BIS, FLEURUS (BOULEVARD",,,,870
201300037316,13,9,24,1400,1,2,1,1,6,085,"12, LE SUEUR (RUE)",,,,870
201300037317,13,9,24,1610,1,2,1,1,6,085,"119Bis, LECLERC (AVENUE",,,,870
201300037318,13,9,24,1719,1,2,1,1,6,085,"103, BELLAC (RUE DE)",,,,870
201300037319,13,9,24,1847,1,1,1,1,4,050,RN520 (COUZEIX),,,,870
201300037320,13,9,25,950,1,2,1,1,2,085,"37, COTY (AVENUE DU PRES",,,,870
201300037321,13,9,25,1523,1,2,3,1,3,085,"84, PERRIN (RUE FRANCOIS",,,,870
201300037322,13,9,25,1949,2,2,3,1,6,085,"24, PISSARO (RUE CAMILLE",,,,870
201300037323,13,9,25,2214,5,2,3,1,6,085,"0, BUISSON (AVENUE DU)",,,,870
201300037324,13,9,26,1717,1,1,1,1,4,085,AUTOROUTE A20,,,,870
201300037325,13,9,27,1231,1,2,1,1,3,050,"22, ARTHUGERAS ( rue)",,,,870
201300037326,13,9,28,1450,1,2,1,1,4,113,"03, REPUBLIQUE (PLACE DE",,,,870
201300037327,13,9,29,1639,1,2,1,2,6,085,"28, VIGENAL (BOULEVARD D",,,,870
201300037328,13,10,1,2124,5,2,2,1,3,085,"99, RUBEN (AVENUE ERNEST",,,,870
201300037329,13,10,1,2231,5,2,3,1,1,113,"25, CARNOT (AVENUE SADI)",,,,870
201300037330,13,10,2,1217,1,2,1,1,6,114,"22, TURGOT",,,,870
201300037331,13,10,2,1549,1,2,1,1,3,085,"45, THOMAS (AVENUE ALBER",,,,870
201300037332,13,10,3,1533,1,2,3,1,3,085,"53, GAMBETTA (BOULEVARD)",,,,870
201300037333,13,10,4,753,5,2,2,2,3,085,"95, BELLAC (RUE DE)",,,,870
201300037334,13,10,4,1530,1,2,1,1,6,085,"87, BAC (RUE THEODORE)",,,,870
201300037335,13,10,4,1933,5,2,1,3,6,085,"14, BRIQUET (RUE GEORGES",,,,870
201300037336,13,10,5,2316,5,2,1,1,2,085,"29, BLANC LOUIS (BOULEVA",,,,870
201300037337,13,10,6,532,3,1,3,1,6,048,NEXON (ROUTE DE),,,,870
201300037338,13,10,6,2003,5,2,2,1,3,085,"47, CLEMENCEAU  (BOULEVA",,,,870
201300037339,13,10,15,1029,1,2,3,1,3,085,"15, MONTALAT  (RUE JEAN)",,,,870
201300037340,13,10,16,1100,1,2,2,2,6,085,"24, GAGNANT (AVENUE JEAN",,,,870
201300037341,13,10,16,1208,1,1,1,1,1,050,"0, BUXEROLLES (ROUTE DE)",,,,870
201300037342,13,10,17,737,1,2,1,1,2,085,PALAIS (ROUTE DU),,,,870
201300037343,13,10,18,833,1,2,1,1,6,085,"0, ARMAND (AVE Z.A.C",,,,870
201300037344,13,10,19,2108,5,2,1,1,6,085,"19, HUGO (BOULEVARD VICT",,,,870
201300037345,13,10,21,1825,1,2,3,1,3,085,"79, SAINT GENCE (RUE DE)",,,,870
201300037346,13,10,22,1706,1,2,3,1,3,085,"4 bis, CARMES (PLACE DES",,,,870
201300037347,13,10,23,2147,5,2,1,1,6,085,"17, POMPIDOU (AVENUE GEO",,,,870
201300037348,13,10,24,1155,1,2,1,1,6,085,"193, DUTREIX (RUE ARMAND",,,,870
201300037349,13,10,24,1233,1,2,3,1,3,085,"96, BELLAC (RUE DE)",,,,870
201300037350,13,10,29,1022,1,2,1,1,6,085,"06, VERONESE (ALLEE)",,,,870
201300037351,13,10,31,100,5,2,1,1,6,085,"5, COMBES (RUE DES)",,,,870
201300037352,13,10,31,704,2,2,3,1,2,113,"03, JAURES (RUE JEAN)",,,,870
201300037353,13,10,31,1404,1,2,2,1,3,085,"51, TRESAGUET (RUE DE)",,,,870
201300037354,13,11,6,1822,5,2,1,1,6,085,"2, CARNOT (BOULEVARD)",,,,870
201300037355,13,11,7,1357,1,2,2,1,2,085,NEXON (RUE DE),,,,870
201300037356,13,11,9,1624,1,1,1,2,6,085,AUTOROUTE A20,,,,870
201300037357,13,11,9,1740,5,2,1,2,6,050,"0, BUXEROLLES (ROUTE DE)",,,,870
201300037358,13,11,11,1109,1,2,3,1,3,085,"0, VEYRAC (RUE DE)",,,,870
201300037359,13,11,14,1250,1,2,1,1,6,085,"15, AINE (PLACE D')",,,,870
201300037360,13,11,14,1713,5,2,3,2,3,085,"13, WAGNER (RUE)",,,,870
201300037361,13,11,15,1356,1,2,1,2,1,113,"7, CURIE (RUE PIERRE)",,,,870
201300037362,13,11,16,526,5,2,1,1,6,085,"05, AINE (PLACE D')",,,,870
201300037363,13,11,18,737,5,2,1,1,6,085,"04, AMPHITHEATRE (RUE DE",,,,870
201300037364,13,11,19,1330,1,2,1,2,2,085,"2, MOCQUET(RUE GUY)",,,,870
201300037365,13,11,19,1305,1,2,1,1,2,085,"86, PALAIS (ROUTE DU)",,,,870
201300037366,13,11,19,1750,5,2,1,2,6,085,"117, ISLE (RUE D')",,,,870
201300037367,13,11,21,1804,5,2,1,3,3,114,"08, SCHOELCHER (RUE VICT",,,,870
201300037368,13,11,23,1427,1,2,1,1,6,085,"68, MONTJOVIS (AVENUE)",,,,870
201300037369,13,11,26,1229,1,2,1,1,6,085,"13, CHURCHILL WINSTON (P",,,,870
201300037370,13,11,26,1419,1,1,1,1,6,085,AUTOROUTE A20,,,,870
201300037371,13,11,26,1709,1,2,1,1,3,085,"21, COLEMAN (RUE BILL)",,,,870
201300037372,13,11,27,1235,1,2,1,1,4,113,"29, BRIAND (AVENUE ARIST",,,,870
201300037373,13,11,27,2038,5,2,1,1,6,085,"53, BARBES (RUE ARMAND)",,,,870
201300037374,13,11,27,2147,5,2,3,1,3,085,"342, PERRIN (RUE FRANCOI",,,,870
201300037375,13,11,28,1108,1,1,1,1,6,085,AUTOROUTE A20,,,,870
201300037376,13,11,29,1751,5,2,1,1,2,085,ESSARTS (RUE DES),,,,870
201300037377,13,11,30,1252,1,2,3,1,3,085,"52, HOCHE (RUE)",,,,870
201300037378,13,11,30,1611,1,2,2,1,3,085,"21, PALMIERS (RUE DES)",,,,870
201300037379,13,12,2,734,5,1,1,1,2,085,AUTOROUTE A20,,,,870
201300037380,13,12,2,1751,5,2,3,1,1,085,"31, CURIE  (RUE PIERRE E",,,,870
201300037381,13,12,2,1725,1,2,1,1,3,075,RD79,,,,870
201300037382,13,12,4,930,1,2,3,1,6,085,"142, SAINTE CLAIRE (RUE)",,,,870
201300037383,13,12,5,806,1,2,1,1,6,085,"1, MAUROIS (ALLEE ANDRE)",,,,870
201300037384,13,12,5,1750,5,2,3,1,2,085,"87, BRIAND (RUE ARISTIDE",,,,870
201300037385,13,12,6,1458,1,1,1,1,6,085,GROSSEREIX (ROND POINT D,,,,870
201300037386,13,12,6,1558,1,1,3,1,3,050,"0, LAJOUX (LIEU DIT)",,,,870
201300037387,13,12,10,1214,1,2,1,1,6,085,"22, RAMADIER (AVENUE DU",,,,870
201300037388,13,12,11,1528,1,2,3,1,3,085,"61, AQUITAINE (RUE D')",,,,870
201300037389,13,12,11,1727,5,2,1,1,6,085,"21, GAMBETTA (BOULEVARD)",,,,870
201300037390,13,12,12,1815,5,2,1,1,2,085,BEAUBLANC (BOULEVARD DE),,,,870
201300037391,13,12,12,1755,5,2,1,1,6,085,"103, FEYTIAT (RUE DE)",,,,870
201300037392,13,12,13,1404,1,2,1,1,6,085,"0, TIMBAUD (RUE PIERRE)",,,,870
201300037393,13,12,16,752,5,2,2,1,3,085,"0, VAUCANSON (RUE DE)",,,,870
201300037394,13,12,19,1452,1,2,1,1,6,075,"14, CORNUE (RUE DE LA)",,,,870
201300037395,13,12,20,751,5,2,3,1,3,085,"83, MONTJOVIS (AVENUE)",,,,870
201300037396,13,12,20,1134,1,2,1,1,2,085,"86 Bis, MAS-BOUYOL  (CIT",,,,870
201300037397,13,12,23,1325,1,2,1,1,3,085,"236, LECLERC (AVENUE DU",,,,870
201300037398,13,12,23,1649,1,2,2,1,2,085,"155, SAINT GENCE (RUE DE",,,,870
201300037399,13,12,24,1445,1,2,1,1,2,085,"16, LECLERC (AVENUE DU G",,,,870
201300037400,13,12,24,1545,1,2,1,1,6,085,"0, CHAMBE (AVENUE DU GEN",,,,870
201300037401,13,12,28,1316,1,1,1,2,4,085,AUTOROUTE A20,,,,870
201300037402,13,12,28,1815,5,2,1,1,6,085,"8, FRESNAY (RUE PIERRE)",,,,870
201300037403,13,12,31,2236,5,2,1,3,2,085,"82, BAC (RUE THEODORE)",,,,870
201300037404,13,3,22,915,1,2,3,1,6,160,"0, LOGE-BLANCHE (AV. DE",M,4816508,0644995,880
201300037405,13,3,22,1245,1,2,1,1,6,209,"0, XAY (RUE DU)",M,4821246,0643568,880
201300037406,13,6,13,2050,5,2,2,3,3,087,"47, LECLERC (RUE GENERAL",M,4817070,0643502,880
201300037407,13,1,26,410,5,2,2,1,1,160,JEUXEY (RTE DE),M,4819399,0645417,880
201300037408,13,2,11,1719,1,2,2,4,5,209,LOUIS BLERIOT (RUE),M,4818805,0642688,880
201300037409,13,2,9,540,5,1,1,8,6,087,"341, DE GAULLE (RUE GENE",M,4815109,0641088,880
201300037410,13,4,18,1755,1,2,1,1,4,160,SAINT-DIE (AV. DE),M,4818705,0647540,880
201300037411,13,4,14,25,5,2,3,1,3,087,"92, DE GAULLE (RUE GENER",M,4816754,0643475,880
201300037412,13,5,5,1100,1,2,1,1,6,087,"104, FORGES (RUE DES)",M,4817659,0641739,880
201300037413,13,5,3,2050,5,2,1,2,6,160,"29, FORGES (RUE DES)",M,,,880
201300037414,13,4,23,1405,1,2,1,1,6,209,"5, HOTEL DE VILLE (RUE D",M,4819751,0644065,880
201300037415,13,5,21,1630,1,1,1,2,6,160,"0, VITU (RUE ANDRE-)",M,4818168,0649675,880
201300037416,13,5,26,50,5,2,1,1,7,160,"0, REPUBLIQUE (AV. ETPT",M,4818432,0644457,880
201300037417,13,6,11,1705,1,2,2,1,3,160,JEUXEY (RTE DE),M,4819541,0646081,880
201300037418,13,6,28,1020,1,2,1,1,6,160,"17, REMIREMONT (RUE DE)",M,4815754,0645208,880
201300037419,13,6,9,208,5,2,1,2,7,160,"39, ROSAYE (RUE PAUL-)",M,4819535,0645263,880
201300037420,13,6,26,1633,1,2,6,1,6,209,EPINAL (RUE D'),M,4819284,0643827,880
201300037421,13,6,29,1250,1,2,1,2,1,160,"9, BARTHOU (RUE LOUIS-)",M,4819169,0644945,880
201300037422,13,6,17,1735,1,2,1,1,6,160,CHAUFFOURD (RUE DU),M,4819474,0645465,880
201300037423,13,6,30,1005,1,2,1,1,6,160,"1048.17849, GAULLE (AV.",M,4817849,0644188,880
201300037424,13,7,1,1315,1,2,6,1,7,209,"0, BALLASTIERE (RUE DE L",M,4819372,0643414,880
201300037425,13,8,1,1805,1,2,2,1,5,160,JEUXEY (RTE DE),M,4819559,0646078,880
201300037426,13,9,10,905,1,2,1,2,6,160,"1, LOGE-BLANCHE (AV. DE",M,4816575,0645067,880
201300037427,13,8,16,1315,1,1,1,1,7,160,"52, ARCHETTES (RTE D')",M,4814529,0648990,880
201300037428,13,8,21,805,1,2,9,1,6,160,"71, REMIREMONT (RUE DE)",M,4816238,0645004,880
201300037429,13,8,7,1647,1,2,4,1,3,160,"0, ROUX (RUE DU PROFESSE",M,4818359,0643801,880
201300037430,13,10,13,1729,1,2,1,1,7,209,"35, FORGES (RTE. DES)",M,4818869,0642059,880
201300037431,13,10,14,638,5,2,1,9,2,160,"85, ALSACE (RUE D')",M,4816622,0644682,880
201300037432,13,10,17,935,1,2,1,1,6,160,"0, FERRY (Q. JULES-)",M,4817493,0644924,880
201300037433,13,10,30,820,1,2,1,1,6,160,"2, SEROT (Q. COLONEL-)",M,4817588,0644985,880
201300037434,13,10,29,1615,1,2,9,1,6,209,"0, LECLERC ( RUE GENERAL",M,4819139,0642106,880
201300037435,13,10,30,1452,1,2,1,1,7,160,REPUBLIQUE (AV. ETPT DE,M,4818333,0644235,880
201300037436,13,11,8,1645,2,2,1,2,6,160,"0, PROVENCE (AV. DE)",M,4818397,0646727,880
201300037437,13,11,18,1055,1,2,1,7,6,160,"0, CHIPOTTE (RUE DE LA)",M,4817855,0644793,880
201300037438,13,11,28,1940,5,2,6,5,3,160,"0, SAINT-DIE (AV. DE)",M,4818397,0646727,880
201300037439,13,11,21,1835,5,2,1,4,6,160,"0, RENAN (RUE ERNEST-)",M,4818779,0646471,880
201300037440,13,12,20,1650,5,2,2,1,6,160,"23, HURAULT (RUE ANTOINE",M,4817307,0644365,880
201300037441,13,12,28,845,1,2,1,2,6,160,"65, REMIREMONT (RUE DE)",M,,,880
201300037442,13,1,28,730,2,2,6,1,6,383,"20, rue du G?n?ral LECLE",M,4801228,0660114,880
201300037443,13,2,19,820,1,1,2,1,3,429,Rte de la Plaine d'Eloye,M,4807342,0659840,880
201300037444,13,12,4,1735,3,1,1,1,6,415,RN 66,M,4800288,0661538,880
201300037445,13,12,17,2020,3,1,1,9,5,415,"1, CD417",M,4801577,0662053,880
201300037446,13,7,15,1205,1,2,3,1,3,462,"1, Route de G�rardmer",M,4825574,0643486,880
201300037447,13,7,15,1430,1,1,1,1,3,462,", Route de G?rardmer",M,4802836,0651508,880
201300037448,13,8,21,1400,1,2,1,1,6,415,"8060, Route de Seux",M,4804150,0659361,880
201300037449,13,8,20,1600,1,2,1,1,6,383,"16, rue Charles de Gaull",M,4801725,0659024,880
201300037450,13,8,17,1115,1,2,1,1,3,383,"26, Route de Bussang",M,4800429,0661274,880
201300037451,13,9,29,1032,1,1,1,1,1,429,Route de Falli�res,M,4800803,0651508,880
201300037452,13,11,7,830,1,2,1,1,6,409,"42, Grande Rue",M,4802501,0666994,880
201300037453,13,11,6,1505,1,1,1,8,7,429,RN 57,M,4807758,0659408,880
201300037454,13,11,29,1455,1,1,1,1,6,429,"19, faubourg de Remiremo",M,4802502,0658388,880
201300037455,13,12,21,1545,1,1,1,1,2,429,RN 57,M,4803769,0658201,880
201300037456,13,2,2,2253,5,2,1,1,7,413,"31, AVENUE DE ROBACHE",M,4829823,0695018,880
201300037457,13,2,27,2300,5,2,1,1,6,424,"696, Alsace ( Rue d ' )",M,4826689,0698564,880
201300037458,13,5,1,1710,1,1,1,1,1,413,"27, Route de ROBACHE",M,4829722,0695034,880
201300037459,13,5,4,2305,5,2,1,5,6,413,"18, Rue des Castors",M,4829297,0696122,880
201300037460,13,5,15,1645,1,2,1,2,1,413,Rue du Nouvel H?pital,M,4829020,0696677,880
201300037461,13,5,16,1642,1,2,3,2,3,424,Rue des D�port�s,M,4826461,0696167,880