Num_Acc,an,mois,jour,hrmn,lum,agg,int,atm,col,com,adr,gps,lat,long,dep
201300038089,13,2,4,2100,5,2,1,1,6,687,MARMONT (AVENUE),,,,910
201300038090,13,2,9,1430,1,2,1,1,6,687,RD 445,,,,910
201300038091,13,2,12,1950,2,2,1,1,6,687,RD 445,,,,910
201300038092,13,2,13,525,2,2,1,1,6,286,EMILE ALLIAUD (AVENUE),,,,910
201300038093,13,2,13,1545,1,2,1,1,6,687,"18, MAURICE SABATIER (RU",,,,910
201300038094,13,2,20,805,2,2,1,1,6,434,MARCEAU (RUE),,,,910
201300038095,13,2,26,1845,2,2,3,1,3,326,GABRIEL PERI (AVENUE),,,,910
201300038096,13,2,28,745,2,2,2,1,3,687,RD 445,,,,910
201300038097,13,3,5,1430,1,2,1,1,6,286,QUINCONCE (PLACE DU),,,,910
201300038098,13,3,1,1200,1,2,1,1,6,286,SABLONS (AVENUE DES),,,,910
201300038099,13,3,3,1825,1,2,1,1,6,326,MARECHAL JOFFRE (PLACE D,,,,910
201300038100,13,3,7,2145,5,2,1,1,6,286,"40, CORBEIL (ROUTE DE)",,,,910
201300038101,13,3,25,1715,1,2,1,1,6,687,NUNGESSER ET COLI (RUE),,,,910
201300038102,13,4,10,2135,5,2,2,3,3,687,GENERAL DE GAULLE (AVENU,,,,910
201300038103,13,4,22,1240,1,2,1,1,6,326,GARE SNCF,,,,910
201300038104,13,4,22,1830,1,2,1,1,6,286,"8, DEDALE (RUE)",,,,910
201300038105,13,4,24,1330,1,2,1,1,6,286,CORBEIL (ROUTE DE),,,,910
201300038106,13,5,16,740,2,2,1,2,2,687,RD 445,,,,910
201300038107,13,5,14,840,1,2,1,1,6,286,PREMIERE ARMEE (AVENUE),,,,910
201300038108,13,4,28,1545,1,2,1,1,6,434,JEAN MORLET (SQUARE),,,,910
201300038109,13,6,10,1840,1,2,1,1,6,687,VANNE (RUE DE LA),,,,910
201300038110,13,5,3,2015,2,2,1,1,6,326,PIERRE SEMARD (RUE),,,,910
201300038111,13,5,6,1200,1,2,1,1,6,687,HENRI BARBUSSE (RUE),,,,910
201300038112,13,5,30,820,2,2,1,2,2,286,TUILERIES (AVENUE DES),,,,910
201300038113,13,6,13,2045,2,2,1,1,6,286,FERME NEUVE (RUE DE LA),,,,910
201300038114,13,6,6,1145,1,2,1,1,6,687,RENE COTY (PLACE),,,,910
201300038115,13,6,21,1220,1,2,1,1,3,286,TREILLE (PLACE DE LA),,,,910
201300038116,13,7,16,935,1,2,1,1,6,326,"47, ALBERT SARRAULT (AVE",,,,910
201300038117,13,7,15,1810,1,2,1,1,1,286,"24, CORBEIL (ROUTE DE)",,,,910
201300038118,13,8,8,1805,1,2,1,1,6,434,"19, JEAN LURCAT (SQUARE)",,,,910
201300038119,13,8,13,1155,1,2,1,1,6,687,FLANDRE (AVENUE DE),,,,910
201300038120,13,8,15,1940,2,2,1,1,3,687,AMEDEE GORDINI (RD PT),,,,910
201300038121,13,10,14,715,2,2,1,1,3,326,"36, COUR DE FRANCE (AVEN",,,,910
201300038122,13,10,18,850,1,2,1,1,6,434,"21, FERDINAND BUISSON (P",,,,910
201300038123,13,10,7,830,2,2,1,1,6,326,"9, PETIT (RUE)",,,,910
201300038124,13,11,14,1900,5,2,1,2,6,687,GRIBELETTE (AVENUE DE LA,,,,910
201300038125,13,11,18,1525,1,2,1,1,3,687,RD 445,,,,910
201300038126,13,11,20,1835,2,2,1,3,2,326,COUR DE FRANCE (AVENUE D,,,,910
201300038127,13,10,19,1130,1,2,1,1,6,326,"74, ESTIENNE D'ORVES (AV",,,,910
201300038128,13,10,30,1620,1,2,1,1,6,687,JEAN MOULIN (AVENUE),,,,910
201300038129,13,11,12,1855,5,2,1,2,6,286,HENRI BARBUSSE (PLACE),,,,910
201300038130,13,11,29,1720,2,2,1,1,3,434,"9, PAIX (RUE DE LA)",,,,910
201300038131,13,12,2,1700,2,2,1,1,6,687,"5, PROVENCE (AVENUE DE)",,,,910
201300038132,13,12,12,1415,1,2,1,1,5,687,RD 445,,,,910
201300038133,13,11,22,355,5,2,1,1,6,286,HENRI BARBUSSE (PLACE),,,,910
201300038134,13,12,10,950,1,2,1,1,7,434,CORBEIL (ROUTE DE),,,,910
201300038135,13,12,6,1940,5,2,1,1,6,326,GAULOIS (RUE DES),,,,910
201300038136,13,12,25,300,3,2,1,2,6,286,PREMIERE ARMEE (AVENUE),,,,910
201300038137,13,1,11,2100,5,2,2,2,3,161,"20, MAZARIN (AVENUE)",,,,910
201300038138,13,1,17,1850,3,2,1,1,6,345,"165, PRESIDENT F. MITTER",,,,910
201300038139,13,1,28,650,5,1,1,2,6,161,"28, LONGJUMEAU (route de",,,,910
201300038140,13,2,6,1955,5,2,2,8,1,345,"16, CORBEIL (ROUTE DE)",,,,910
201300038141,13,2,8,759,1,2,3,1,3,345,"126, CORBEIL (ROUTE DE)",,,,910
201300038142,13,2,20,740,2,2,2,8,6,161,"22, MAZARIN (AVENUE)",,,,910
201300038143,13,2,20,1530,1,2,1,1,3,161,LONGJUMEAU (route de),,,,910
201300038144,13,3,14,2045,5,2,1,1,3,345,"52, PRESIDENT FRANCOIS M",,,,910
201300038145,13,4,25,1540,1,1,4,7,2,161,"1, PIERRE BROSSOLETTE (A",,,,910
201300038146,13,5,4,800,2,2,1,1,1,345,"53, RAMEAU (RUE)",,,,910
201300038147,13,6,19,445,3,1,1,8,2,161,"1, WISSOUS (ROUTE DE)",,,,910
201300038148,13,6,25,1445,1,2,1,1,6,161,"1, PIERRE MENDES FRANCE",,,,910
201300038149,13,7,1,1200,1,2,3,1,3,345,"17, COQUELICOTS (RUE DES",,,,910
201300038150,13,7,18,1640,1,2,1,1,2,161,"1, MARES JULIENNES (RUE",,,,910
201300038151,13,8,16,1945,1,2,3,1,3,161,CHARLES DE GAULLE (AVENU,,,,910
201300038152,13,8,30,1210,1,2,1,1,6,345,PRESIDENT FRANCOIS MITTE,,,,910
201300038153,13,9,9,1725,1,1,1,2,3,161,RD 118,,,,910
201300038154,13,9,11,205,5,1,1,1,6,161,"57, LONGJUMEAU (route de",,,,910
201300038155,13,9,12,810,1,2,1,2,3,345,"160, PRESIDENT FRANCOIS",,,,910
201300038156,13,9,16,1815,1,2,1,2,4,345,"27, ROUX DR (RUE DU)",,,,910
201300038157,13,9,23,730,1,2,1,1,1,161,"1, BUTTE AUX BERGERS (Z.",,,,910
201300038158,13,10,8,800,1,2,2,1,3,161,MAZARIN (AVENUE),,,,910
201300038159,13,10,11,2150,5,2,1,1,3,161,"40, PIERRE BROSSOLETTE (",,,,910
201300038160,13,10,16,1900,1,1,1,7,4,161,"1, CD 118",,,,910
201300038161,13,10,20,630,5,2,1,2,3,161,"2, LONGJUMEAU (route de)",,,,910
201300038162,13,11,5,1630,1,2,1,1,2,161,"125, MASSY (ROUTE DE)",,,,910
201300038163,13,11,7,450,5,1,3,2,5,161,"20, LONGJUMEAU (route de",,,,910
201300038164,13,11,7,1936,5,2,2,2,6,345,"1, PEUPLERAIE (RUE",,,,910
201300038165,13,11,8,805,2,2,1,2,1,161,"1, MASSY (ROUTE DE)",,,,910
201300038166,13,11,12,1355,1,2,1,2,6,345,"26, CORBEIL (ROUTE DE)",,,,910
201300038167,13,11,12,2020,5,2,1,2,2,161,"1, MAZARIN (AVENUE)",,,,910
201300038168,13,11,17,150,5,2,2,1,3,345,"52, PRESIDENT FRANCOIS M",,,,910
201300038169,13,12,10,1500,1,2,1,1,2,345,"150, CORBEIL (ROUTE DE)",,,,910
201300038170,13,12,12,125,5,2,3,1,3,161,D118 / A6,,,,910
201300038171,13,12,20,2330,5,2,4,1,6,345,"22, BERTILLON GABRIEL (R",,,,910
201300038172,13,7,10,600,1,2,1,1,2,161,"53, LONGJUMEAU (route de",,,,910
201300038173,13,7,19,2135,1,2,1,1,3,345,"36, CHILLY (RUE DE)",,,,910
201300038174,13,7,31,2010,1,2,1,1,6,161,"1, CHEMIN DE FER (RUE DU",,,,910
201300038175,13,10,8,1230,1,2,1,1,3,345,"159, PRESIDENT FRANCOIS",,,,910
201300038176,13,10,16,830,1,2,1,1,6,161,MONTAGNE (RUE DE LA),,,,910
201300038177,13,10,21,1945,3,2,3,1,6,345,"82, PRESIDENT FRANCOIS M",,,,910
201300038178,13,10,23,2010,5,2,1,1,4,345,CHILLY (RUE DE),,,,910
201300038179,13,10,26,1955,5,2,3,1,6,345,"5, ROUX DR (RUE DU)",,,,910
201300038180,13,12,21,604,5,2,1,1,3,345,"84, PRESIDENT FRANCOIS M",,,,910
201300038181,13,8,17,1255,1,1,1,1,3,377,"sans, PARIS (RUE DE)",,,,910
201300038182,13,7,23,1215,1,2,1,1,6,377,PREMIER MAI (BOULE,,,,910
201300038183,13,3,25,2200,3,2,1,1,7,377,NORMANDIE-NIEMEN (RUE),,,,910
201300038184,13,5,4,315,3,2,1,1,7,689,ANTONY (ROUTE D'),,,,910
201300038185,13,6,30,105,4,2,1,1,6,377,EUROPE (AVENUE DE,,,,910
201300038186,13,7,12,1730,1,2,1,1,3,377,"sans, JUIN (AVENUE DU MA",,,,910
201300038187,13,8,26,900,1,2,1,1,6,377,"100, KENNEDY (AVENUE DU",,,,910
201300038188,13,10,25,750,4,2,1,1,6,377,EUROPE (AVENUE DE,,,,910
201300038189,13,11,14,1300,1,2,1,1,3,377,CHAMPARTS (RUE DES),,,,910
201300038190,13,12,4,1925,2,2,1,1,6,377,CARNOT (AVENUE),,,,910
201300038191,13,1,21,1815,2,2,4,2,6,691,CONCY(RUE),,,,910
201300038192,13,2,1,1620,1,1,1,2,6,421,NATIONALE 6 (PARTIE FORE,,,,910
201300038193,13,2,5,2200,5,2,3,1,3,421,REPUBLIQUE (AVENUE DE LA,,,,910
201300038194,13,2,8,45,5,1,1,2,2,691,Rond-point du Mar�chal d,,,,910
201300038195,13,1,29,1805,1,2,1,1,5,421,CHARLES DE GAULLE (AVENU,,,,910
201300038196,13,2,25,1330,1,1,1,1,3,421,NATIONALE 6 (PARTIE FORE,,,,910
201300038197,13,3,7,1030,1,1,1,1,2,421,NATIONALE 6 (GLACIERE),,,,910
201300038198,13,3,8,1505,1,2,1,2,3,421,"86, REPUBLIQUE (AVENUE D",,,,910
201300038199,13,3,14,1215,1,2,1,1,2,691,GABRIEL PERI(RUE) DU N?4,,,,910
201300038200,13,2,17,100,5,1,1,1,5,421,NATIONALE 6 (PARTIE FORE,,,,910
201300038201,13,3,8,1955,5,2,1,2,2,691,"45, ABBE MARCEAU (AVENUE",,,,910
201300038202,13,3,21,605,5,2,1,1,2,691,PIERRE LOTI(RUE),,,,910
201300038203,13,2,8,1945,2,1,1,3,4,421,NATIONALE 6 (GLACIERE),,,,910
201300038204,13,2,9,1920,2,1,1,1,3,421,NATIONALE 6 (CES POMPIDO,,,,910
201300038205,13,2,10,1710,1,1,1,1,2,421,NATIONALE 6 (CES POMPIDO,,,,910
201300038206,13,2,13,1520,1,2,1,1,1,691,CD 94,,,,910
201300038207,13,4,11,1150,1,2,1,1,6,691,"67, CHARLE DE GAULLE(RUE",,,,910
201300038208,13,4,12,930,1,2,6,1,3,691,Rond-point du Mar�chal d,,,,910
201300038209,13,4,20,1700,1,2,6,1,4,691,MARECHAL JUIN (RUE),,,,910
201300038210,13,4,17,1620,1,2,1,1,1,691,RAYMOND POINCARE(RUE),,,,910
201300038211,13,4,21,1240,1,2,6,1,2,691,HUIT MAI 1945 (PLACE DU),,,,910
201300038212,13,4,29,1620,1,2,3,1,3,421,VICTOR HUGO (RUE),,,,910
201300038213,13,5,14,1905,1,1,1,1,1,421,BAC D'ABLON (RUE DU),,,,910
201300038214,13,5,25,1855,1,2,1,1,2,421,"52, YERRES (RUE D')",,,,910
201300038215,13,5,16,840,1,2,1,2,2,421,"114, REPUBLIQUE (AVENUE",,,,910
201300038216,13,5,30,1900,1,2,1,1,1,421,CENTRE DE LA FORET,,,,910
201300038217,13,6,4,1830,1,2,1,1,2,691,"51, PAUL DOUMER(RUE)",,,,910
201300038218,13,6,5,940,1,1,1,1,6,421,NATIONALE 6 (REVEIL MATI,,,,910
201300038219,13,6,6,945,1,2,4,1,6,421,"95, REPUBLIQUE (AVENUE D",,,,910
201300038220,13,6,12,1700,1,2,1,2,6,691,GRANGE(AVENUE),,,,910
201300038221,13,6,11,1450,1,2,1,1,3,421,"80, REPUBLIQUE (AVENUE D",,,,910
201300038222,13,6,25,1630,1,2,1,1,6,691,GARE (RUE DE LA),,,,910
201300038223,13,6,25,1700,1,2,1,1,2,691,"52, JEAN JAURES (AVENUE)",,,,910
201300038224,13,6,26,1735,1,1,1,1,5,421,CENTRE DE LA FORET,,,,910
201300038225,13,6,29,1645,1,2,1,1,2,691,PAUL DOUMER(RUE),,,,910
201300038226,13,6,30,1035,1,1,1,1,2,691,GOURGAUD(AVENUE),,,,910
201300038227,13,7,1,1900,1,2,1,1,2,421,RAYMOND POMIER (RUE),,,,910
201300038228,13,7,6,1515,1,2,1,1,5,421,JEAN JAURES (AVENUE),,,,910
201300038229,13,7,8,1120,1,1,1,1,2,421,N 6 (GLACIERE),,,,910
201300038230,13,7,13,1935,1,2,1,1,3,421,MARECHAL FOCH (AVENUE DU,,,,910
201300038231,13,7,10,2330,4,1,1,1,6,421,NATIONALE 6 (REVEIL MATI,,,,910
201300038232,13,7,19,1130,1,2,6,1,6,691,PASTEUR(ROND POINT),,,,910
201300038233,13,7,19,1520,1,2,1,1,2,691,JEAN JAURES (AVENUE),,,,910
201300038234,13,7,19,1815,1,2,1,1,6,691,"31, ABBAYE(RUE)",,,,910
201300038235,13,7,24,1740,1,1,1,1,2,421,N 6 (CES POMPIDOU),,,,910
201300038236,13,7,26,1215,1,2,1,1,2,421,CHARLES DE GAULLE (AVENU,,,,910
201300038237,13,7,27,1730,1,2,2,1,3,421,CHARLES DE GAULLE (AVENU,,,,910
201300038238,13,8,26,1905,1,2,2,1,3,691,CARNOT (RUE),,,,910
201300038239,13,8,20,750,1,1,1,1,4,421,N 6 (PARTIE FORET),,,,910
201300038240,13,8,20,2050,5,2,3,1,3,421,"10, ALSACE-LORRAINE (RUE",,,,910
201300038241,13,6,15,2115,5,2,2,1,3,691,GABRIEL PERI(RUE) N�1,,,,910
201300038242,13,10,1,1045,1,2,6,1,1,691,GABRIEL PERI(RUE) DU N 4,,,,910
201300038243,13,10,2,1408,1,2,1,1,3,421,N6 (GLACIERE),,,,910
201300038244,13,9,17,1045,1,2,1,1,2,421,CORBEIL (ROUTE DE),,,,910
201300038245,13,9,7,1815,1,2,1,1,7,421,NARCISSES (ALLEE DES),,,,910
201300038246,13,10,4,1915,1,2,1,1,6,691,GARE S.N.C.F ET SON PARK,,,,910
201300038247,13,10,10,120,5,2,1,1,6,691,"95, RESISTANCE(AVENUE)",,,,910
201300038248,13,10,10,700,5,2,1,1,2,691,GEORGES BIZET(RUE),,,,910
201300038249,13,10,11,1345,1,2,1,1,6,421,REPUBLIQUE (AVENUE DE LA,,,,910
201300038250,13,10,11,1525,1,2,2,1,3,691,GABRIEL PERI(RUE) DU N?1,,,,910
201300038251,13,10,15,1210,1,2,1,1,2,421,ROUVRES (RUE DE),,,,910
201300038252,13,10,15,1225,1,2,1,1,6,691,CHARLE DE GAULLE(RUE),,,,910
201300038253,13,10,15,2015,5,2,1,1,6,421,CORBEIL (ROUTE DE),,,,910
201300038254,13,10,18,910,1,2,6,1,3,691,GENERAL DE GAULLE (AVENU,,,,910
201300038255,13,10,28,420,5,2,1,3,6,691,"8, DOCTEUR CHARCOT(RUE)",,,,910
201300038256,13,11,8,1645,1,2,1,2,2,691,MARC SANGNIER (RUE),,,,910
201300038257,13,11,8,2240,5,1,1,2,2,421,N 6 (PARTIE FORE,,,,910
201300038258,13,11,12,1300,1,2,1,1,6,691,ANDREI SAKHAROV (RUE),,,,910
201300038259,13,11,14,910,1,2,2,2,3,421,CHARLES DE GAULLE (AVENU,,,,910
201300038260,13,11,15,1245,1,2,1,1,6,421,BOIS (RUE DES),,,,910
201300038261,13,11,15,1520,1,2,1,1,3,691,RESISTANCE(AVENUE),,,,910
201300038262,13,11,20,845,1,2,3,1,3,691,RAYMOND POINCARE(RUE),,,,910
201300038263,13,11,20,1725,5,2,1,3,6,691,HENRI BARBUSSE(RUE),,,,910
201300038264,13,11,27,1920,1,2,1,1,6,421,"176, REPUBLIQUE (AVENUE",,,,910
201300038265,13,11,28,720,2,2,1,1,1,421,"78, JEAN JAURES (AVENUE)",,,,910
201300038266,13,12,9,1600,1,2,1,1,3,421,MARECHAL FOCH (AVENUE DU,,,,910
201300038267,13,12,10,1100,1,2,1,1,6,421,"120, REPUBLIQUE (AVENUE",,,,910
201300038268,13,12,14,1020,1,1,1,1,2,421,NATIONALE 6 (CES POMPIDO,,,,910
201300038269,13,12,15,140,3,1,1,1,2,421,NATIONALE 6 (REVEIL MATI,,,,910
201300038270,13,12,17,805,5,2,1,1,2,421,GRANGE (RUE DE LA),,,,910
201300038271,13,12,18,1650,1,2,1,1,3,421,CORBEIL (ROUTE DE),,,,910
201300038272,13,12,19,1850,5,2,1,1,6,691,PIERRE LOTI(RUE),,,,910
201300038273,13,12,27,1735,5,2,1,2,6,691,CONCY(RUE),,,,910
201300038274,13,12,30,1820,5,2,1,2,6,421,DOCTEUR LEON DEGLAIRE (R,,,,910
201300038275,13,1,8,1900,2,2,1,2,6,691,RENE COTY(RUE),,,,910
201300038276,13,1,5,905,1,2,1,1,1,645,"123, ESTIENNES D ORVES (",,,,910
201300038277,13,1,8,845,2,2,3,8,6,645,"138, ESTIENNES D ORVES (",,,,910
201300038278,13,1,8,1230,1,2,1,1,6,692,"1, DORDOGNE (AVENUE DE)",,,,910
201300038279,13,1,16,820,2,2,3,1,6,692,"13, BERRY (AVENUE DU)",,,,910
201300038280,13,1,28,1820,5,2,1,1,6,312,VAUHALLAN (ROUTE),,,,910
201300038281,13,1,29,1810,5,2,1,2,6,471,"41, DUBREUIL (BOULEVARD)",,,,910
201300038282,13,1,30,1615,1,2,1,1,6,645,CAMBACERES (AVENUE),,,,910
201300038283,13,2,6,1155,1,2,4,1,2,477,GEORGE SAND (RUE),,,,910
201300038284,13,2,13,1820,5,2,1,1,6,645,"9, HUE (RUE MARIUS)",,,,910
201300038285,13,11,5,1755,4,2,1,2,6,692,"1, SAINTONGE(AVENUE DE)",,,,910
201300038286,13,11,30,1140,1,2,1,1,3,471,MONDETOUR (BOULEVARD,,,,910
201300038287,13,2,13,2220,5,2,3,1,1,477,CHARLES PEGUY (RUE),,,,910
201300038288,13,2,18,720,1,2,4,1,3,477,BOURGEOIS (RUE LEON),,,,910
201300038289,13,1,16,1325,1,2,1,1,2,471,"13, MONTHLERY (ROUTE DE)",,,,910
201300038290,13,2,22,1030,1,2,2,1,3,312,FERME (RUE),,,,910
201300038291,13,2,16,1330,1,1,1,1,5,477,CD 36,,,,910
201300038292,13,2,13,745,1,2,3,1,6,122,HACQUINIERE (ALLEE DE,,,,910
201300038293,13,2,28,1915,5,2,3,1,6,477,GUTENBERG (RUE),,,,910
201300038294,13,1,26,55,5,2,1,1,6,477,"17, GUTEMBERG (RUE)",,,,910
201300038295,13,1,23,1430,1,2,1,1,4,692,MORVAN (RUE DU),,,,910
201300038296,13,3,1,1800,2,2,3,1,1,471,"14, CHARLES DE GAULLE (R",,,,910
201300038297,13,3,19,805,1,1,1,1,3,477,VAUVE (AV DE LA),,,,910
201300038298,13,3,15,1720,1,2,1,1,6,471,DOCTEUR ERNEST LAURIAT (,,,,910
201300038299,13,3,22,830,1,2,1,1,6,477,"36, HUIT MAI 1945 (AVENU",,,,910
201300038300,13,3,26,1740,1,2,1,1,3,692,TROPIQUES (AVENUE DES),,,,910
201300038301,13,4,9,1700,1,2,1,1,6,471,ANDRE MAGINOT (RUE),,,,910
201300038302,13,4,8,900,1,2,1,1,3,122,GUYONNERIE (rue de la,,,,910
201300038303,13,4,16,1545,1,2,1,1,1,645,GEORGES POMPIDOU (AVE,,,,910
201300038304,13,4,19,1650,1,2,2,8,3,477,HUGO (RUE VICTOR),,,,910
201300038305,13,4,21,1700,1,2,1,1,3,477,"51, PARIS (RUE DE)",,,,910
201300038306,13,4,26,1845,1,2,3,2,3,064,PARIS (RUE DE),,,,910
201300038307,13,4,29,1115,1,2,1,1,2,477,"1, GENERAL DE GAULLE (AV",,,,910
201300038308,13,4,17,925,1,2,9,1,3,471,CHEVREUSE (RUE DE),,,,910
201300038309,13,5,12,1140,1,1,1,1,3,064,VERSAILLES (ROUTE DE),,,,910
201300038310,13,5,22,1555,1,2,1,1,6,477,ALLIES (AVENUE DES),,,,910
201300038311,13,5,28,1755,1,2,1,1,6,477,BERTEAUX (RUE MAURICE,,,,910
201300038312,13,6,8,1655,1,2,1,1,2,064,L�on MIGNOTTE (rue),,,,910
201300038313,13,6,9,730,1,2,1,2,6,645,FOCH (BOULEVARD DU MA,,,,910
201300038314,13,6,2,220,5,2,1,1,6,312,BRULIS (RUE),,,,910
201300038315,13,6,11,1530,1,2,1,1,4,477,"38, HUIT MAI 1945 (AVENU",,,,910
201300038316,13,5,27,2130,5,2,9,1,6,064,"76, PARIS (RUE DE)",,,,910
201300038317,13,6,15,1740,1,2,1,1,3,064,PETIT BIEVRES (RUE DU),,,,910
201300038318,13,6,18,2055,1,2,1,1,6,122,"40, HACQUINIERE (RUE DE",,,,910
201300038319,13,5,27,1858,1,2,1,1,1,692,GUYENNE (AVENUE),,,,910
201300038320,13,6,23,200,3,1,1,8,3,064,CD 117 (ROUTE DE JOUY,,,,910
201300038321,13,5,27,1620,1,2,1,1,2,477,GUTEMBERG (RUE),,,,910
201300038322,13,5,17,1115,1,2,1,1,6,692,CENTRE COMMERCIAL ULI,,,,910
201300038323,13,7,3,840,1,2,1,1,6,477,HUIT MAI 1945 (AVENUE,,,,910
201300038324,13,7,11,905,1,2,1,1,2,122,CHARLES DE GAULLE(RUE,,,,910
201300038325,13,7,12,2045,1,1,4,1,6,692,RD35,,,,910
201300038326,13,5,29,900,1,2,1,1,1,064,"21, PARIS (RUE DE)",,,,910
201300038327,13,6,9,1055,1,2,1,1,2,064,"GISY (ROUTE, JUSQU'A BUR",,,,910
201300038328,13,6,7,1620,1,2,1,1,3,692,"8, ANDES (AVENUE DES)",,,,910
201300038329,13,7,15,1220,1,2,6,1,4,692,RD 446,,,,910
201300038330,13,8,10,2345,4,2,3,1,1,645,GABRIEL PERI (AV),,,,910
201300038331,13,8,21,2329,5,1,1,1,6,692,OCEANIE (AVENUE DE L',,,,910
201300038332,13,8,28,1730,1,2,1,1,1,645,"20, BLIN (RUE)",,,,910
201300038333,13,9,3,800,1,2,6,1,2,692,OCEANIE (AVENUE DE L',,,,910
201300038334,13,7,13,1020,1,2,1,1,6,064,PARIS (RUE DE),,,,910
201300038335,13,9,5,1815,1,2,3,1,3,122,"9, VIERGE (RUE DE LA)",,,,910
201300038336,13,9,6,1305,1,2,1,1,6,692,"2, SAINTONGE(AVENUE DE)",,,,910
201300038337,13,9,9,805,1,2,1,1,6,692,ALSACE (AVENUE D'),,,,910
201300038338,13,9,9,1520,1,2,3,2,3,477,VIALA (BOULEVARD),,,,910
201300038339,13,9,10,1025,1,2,1,1,6,312,DIVISION LECLERC (AVE,,,,910
201300038340,13,9,26,755,1,2,9,1,3,471,TROCHE (RUE DE LA),,,,910
201300038341,13,9,28,2110,5,2,7,8,7,312,RHIN ET DANUBE (PLACE,,,,910
201300038342,13,9,30,2100,5,2,1,1,5,064,"7, L�on MIGNOTTE (rue)",,,,910
201300038343,13,10,1,805,1,2,1,1,6,477,"63, ALLIES (AVENUE DES)",,,,910
201300038344,13,10,1,1605,1,2,1,1,6,477,"136BIS, PARIS (RUE DE)",,,,910
201300038345,13,10,10,110,4,1,1,2,6,692,RD 446,,,,910
201300038346,13,10,12,1100,1,2,1,8,6,477,ALLIES (AVENUE DES),,,,910
201300038347,13,10,12,1355,1,2,1,1,6,692,"5, BOURGOGNE (AVENUE DE)",,,,910
201300038348,13,10,15,930,1,2,1,7,6,645,PARON (RUE DE),,,,910
201300038349,13,10,18,1745,1,2,3,1,6,477,ALLIES (AVENUE DES),,,,910
201300038350,13,10,24,1540,1,2,1,1,3,477,HUNIERE (CHEMIN DE LA,,,,910
201300038351,13,10,29,1315,1,2,3,1,6,477,PARIS (RUE DE),,,,910
201300038352,13,10,15,1610,1,2,1,1,1,471,GUILLOTERIE (ALLEE DE,,,,910
201300038353,13,11,9,1230,1,2,1,2,6,645,MARECHAL FOCH (BOULEV,,,,910
201300038354,13,11,11,2130,5,2,1,1,6,471,"23, LOUIS SCOCARD (RUE)",,,,910
201300038355,13,11,29,845,1,2,1,1,2,692,"25, ANJOU (AVENUE D')",,,,910
201300038356,13,12,3,1625,1,1,1,1,2,477,VAUVE (RUE DE LA),,,,910
201300038357,13,12,11,1050,1,1,1,4,1,471,MONTHLERY (ROUTE DE),,,,910
201300038358,13,12,23,1905,5,2,1,1,2,477,CD 128,,,,910
201300038359,13,12,12,1310,1,2,1,1,2,692,SAINTONGE(AVENUE DE),,,,910
201300038360,13,12,29,115,5,2,1,1,6,122,"144, CHARTRES (ROUTE DE)",,,,910
201300038361,13,12,2,1100,1,2,1,1,3,692,ALSACE (AVENUE D'),,,,910
201300038362,13,12,3,825,1,2,2,1,3,471,EPI D OR (AVENUE DE L,,,,910
201300038363,13,10,4,1555,1,2,1,1,3,477,HUIT MAI 1945 (AVENUE,,,,910
201300038364,13,1,3,2350,5,2,1,2,6,570,"5, SAINTE GENEVIEVE (RUE",,,,910
201300038365,13,1,8,2045,3,1,6,1,2,685,CHASSE (ROUTE),,,,910
201300038366,13,2,6,1630,1,2,1,1,3,216,"04, GRANDE RUE",,,,910
201300038367,13,2,6,1815,5,2,2,1,3,549,"134, REPUBLIQUE (AVENUE",,,,910
201300038368,13,2,14,1130,1,2,1,3,6,570,MONTLHERY (RUE),,,,910
201300038369,13,3,28,1555,1,2,1,1,2,549,LONGPONT (ROUTE DE),,,,910
201300038370,13,4,6,110,5,2,1,1,6,549,CORBEIL (ROUTE DE),,,,910
201300038371,13,4,11,1505,1,2,1,1,3,216,chemin des tourelles,,,,910
201300038372,13,3,29,1640,1,2,1,1,6,549,"9, REGIMENT NORMANDIE-NI",,,,910
201300038373,13,4,20,1200,1,2,1,1,6,216,chemin des tourelles,,,,910
201300038374,13,4,29,2115,5,2,1,1,6,570,3 bis rue d'Alembert,,,,910
201300038375,13,4,30,815,1,2,1,1,6,549,"6-8, CHASSEURS (RUE DES)",,,,910
201300038376,13,6,2,915,1,2,2,1,3,549,REGIMENT NORMANDIE-NIEME,,,,910
201300038377,13,6,3,1020,1,2,2,1,3,216,"2, PETIT VAUX (RUE)",,,,910
201300038378,13,6,25,1950,1,2,2,1,3,549,VICTOR BASCH (RUE),,,,910
201300038379,13,6,27,825,1,2,1,1,6,570,"01, LIERS (RUE)",,,,910
201300038380,13,7,2,2000,1,2,1,1,6,549,"4, LIBERTE (AVENUE DE LA",,,,910
201300038381,13,7,5,1810,1,2,1,1,6,216,CD 257,,,,910
201300038382,13,8,16,1130,1,2,1,1,6,549,"170, GABRIEL PERI (AVENU",,,,910
201300038383,13,8,23,1900,1,2,1,1,6,570,"26, BIZET (RUE)",,,,910
201300038384,13,9,5,2010,5,2,2,1,3,549,VICTOR HUGO (AVENUE),,,,910
201300038385,13,9,6,800,1,2,1,1,6,549,"22, MARECHAL FOCH (RUE D",,,,910
201300038386,13,9,27,1310,1,2,1,1,3,549,"262, RD 117",,,,910
201300038387,13,9,29,2005,2,2,2,2,3,549,GUY MOQUET (AVENUE),,,,910
201300038388,13,10,7,1950,5,2,1,1,1,549,"1, ANNE FRANCK (RUE)",,,,910
201300038389,13,10,15,730,2,1,1,2,1,570,NOUE ROUSSEAU (RUE D,,,,910
201300038390,13,10,23,1545,1,2,1,1,6,570,"18, SAINT SAENS (RUE)",,,,910
201300038391,13,11,21,745,1,1,1,2,2,216,BALLAINVILLIERS (RUE),,,,910
201300038392,13,11,22,1730,5,2,7,1,1,216,MONSEAUX (PLACE),,,,910
201300038393,13,11,29,1645,2,2,1,2,6,549,JACQUES DUCLOS (AVENUE),,,,910
201300038394,13,12,3,1000,1,2,1,1,2,549,BRETIGNY (AVENUE DE),,,,910
201300038395,13,12,9,1700,5,2,2,1,6,549,EPERON (AVENUE DE L'),,,,910
201300038396,13,12,18,1825,5,2,1,1,2,216,RD 257,,,,910
201300038397,13,12,20,1555,1,2,7,1,6,216,MONSEAUX (PLACE),,,,910
201300038398,13,1,21,800,2,2,6,4,6,432,FONTAINE (PLACE GABRIEL),,,,910
201300038399,13,12,17,800,2,2,2,1,6,432,BRIAND (AVENUE ARISTIDE),,,,910
201300038400,13,1,1,500,4,2,1,2,6,589,CD 25,,,,910