Num_Acc,an,mois,jour,hrmn,lum,agg,int,atm,col,com,adr,gps,lat,long,dep
201300040792,13,9,5,2120,5,2,1,1,6,001,"87, EDOUARD VAILLANT (BL",,,,930
201300040793,13,9,9,1200,1,2,1,3,6,001,36 ANATOLE FRANCE (BLD),,,,930
201300040794,13,9,10,1000,1,2,1,1,6,001,"1, PRESIDENT ROOSEVELT (",,,,930
201300040795,13,9,20,830,1,2,1,1,6,001,"184, CITES (RUE DES)  12",,,,930
201300040796,13,9,20,750,1,2,3,1,3,001,"120, FELIX FAURE (BLD) 1",,,,930
201300040797,13,9,22,1100,1,2,1,1,6,001,"28, SAINT DENIS (RUE DE)",,,,930
201300040798,13,9,23,915,1,2,1,1,6,001,REPUBLIQUE (AVE DE LA ),,,,930
201300040799,13,9,24,1915,2,2,1,1,3,001,"3, LANDY (RUE DU) => 16/",,,,930
201300040800,13,9,25,1310,1,2,1,1,3,001,"76, REPUBLIQUE (AVE DE L",,,,930
201300040801,13,9,25,1630,1,2,1,1,6,001,26 HENRI BARBUSSE (RUE),,,,930
201300040802,13,10,1,1720,1,2,1,1,3,001,"100, VICTOR HUGO (AVE)",,,,930
201300040803,13,10,2,1130,1,2,1,1,2,001,", FELIX FAURE (BLD)  =>",,,,930
201300040804,13,10,3,1035,1,2,1,1,5,001,"60, PRESIDENT ROOSEVELT",,,,930
201300040805,13,10,4,1940,5,2,1,1,5,001,"191, JEAN JAURES  (AVE)",,,,930
201300040806,13,10,6,1410,1,2,2,1,3,001,ANDRE KARMAN (RUE)  => 1,,,,930
201300040807,13,10,9,2340,5,2,1,1,6,001,REPUBLIQUE (AVE DE LA ),,,,930
201300040808,13,10,12,915,1,2,2,1,3,001,"57, ANATOLE FRANCE  (BLD",,,,930
201300040809,13,10,23,1740,1,2,1,1,6,001,"98, VICTOR HUGO (AVE)  =",,,,930
201300040810,13,10,24,1700,1,2,1,1,6,001,"1, VALMY (RUE DE)",,,,930
201300040811,13,10,24,1825,1,2,2,1,2,001,"x, VICTOR HUGO (AVE)  =>",,,,930
201300040812,13,10,24,2220,5,2,3,1,3,001,"122, VICTOR HUGO (AVE)",,,,930
201300040813,13,10,25,945,1,2,1,1,6,001,"50, HEURTAULT (RUE)",,,,930
201300040814,13,10,29,1750,1,2,2,1,3,001,1 PORT (RUE DU)  (IMPAI,,,,930
201300040815,13,10,31,250,5,2,3,1,2,001,", JEAN JAURES  (AVE)  15",,,,930
201300040816,13,11,1,2120,5,2,1,3,7,001,"78, FELIX FAURE (BLD) =>",,,,930
201300040817,13,11,4,1700,1,2,1,1,6,001,"3, FERRAGUS (RUE)  7/8 =",,,,930
201300040818,13,11,6,1710,2,2,1,2,6,001,"120, HELENE COCHENNEC (R",,,,930
201300040819,13,11,12,800,1,2,1,1,6,001,20 COURNEUVE (RUE DE LA,,,,930
201300040820,13,11,14,1020,1,2,1,2,6,001,55 FELIX FAURE (BLD) =>,,,,930
201300040821,13,11,18,1210,1,2,1,1,6,001,75 REPUBLIQUE (AVE DE L,,,,930
201300040822,13,11,20,1955,5,2,1,2,2,001,"73, JEAN JAURES (AVE) 55",,,,930
201300040823,13,11,21,900,1,2,1,2,2,001,"1, LAUTREAMONT (RUE)",,,,930
201300040824,13,11,25,1130,1,2,5,1,1,001,GARDINOUX (RUE DES),,,,930
201300040825,13,11,26,1505,1,2,4,1,3,001,"10, REPUBLIQUE (AVE DE L",,,,930
201300040826,13,11,29,555,5,2,2,1,3,001,CITES (RUE DES)  93/100,,,,930
201300040827,13,11,29,1115,1,2,1,1,6,001,"239, JEAN JAURES (AVE)",,,,930
201300040828,13,11,30,235,5,2,3,1,2,001,"131, JEAN JAURES (AVE)",,,,930
201300040829,13,12,3,1545,1,2,1,1,6,001,6 HENRI MANIGART (RUE),,,,930
201300040830,13,12,11,1915,5,2,1,1,3,001,"8, GARDINOUX (RUE DES)",,,,930
201300040831,13,12,18,1440,1,2,1,1,6,001,47 REPUBLIQUE (AVE DE L,,,,930
201300040832,13,12,21,550,5,2,3,1,6,001,EDOUARD POISSON  (RUE) (,,,,930
201300040833,13,12,21,1340,1,2,3,1,3,001,REPUBLIQUE (AVE DE LA ),,,,930
201300040834,13,12,23,1420,1,2,1,1,6,001,DANIELLE CASANOVA (RUE),,,,930
201300040835,13,12,23,1745,5,2,1,6,6,001,WALDECK ROCHET (RUE),,,,930
201300040836,13,12,27,2300,5,2,1,2,6,001,"38, HEMET (RUE) (PAIR)",,,,930
201300040837,13,1,1,730,5,2,6,1,5,005,EUROPE (CARREFOUR DE L'),,,,930
201300040838,13,1,17,1710,1,2,1,1,3,071,"33, LEON JOUHAUX (AVENU",,,,930
201300040839,13,1,2,1350,1,1,1,1,3,005,ROBERT BREMOND (RUE),,,,930
201300040840,13,2,20,1810,2,2,1,1,2,071,"100, AULNAY (RUE D')",,,,930
201300040841,13,1,3,2020,5,2,1,2,3,005,IRENE ET FREDERIC JOLIOT,,,,930
201300040842,13,3,14,1330,1,2,1,1,6,071,"10, MARCHE (AVENUE DU)",,,,930
201300040843,13,1,3,2330,5,2,3,1,3,005,FRANCOIS MASSE (RUE),,,,930
201300040844,13,1,4,1430,1,2,1,1,6,005,"NEANT, PARINOR",,,,930
201300040845,13,3,25,1720,1,2,1,1,6,071,GENERAL LECLERC (AVENUE,,,,930
201300040846,13,1,6,2235,5,2,1,2,6,005,"16, JEAN CHARCOT [CD115]",,,,930
201300040847,13,3,29,1150,1,2,1,1,6,071,GARE (RUE DE LA),,,,930
201300040848,13,1,12,1245,1,2,3,2,3,005,MARC CHAGALL (BOULEVARD),,,,930
201300040849,13,4,1,1615,1,2,1,1,6,071,0 PETITS PONTS (ROUTE D,,,,930
201300040850,13,1,12,1400,1,2,1,2,2,005,GEORGES BRAQUE (BOULEVAR,,,,930
201300040851,13,4,5,1600,1,2,1,1,6,071,"18, AULNAY (BOULEVARD D'",,,,930
201300040852,13,1,14,1600,5,2,1,1,2,005,RAOUL DUFY (AVENUE),,,,930
201300040853,13,1,17,2100,5,2,3,1,6,005,BERTEAUX (RUE),,,,930
201300040854,13,4,15,1100,1,2,3,2,6,071,1 GABRIEL PERI (RUE),,,,930
201300040855,13,1,21,1845,5,2,1,4,6,005,PAUL CEZANNE (RUE),,,,930
201300040856,13,4,16,1800,1,2,1,1,4,071,"13, CHARLES CONRAD (RUE)",,,,930
201300040857,13,4,23,1845,1,2,1,1,2,071,PEUPLIERS (ALLEE DES),,,,930
201300040858,13,1,24,1320,1,2,1,1,6,005,AMBOURGET (RUE),,,,930
201300040859,13,1,25,1730,5,2,1,1,6,005,CHARLES DE GAULLE [CD115,,,,930
201300040860,13,4,27,945,1,2,1,1,3,071,"1, GUY CAM (RUE)",,,,930
201300040861,13,5,2,1930,1,2,1,1,3,071,"8, SAVIGNY (CHEMIN DE)",,,,930
201300040862,13,1,31,2134,5,2,2,1,2,005,JACQUES DUCLOS [CD44] (R,,,,930
201300040863,13,5,5,1840,1,2,2,1,3,071,"26, GAMBETTA (AVENUE)",,,,930
201300040864,13,5,9,1310,1,2,3,1,6,071,"1, BALLANGER ROBERT (AVE",,,,930
201300040865,13,2,4,104,5,2,2,2,3,005,WALDECK ROUSSEAU (RUE),,,,930
201300040866,13,5,14,1430,1,2,1,1,2,071,GENERAL LECLERC (AVENUE,,,,930
201300040867,13,2,5,830,1,2,2,2,6,005,PREFET CHALEIL (CD44) (R,,,,930
201300040868,13,5,17,1630,1,2,2,1,6,071,PIERRE BROSSOLETTE (RUE),,,,930
201300040869,13,2,5,1600,1,2,6,1,3,005,CLEMENT ADER (RUE),,,,930
201300040870,13,2,6,1740,1,2,1,1,1,005,LELIEVRE (AVENUE),,,,930
201300040871,13,5,16,1610,1,2,1,8,6,071,SALVADOR ALLENDE (AVENUE,,,,930
201300040872,13,5,31,1700,1,2,1,1,3,071,"33, LUCIEN SAMPAIX (RUE)",,,,930
201300040873,13,6,5,1310,1,2,3,1,3,071,"1, GABRIEL PERI (RUE)",,,,930
201300040874,13,2,18,825,1,2,3,1,3,005,HOTEL DE VILLE (BOULEVAR,,,,930
201300040875,13,2,20,1800,2,2,1,1,6,005,"1, AULNES (RUE DES)",,,,930
201300040876,13,6,12,1900,1,2,1,1,3,071,BOUGAINVILLE (ALLEE),,,,930
201300040877,13,2,21,1900,5,2,3,1,3,005,PASCAL LECOINTRE (RUE),,,,930
201300040878,13,6,15,1820,1,2,1,1,6,071,VICTOR HUGO (AVENUE),,,,930
201300040879,13,2,25,925,1,2,2,4,6,005,"97, JACQUES DUCLOS [CD44",,,,930
201300040880,13,2,25,1140,1,2,2,1,6,005,CHARLES FLOQUET (BOULEVA,,,,930
201300040881,13,6,20,1340,1,2,2,1,3,071,PEUPLIERS (ALLEE DES),,,,930
201300040882,13,3,17,615,2,2,2,2,6,005,ORLEANS (RUE D'),,,,930
201300040883,13,7,5,1550,1,2,1,1,3,071,RAOUL DAUTRY (AVENUE),,,,930
201300040884,13,3,27,2050,3,2,2,1,3,005,AMBROISE PARE (RUE),,,,930
201300040885,13,3,28,1040,1,2,2,1,3,005,ROISSY EN FRANCE [CR N9],,,,930
201300040886,13,7,15,30,5,2,1,1,3,071,"79, AULNAY (RUE D')",,,,930
201300040887,13,7,16,1730,1,2,2,1,3,071,"1, LIVRY (AVENUE DE)",,,,930
201300040888,13,4,7,2010,1,2,1,1,2,005,MITRY [CD115] (ROUTE DE),,,,930
201300040889,13,7,16,2050,1,2,1,1,6,071,"06, EST (RUE DE L')",,,,930
201300040890,13,4,11,1805,1,2,2,1,3,005,MUN (AVENUE DE),,,,930
201300040891,13,4,14,1430,1,2,1,1,7,005,EDGAR DEGAS (RUE),,,,930
201300040892,13,4,14,1720,1,2,1,1,7,005,RAOUL DUFY (AVENUE),,,,930
201300040893,13,4,18,1635,1,2,1,1,6,005,"36, JACQUES DUCLOS [CD44",,,,930
201300040894,13,4,21,1900,1,2,2,1,3,005,POMEREU (AVENUE DE),,,,930
201300040895,13,8,18,2045,2,2,1,2,6,071,ALFRED NOBEL (AVENUE),,,,930
201300040896,13,4,23,1820,1,2,1,1,2,005,RAOUL DUFY (AVENUE),,,,930
201300040897,13,9,9,1130,1,2,2,2,3,071,"1, COMMANDANT CHARCOT (A",,,,930
201300040898,13,4,24,1300,1,2,1,1,6,005,BLAISE PASCAL (RUE),,,,930
201300040899,13,10,1,1500,1,2,1,1,2,071,0 HENRI BECQUEREL (RUE),,,,930
201300040900,13,4,27,920,1,2,1,1,7,005,72 MITRY [CD115] (ROUTE,,,,930
201300040901,13,10,4,2000,5,2,1,1,1,071,PEUPLIERS (ALLEE DES),,,,930
201300040902,13,5,3,1605,1,2,1,1,2,005,LOUIS ARMAND (CARREFOUR),,,,930
201300040903,13,5,6,930,1,2,1,2,6,005,"23, ROMAIN ROLLAND (AVEN",,,,930
201300040904,13,5,10,2200,5,2,1,1,6,005,", BLAISE PASCAL (RUE)",,,,930
201300040905,13,5,11,1400,1,2,1,1,6,005,"23, HOTEL DE VILLE (BOUL",,,,930
201300040906,13,5,22,2000,1,2,1,1,1,005,SAVIGNY (AVENUE DE),,,,930
201300040907,13,5,23,1135,1,2,2,1,3,005,PAUL CEZANNE (RUE),,,,930
201300040908,13,11,8,1830,5,2,3,2,1,071,"24, LIVRY (AVENUE DE)",,,,930
201300040909,13,5,24,1550,1,2,1,3,6,005,"39, JULES PRINCET [CD115",,,,930
201300040910,13,11,13,650,5,2,1,1,6,071,JEAN MOULIN (CARREFOUR),,,,930
201300040911,13,5,24,1930,1,2,7,1,3,005,CHARLES DE GAULLE [CD115,,,,930
201300040912,13,11,27,1240,1,2,3,1,2,071,45 HENRI BARBUSSE (AVEN,,,,930
201300040913,13,5,24,2140,5,2,1,8,2,005,", MARC CHAGALL (BOULEVAR",,,,930
201300040914,13,11,28,1145,1,2,3,1,3,071,0 LIVRY (AVENUE DE),,,,930
201300040915,13,5,28,1330,1,2,1,2,6,005,HOTEL DE VILLE (BOULEVAR,,,,930
201300040916,13,12,20,1330,1,2,2,1,6,071,"0, WESTINGHOUSE (BOULEVA",,,,930
201300040917,13,5,30,1440,1,2,1,8,2,005,MITRY [CD115] (ROUTE DE),,,,930
201300040918,13,6,5,1645,1,2,1,1,6,005,DOCTEUR ROUX (RUE DU),,,,930
201300040919,13,6,5,2100,1,2,1,1,6,005,"3, VIENNE (ALLEE DE)",,,,930
201300040920,13,6,10,1910,1,2,1,1,3,005,GEORGES BRAQUE (BOULEVAR,,,,930
201300040921,13,6,11,1000,1,2,1,1,3,005,GENERAL GALLIENI (BOULEV,,,,930
201300040922,13,6,16,1200,1,2,1,1,6,005,"30, MOULIN DE LA VILLE (",,,,930
201300040923,13,6,18,1345,1,2,2,1,5,005,OLIVIERS (RUE DES),,,,930
201300040924,13,6,18,1440,1,2,2,1,3,005,MARCEL SEMBAT (RUE),,,,930
201300040925,13,6,18,1730,1,2,1,1,6,005,"01, MARECHAL JUIN (AVENU",,,,930
201300040926,13,6,20,1030,1,2,6,8,3,005,CHARLES DE GAULLE [CD115,,,,930
201300040927,13,6,21,1945,1,2,1,1,6,005,"11, GENERAL LECLERC (PLA",,,,930
201300040928,13,6,25,2100,5,2,1,1,1,005,EDGAR DEGAS (RUE),,,,930
201300040929,13,6,27,1700,1,2,1,1,6,005,MARC CHAGALL (BOULEVARD),,,,930
201300040930,13,6,28,1020,1,2,1,2,7,005,ANDRE CITROEN (BOULEVARD,,,,930
201300040931,13,7,4,2336,5,2,1,1,3,005,"24, JULES PRINCET [CD115",,,,930
201300040932,13,7,6,1415,1,2,1,1,6,005,LOUIS ARMAND (CARREFOUR),,,,930
201300040933,13,7,7,2250,5,2,2,9,3,005,JEAN JAURES (AVENUE),,,,930
201300040934,13,7,11,2000,1,2,1,1,3,005,"04, GROS PEUPLIER (AVENU",,,,930
201300040935,13,7,12,1255,1,2,1,1,6,005,GASPARD MONGE (RUE),,,,930
201300040936,13,7,12,2335,5,2,1,1,2,005,GEORGES BRAQUE (BOULEVAR,,,,930
201300040937,13,7,18,1820,1,2,1,1,4,005,"36, JULES PRINCET [CD115",,,,930
201300040938,13,7,19,1850,1,2,1,1,2,005,JULES PRINCET [CD115] (R,,,,930
201300040939,13,7,25,1200,1,2,3,1,3,005,PIMODAN (RUE DE),,,,930
201300040940,13,7,29,1510,1,2,1,1,3,005,SUZANNE LENGLEN (AVENUE),,,,930
201300040941,13,8,2,1745,1,2,1,1,6,005,SUZANNE LENGLEN (AVENUE),,,,930
201300040942,13,8,4,725,1,2,1,1,3,005,JULES VALLES (RUE),,,,930
201300040943,13,8,18,2015,1,2,3,1,2,005,CHARLES GOUPPY (RUE),,,,930
201300040944,13,8,20,2135,5,2,3,1,2,005,"NEANT, RAOUL DUFY (AVENU",,,,930
201300040945,13,8,22,2000,1,2,1,1,3,005,"6, JULES PRINCET [CD115]",,,,930
201300040946,13,8,25,125,5,2,1,3,3,005,OLIVIERS (RUE DES),,,,930
201300040947,13,8,31,810,1,2,2,2,3,005,", JULES PRINCET [CD115]",,,,930
201300040948,13,8,31,1930,1,2,2,1,6,005,MADRID (RUE DE),,,,930
201300040949,13,9,6,1315,1,2,2,1,3,005,ROISSY EN FRANCE [CR N9],,,,930
201300040950,13,9,8,1810,1,2,3,1,3,005,JEAN CHARCOT [CD115] (RU,,,,930
201300040951,13,9,10,800,1,2,1,1,1,005,MOULIN DE LA VILLE (CHEM,,,,930
201300040952,13,9,10,1730,1,2,1,1,6,005,CLAUDE DEBUSSY (RUE),,,,930
201300040953,13,9,11,1330,1,2,1,1,2,005,ROBERT SCHUMAN (CARREFOU,,,,930
201300040954,13,9,12,1420,1,2,1,1,6,005,"NEANT, MARC CHAGALL (BOU",,,,930
201300040955,13,9,15,1345,1,2,1,1,3,005,MARC CHAGALL (BOULEVARD),,,,930
201300040956,13,9,19,1230,1,2,1,1,6,005,SEVRAN (CD44) (RUE DE),,,,930
201300040957,13,9,22,1315,1,2,1,2,6,005,RAOUL DUFY (AVENUE),,,,930
201300040958,13,9,23,2030,5,2,3,1,3,005,COTTAGE (AVENUE DU),,,,930
201300040959,13,9,26,730,1,2,3,1,6,005,"1, JULES VALLES (RUE)",,,,930
201300040960,13,9,26,940,1,2,1,1,2,005,ANDRE CITROEN (BOULEVARD,,,,930
201300040961,13,9,27,1145,1,2,9,1,3,005,MARC CHAGALL (BOULEVARD),,,,930
201300040962,13,9,29,1600,1,2,1,1,6,005,WALDECK ROUSSEAU (RUE),,,,930
201300040963,13,9,29,2140,5,2,1,2,6,005,MITRY [CD115] (ROUTE DE),,,,930
201300040964,13,10,5,1540,1,2,1,1,6,005,DOCTEUR GARASSE (RUE DU),,,,930
201300040965,13,10,5,2140,5,2,3,1,3,005,"41, MOULIN DE LA VILLE (",,,,930
201300040966,13,10,7,1755,1,2,1,1,6,005,"7-9, MARCO POLO (RUE)",,,,930
201300040967,13,10,8,1615,1,2,1,1,4,005,ANDRE CITROEN (BOULEVARD,,,,930
201300040968,13,10,9,936,1,2,2,1,3,005,LELIEVRE (AVENUE),,,,930
201300040969,13,10,11,1600,1,2,9,8,3,005,GARONOR,,,,930
201300040970,13,10,13,155,5,2,1,1,6,005,", BRUNETIERE (RUE)",,,,930
201300040971,13,10,16,510,4,2,1,1,3,005,CHARLES DE GAULLE [CD115,,,,930
201300040972,13,10,16,2030,5,2,3,2,6,005,AMBROISE PARE (RUE),,,,930
201300040973,13,10,17,1625,1,2,1,1,6,005,ANDRE CITROEN (BOULEVARD,,,,930
201300040974,13,10,17,1635,1,2,1,1,6,005,JEAN BART (ALLEE),,,,930
201300040975,13,10,17,1715,1,2,1,1,3,005,JEAN CHARCOT [CD115] (RU,,,,930
201300040976,13,10,18,1015,1,2,1,1,3,005,JACQUES DUCLOS [CD44] (R,,,,930
201300040977,13,10,19,1030,1,2,1,8,2,005,DEUX PONTS (RUE DES),,,,930
201300040978,13,10,23,1945,5,2,6,1,3,005,RAOUL DUFY (AVENUE),,,,930
201300040979,13,10,23,2005,5,2,1,1,6,005,CHARLES-GOUPPY (RUE),,,,930
201300040980,13,10,25,1650,1,2,1,2,2,005,"114, MITRY [CD115] (RUE",,,,930
201300040981,13,10,28,730,1,2,1,2,6,005,ANATOLE FRANCE (AVENUE),,,,930
201300040982,13,10,31,1935,5,2,1,2,6,005,"44, PASCAL LECOINTRE (RU",,,,930
201300040983,13,11,1,1740,5,2,1,2,2,005,"01, STRASBOURG (BOULEVAR",,,,930
201300040984,13,11,3,1715,2,2,1,1,6,005,16 JEAN CHARCOT [CD115],,,,930
201300040985,13,11,5,2000,5,2,2,1,3,005,MUN (AVENUE DE),,,,930
201300040986,13,11,7,739,1,2,3,1,3,005,"neant, JEAN CHARCOT [CD1",,,,930
201300040987,13,11,7,1750,5,2,1,2,6,005,SAVIGNY (AVENUE DE),,,,930
201300040988,13,11,15,1230,1,2,1,1,3,005,JOSEPH MARIE JACQUARD (R,,,,930
201300040989,13,11,21,740,1,2,1,2,6,005,"95, JACQUES DUCLOS [CD44",,,,930
201300040990,13,11,27,1430,1,2,1,1,7,005,GEORGES BRAQUE (BOULEVAR,,,,930
201300040991,13,11,29,1930,5,2,1,2,1,005,ANATOLE FRANCE (AVENUE),,,,930
201300040992,13,12,6,1630,5,2,1,1,6,005,"10, HENRI MATISSE (RUE)",,,,930
201300040993,13,12,6,1900,5,2,2,1,3,005,"117, MITRY [CD115] (RUE",,,,930
201300040994,13,12,14,1820,5,2,3,1,3,005,MOULIN DE LA VILLE (CHEM,,,,930
201300040995,13,12,18,1103,1,2,1,1,6,005,MOULIN DE LA VILLE (CHEM,,,,930
201300040996,13,12,19,710,5,2,1,2,7,005,ANDRE CITROEN (BOULEVARD,,,,930
201300040997,13,12,19,1505,1,2,3,1,6,005,"1, LOUIS COUTANT (RUE)",,,,930
201300040998,13,12,20,1900,5,2,2,1,3,005,SAVIGNY (AVENUE DE),,,,930
201300040999,13,12,20,2145,5,1,9,1,3,005,MARC CHAGALL (BOULEVARD),,,,930
201300041000,13,12,25,1810,5,2,3,1,2,005,GENERAL GALLIENI (BOULEV,,,,930
201300041001,13,4,16,800,1,2,3,1,2,071,"0, DUMONT D'URVILLE (AVE",,,,930
201300041002,13,1,1,1930,2,2,1,1,3,007,8 MAI 45 (AVENUE DU 1 AU,,,,930
201300041003,13,1,1,1630,1,2,2,2,3,007,JEAN CATELAS (AVENUE),,,,930
201300041004,13,1,14,1715,3,2,1,1,3,007,"67, DIVISION LECLERC (AV",,,,930
201300041005,13,1,15,1913,5,2,9,1,1,007,CHARLES FLOQUET (AVENUE),,,,930
201300041006,13,1,25,1055,1,2,2,1,6,007,VICTOR HUGO (RUE),,,,930
201300041007,13,1,31,1405,1,2,1,2,6,007,"100, ""HENRI BARBUSSE (AV",,,,930
201300041008,13,2,1,1355,1,2,1,2,2,007,ALBERT EINSTEIN (aVENUE),,,,930
201300041009,13,2,7,1750,1,2,9,1,6,007,DESCARTES (AVENUE DU,,,,930
201300041010,13,2,9,2015,5,2,3,1,6,007,GILBERT DRU (RUE),,,,930
201300041011,13,2,14,640,5,2,1,2,1,007,ARISTIDE BRIAND (AVENUE,,,,930
201300041012,13,2,18,1505,1,2,3,1,3,007,"104, HENRI BARBUSSE (AVE",,,,930
201300041013,13,2,24,1750,1,2,1,2,6,007,DIVISION LECLERC (ROND-P,,,,930
201300041014,13,3,31,2120,5,2,1,1,3,007,8 MAI 45 (AVENUE DU 184,,,,930
201300041015,13,4,2,900,1,2,1,1,6,007,ABBE NIORT (RUE DE L'),,,,930
201300041016,13,4,6,1223,1,2,1,1,6,007,"""PAUL VAILLANT COUTURIER",,,,930
201300041017,13,4,7,2030,1,2,1,1,6,007,GILBERT DRU (RUE),,,,930
201300041018,13,4,11,650,1,2,1,1,6,007,"38, LEO DELIBES (RUE)",,,,930
201300041019,13,4,18,1940,1,2,1,1,4,007,"""DESCARTES (AVENUE """"DU",,,,930
201300041020,13,6,1,1415,1,2,1,1,3,007,"131, DE LA REPUBLIQUE (A",,,,930
201300041021,13,6,5,845,1,2,1,1,6,007,192 PAUL VAILLANT COUT,,,,930
201300041022,13,6,6,1745,1,2,1,1,2,007,"1, MARECHAL GALLIENI (AV",,,,930
201300041023,13,6,7,905,1,2,6,7,7,007,HENRI DUQUENNE (PLACE),,,,930
201300041024,13,6,8,1220,1,2,1,1,4,007,"42, ""PAUL VAILLANT COUTU",,,,930
201300041025,13,6,12,945,1,2,2,1,3,007,"00, MASCOTTES (RUE DES)",,,,930
201300041026,13,6,14,851,1,2,9,1,6,007,MARCEL CACHIN (ECOLE MAT,,,,930
201300041027,13,6,14,905,1,2,1,1,1,007,GAMBETTA (AVENUE),,,,930
201300041028,13,7,5,1905,1,2,1,1,4,007,CHARLES FLOQUET (AVENUE),,,,930
201300041029,13,7,7,2330,5,2,1,1,3,007,DE LA REPUBLIQUE (AVENUE,,,,930
201300041030,13,7,12,1345,1,2,1,1,6,007,JACQUES DECOUR (BOULEVAR,,,,930
201300041031,13,7,15,2049,1,2,2,1,3,007,PAIX (AVENUE DE LA),,,,930
201300041032,13,7,25,1435,1,2,3,1,6,007,"19, ""REPUBLIQUE (AVENUE",,,,930
201300041033,13,7,26,1510,1,2,1,1,6,007,GAMBETTA (AVENUE),,,,930
201300041034,13,8,10,1545,1,2,2,1,3,007,"79, ""HENRI BARBUSSE (AVE",,,,930
201300041035,13,8,25,1700,1,2,1,2,7,007,"13, ""PIERRE SEMARD (RUE",,,,930
201300041036,13,9,4,1700,1,2,9,1,7,007,"10, ALFRED CHOQUET (RUE)",,,,930
201300041037,13,9,8,1350,1,2,3,1,6,007,"01, ARISTIDE BRIAND (AVE",,,,930
201300041038,13,9,11,1755,1,2,2,1,3,007,PROFESSEUR FLEMING (AVEN,,,,930
201300041039,13,9,12,1,5,2,2,1,1,007,SURCOUF (AVENUE),,,,930
201300041040,13,9,17,1300,1,2,6,1,3,007,"1, PABLO NERUDA (ROND-PO",,,,930
201300041041,13,9,17,1500,1,2,6,1,3,007,PABLO NERUDA (ROND-POINT,,,,930
201300041042,13,9,22,1110,1,2,2,1,6,007,"1, ""PAUL VAILLANT COUTUR",,,,930
201300041043,13,9,30,1920,2,2,1,1,6,007,"120, ""PAUL VAILLANT COUT",,,,930
201300041044,13,10,2,2100,5,2,1,1,7,007,"""DESCARTES (AVENUE """"DU",,,,930
201300041045,13,10,11,1320,1,2,1,2,6,007,58 VLADIMIR I. LENINE (,,,,930
201300041046,13,10,11,1410,1,2,1,1,6,007,GARE SNCF,,,,930
201300041047,13,10,18,30,5,2,2,1,3,007,PROFESSEUR LANGEVIN (R,,,,930
201300041048,13,10,28,1,5,2,1,2,6,007,JACQUES DECOUR (BOULEVAR,,,,930
201300041049,13,11,7,1240,1,2,1,1,5,007,"90, ""PAUL VAILLANT COUTU",,,,930
201300041050,13,12,11,1137,1,2,1,1,6,007,"131, CHARLES FLOQUET (AV",,,,930
201300041051,13,12,14,1045,1,2,1,1,3,007,VEUVE BOUQUIN (AVENUE),,,,930
201300041052,13,12,15,1110,1,2,1,1,6,007,"192, PAUL VAILLANT COUT",,,,930
201300041053,13,1,5,2200,5,2,1,2,2,008,VAILLANT COUTURIER (AVEN,,,,930
201300041054,13,1,15,730,2,2,1,4,4,008,PARIS (RUE DE),,,,930
201300041055,13,1,21,2000,5,2,1,2,3,008,"144, BARBUSSE (AVENUE HE",,,,930
201300041056,13,1,22,1715,1,2,1,8,7,008,STALINGRAD (RUE DE) A10,,,,930
201300041057,13,1,24,25,5,2,1,9,6,008,MENDES DES CARMES (RUE),,,,930
201300041058,13,1,24,815,1,2,1,8,6,008,"19, ETOILE (RUE DE L')",,,,930
201300041059,13,1,26,1220,1,2,1,8,6,008,"108, VAILLANT (AVENUE ED",,,,930
201300041060,13,2,1,645,2,2,1,3,6,008,FOLIE (CARREFOUR DE LA),,,,930
201300041061,13,2,1,1555,1,2,1,2,2,008,90 GAUTIER (RUE HENRI),,,,930
201300041062,13,2,7,925,1,2,5,2,7,008,GREGOIRE (PLACE DE L'ABB,,,,930
201300041063,13,2,13,1545,1,2,1,1,2,008,"64, ARAGON (AVENUE LOUIS",,,,930
201300041064,13,2,23,45,5,2,3,1,6,008,BARBUSSE (AVENUE HENRI),,,,930
201300041065,13,2,25,1700,1,2,1,4,6,008,BARBUSSE (AVENUE HENRI),,,,930
201300041066,13,3,10,1840,2,1,1,1,1,008,VAILLANT COUTURIER (AVEN,,,,930
201300041067,13,3,11,940,1,2,3,2,1,008,"24, GAUTIER (RUE HENRI)",,,,930
201300041068,13,3,14,1040,1,2,1,1,6,008,VAILLANT COUTURIER (AVEN,,,,930
201300041069,13,3,18,1340,1,2,1,2,2,008,"105, PARIS (RUE DE)",,,,930
201300041070,13,3,19,2020,5,2,1,3,6,008,"2, CARENCY (RUE DE)",,,,930
201300041071,13,3,22,1630,1,2,2,1,6,008,"44, CACHIN (RUE MARCEL)",,,,930
201300041072,13,4,11,1820,1,2,3,1,3,008,MICHEL (RUE),,,,930
201300041073,13,4,12,1620,1,2,2,8,3,008,VAILLANT COUTURIER (AVEN,,,,930
201300041074,13,4,14,642,1,2,1,1,2,008,"47, PARIS (RUE DE)",,,,930
201300041075,13,4,15,1700,1,2,7,1,6,008,GREGOIRE (PLACE DE L'ABB,,,,930
201300041076,13,4,17,830,1,2,3,1,6,008,"IGNOREE, CAMIER (RUE REN",,,,930
201300041077,13,4,23,1410,1,2,1,1,1,008,"45 / 49, BABEUF (RUE)",,,,930
201300041078,13,4,25,2105,5,2,1,1,6,008,"121, VAILLANT (AVENUE ED",,,,930
201300041079,13,4,29,1930,1,2,1,1,4,008,VAILLANT COUTURIER (AVEN,,,,930
201300041080,13,4,30,1720,1,2,3,2,3,008,"28, VARLIN (RUE EUGENE)",,,,930
201300041081,13,6,1,1740,1,2,1,1,3,008,STALINGRAD (RUE DE) A10,,,,930
201300041082,13,6,4,1750,1,2,1,1,6,008,"43, CARENCY (RUE DE)",,,,930
201300041083,13,6,5,735,1,2,1,1,6,008,SEMARD (AVENUE PIERRE),,,,930
201300041084,13,6,7,1640,1,2,1,1,7,008,LATERAL (CHEMIN),,,,930
201300041085,13,6,16,1355,1,2,8,1,6,008,"4-8, RENARD (RUE EDOUARD",,,,930
201300041086,13,6,17,1915,2,2,6,2,2,008,JAURES (AVENUE JEAN),,,,930
201300041087,13,6,19,25,5,2,1,1,4,008,VAILLANT COUTURIER (AVEN,,,,930
201300041088,13,6,21,1720,1,2,1,1,6,008,CONVENTION (AVENUE DE LA,,,,930
201300041089,13,6,27,1755,1,2,6,1,3,008,STALINGRAD (RUE DE) A10,,,,930
201300041090,13,7,4,1130,1,2,1,1,6,008,BERGERE (RUE DE LA),,,,930
201300041091,13,7,4,1721,1,2,1,1,6,008,"27, LENINE (BOULEVARD)",,,,930
201300041092,13,7,10,1805,1,2,1,1,6,008,LEPETIT VERGEAT (RUE),,,,930