Num_Acc,an,mois,jour,hrmn,lum,agg,int,atm,col,com,adr,gps,lat,long,dep
201300043236,13,3,31,2215,5,2,1,1,6,022,"04, JEAN JAURES (R)",,,,940
201300043237,13,8,28,1625,1,2,2,1,3,054,BAS MARIN (R DU),,,,940
201300043238,13,5,6,1330,1,2,2,1,3,022,STALINGRAD (BD DE),,,,940
201300043239,13,12,28,1030,1,2,1,1,7,022,FOUR (R DU),,,,940
201300043240,13,8,29,1900,1,2,1,1,2,022,VILLENEUVE ST GEORGES (A,,,,940
201300043241,13,5,9,1325,1,2,1,1,6,022,ANATOLE FRANCE (AV),,,,940
201300043242,13,5,11,505,5,2,2,1,3,022,LUGO (AV DE),,,,940
201300043243,13,12,31,1620,1,2,1,1,6,054,"22, JEAN MERMOZ (R)",,,,940
201300043244,13,5,13,1650,1,2,1,1,7,054,VICTOIRE (AV DE LA),,,,940
201300043245,13,9,5,1000,1,2,1,1,6,022,WALDECK ROUSSEAU (R),,,,940
201300043246,13,9,6,1810,1,2,1,1,6,022,DOCTEUR ROUX (R DU),,,,940
201300043247,13,1,18,2120,5,2,1,4,2,022,VICTOR HUGO (AV),,,,940
201300043248,13,9,9,1235,1,2,1,2,3,022,LEON GOURDAULT (AV),,,,940
201300043249,13,8,31,440,5,2,1,1,2,054,MARCEL CACHIN (AV),,,,940
201300043250,13,10,14,1235,1,2,1,1,2,022,"10, ALFORTVILLE (AV D)",,,,940
201300043251,13,8,28,1905,1,2,2,1,3,054,VICTOIRE/COUTURIER,,,,940
201300043252,13,9,20,1645,1,2,1,1,6,054,MARCEL CACHIN (AV),,,,940
201300043253,13,11,18,850,1,2,1,1,6,022,ALFORTVILLE (AV D),,,,940
201300043254,13,12,3,825,1,2,1,1,5,022,"12, LEON GOURDAULT (AV)",,,,940
201300043255,13,4,30,1905,1,2,2,1,6,022,JEAN JAURES (R),,,,940
201300043256,13,2,5,1115,1,1,1,8,4,022,LUGO (AV DE),,,,940
201300043257,13,6,1,1045,1,2,1,1,6,022,"34, AUGUSTE BLANQUI (R)",,,,940
201300043258,13,2,7,1830,5,2,2,1,3,022,YOURI GAGARINE (AV),,,,940
201300043259,13,5,10,1130,1,2,1,1,6,022,LOUISE MICHEL (R),,,,940
201300043260,13,9,27,1435,1,2,1,1,6,022,"30, EPARGNE (R DE L)",,,,940
201300043261,13,6,3,720,1,2,1,1,6,022,"22-26, LUGO (AV DE)",,,,940
201300043262,13,6,4,1615,1,2,1,1,6,054,MARTYRS DE CHATEAUBRIANT,,,,940
201300043263,13,10,1,715,2,2,1,1,6,054,CHARLES TILLON (route),,,,940
201300043264,13,2,12,1625,1,2,1,8,6,022,YVES LEGER (R),,,,940
201300043265,13,10,4,730,2,2,9,1,2,054,BAS MARIN (R DU),,,,940
201300043266,13,10,4,1900,5,2,1,1,2,022,"28, VICTOR HUGO (AV)",,,,940
201300043267,13,6,10,820,1,2,2,1,3,054,VICTOIRE (AV DE LA),,,,940
201300043268,13,2,18,1120,1,2,1,1,6,054,VICTOIRE (AV DE LA),,,,940
201300043269,13,6,12,1140,1,2,9,8,3,022,"60, VICTOR HUGO (AV)",,,,940
201300043270,13,10,9,2000,3,1,1,2,2,081,A86,M,4877340,0240309,940
201300043271,13,6,16,1510,1,2,1,1,6,022,"43, TRAVERSIERE (R)",,,,940
201300043272,13,10,12,1550,1,2,1,1,5,054,SAULES (VOI DES),,,,940
201300043273,13,6,18,1710,1,2,2,1,3,054,VICTOIRE (AV DE LA),,,,940
201300043274,13,10,17,525,5,2,2,2,3,022,GAMBETTA (AV),,,,940
201300043275,13,10,20,1205,1,2,1,2,3,022,VICTOR HUGO (AV),,,,940
201300043276,13,10,20,2200,5,2,2,8,4,022,VICTOR HUGO (AV),,,,940
201300043277,13,10,21,1245,1,2,1,1,6,022,"20, FOUR (R DU)",,,,940
201300043278,13,3,4,1750,1,2,1,1,3,022,CHOISY (RTE DE),,,,940
201300043279,13,3,6,1735,1,2,3,1,3,054,ADRIEN RAYNAL (AV),,,,940
201300043280,13,7,1,1740,1,2,1,1,6,022,"59, DOCTEUR ROUX (R DU)",,,,940
201300043281,13,7,2,1140,1,2,1,1,3,054,"93, VICTOIRE (AV DE LA)",,,,940
201300043282,13,7,2,1525,1,2,1,1,6,022,"2, GAMBETTA (AV)",,,,940
201300043283,13,10,31,1500,1,2,3,8,2,054,MARCEL CACHIN (AV),,,,940
201300043284,13,7,6,1905,1,2,1,1,7,054,"20, ADRIEN RAYNAL (AV)",,,,940
201300043285,13,11,6,910,1,2,1,8,2,022,"115, ALFORTVILLE (AV D)",,,,940
201300043286,13,3,22,913,1,2,1,1,3,022,ANATOLE FRANCE (AV),,,,940
201300043287,13,11,8,2000,5,2,1,2,7,022,JEAN JAURES (R),,,,940
201300043288,13,11,9,1730,5,2,1,2,6,054,MARTYRS DE CHATEAUBRIANT,,,,940
201300043289,13,3,24,1845,2,2,1,1,6,022,GAMBETTA (AV),,,,940
201300043290,13,3,25,1649,1,2,1,1,3,022,"30, LEON GOURDAULT (AV)",,,,940
201300043291,13,11,14,635,5,2,7,1,6,054,MARTYRS DE CHATEAUBRIANT,,,,940
201300043292,13,7,18,1430,1,2,2,1,6,022,CHRISTOPHE COLOMB (R),,,,940
201300043293,13,3,31,1120,1,2,1,1,3,022,"54, STALINGRAD (BD DE)",,,,940
201300043294,13,3,31,1615,1,2,1,1,3,022,VICTOR HUGO (AV),,,,940
201300043295,13,11,18,1550,1,2,1,1,6,054,"68, ADRIEN RAYNAL (AV)",,,,940
201300043296,13,3,31,2050,5,2,1,1,3,022,VICTOR HUGO (AV),,,,940
201300043297,13,7,20,2145,5,2,1,1,3,022,"126, STALINGRAD (BD DE)",,,,940
201300043298,13,4,2,1340,1,2,1,1,6,022,ROBERT PEARY (R),,,,940
201300043299,13,7,23,1345,1,2,3,2,3,022,ALFORTVILLE (AV D),,,,940
201300043300,13,7,23,2050,2,2,1,1,3,022,STALINGRAD (BD DE),,,,940
201300043301,13,11,21,1850,5,2,1,2,6,022,"147, MARECHAL DE LATTRE",,,,940
201300043302,13,11,22,1500,1,2,3,8,2,022,"20, REPUBLIQUE (AV DE LA",,,,940
201300043303,13,11,22,1820,5,2,1,1,6,054,"7, VICTOIRE (AV DE LA)",,,,940
201300043304,13,7,26,1100,1,2,1,1,6,022,"01, AV ANATOLE FRANCE",M,4876520,0240948,940
201300043305,13,4,6,1600,1,2,3,1,3,054,BAS MARIN (R DU),,,,940
201300043306,13,7,26,2035,1,2,1,1,6,022,ROUGET DE LISLE (R),,,,940
201300043307,13,11,25,2230,5,2,2,1,3,022,ROUGET DE LISLE (R),,,,940
201300043308,13,11,27,1215,1,2,1,1,6,022,"43, LUGO (AV DE)",,,,940
201300043309,13,4,12,1810,1,2,1,2,2,054,MARCEL CACHIN (AV),,,,940
201300043310,13,8,1,1845,1,2,3,7,6,022,LUGO (AV DE),,,,940
201300043311,13,12,2,1000,1,2,9,1,3,022,JEAN JAURES (R),,,,940
201300043312,13,12,4,1150,1,2,3,1,2,022,"206 BIS, PARIS (R DE)",,,,940
201300043313,13,4,18,1840,1,2,7,1,6,022,VICTOR HUGO (AV),,,,940
201300043314,13,12,8,1320,1,2,1,1,6,022,"02, LEON GOURDAULT (AV)",,,,940
201300043315,13,12,9,800,1,2,1,1,3,022,"21, ANATOLE FRANCE (AV)",,,,940
201300043316,13,8,9,1200,1,2,1,1,2,054,BAS MARIN (R DU),,,,940
201300043317,13,8,12,1750,1,2,3,1,2,022,HUIT MAI 1945 (AV DU),,,,940
201300043318,13,4,25,720,1,2,1,1,6,073,"130, LATTRE DE TASSIGNY",M,4875330,0240552,940
201300043319,13,1,3,1100,1,2,1,2,2,028,AV DU MARECHAL FOCH,M,4878110,0243754,940
201300043320,13,1,7,1900,3,2,1,1,6,011,"0, CHOISY.(AVENUE DE)",,,,940
201300043321,13,1,8,1235,1,2,1,1,6,028,"40, PORTE DINER.(RUE DU)",,,,940
201300043322,13,1,14,500,5,2,1,9,6,028,"NC, HALPERN.(AVENUE BERN",,,,940
201300043323,13,1,9,2000,3,2,6,1,6,028,CAR POMPADOUR,M,4877460,0243934,940
201300043324,13,1,16,1405,1,2,3,1,3,028,"0, GAULLE(AVENUE DU GENE",,,,940
201300043325,13,1,15,800,2,2,1,2,3,028,"0, GAULLE(AVENUE DU GENE",,,,940
201300043326,13,1,14,1910,1,2,1,1,6,028,"0, PARIS.(RUE DE)",,,,940
201300043327,13,1,22,1650,1,2,2,1,6,028,"0, ARCOS.(RUE RENE)",,,,940
201300043328,13,1,26,1800,5,2,1,1,2,011,"40, COLONEL FABIEN(RUE D",,,,940
201300043329,13,1,26,1910,5,2,1,1,2,011,"02, STAINS(ROUTE DE)",,,,940
201300043330,13,1,28,1715,2,2,1,1,6,028,"0, CHOISY(ROUTE DE)",,,,940
201300043331,13,1,30,843,1,2,1,2,6,028,"0, CASALIS.(AVE DU DR PA",,,,940
201300043332,13,2,1,1710,2,2,3,1,3,028,"0, CHAMPEVAL(AVE JEAN-BA",,,,940
201300043333,13,2,3,1630,1,2,1,1,6,028,"0, SATIE.(RUE ERIK)",,,,940
201300043334,13,2,2,5,5,2,1,1,4,028,"0, CHOISY(ROUTE DE)",,,,940
201300043335,13,1,31,1525,1,2,1,1,2,028,"0, CHOISY(ROUTE DE)",,,,940
201300043336,13,2,5,1110,1,2,1,1,2,011,"49, MOULIN BATEAU.(RUE D",,,,940
201300043337,13,2,6,915,1,2,1,1,6,028,"24, BLEUETS(RUE DES)",,,,940
201300043338,13,2,9,1630,1,2,1,2,6,011,"NC, COLONEL FABIEN(RUE D",,,,940
201300043339,13,2,11,1715,1,2,1,1,3,028,"0, VERDUN.(AVENUE DE)",,,,940
201300043340,13,2,11,1810,1,2,1,1,2,028,"66, MECHES.(RUE DES)",,,,940
201300043341,13,2,13,945,1,2,1,1,6,028,"NC, LAFERRIERE(AVENUE)",,,,940
201300043342,13,2,13,1245,1,2,1,1,3,028,"NC, ARCOS.(RUE RENE)",,,,940
201300043343,13,2,16,340,3,2,1,1,6,028,"0, LECLERC.(RUE DU GENER",,,,940
201300043344,13,2,16,1410,1,2,1,1,6,028,"0, BOEUFS(CHEMIN DES)",,,,940
201300043345,13,2,16,1825,2,2,1,1,6,028,"NC, FRANCE LIBRE(AVENUE",,,,940
201300043346,13,2,17,1530,1,2,1,1,2,028,"0, SAVAR.(RUE JULIETTE)",,,,940
201300043347,13,2,18,1730,1,2,1,1,6,028,"0, LAFERRIERE(AVENUE)",,,,940
201300043348,13,2,22,1120,1,2,1,1,2,028,"0, CHOISY(ROUTE DE)",,,,940
201300043349,13,2,24,150,5,2,1,4,7,028,"0, BROSSOLETTE(AVENUE PI",,,,940
201300043350,13,3,1,110,5,1,1,1,6,028,"0, GAULLE(AVENUE DU GENE",,,,940
201300043351,13,3,1,1830,1,2,1,1,2,028,"NC, COMPAGNONS DE LA LIB",,,,940
201300043352,13,3,2,1950,5,2,1,1,4,011,"0, RHIN ET DANUBE(RUE DU",,,,940
201300043353,13,3,1,2340,5,2,1,1,2,028,"136, LECLERC.(RUE DU GEN",,,,940
201300043354,13,3,5,1450,1,2,1,1,3,028,"0, CHOISY(ROUTE DE)",,,,940
201300043355,13,3,7,2230,5,2,1,1,3,011,"0, BOISSY.(AVENUE DE)",,,,940
201300043356,13,3,15,1815,1,2,1,1,6,028,"0, CLOS DE VOUGEOT.(RUE",,,,940
201300043357,13,3,20,2100,5,2,1,1,3,028,"0, CHOISY(ROUTE DE)",,,,940
201300043358,13,3,22,1110,1,2,1,1,6,028,"2BIS, TASSIGNY(AVE DU MA",,,,940
201300043359,13,4,3,1715,1,2,1,1,6,028,"32, LACHARRIERE.(RUE DU",,,,940
201300043360,13,4,6,1545,1,2,3,1,6,028,"0, MESLY.(RUE DE)",,,,940
201300043361,13,4,8,15,3,2,1,1,6,028,"0, SAVAR.(RUE JULIETTE)",,,,940
201300043362,13,4,6,1350,1,2,3,1,3,028,"0, OUDRY.(BOULVARD JEAN",,,,940
201300043363,13,4,10,845,1,2,1,1,3,011,"120, PARIS(AVENUE DE)",,,,940
201300043364,13,4,10,1715,1,2,1,1,2,028,"8, SARRAIL.(RUE DU GENER",,,,940
201300043365,13,4,11,1545,1,2,1,1,2,028,"NR, MATISSE(RUE HENRI)",,,,940
201300043366,13,4,17,845,1,2,1,1,6,011,"0, ROSTAND.(RUE JEAN)",,,,940
201300043367,13,4,17,1026,1,2,1,1,6,028,"0, SAINT-ELOI.(RUE)",,,,940
201300043368,13,4,18,2150,3,2,1,1,3,028,"0, CHOISY(ROUTE DE)",,,,940
201300043369,13,4,18,1430,1,2,1,1,3,028,HALPERN.(AVENUE BERNARD),,,,940
201300043370,13,4,18,1735,1,2,6,1,3,028,CHOISY/FOCH,M,4877460,0243934,940
201300043371,13,4,19,815,1,2,1,1,6,028,"2, MATISSE(RUE HENRI)",,,,940
201300043372,13,4,22,1330,1,2,1,1,2,028,"100, SAVAR.(RUE JULIETTE",,,,940
201300043373,13,4,22,1520,1,2,1,1,2,011,"116, PARIS(AVENUE DE)",,,,940
201300043374,13,4,23,1410,1,2,1,1,2,028,"0, POMPADOUR(ROUTE DE LA",,,,940
201300043375,13,4,25,1215,1,2,1,1,2,028,"0, CHOISY(ROUTE DE)",,,,940
201300043376,13,4,29,900,1,2,1,1,3,028,"NC, MOULIN(RUE DU)",,,,940
201300043377,13,4,28,2030,1,2,1,1,3,028,"46, TASSIGNY(AVE DU MARE",,,,940
201300043378,13,5,6,1530,1,2,1,1,2,011,AV DE BOISSY,M,4876120,0249689,940
201300043379,13,5,9,125,3,2,1,1,7,028,"4, SCHOELCHER(RUE VICTOR",,,,940
201300043380,13,5,10,1345,1,2,6,1,6,011,"0, PARIS(AVENUE DE)",,,,940
201300043381,13,5,12,1355,1,2,1,1,6,028,"0, TASSIGNY(AVE DU MAREC",,,,940
201300043382,13,5,12,2250,5,2,1,2,6,011,"0, PARIS(AVENUE DE)",,,,940
201300043383,13,5,12,2200,5,2,9,2,3,028,"0, VERDUN.(AVENUE DE)",,,,940
201300043384,13,5,15,1200,1,2,1,1,2,011,"NC, ROSTAND.(RUE JEAN)",,,,940
201300043385,13,5,17,822,1,2,1,1,2,028,"nc, CHOISY(ROUTE DE)",,,,940
201300043386,13,5,20,1750,1,2,1,1,6,028,"96, TASSIGNY(AVE DU MARE",,,,940
201300043387,13,5,21,1635,1,2,6,1,3,028,CHOISY/FOCH,M,4877460,0243934,940
201300043388,13,5,21,1100,1,2,1,1,2,028,"0, LECLERC.(RUE DU GENER",,,,940
201300043389,13,5,21,1030,1,2,1,2,2,028,"0, CHOISY(ROUTE DE)",,,,940
201300043390,13,5,22,1810,1,2,1,1,6,028,"0, TASSIGNY(AVE DU MAREC",,,,940
201300043391,13,5,18,315,5,2,1,1,4,028,"NC, FOCH(AVENUE DU MAREC",,,,940
201300043392,13,5,28,1045,1,2,1,1,6,028,"59, CASALIS.(AVE DU DR P",,,,940
201300043393,13,5,28,1640,1,2,1,1,6,028,"0, SAVAR.(RUE JULIETTE)",,,,940
201300043394,13,5,29,1350,1,2,1,1,6,028,"0, ECHAT(RUE DE L')",,,,940
201300043395,13,5,30,800,1,2,1,2,6,028,"0, MITTERAND (Rue Fran?o",,,,940
201300043396,13,5,31,1315,1,2,1,1,6,011,"0, MARRONNIERS.(AVENUE D",,,,940
201300043397,13,5,31,1710,1,2,1,1,6,028,"0, GAULLE(AVENUE DU GENE",,,,940
201300043398,13,6,5,1700,1,2,1,1,2,011,"0, SEMARD(RUE PIERRE)",,,,940
201300043399,13,6,8,940,1,2,1,1,2,028,"NC, LECLERC.(RUE DU GENE",,,,940
201300043400,13,6,8,735,1,2,1,1,3,028,AV DU MARECHAL FOCH,M,4877280,0243967,940
201300043401,13,6,9,405,5,2,1,2,6,028,"65, R SAINT-SIMON",M,4879460,0244543,940
201300043402,13,6,7,910,1,2,1,1,6,011,"09, CHOISY.(AVENUE DE)",,,,940
201300043403,13,6,13,1620,1,2,3,2,3,028,"0, BROSSOLETTE(AVENUE PI",,,,940
201300043404,13,6,16,430,2,1,6,1,3,028,CHOISY/FOCH,M,4877400,0243915,940
201300043405,13,6,17,840,1,2,1,1,6,028,"0, SULLY(RUE MAXILIEN DE",,,,940
201300043406,13,6,17,1930,1,2,6,2,2,028,FOCH/SEGUIN,,,,940
201300043407,13,6,16,225,3,1,6,1,2,028,CHOISY/FOCH,M,4877460,0243934,940
201300043408,13,6,18,1630,1,2,2,1,5,028,FOCH/FONTAINE ST CHRISTO,M,4878020,0243777,940
201300043409,13,6,18,1850,1,2,1,1,2,028,"NC, VERDUN.(AVENUE DE)",,,,940
201300043410,13,6,19,830,1,2,1,3,4,028,"77, PARIS.(RUE DE)",,,,940
201300043411,13,6,21,2230,5,2,1,1,3,028,"0, CHOISY(ROUTE DE)",,,,940
201300043412,13,6,23,1200,1,2,1,1,6,028,"0, CHOISY(ROUTE DE)",,,,940
201300043413,13,6,22,650,1,2,1,1,6,028,"0, VASCO DE GAMA (R)",,,,940
201300043414,13,6,23,1900,1,2,1,1,6,011,"0, OUEST(ROUTE DE L')",,,,940
201300043415,13,6,23,1800,1,2,1,1,6,028,"0, GAULLE(AVENUE DU GENE",,,,940
201300043416,13,6,25,310,5,2,1,1,3,028,"0, ARCOS.(RUE RENE)",,,,940
201300043417,13,6,25,1930,1,2,1,1,3,011,"0, ROSTAND.(RUE JEAN)",,,,940
201300043418,13,6,26,1150,1,2,6,1,6,028,CHOISY/CHOISY,,,,940
201300043419,13,6,26,2050,1,2,1,1,6,028,"0, FRANCE LIBRE(AVENUE D",,,,940
201300043420,13,6,28,1030,1,2,1,1,6,028,"97, LAFERRIERE(AVENUE)",,,,940
201300043421,13,6,28,1120,1,2,1,1,2,028,"30, FRANCE LIBRE(AVENUE",,,,940
201300043422,13,6,28,1130,1,2,1,1,6,028,"NR, CASALIS.(AVE DU DR P",,,,940
201300043423,13,6,30,55,5,2,1,1,2,028,"NC, COMPAGNONS DE LA LIB",,,,940
201300043424,13,6,30,1545,1,2,1,1,3,011,"NC, GROSS(RUE AUGUSTE)",,,,940
201300043425,13,7,1,1905,1,2,1,1,2,028,"33, MECHES.(RUE DES)",,,,940
201300043426,13,7,2,1025,1,2,1,1,6,028,"62, LECLERC.(RUE DU GENE",,,,940
201300043427,13,7,2,1655,1,2,1,1,6,028,"3, GALLIENI.(AVENUE DU G",,,,940
201300043428,13,7,2,2125,2,2,1,1,3,028,"NC, CASALIS.(AVE DU DR P",,,,940
201300043429,13,7,9,1320,1,2,1,1,2,028,"0, COMPAGNONS DE LA LIBE",,,,940
201300043430,13,7,10,1930,1,2,1,1,2,028,"7, GAULLE(AVENUE DU GENE",,,,940
201300043431,13,7,11,2000,1,2,1,1,6,028,"04, PICASSO(BOULEVARD PA",,,,940
201300043432,13,7,11,1640,1,1,1,1,6,028,"0, HALPERN.(AVENUE BERNA",,,,940
201300043433,13,7,12,1345,1,2,1,1,6,028,"33, TASSIGNY(AVE DU MARE",,,,940
201300043434,13,7,14,1115,1,2,1,1,6,011,"0, CHOISY.(AVENUE DE)",,,,940
201300043435,13,7,14,1520,1,2,3,1,3,028,"0, VERDUN.(AVENUE DE)",,,,940
201300043436,13,7,17,2025,1,2,1,1,6,028,"0, Duvauchelle (rue Domi",,,,940
201300043437,13,7,19,1501,1,2,1,1,3,028,"0, FRANCE LIBRE(AVENUE D",,,,940
201300043438,13,7,22,830,1,2,1,1,6,028,"0, VERDUN.(AVENUE DE)",,,,940
201300043439,13,7,24,2250,5,2,1,1,3,028,"96, R JULIETTE SAVAR",M,4878120,0246496,940
201300043440,13,7,25,1610,1,2,3,1,6,028,"0, MECHES.(RUE DES)",,,,940
201300043441,13,8,5,2015,1,2,1,1,6,028,"0, CHERET(RUE ET IMPASSE",,,,940
201300043442,13,8,6,1640,1,2,1,1,6,028,"25, MECHES.(RUE DES)",,,,940
201300043443,13,8,20,1550,1,2,1,1,2,028,"33, VERDUN.(AVENUE DE)",,,,940
201300043444,13,8,25,155,5,2,1,2,7,028,AV DE LATTRE DE TASSIGNY,,,,940
201300043445,13,8,26,1150,1,2,6,1,3,028,CHOISY/FOCH,M,4877460,0243934,940
201300043446,13,8,27,1555,1,2,1,2,6,028,"0, FRANCE LIBRE(AVENUE D",,,,940
201300043447,13,8,30,1210,1,2,1,1,6,028,"0, ARCOS.(RUE RENE)",,,,940
201300043448,13,9,3,1610,1,2,1,1,2,028,"NC, CHOISY(ROUTE DE)",,,,940
201300043449,13,9,4,1240,1,2,1,1,6,028,"0, SAINT SIMON (rue)",,,,940
201300043450,13,9,12,1000,1,2,1,1,6,028,"26, SARRASINS(RUE DES)",,,,940
201300043451,13,9,12,1355,1,2,1,1,3,028,"NC, CORBIERES(RUE DES)",,,,940
201300043452,13,9,14,2040,2,2,1,3,4,011,"NC, ROSTAND.(RUE JEAN)",,,,940
201300043453,13,9,17,1000,1,2,6,2,2,028,CARREFOUR POMPADOUR,M,4877460,0243934,940
201300043454,13,9,18,1700,1,1,1,2,2,028,A86,M,4877600,0243825,940
201300043455,13,9,21,650,2,2,1,1,6,028,"141, LECLERC.(RUE DU GEN",,,,940
201300043456,13,9,22,1550,1,2,1,1,3,011,"NC, COLONEL FABIEN(RUE D",,,,940
201300043457,13,9,22,1630,1,2,1,1,3,028,"NC, POMPADOUR(ROUTE DE L",,,,940
201300043458,13,9,18,1219,1,2,1,1,7,028,"0, HALPERN.(AVENUE BERNA",,,,940
201300043459,13,9,25,1650,1,2,1,1,6,028,"15, MECHES.(RUE DES)",,,,940
201300043460,13,9,26,1355,1,2,1,1,6,028,"0, ARCOS.(RUE RENE)",,,,940
201300043461,13,9,26,2250,5,2,2,1,2,028,FOCH/FONTAINE ST CHRISTO,M,4878020,0243777,940
201300043462,13,9,23,1920,1,2,1,1,2,011,"0, RHIN ET DANUBE(RUE DU",,,,940
201300043463,13,10,1,1200,1,2,1,1,2,028,"0, CHOISY(ROUTE DE)",,,,940
201300043464,13,10,4,2120,5,2,1,1,6,028,"18, MECHES.(RUE DES)",,,,940
201300043465,13,10,6,1010,1,2,1,1,6,028,"NC, HALPERN.(AVENUE BERN",,,,940
201300043466,13,10,7,1450,1,2,1,1,3,011,"NC, CLAVIZIS.(RUE DES)",,,,940
201300043467,13,10,9,1715,1,2,1,1,2,028,"0, LAFERRIERE(AVENUE)",,,,940
201300043468,13,10,11,1730,1,2,1,1,2,028,"0, PASTEUR VALERY RADOT(",,,,940
201300043469,13,10,13,1400,1,2,2,1,3,028,"0, POMPADOUR(ROUTE DE LA",,,,940
201300043470,13,10,16,1420,1,2,1,2,7,011,"39, PARIS(AVENUE DE)",,,,940
201300043471,13,10,16,1630,1,2,1,2,6,011,"0, BICENTENAIRE.(AVENUE",,,,940
201300043472,13,10,18,1846,1,2,1,1,6,011,"27, PARIS(AVENUE DE)",,,,940
201300043473,13,10,19,1625,1,2,1,1,6,028,"47, HALAGE.(QUAI DE ET P",,,,940
201300043474,13,10,22,815,1,2,1,1,6,028,"0, BLEUETS(RUE DES)",,,,940
201300043475,13,10,23,1210,1,2,1,1,6,011,"01, BICENTENAIRE.(AVENUE",,,,940
201300043476,13,10,23,1730,1,2,1,1,6,011,"15, COLONEL FABIEN(RUE D",,,,940
201300043477,13,10,26,1810,2,2,1,1,2,011,"0, PARIS(AVENUE DE)",,,,940
201300043478,13,10,28,1035,1,2,1,1,6,028,"0, 0",,,,940
201300043479,13,10,29,1210,1,2,1,1,4,028,"30, TASSIGNY(AVE DU MARE",,,,940
201300043480,13,10,29,1040,1,2,1,1,3,028,"97, AV DU MARECHAL FOCH",M,4878120,0243745,940
201300043481,13,10,29,845,1,2,1,1,6,011,"0, FOSSE AUX MOINES.(RUE",,,,940
201300043482,13,11,1,1200,1,2,1,2,3,011,"0, CONVENTIONS.(AVENUE D",,,,940
201300043483,13,11,12,1930,3,2,1,1,3,028,"5, CHABRIER.(RUE ET PLAC",,,,940
201300043484,13,11,12,1930,3,2,1,1,3,028,"0, REPUBLIQUE(AVENUE DE",,,,940
201300043485,13,11,13,615,5,2,2,1,2,028,FOCH/FONTAINESTCHRISTOPH,M,4878020,0243777,940
201300043486,13,11,13,735,5,2,1,1,3,028,"NC, POMPADOUR(ROUTE DE L",,,,940
201300043487,13,11,15,1025,1,2,1,1,1,028,"NC, GAULLE(AVENUE DU GEN",,,,940
201300043488,13,11,13,1230,1,2,1,1,6,028,"NC, GAULLE(AVENUE DU GEN",,,,940
201300043489,13,11,17,1910,5,2,1,1,2,028,"0, CHOISY(ROUTE DE)",,,,940
201300043490,13,11,12,1620,1,1,1,2,3,028,"0, GENERAL LECLERC (AV D",,,,940
201300043491,13,11,18,820,1,2,1,1,6,011,"16, GROSS(RUE AUGUSTE)",,,,940
201300043492,13,11,15,1150,1,2,1,1,6,011,"11, FRANCE.(RUE ANATOLE)",,,,940
201300043493,13,11,23,1630,5,2,1,1,4,011,"0, GAULLE(CARREFOUR CHAR",,,,940
201300043494,13,11,22,1715,3,2,1,1,6,011,"24, LECLERC.(AVENUE DU M",,,,940
201300043495,13,11,26,1245,1,2,1,1,6,028,"NC, CHOISY(ROUTE DE)",,,,940
201300043496,13,11,26,1755,5,2,1,1,6,028,"NC, JOLY(RUE DE)",,,,940
201300043497,13,11,27,1235,1,2,1,1,6,028,"0, CHOISY(ROUTE DE)",,,,940
201300043498,13,11,27,1700,1,2,1,1,2,028,"nc, ARCHIVES.(RUE DES)",,,,940
201300043499,13,11,26,1350,1,2,1,1,6,028,"NC, MATISSE(RUE HENRI)",,,,940
201300043500,13,12,1,840,1,2,2,1,1,028,CHOISY/HALPERN,M,4878870,0245139,940
201300043501,13,12,2,1920,5,2,1,1,2,028,HALPERN.(AVENUE BERNARD),,,,940
201300043502,13,12,3,1150,1,2,1,1,6,028,"25, BROSSOLETTE(AVENUE P",,,,940
201300043503,13,12,6,1545,1,2,1,1,6,011,"34, COLONEL FABIEN(RUE D",,,,940
201300043504,13,12,10,1500,1,2,1,1,2,011,"NC, BOISSY.(AVENUE DE)",,,,940
201300043505,13,12,10,1530,2,2,1,1,3,028,"NC, MESLY(AVENUE DU CHEM",,,,940
201300043506,13,12,14,1145,1,2,1,1,2,028,"00, CHOISY(ROUTE DE)",,,,940
201300043507,13,12,19,1150,1,2,1,1,2,028,"0, CHOISY(ROUTE DE)",,,,940
201300043508,13,12,20,2115,5,2,1,1,1,028,"0, HABETTE(AVENUE ET PLA",,,,940
201300043509,13,12,21,2330,5,2,1,1,6,028,"0, CHOISY(ROUTE DE)",,,,940
201300043510,13,12,21,1320,1,2,1,1,3,011,"0, SEMARD(RUE PIERRE)",,,,940
201300043511,13,12,23,2000,5,2,1,2,1,028,"nc, LAFERRIERE(AVENUE)",,,,940
201300043512,13,12,24,1600,1,2,1,1,6,028,"47, ECHAT(RUE DE L')",,,,940
201300043513,13,12,25,1535,1,2,1,1,1,028,"NC, Saussaie du ban (rue",,,,940
201300043514,13,12,31,930,1,2,1,1,3,028,AV DU MARECHAL FOCH,M,4877610,0243879,940
201300043515,13,12,31,2205,3,2,1,1,6,028,"0, CHOISY(ROUTE DE)",,,,940
201300043516,13,1,18,1750,5,2,7,4,6,033,LOUISON BOBET (AV),,,,940
201300043517,13,1,25,715,5,2,2,1,3,033,NEUILLY (R DE),,,,940
201300043518,13,1,30,1210,1,2,1,3,2,033,D'ETTERBECK (PL),,,,940
201300043519,13,1,30,1940,5,2,3,1,1,033,VERDUN (BD DE),,,,940
201300043520,13,2,2,345,5,2,4,2,3,033,REPUBLIQUE/PRES LORETS,M,4885250,0246093,940
201300043521,13,2,23,815,1,2,1,1,6,033,"8, MONTESQUIEU (R)",,,,940
201300043522,13,3,3,1145,1,2,3,1,6,033,"16, NOTRE DAME (R)",,,,940
201300043523,13,3,10,1405,1,2,1,8,3,033,"30, BOIS GALON (R DU)",,,,940
201300043524,13,3,27,655,1,2,1,1,6,033,"45, VERDUN (BD DE)",,,,940
201300043525,13,4,17,1145,1,2,1,1,2,033,"04, MARECHAL DE LATTRE D",,,,940
201300043526,13,4,21,2150,5,2,2,1,3,033,DAME BLANCHE (AV DE LA),,,,940
201300043527,13,4,29,1435,1,2,6,1,2,033,"28, MARECHAL DE LATTRE D",,,,940
201300043528,13,5,7,1055,1,2,2,1,3,033,DEUX COMMUNES (BD DES),,,,940
201300043529,13,5,14,1105,1,2,1,8,1,033,"2, REPUBLIQUE (AV DE LA)",,,,940
201300043530,13,5,22,855,1,2,2,1,6,033,LOUIS AUROUX (R),,,,940
201300043531,13,5,28,755,1,2,1,2,1,033,"5, JEAN MACE (R)",,,,940
201300043532,13,6,11,830,1,2,1,1,2,033,"180, VICTOR HUGO (AV)",,,,940
201300043533,13,6,16,1845,1,2,1,1,1,033,"41, ERNEST RENAN (AV)",,,,940
201300043534,13,6,18,1300,1,2,2,2,1,033,"177, VICTOR HUGO (AV)",,,,940
201300043535,13,6,23,2105,1,2,2,2,1,033,VERDUN (BD DE),,,,940