Num_Acc,an,mois,jour,hrmn,lum,agg,int,atm,col,com,adr,gps,lat,long,dep
201300043842,13,8,3,1945,1,2,1,1,3,073,"12, RENE PANHARD (AV)",,,,940
201300043843,13,8,7,1,5,2,7,1,6,073,"15, HENRI BARBUSSE (PL)",,,,940
201300043844,13,8,8,1245,1,1,1,1,3,065,RN 186,M,4875370,0235941,940
201300043845,13,8,13,1500,1,2,2,1,3,073,"12, BAS MARIN (R DU)",,,,940
201300043846,13,8,16,800,1,1,1,1,6,065,RUE DU VIADUC,,,,940
201300043847,13,8,21,2240,5,2,1,1,6,073,VERSAILLES (AV DE),,,,940
201300043848,13,8,26,900,1,2,2,1,3,073,VERSAILLES (AV DE),,,,940
201300043849,13,8,27,1210,1,1,3,1,3,065,SOLETS (R DES),,,,940
201300043850,13,8,29,1910,1,2,3,1,3,073,VERSAILLES (AV DE),,,,940
201300043851,13,8,31,1820,1,1,1,7,3,016,"78, AV PRESIDENT WILSON",,,,940
201300043852,13,9,2,920,1,2,1,1,7,034,PARC MEDICIS (AV DU),,,,940
201300043853,13,9,3,1930,1,2,1,1,2,073,FONTAINEBLEAU - CAR BELL,,,,940
201300043854,13,9,9,2200,3,2,1,1,6,073,FONTAINEBLEAU (AV DE),,,,940
201300043855,13,9,14,1800,1,2,1,2,7,038,"38, JULES GRAVEREAUX (AV",,,,940
201300043856,13,9,15,245,3,1,1,2,4,073,FONTAINEBLEAU (AV DE),,,,940
201300043857,13,9,16,1450,1,2,1,2,3,065,"01, Zone SOGARIS",,,,940
201300043858,13,9,17,1830,1,2,1,2,6,021,JARDINS (R DES),,,,940
201300043859,13,9,18,855,1,2,1,1,6,073,ALOUETTES (R DES),,,,940
201300043860,13,9,16,850,1,2,1,1,3,073,"6, STALINGRAD - CAR DES",,,,940
201300043861,13,9,20,1810,1,2,1,1,6,073,"12, PRESIDENT ROOSEVELT",,,,940
201300043862,13,9,21,2100,5,2,1,1,6,073,"123, GENERAL DE GAULLE (",,,,940
201300043863,13,9,25,1730,1,2,1,1,6,038,PAUL VAILLANT COUTURIER,,,,940
201300043864,13,9,26,715,1,2,1,1,3,073,VERSAILLES (AV DE),,,,940
201300043865,13,9,26,1745,1,2,1,1,7,034,OTAGES (CHE DES),,,,940
201300043866,13,9,27,905,1,2,9,1,6,038,CHEVILLY (R DE),,,,940
201300043867,13,9,29,345,3,2,1,2,1,073,STALINGRAD (BD DE),,,,940
201300043868,13,9,29,1905,5,2,1,2,6,034,"50, DIVISION LECLERC (AV",,,,940
201300043869,13,9,30,2110,5,2,6,1,7,065,CHARLES LINDBERGH (AV),,,,940
201300043870,13,10,2,1425,1,2,1,1,6,073,GEORGES HALGOULT (R),,,,940
201300043871,13,10,3,1430,1,2,2,1,3,016,DESMOULINS/DORMOY,,,,940
201300043872,13,10,3,1630,1,2,1,1,6,073,LUXEMBOURG (AV DU),,,,940
201300043873,13,10,5,935,1,2,1,1,3,021,"76, GENERAL DE GAULLE (A",,,,940
201300043874,13,10,9,815,1,2,1,1,3,065,RN 186,M,4875380,0235809,940
201300043875,13,10,10,1045,1,1,2,1,3,065,"., CHARLES LINDBERGH (AV",,,,940
201300043876,13,10,11,650,5,2,2,2,6,021,D'AGEN (RUE),,,,940
201300043877,13,10,11,2000,5,2,8,1,6,038,HENRI BARBUSSE (AV),,,,940
201300043878,13,10,14,1530,1,2,3,1,1,073,STALINGRAD - CAR DES TRO,,,,940
201300043879,13,10,14,1615,1,2,2,1,6,034,"., EMILE ZOLA (R)",,,,940
201300043880,13,10,15,2010,5,2,2,1,6,038,LALLIER (R DE),,,,940
201300043881,13,10,16,1025,1,2,1,8,2,021,STALINGRAD (AV DE),,,,940
201300043882,13,10,16,1800,1,2,1,8,3,034,PARC MEDICIS (AV DU),,,,940
201300043883,13,10,17,1000,1,2,2,1,3,021,"., DES MARAICHERS (AVENU",,,,940
201300043884,13,10,17,1900,2,2,1,1,6,073,"11, REPUBLIQUE (AV DE LA",,,,940
201300043885,13,10,18,830,2,2,1,5,7,073,"9, REPUBLIQUE (AV DE LA)",,,,940
201300043886,13,10,22,1000,1,2,1,1,6,065,TOULOUSE (RUE? RUNGIS MI,,,,940
201300043887,13,10,23,1845,5,1,1,1,3,073,ALOUETTES (R DES),,,,940
201300043888,13,10,24,1700,1,2,1,1,5,021,"39 qua, PERE MAZURIE (R",,,,940
201300043889,13,10,25,1530,1,2,1,2,6,034,"20, STALINGRAD (AV DE)",,,,940
201300043890,13,10,25,2010,5,2,2,3,3,073,VERSAILLES (AV DE),,,,940
201300043891,13,10,26,1210,1,1,2,8,3,034,PASTEUR (BD),,,,940
201300043892,13,11,2,715,1,2,2,1,6,065,BALTARD (R),,,,940
201300043893,13,11,4,1200,1,2,6,2,2,073,VERSAILLES (AV DE),,,,940
201300043894,13,11,6,525,5,1,1,2,6,065,PORTE DE PARAY MIN,,,,940
201300043895,13,11,7,1825,3,1,1,1,4,073,VERSAILLES (AV DE),,,,940
201300043896,13,11,9,1525,1,1,1,2,4,065,RN 186,M,4875350,0236532,940
201300043897,13,11,10,1115,1,2,1,3,2,034,DIVISION LECLERC (AV DE,,,,940
201300043898,13,11,11,1050,1,2,1,1,6,073,"11, MAUREPAS (R)",,,,940
201300043899,13,11,11,1920,5,2,2,1,2,034,DIVISION LECLERC (AV DE,,,,940
201300043900,13,11,13,1655,2,2,1,1,3,073,avenue Franklin Roosevel,,,,940
201300043901,13,11,14,1250,1,2,1,2,7,034,PASTEUR (BD),,,,940
201300043902,13,11,15,1740,5,2,6,1,6,034,DIVISION LECLERC (AV DE,,,,940
201300043903,13,11,19,845,1,2,3,2,1,065,CHARLES LINDBERGH (AV),,,,940
201300043904,13,11,19,1810,5,2,2,1,1,038,HENRI BARBUSSE (AV),,,,940
201300043905,13,11,20,1015,1,2,1,1,2,038,PAUL VAILLANT COUTURIER,,,,940
201300043906,13,11,25,1720,5,2,2,1,1,065,RUE DU VIADUC,,,,940
201300043907,13,11,26,730,2,2,1,1,3,038,HENRI BARBUSSE (AV),,,,940
201300043908,13,11,28,1255,1,2,2,1,3,073,VERSAILLES (AV DE),,,,940
201300043909,13,11,29,650,5,2,2,1,3,021,"., COTE D'AZUR (AVENUE)",,,,940
201300043910,13,11,30,2120,5,2,3,1,3,073,REPUBLIQUE (AV DE LA),,,,940
201300043911,13,12,1,1730,3,2,3,1,3,038,BICETRE (R DE),,,,940
201300043912,13,12,2,1810,5,2,3,1,3,038,"81, GENERAL DE GAULLE (A",,,,940
201300043913,13,12,4,925,1,2,1,8,3,038,"141, FLOUQUET (AV)",,,,940
201300043914,13,12,4,1800,5,1,3,1,6,065,"., SAGITTAIRE (R DU)",,,,940
201300043915,13,12,5,1800,5,1,1,1,6,065,CHARLES LINDBERGH (AV),,,,940
201300043916,13,12,9,2030,5,2,1,1,3,065,"., CHARLES LINDBERGH (AV",,,,940
201300043917,13,12,14,1515,1,2,2,1,6,073,"., REGNAULT LEROY (R)",,,,940
201300043918,13,12,19,1440,1,1,1,1,2,073,"273, FONTAINEBLEAU (AV D",,,,940
201300043919,13,12,23,1605,1,2,1,1,6,073,PAUL VAILLANT COUTURIER,,,,940
201300043920,13,12,25,1200,1,2,1,2,6,065,PONT DES HALLES (R DU),,,,940
201300043921,13,12,30,105,5,2,2,8,3,065,"., TROIS MARCHES (Av des",,,,940
201300043922,13,12,30,115,5,2,1,1,6,021,AV DES 3 MARCHES,,,,940
201300043923,13,12,31,1315,1,2,2,1,3,073,boulevard de l'europe,,,,940
201300043924,13,1,4,1115,1,2,1,2,2,041,"60, JEAN JAURES (AV)",,,,940
201300043925,13,1,10,1820,5,2,9,2,6,041,"03, WESTERMEYER (R)",,,,940
201300043926,13,1,13,1805,5,2,1,3,6,041,"87, MARAT",,,,940
201300043927,13,1,16,1100,1,2,1,1,6,041,"51, BRANDEBOURG (BD DE)",,,,940
201300043928,13,1,18,205,5,2,1,1,7,041,"1, PIERRE RIGAUD (R)",,,,940
201300043929,13,1,24,1830,5,2,2,1,3,041,"106, DANIELLE CASANOVA (",,,,940
201300043930,13,1,25,1543,1,2,1,8,6,041,"43, DENIS PAPIN (R)",,,,940
201300043931,13,1,26,2025,5,2,1,1,6,041,"38, AV PIERRE SEMARD",,,,940
201300043932,13,1,28,1040,1,2,1,7,1,041,"36, PIERRE SEMARD (AV)",,,,940
201300043933,13,2,3,2215,3,2,1,2,6,041,"2 - 12, LUCIEN NADAIRE (",,,,940
201300043934,13,2,13,1510,1,2,1,1,6,041,"97, GEORGES GOSNAT (AV)",,,,940
201300043935,13,2,21,1240,1,2,1,1,6,041,"36, Fran?ois MITTERAND",,,,940
201300043936,13,2,22,1610,1,2,1,8,1,041,"5, CARNOT (R)",,,,940
201300043937,13,2,23,2130,5,2,1,1,2,041,"58, JEAN JAURES (AV)",,,,940
201300043938,13,2,28,2230,5,2,1,1,6,041,"9, HENRI POURCHASSE (QU)",,,,940
201300043939,13,3,4,905,1,2,1,1,6,041,"14, HENRI BARBUSSE (AV)",,,,940
201300043940,13,3,7,945,1,2,1,2,2,041,"131, VERDUN (AV DE)",,,,940
201300043941,13,3,21,1350,1,2,1,1,6,041,"70, GEORGES GOSNAT (AV)",,,,940
201300043942,13,4,11,1750,1,2,1,8,6,041,"58/64, BRANDEBOURG (BD D",,,,940
201300043943,13,4,18,1740,1,2,1,1,6,041,"77, PIERRE ET MARIE CURI",,,,940
201300043944,13,4,24,1005,1,2,2,1,6,041,"29, LOUIS BERTRAND (R)",,,,940
201300043945,13,5,1,1945,1,2,1,2,2,041,"05, FRANCOIS MITTERAND",,,,940
201300043946,13,5,4,2010,1,2,1,1,6,041,"51, PAUL VAILLANT COUTUR",,,,940
201300043947,13,6,8,1415,1,2,1,1,6,041,"25 - 77, VERDUN (AV DE)",,,,940
201300043948,13,6,19,1200,1,2,1,1,3,041,R PAUL ANDRIEUX,M,4881260,0236877,940
201300043949,13,7,5,1105,1,2,3,1,2,041,"59, AUGUSTE DESHAIES (QU",,,,940
201300043950,13,7,9,805,1,2,1,1,6,041,"1, BARBES (R)",,,,940
201300043951,13,7,10,1015,1,2,3,1,3,041,"157, VERDUN (AV DE)",,,,940
201300043952,13,7,18,1705,1,2,1,1,6,041,"1 bis, JULES FERRY (R)",,,,940
201300043953,13,7,23,645,1,2,1,1,6,041,"120, DANIELLE CASANOVA (",,,,940
201300043954,13,7,13,140,5,2,1,1,6,041,"17, REPUBLIQUE (AV DE LA",,,,940
201300043955,13,7,27,1930,1,2,3,1,6,041,"1, GENERAL LECLERC (AV D",,,,940
201300043956,13,7,29,1500,1,2,1,1,6,041,"13, JEAN LE GALLEU (R)",,,,940
201300043957,13,7,30,1630,1,2,1,1,6,041,"8, LENINE (R)",,,,940
201300043958,13,7,29,1700,1,2,1,1,6,041,"50, PAUL VAILLANT COUTUR",,,,940
201300043959,13,8,7,600,2,2,3,2,3,041,"84, JEAN LE GALLEU (R)",,,,940
201300043960,13,10,24,1734,1,2,9,1,3,041,"14, JULES VANZUPPE (R)",,,,940
201300043961,13,8,9,1205,1,2,1,1,6,041,"1, NELSON MANDELA",,,,940
201300043962,13,8,9,2030,1,2,1,1,6,041,"30, VERDUN (AV DE)",,,,940
201300043963,13,8,10,200,5,2,7,1,7,041,"1, PARMENTIER (PL)",,,,940
201300043964,13,8,15,45,5,2,2,1,3,041,"54, GEORGES GOSNAT (AV)",,,,940
201300043965,13,8,27,1810,1,2,1,3,2,041,"45 ter, JEAN COMPAGNON (",,,,940
201300043966,13,8,31,2100,2,2,1,1,6,041,"93, GEORGES GOSNAT (AV)",,,,940
201300043967,13,9,9,1345,1,2,1,3,2,041,"26, MARCEL BOYER (QU)",,,,940
201300043968,13,9,10,1650,1,2,1,1,6,041,"01, JEAN BONNEFOIX (R)",,,,940
201300043969,13,9,11,1720,1,2,2,1,2,041,"11, PAUL VAILLANT COUTUR",,,,940
201300043970,13,9,11,2000,5,2,3,1,3,041,"22, SAINT JUST (R)",,,,940
201300043971,13,9,13,825,1,2,1,1,6,041,"30, PAUL VAILLANT COUTUR",,,,940
201300043972,13,11,7,1715,1,2,9,2,6,041,"42, PIERRE ET MARIE CURI",,,,940
201300043973,13,11,7,1855,3,2,9,2,6,041,"2, REVOLUTION (R DE LA)",,,,940
201300043974,13,9,28,1415,1,2,1,1,6,041,"35, HENRI MARTIN (R)",,,,940
201300043975,13,9,29,1210,1,2,1,1,6,041,"16, GASTON MONMOUSSEAU (",,,,940
201300043976,13,9,30,1020,1,2,1,1,6,041,"03, PIERRE SEMARD (AV)",,,,940
201300043977,13,10,1,1755,1,2,1,1,6,041,"72, GEORGES GOSNAT (AV)",,,,940
201300043978,13,11,18,730,1,2,2,1,3,041,"1, CHATEAUDUN (R DE)",,,,940
201300043979,13,10,7,925,1,2,1,1,3,041,"15, GARE (R DE LA)",,,,940
201300043980,13,10,16,1545,1,2,3,3,3,041,"58, JEAN JAURES (AV)",,,,940
201300043981,13,10,16,1815,1,2,1,2,6,041,"18, PIERRE ET MARIE CURI",,,,940
201300043982,13,10,16,1755,1,2,1,2,6,041,"50, PIERRE ET MARIE CURI",,,,940
201300043983,13,10,24,240,5,2,1,1,7,041,"2, PIERRE MOULIE (R)",,,,940
201300043984,13,10,28,1120,1,2,1,2,6,041,"50, BRANDEBOURG (BD DE)",,,,940
201300043985,13,10,29,930,1,2,1,1,1,041,"31, PAUL VAILLANT COUTUR",,,,940
201300043986,13,11,2,1200,1,2,2,1,3,041,"47B, JEAN COMPAGNON (QU)",,,,940
201300043987,13,11,1,1840,5,2,2,3,6,041,"5, LENINE (R)",,,,940
201300043988,13,5,7,1410,1,2,1,1,3,041,"2, BAUDIN (R)",,,,940
201300043989,13,5,11,1850,1,2,1,1,6,041,"140, STALINGRAD (BD DE)",,,,940
201300043990,13,11,17,1124,1,1,1,1,5,041,"2-12, FRANCOIS MITTERAND",,,,940
201300043991,13,11,19,1655,1,2,1,1,6,041,"34, JULES VANZUPPE (R)",,,,940
201300043992,13,11,19,1845,5,2,1,1,6,041,"1, REPUBLIQUE (PL DE LA)",,,,940
201300043993,13,5,15,1910,1,2,1,1,6,041,"56, AUGUSTE DESHAIES (QU",,,,940
201300043994,13,12,12,1710,5,2,1,1,6,041,"99, GEORGES GOSNAT (AV)",,,,940
201300043995,13,11,26,1440,1,2,1,8,1,041,"56-58, JEAN JAURES (AV)",,,,940
201300043996,13,11,28,745,4,2,1,1,6,041,"44, ROBESPIERRE (R)",,,,940
201300043997,13,5,21,1725,1,2,1,8,6,041,"88, VERDUN.(AVENUE DE)",,,,940
201300043998,13,11,28,1900,5,2,1,2,6,041,"83, GEORGES GOSNAT (AV)",,,,940
201300043999,13,12,6,1915,5,2,1,1,6,041,"65, GEORGES GOSNAT (AV)",,,,940
201300044000,13,5,25,1345,1,2,3,1,3,041,"27, HOCHE (PAS)",,,,940
201300044001,13,12,16,955,1,2,1,1,6,041,"5, LENINE (R)",,,,940
201300044002,13,5,27,2015,1,1,1,1,6,041,"101, VICTOR HUGO (R)",,,,940
201300044003,13,5,28,1555,1,1,1,3,6,041,"40, HENRI BARBUSSE (AV)",,,,940
201300044004,13,12,19,1200,1,2,1,2,6,041,"37, MAURICE THOREZ (AV)",,,,940
201300044005,13,12,23,1100,1,2,9,2,3,041,"14, VERDUN (AV DE)",,,,940
201300044006,13,6,3,1740,1,2,1,1,6,041,"78, GABRIEL PERI (R)",,,,940
201300044007,13,6,5,1440,1,2,1,1,6,041,"163, VERDUN (AV DE)",,,,940
201300044008,13,6,7,1600,1,2,1,1,2,041,"07, MOLIERE (R)",,,,940
201300044009,13,6,12,1145,1,2,1,1,6,041,"12, MAURICE THOREZ (AV)",,,,940
201300044010,13,6,12,1600,1,2,1,1,2,041,"38, MOLIERE (R)",,,,940
201300044011,13,6,12,1855,1,1,1,1,2,041,PAUL ANDRIEUX (R),,,,940
201300044012,13,6,25,655,1,2,9,1,1,041,"14, VERDUN (AV DE)",,,,940
201300044013,13,6,27,1115,1,2,1,1,3,041,"144, STALINGRAD (BD DE)",,,,940
201300044014,13,6,28,1520,1,2,1,1,7,041,MARCEL CACHIN (PL),,,,940
201300044015,13,12,1,1850,5,2,1,1,6,041,"70, GEORGES GOSNAT (AV)",,,,940
201300044016,13,12,10,225,5,2,1,1,6,041,"65-71, GEORGES GOSNAT (A",,,,940
201300044017,13,5,29,1420,1,2,1,1,2,046,"08, GENERAL LECLERC (AV",,,,940
201300044018,13,5,30,1915,1,2,9,1,1,046,"160, JEAN JAURES (R)",,,,940
201300044019,13,6,4,900,1,2,2,1,3,046,"., MICHELET (R)",,,,940
201300044020,13,9,4,1400,1,2,1,1,6,046,"., GENERAL DE GAULLE (AV",,,,940
201300044021,13,1,10,2105,5,2,1,2,3,046,"210, JEAN JAURES (R)",,,,940
201300044022,13,1,14,1730,5,2,1,1,6,046,"05, BELLE IMAGE (R DE LA",,,,940
201300044023,13,6,10,735,1,2,1,1,6,046,"161, JEAN JAURES (R)",,,,940
201300044024,13,1,15,1910,5,2,1,1,6,046,"39, GENERAL LECLERC (AV",,,,940
201300044025,13,1,17,805,2,2,1,4,7,046,"112, MARC SANGNIER (R)",,,,940
201300044026,13,1,28,1920,1,2,2,1,3,046,NORMANDIE (R DE),,,,940
201300044027,13,1,29,2010,5,2,1,9,6,046,"., GENERAL DE GAULLE (AV",,,,940
201300044028,13,12,24,1810,5,2,2,3,3,046,"., GAMBETTA (AV)",,,,940
201300044029,13,10,29,810,1,2,3,1,3,046,GENERAL LECLERC (AV DU),,,,940
201300044030,13,6,4,1415,1,2,3,1,3,046,GEORGES MEDERIC (R),,,,940
201300044031,13,6,8,1130,1,2,1,1,3,046,"., GAMBETTA (AV)",,,,940
201300044032,13,6,10,1655,1,2,1,1,3,046,"211, REPUBLIQUE (AV DE L",,,,940
201300044033,13,6,11,2030,1,2,1,1,2,046,"17, GENERAL LECLERC (AV",,,,940
201300044034,13,6,16,2200,5,2,1,1,6,046,"., GENERAL LECLERC - CAR",,,,940
201300044035,13,2,11,1900,5,2,1,1,3,046,"70, GENERAL LECLERC (AV",,,,940
201300044036,13,2,12,830,1,2,1,2,6,046,"02, GEORGES GAUME (R)",,,,940
201300044037,13,2,14,1920,5,2,1,2,6,046,"., JEAN JAURES (R)",,,,940
201300044038,13,2,15,1350,1,2,1,1,6,046,"., PROFESSEUR RAMON (R D",,,,940
201300044039,13,2,15,1155,1,2,2,1,3,046,"., VINCENNES (R DE)",,,,940
201300044040,13,2,17,1105,1,2,2,1,3,046,"., REPUBLIQUE (AV DE LA)",,,,940
201300044041,13,7,22,2200,5,2,2,1,3,046,JEAN JAURES (R),,,,940
201300044042,13,2,21,1320,1,2,2,1,3,046,"., VINCENNES (R DE)",,,,940
201300044043,13,2,28,1820,2,2,1,1,6,046,"79, R GEORGES MEDERIC",,,,940
201300044044,13,3,4,1820,2,2,1,1,2,046,.. GENERAL LECLERC (AV D,,,,940
201300044045,13,3,5,1350,1,2,1,1,2,046,"145, JEAN JAURES (R)",,,,940
201300044046,13,3,11,910,1,2,1,1,2,046,"., JEAN JAURES (R)",,,,940
201300044047,13,3,14,835,1,2,2,1,6,046,"., BOULEY (R)",,,,940
201300044048,13,8,15,1915,1,2,1,1,6,046,"105ter, JEAN JAURES (R)",,,,940
201300044049,13,3,22,845,1,2,1,1,2,046,"85, VICTOR HUGO (R)",,,,940
201300044050,13,3,28,945,1,2,9,1,3,046,"7quater, GENERAL DE GAUL",,,,940
201300044051,13,4,1,1645,1,2,2,1,3,046,"., FERNET (R)",,,,940
201300044052,13,8,31,2115,1,2,1,1,3,046,"22, MESLY (R DE)",,,,940
201300044053,13,11,15,1400,1,2,1,1,6,046,"41, GENERAL DE GAULLE (A",,,,940
201300044054,13,11,1,1505,1,2,1,1,6,046,"15, EUGENE RENAULT (R)",,,,940
201300044055,13,4,4,1020,1,2,3,1,3,046,REPUBLIQUE (AV DE LA),,,,940
201300044056,13,9,14,1900,2,2,1,9,2,046,"45, GENERAL LECLERC (AV",,,,940
201300044057,13,9,23,1320,1,2,1,1,6,046,"68, GENERAL DE GAULLE (A",,,,940
201300044058,13,11,5,1855,4,2,1,2,2,046,"., GENERAL DE GAULLE (AV",,,,940
201300044059,13,3,26,1920,2,2,1,1,6,046,"., GENERAL LECLERC (AV D",,,,940
201300044060,13,10,1,805,1,2,2,1,3,046,"., REPUBLIQUE (AV DE LA)",,,,940
201300044061,13,5,7,2105,5,2,1,1,7,046,"73, GENERAL LECLERC (AV",,,,940
201300044062,13,10,20,1005,1,2,1,1,3,046,"., GENERAL DE GAULLE (AV",,,,940
201300044063,13,5,23,2010,1,2,1,2,6,046,"17, GENERAL LECLERC (AV",,,,940
201300044064,13,4,16,305,5,2,1,1,6,046,"., REPUBLIQUE (AV DE LA)",,,,940
201300044065,13,8,5,2300,5,2,3,1,3,046,"129, JEAN JAURES (R)",,,,940
201300044066,13,5,26,1330,1,2,1,1,3,046,"73, GENERAL LECLERC (AV",,,,940
201300044067,13,5,27,1820,1,2,1,1,6,046,"., GENERAL LECLERC (AV D",,,,940
201300044068,13,10,29,640,5,2,2,1,3,046,"., GENERAL LECLERC (AV D",,,,940
201300044069,13,10,31,1455,1,2,1,1,3,046,"., GENERAL LECLERC (AV D",,,,940
201300044070,13,6,25,1850,1,2,1,1,6,046,"., REPUBLIQUE (AV DE LA)",,,,940
201300044071,13,9,24,1345,1,2,1,1,6,046,"45, GENERAL DE GAULLE (A",,,,940
201300044072,13,10,29,1830,2,2,1,1,6,046,"., JEAN JAURES (R)",,,,940
201300044073,13,10,17,1030,1,2,1,1,6,046,"02, GENERAL LECLERC (AV",,,,940
201300044074,13,12,9,1230,1,2,1,1,6,046,"6/8, DIX HUIT JUIN 1940",,,,940
201300044075,13,8,24,2230,5,2,2,1,3,046,"., BELFORT (R DE)",,,,940
201300044076,13,8,14,2220,5,2,1,1,3,046,"., GENERAL LECLERC (AV D",,,,940
201300044077,13,6,10,1900,1,2,1,8,6,046,"., REPUBLIQUE (AV DE LA)",,,,940
201300044078,13,9,12,1445,1,2,1,1,6,046,"105bis, JEAN JAURES (R)",,,,940
201300044079,13,12,17,1435,1,2,1,1,3,046,"02, EUGENE RENAULT (R)",,,,940
201300044080,13,12,24,1335,1,2,1,1,6,046,"., GEORGES CLEMENCEAU (A",,,,940
201300044081,13,12,24,1710,5,2,1,2,6,046,"33, REPUBLIQUE (AV DE LA",,,,940
201300044082,13,12,28,1840,5,2,2,1,3,046,"., REPUBLIQUE (AV DE LA)",,,,940
201300044083,13,1,2,1400,1,2,1,1,2,052,STRASBOURG (BD DE),,,,940
201300044084,13,1,8,830,1,2,1,1,3,052,STRASBOURG (BD DE),,,,940
201300044085,13,1,11,815,2,2,1,1,6,015,FOUR (R DU),,,,940
201300044086,13,1,12,1155,1,2,1,2,5,015,"64, GENERAL LECLERC (AV)",,,,940
201300044087,13,6,29,2245,5,2,2,1,3,015,GEORGES CLEMENCEAU (AV),,,,940
201300044088,13,1,17,2215,5,2,2,9,3,052,STRASBOURG (BD DE),,,,940
201300044089,13,1,21,1220,1,2,1,4,6,052,ARMISTICE (R DE L),,,,940
201300044090,13,1,26,1150,1,2,1,1,6,042,"8, JAMIN (AV)",,,,940
201300044091,13,1,26,2145,5,2,1,1,3,058,"112, GENERAL DE GAULLE (",,,,940
201300044092,13,1,29,1045,1,2,3,2,2,052,STRASBOURG/ANQUETIL,,,,940
201300044093,13,1,31,1230,1,2,2,1,3,015,GEORGES MELIES (BD),,,,940
201300044094,13,11,25,700,2,2,1,1,3,058,"189, ALSACE LORRAINE (BD",,,,940
201300044095,13,11,25,1410,1,2,1,1,3,042,PARIS (R DE),,,,940
201300044096,13,2,6,1150,1,2,1,1,6,058,"2 bis, FONTENAY (BD DE)",,,,940
201300044097,13,2,11,1540,1,2,9,1,2,058,"260, PIERRE BROSSOLETTE",,,,940
201300044098,13,2,14,1950,5,1,3,9,2,058,"106 bis, PIERRE BROSSOLE",,,,940
201300044099,13,2,21,935,1,2,1,1,3,042,GENERAL GALLIENI - PONT,,,,940
201300044100,13,3,2,1135,1,2,1,1,3,052,WATTEAU (AV),,,,940
201300044101,13,3,6,645,3,2,2,1,6,052,MARRONIERS (AV DES),,,,940
201300044102,13,3,9,1405,1,2,9,1,4,042,GENERAL GALLIENI - PONT,,,,940
201300044103,13,3,12,655,1,1,1,4,1,015,FRERES LUMIERE (AV DES),,,,940
201300044104,13,12,10,1430,1,2,2,7,6,052,JACQUES KABLE (R),,,,940
201300044105,13,3,15,1200,1,2,1,1,2,052,"107, CHARLES DE GAULLE (",,,,940
201300044106,13,12,11,1250,1,2,1,1,6,052,CHARLES DE GAULLE (GRAND,,,,940
201300044107,13,12,11,1630,2,1,1,1,6,052,JOINVILLE (AV DE),,,,940
201300044108,13,3,18,1025,1,2,3,1,6,052,"144, STRASBOURG (BD DE)",,,,940
201300044109,13,3,21,1540,1,2,3,1,6,058,ALSACE LORRAINE (BD D),,,,940
201300044110,13,3,21,1700,1,2,1,1,6,052,"158, CHARLES DE GAULLE (",,,,940
201300044111,13,12,13,1540,1,2,2,1,3,042,EUROPE (BD DE L),,,,940
201300044112,13,12,14,1230,1,2,1,1,3,052,"30, CHARLES DE GAULLE (G",,,,940
201300044113,13,12,14,1540,1,2,7,1,2,042,VERDUN (PL DE),,,,940
201300044114,13,3,29,1700,1,2,1,1,6,015,"27, MESANGES (R DES)",,,,940
201300044115,13,4,3,1650,1,2,1,1,6,042,PARIS (R DE),,,,940
201300044116,13,12,18,1620,1,1,1,1,6,042,"2, BARRAGE (QU DU)",,,,940
201300044117,13,4,5,1715,1,2,1,1,5,015,"44, GENERAL LECLERC (AV)",,,,940
201300044118,13,4,5,1815,1,2,1,1,3,052,"143, STRASBOURG (BD DE)",,,,940
201300044119,13,12,20,2005,5,2,1,1,6,042,CANADIENS (AV DES),,,,940
201300044120,13,4,10,1615,1,2,2,1,3,058,LATERALE AU VIADUC (R),,,,940
201300044121,13,4,12,1605,1,2,1,3,6,058,"59, GENERAL DE GAULLE (A",,,,940
201300044122,13,4,12,2110,5,2,2,1,1,042,PRESIDENT JOHN KENNEDY (,,,,940
201300044123,13,4,14,1820,1,2,2,1,3,015,FOUR (R DU),,,,940
201300044124,13,12,23,1400,1,2,1,1,2,052,"14, CHARLES DE GAULLE (G",,,,940
201300044125,13,4,15,2030,1,2,1,1,1,042,BIR HAKEIM (QU DE),,,,940
201300044126,13,4,18,800,1,2,3,1,3,042,ELYSEE (R DE L),,,,940
201300044127,13,4,20,320,5,2,1,1,3,001,BD ALBERT 1ER,,,,940
201300044128,13,4,22,950,1,2,1,1,6,058,FOCH (BD),,,,940
201300044129,13,12,27,1810,5,2,1,2,6,058,"32, GENERAL DE GAULLE (A",,,,940
201300044130,13,4,27,1830,1,2,9,8,3,058,MARECHAL JOFFRE (AV DU),,,,940
201300044131,13,4,30,1645,1,1,1,2,5,052,PONT DE NOGENT,,,,940
201300044132,13,12,31,1525,1,2,1,1,6,058,STATION (R DE LA),,,,940
201300044133,13,5,15,1815,1,2,1,1,6,015,GEORGES MELIES (BD),,,,940
201300044134,13,5,19,1810,1,2,3,3,2,058,LEDRU ROLLIN (AV),,,,940
201300044135,13,5,17,1440,1,2,1,1,6,052,"101B, THEODORE HONORE (R",,,,940
201300044136,13,5,21,945,1,2,1,2,6,058,NANCY (R DE),,,,940
201300044137,13,6,4,900,1,2,1,1,2,042,"28, GENERAL GALLIENI (AV",,,,940
201300044138,13,6,5,830,1,2,3,1,3,058,GENERAL DE GAULLE (AV DU,,,,940
201300044139,13,6,7,1720,1,2,1,1,6,058,"29, JULES FERRY (R)",,,,940
201300044140,13,6,7,1830,1,2,1,1,2,042,GENERAL GALLIENI - PONT,,,,940
201300044141,13,6,10,1940,1,2,5,1,6,042,GALLIENI/FOCH,,,,940
201300044142,13,6,11,735,1,2,3,1,3,052,JACQUES KABLE (R),,,,940
201300044143,13,6,13,1945,1,1,9,1,6,015,GEORGES MELIES (BD),,,,940
201300044144,13,6,19,1540,1,2,2,1,3,058,LIBERTE (BD DE LA),,,,940
201300044145,13,6,19,1515,1,2,2,1,3,058,"35, FOCH (BD)",,,,940
201300044146,13,6,19,2015,1,2,1,3,2,052,STRASBOURG (BD DE),,,,940