Num_Acc,an,mois,jour,hrmn,lum,agg,int,atm,col,com,adr,gps,lat,long,dep
201300045303,13,1,22,810,1,1,1,9,5,017,A4,M,4882650,0251831,940
201300045304,13,1,24,830,1,1,1,2,3,069,A4,M,4881740,0242930,940
201300045305,13,1,24,1715,1,1,1,1,2,112,A4,,,,750
201300045306,13,1,27,100,5,1,1,1,5,051,A4,M,4883600,0255642,930
201300045307,13,1,29,740,2,1,1,2,3,363,A104,,,,770
201300045308,13,1,30,1000,1,1,1,2,3,044,RN406.Y,M,4875770,0247072,940
201300045309,13,1,30,1000,1,1,1,1,2,121,A104,,,,770
201300045310,13,1,31,735,2,1,1,1,6,294,A104,,,,770
201300045311,13,1,31,1015,1,1,1,1,3,169,A4.Y,,,,770
201300045312,13,1,31,1620,1,1,1,2,4,017,A4,M,4882680,0252359,940
201300045313,13,1,31,1930,3,1,1,1,7,112,A4,,,,750
201300045314,13,2,1,1352,1,1,1,2,5,033,A86.INT,M,4885930,0248616,940
201300045315,13,2,2,540,5,1,1,1,2,069,A4,M,4881730,0242928,940
201300045316,13,2,2,550,5,1,1,1,2,069,A4,M,4881730,0242928,940
201300045317,13,2,2,640,5,1,1,1,2,069,A4,M,4881740,0242930,940
201300045318,13,2,2,650,5,1,1,1,4,018,A4,M,4881870,0240833,940
201300045319,13,2,4,1330,1,1,1,2,7,121,A104,,,,770
201300045320,13,2,4,1430,1,1,1,2,2,052,A86 INT,M,4884540,0249196,940
201300045321,13,2,5,1705,1,1,1,8,3,294,A104,,,,770
201300045322,13,2,6,1335,1,1,1,1,7,069,A4,M,4881700,0244610,940
201300045323,13,2,7,930,1,1,1,1,3,069,A4,M,4881660,0245027,940
201300045324,13,2,8,1015,5,1,1,1,5,052,A86 INT,M,4884270,0249262,940
201300045325,13,2,11,1545,1,1,1,1,6,122,A5b,,,,770
201300045326,13,2,11,1830,3,1,1,8,5,372,A104,,,,770
201300045327,13,2,12,1705,1,1,1,1,3,122,RN104,,,,770
201300045328,13,2,13,730,2,1,1,1,7,053,RN104,,,,770
201300045329,13,2,15,1705,1,1,1,1,2,042,A4,M,4882850,0247660,940
201300045330,13,2,18,930,1,1,1,1,2,294,A104,,,,770
201300045331,13,2,19,710,1,1,1,1,4,249,RN104,,,,770
201300045332,13,2,21,840,1,1,1,1,5,051,A4,,,,930
201300045333,13,2,21,850,1,1,1,1,4,373,RN104,,,,770
201300045334,13,2,22,1640,1,1,1,1,5,258,A4.W,,,,770
201300045335,13,2,25,1300,1,1,1,2,2,033,A86.INT,M,4884890,0249074,940
201300045336,13,2,26,2115,3,1,1,1,3,373,RN104,,,,770
201300045337,13,2,27,1020,1,1,1,1,7,073,A86 INT,M,4875920,0238355,940
201300045338,13,2,27,1830,3,1,1,1,4,146,A4.Y,,,,770
201300045339,13,3,1,45,5,1,1,1,3,069,A4,M,4881730,0243928,940
201300045340,13,3,1,650,3,1,1,1,7,249,RN104,,,,770
201300045341,13,3,2,1405,1,1,1,1,2,017,A4,M,4882970,0249792,940
201300045342,13,3,3,510,3,1,1,1,7,373,RN104,,,,770
201300045343,13,3,3,550,5,1,1,1,2,028,A86 INT,M,4880110,0244698,940
201300045344,13,3,3,1310,1,1,1,1,6,337,RN104,,,,770
201300045345,13,3,5,950,1,1,1,1,4,033,A86.EXT,M,4885550,0248927,940
201300045346,13,3,7,1610,1,1,1,1,4,052,A4,M,4882640,0246625,940
201300045347,13,3,8,945,1,1,1,1,5,065,A86 EXT,M,4875370,0235009,940
201300045348,13,3,9,1110,1,1,1,1,4,033,A86.INT,M,4885150,0248977,940
201300045349,13,3,9,2050,3,1,1,1,2,046,A86 EXT,M,4881160,0244907,940
201300045350,13,3,10,225,3,1,1,1,6,169,A4.Y,,,,770
201300045351,13,3,11,935,1,1,1,2,3,017,A4,M,4882730,0252468,940
201300045352,13,3,11,1620,1,1,1,8,5,074,RN406.Y,M,4876630,0245585,940
201300045353,13,3,12,445,3,1,1,2,3,079,A4,M,4883580,0253972,940
201300045354,13,3,12,930,1,1,1,4,4,337,RN104,,,,770
201300045355,13,3,13,1010,1,1,1,2,2,081,A86 EXT,M,4877340,0240307,940
201300045356,13,3,14,800,1,1,1,1,6,017,A4,M,4882960,0249778,940
201300045357,13,3,14,1315,1,1,1,1,7,372,A104,,,,770
201300045358,13,3,14,1800,1,1,1,1,3,258,A4.Y,,,,770
201300045359,13,3,15,1630,1,1,1,1,2,514,A104,,,,770
201300045360,13,3,16,220,4,1,1,1,4,069,A4,M,4881740,0243626,940
201300045361,13,3,16,2100,3,1,1,2,2,017,A4,M,4882650,0252071,940
201300045362,13,3,17,1200,1,1,1,2,6,073,A86 EXT,M,4876740,0237871,940
201300045363,13,3,17,2200,4,1,1,2,5,073,A86 INT,M,4876660,0237881,940
201300045364,13,3,18,810,1,1,1,1,3,051,A4,,,,930
201300045365,13,3,21,1920,3,1,1,1,6,122,A5b,,,,770
201300045366,13,3,22,830,1,1,1,1,5,438,A104,,,,770
201300045367,13,3,22,1900,2,1,1,1,2,051,A4,M,4883530,0257243,930
201300045368,13,3,26,730,1,1,1,1,3,141,A4,,,,770
201300045369,13,3,26,855,1,1,1,1,3,051,A4,,,,930
201300045370,13,3,26,1400,1,1,1,1,2,169,RN104,,,,770
201300045371,13,3,27,800,1,1,1,1,5,073,A86 INT,M,4877000,0238129,940
201300045372,13,3,28,1400,1,1,1,1,2,042,A4,M,4882870,0247661,940
201300045373,13,3,28,1745,1,1,1,1,5,294,A104,,,,770
201300045374,13,3,29,1315,1,1,1,1,3,169,RN104,,,,770
201300045375,13,3,30,815,1,1,1,1,2,028,RN406.W,M,4877290,0244579,940
201300045376,13,3,31,510,3,1,1,1,6,468,A104,,,,770
201300045377,13,3,31,700,1,1,1,1,6,069,A4,M,4881750,0243877,940
201300045378,13,3,31,1330,1,1,1,1,2,028,A86 EXT,M,4878480,0244050,940
201300045379,13,4,1,745,2,1,1,1,6,051,A4,,,,930
201300045380,13,4,1,1610,1,1,1,1,2,249,RN104,,,,770
201300045381,13,4,2,1800,1,1,1,1,2,146,A4.Y,,,,770
201300045382,13,4,4,1835,1,1,1,1,7,018,A4,,,,770
201300045383,13,4,5,700,1,1,1,1,2,017,A4,M,4882680,0252381,940
201300045384,13,4,6,1425,1,1,1,1,7,033,A86.EXT,M,4885910,0249050,940
201300045385,13,4,7,1600,1,1,1,1,5,175,RN104,,,,770
201300045386,13,4,8,1030,1,1,1,1,5,181,A4,,,,770
201300045387,13,4,9,1150,1,1,1,1,4,017,A4,M,4882970,0249791,940
201300045388,13,4,9,1800,1,1,1,1,6,058,A4,,,,770
201300045389,13,4,10,815,1,1,1,1,7,028,A86 EXT,M,4878440,0244056,940
201300045390,13,4,10,1640,1,1,1,2,5,294,A104,,,,770
201300045391,13,4,11,740,1,1,1,1,2,081,A86 EXT,M,4877440,0241032,940
201300045392,13,4,18,755,1,1,1,1,2,079,A4,M,4882880,0252742,940
201300045393,13,4,13,1651,1,1,1,2,2,033,A86.INT,M,4885910,0248677,940
201300045394,13,4,14,1530,1,1,1,1,2,112,A4,,,,750
201300045395,13,4,14,1725,1,1,1,1,5,069,A4,M,4881740,0243626,940
201300045396,13,4,14,1745,1,1,1,1,7,069,A4,M,4881650,0245149,940
201300045397,13,4,14,1820,1,1,1,1,2,018,A4,M,4882130,0239954,940
201300045398,13,4,15,1500,1,1,1,1,5,081,A86 INT,M,4877410,0240501,940
201300045399,13,4,15,2120,5,1,1,1,6,051,A4,,,,930
201300045400,13,4,17,910,1,1,1,1,2,069,A4,M,4881720,0244334,940
201300045401,13,4,17,1340,1,1,1,1,3,017,A4,M,4882970,0249791,940
201300045402,13,4,18,810,1,1,1,1,4,017,A4,M,4882730,0252477,940
201300045403,13,4,21,1835,1,1,1,1,2,069,A4,M,4881740,0243348,940
201300045404,13,4,22,700,1,1,1,1,3,033,A86.INT,M,4885020,0249025,940
201300045405,13,4,22,1815,1,1,1,1,6,337,RN104,,,,770
201300045406,13,4,23,1900,1,1,1,1,6,018,A4,M,4882480,0239301,940
201300045407,13,4,24,915,1,1,1,1,2,052,A86 INT,M,4884090,0249283,940
201300045408,13,4,23,1735,1,1,1,1,2,015,A4,M,4883050,0253004,940
201300045409,13,4,25,1940,1,1,1,1,7,069,A4,M,4881650,0245015,940
201300045410,13,4,26,1200,1,1,1,1,6,046,A86 INT,M,4879840,0244473,940
201300045411,13,4,30,1930,1,1,1,2,3,373,RN104,,,,770
201300045412,13,4,30,2020,1,1,1,2,3,017,A4,M,4883050,0249110,940
201300045413,13,5,3,820,1,1,1,1,7,069,A86 EXT,M,4881600,0245161,940
201300045414,13,5,4,1130,1,1,1,1,6,018,A4,M,4882130,0239954,940
201300045415,13,5,5,1915,1,1,1,1,7,438,A104,,,,770
201300045416,13,5,7,2000,1,1,1,1,3,237,A4,,,,770
201300045417,13,5,9,900,1,1,1,1,6,073,A86 EXT,M,4877000,0238169,940
201300045418,13,5,11,1230,1,1,1,1,7,081,A86 EXT,M,4877400,0240773,940
201300045419,13,5,11,1720,1,1,1,1,3,028,A86 EXT,M,4879230,0244128,940
201300045420,13,5,14,1750,1,1,1,1,3,069,A4,M,4881710,0244472,940
201300045421,13,5,15,1850,1,1,1,1,3,069,A4,M,4881680,0244600,940
201300045422,13,5,16,1825,1,1,1,1,5,051,A4,,,,930
201300045423,13,5,17,2020,1,1,1,1,5,146,A4.W,,,,770
201300045424,13,5,17,2000,2,1,1,1,2,337,RN104,,,,770
201300045425,13,5,18,450,3,1,9,1,6,438,A104,,,,770
201300045426,13,5,18,1145,1,1,1,1,5,069,A4,M,4881670,0244957,940
201300045427,13,5,19,2020,1,1,1,2,6,122,RN104,,,,770
201300045428,13,5,20,335,4,1,1,3,6,073,A86 EXT,M,4876740,0237871,940
201300045429,13,5,20,1250,1,1,1,2,4,022,A86 EXT,M,4877340,0240317,940
201300045430,13,5,20,1850,1,1,1,2,6,058,A104,,,,770
201300045431,13,5,21,800,1,1,1,2,3,052,A86.EXT,M,4883890,0249376,940
201300045432,13,5,21,830,1,1,1,3,4,372,A104,,,,770
201300045433,13,5,21,910,1,1,1,2,5,028,A86 EXT,M,4877610,0243095,940
201300045434,13,5,21,940,1,1,1,2,3,121,A4,,,,770
201300045435,13,5,22,1000,1,1,1,1,4,017,A4,M,4882780,0250588,940
201300045436,13,5,22,1410,1,1,1,1,2,450,RN104,,,,770
201300045437,13,5,23,930,1,1,1,1,3,373,RN104,,,,770
201300045438,13,5,23,2030,1,1,1,2,6,044,RN406.W,M,4875840,0247039,940
201300045439,13,5,30,2015,1,1,1,8,7,069,A4,M,4881690,0244322,940
201300045440,13,5,24,2246,3,1,1,1,6,044,RN406.W,M,4875880,0247013,940
201300045441,13,5,25,1920,1,1,1,1,7,018,A4,M,4881730,0241742,940
201300045442,13,5,27,420,5,1,1,1,2,018,A4,M,4881950,0240596,940
201300045443,13,5,28,1245,1,1,1,2,7,058,A86 INT,M,4884450,0249228,940
201300045444,13,5,29,940,1,1,1,1,3,069,A4,M,4881760,0242084,940
201300045445,13,6,4,830,1,1,1,1,7,018,AUTOROUTE A4,M,4881770,0241525,940
201300045446,13,6,4,900,1,1,1,1,5,363,A104,,,,770
201300045447,13,6,5,930,1,1,1,1,2,069,A4,M,4881710,0244323,940
201300045448,13,6,6,800,1,1,1,1,2,028,A86 INT,M,4877610,0242825,940
201300045449,13,6,6,1025,1,1,1,1,3,069,A4,M,4881730,0242642,940
201300045450,13,6,6,1930,1,1,1,1,7,249,RN104,,,,770
201300045451,13,6,7,800,1,1,1,1,2,363,A104,,,,770
201300045452,13,6,7,808,1,1,1,1,3,373,RN104,,,,770
201300045453,13,6,7,1125,1,1,1,1,3,033,A86.INT,M,4886000,0248534,940
201300045454,13,6,8,245,5,1,1,1,6,017,A4,M,4883030,0249096,940
201300045455,13,6,8,1000,1,1,1,1,2,017,A4,M,4882790,0250451,940
201300045456,13,6,8,1530,1,1,1,1,2,022,A86 EXT,M,4877620,0242427,940
201300045457,13,6,9,1545,1,1,1,2,6,337,RN104,,,,770
201300045458,13,6,9,2041,1,1,1,1,3,028,A86 INT,M,4878620,0243998,940
201300045459,13,6,10,730,1,1,1,1,2,051,A4,,,,930
201300045460,13,6,10,1050,5,1,1,1,2,017,A4,M,4882650,0251832,940
201300045461,13,6,10,1130,1,1,1,1,2,073,A86 EXT,M,4876660,0237881,940
201300045462,13,6,10,1630,1,1,1,1,4,112,A4,,,,750
201300045463,13,6,11,1100,1,1,1,1,3,002,A86 INT,M,4877650,0242157,940
201300045464,13,6,11,1240,1,1,1,1,7,042,A4,M,4882690,0246781,940
201300045465,13,6,12,715,1,1,1,1,3,079,A4,M,4883580,0253972,940
201300045466,13,6,14,1700,1,1,1,1,3,073,A86 INT,M,4875660,0238355,940
201300045467,13,6,14,1930,1,1,1,1,2,073,A86 INT,M,4875360,0237899,940
201300045468,13,6,16,1325,1,1,1,1,3,294,A104,,,,770
201300045469,13,6,16,1940,1,1,1,7,6,258,A4.W,,,,770
201300045470,13,6,18,800,1,1,1,1,3,018,A4,M,4881770,0241804,940
201300045471,13,6,18,835,1,1,9,1,2,051,A4,,,,930
201300045472,13,6,19,810,1,1,1,2,3,046,A86 EXT,M,4880810,0244896,940
201300045473,13,6,21,650,1,1,1,2,7,017,A4,M,4883000,0248675,940
201300045474,13,6,21,719,1,1,1,2,7,053,RN104,,,,770
201300045475,13,6,23,1830,1,1,1,2,4,081,A86 EXT,M,4877400,0240138,940
201300045476,13,6,25,1720,1,1,1,1,5,122,RN104,,,,770
201300045477,13,6,26,900,1,1,1,1,2,069,A4,M,4881720,0244333,940
201300045478,13,6,26,945,1,1,1,1,2,258,A4.W,,,,770
201300045479,13,6,26,1645,1,1,1,1,3,028,A86 INT,M,4879410,0244161,940
201300045480,13,6,26,1810,1,1,1,1,7,028,A86 EXT,M,4878000,0244119,940
201300045481,13,6,28,1850,1,1,1,1,3,169,RN104,,,,770
201300045482,13,6,27,840,1,1,1,1,2,249,RN104,,,,770
201300045483,13,6,28,45,3,1,1,1,2,514,A104,,,,770
201300045484,13,6,28,1540,1,1,1,1,2,022,A86 EXT,M,4877540,0241278,940
201300045485,13,6,28,1630,1,1,1,1,4,373,RN104,,,,770
201300045486,13,6,29,940,1,1,1,2,3,373,RN104,,,,770
201300045487,13,6,29,1850,1,1,1,1,3,258,A4.W,,,,770
201300045488,13,6,30,210,3,1,1,1,6,015,A4,M,4883130,0253079,940
201300045489,13,6,30,515,2,1,1,1,7,373,RN104,,,,770
201300045490,13,7,1,1000,1,1,1,1,2,042,A4,M,4882880,0247729,940
201300045491,13,7,1,1015,1,1,1,1,3,069,A86 EXT,M,4881650,0245348,940
201300045492,13,7,1,2040,1,1,1,1,3,468,A4.W,,,,770
201300045493,13,7,1,2110,5,1,1,1,3,058,A86.EXT,M,4884750,0249197,940
201300045494,13,7,1,2150,3,1,1,1,4,372,A104,,,,770
201300045495,13,7,3,830,1,1,1,1,2,069,A86 EXT,M,4881590,0245134,940
201300045496,13,7,3,1500,1,1,1,1,7,372,A104,,,,770
201300045497,13,7,5,1820,1,1,1,1,5,046,A86 INT,M,4880810,0244878,940
201300045498,13,7,5,2235,3,1,1,1,6,122,RN104,,,,770
201300045499,13,7,6,1730,1,1,1,1,2,052,A86 INT,M,4884630,0249165,940
201300045500,13,7,6,1940,1,1,1,1,6,258,A4.W,,,,770
201300045501,13,7,6,2220,3,1,9,1,2,058,A4,,,,770
201300045502,13,7,7,620,2,1,1,1,6,052,A4,M,4882660,0246607,940
201300045503,13,7,7,1300,1,1,1,1,2,073,A86 INT,M,4875570,0238301,940
201300045504,13,7,7,2000,1,1,1,1,4,017,A4,M,4882650,0251832,940
201300045505,13,7,7,2120,4,1,1,1,5,258,A4.Y,,,,770
201300045506,13,7,8,1215,1,1,1,7,4,073,A86 INT,M,4877030,0238298,940
201300045507,13,7,11,1425,1,1,1,7,5,363,A104,,,,770
201300045508,13,7,12,1030,1,1,1,1,3,018,A4,M,4881890,0240856,940
201300045509,13,7,12,1220,1,1,1,1,2,017,A4,M,4883010,0249661,940
201300045510,13,7,12,1910,1,1,1,1,4,373,RN104,,,,770
201300045511,13,7,12,2010,1,1,1,1,3,073,A86 INT,M,4877070,0238560,940
201300045512,13,7,12,2100,1,1,1,1,4,017,A4,M,4882790,0250451,940
201300045513,13,7,12,2255,3,1,1,1,3,468,A104,,,,770
201300045514,13,7,15,855,1,1,1,1,2,018,A4,M,4881770,0241664,940
201300045515,13,7,15,830,1,1,1,1,5,073,A86 EXT,M,4876650,0237882,940
201300045516,13,7,15,925,1,1,1,1,6,018,A4,M,4881750,0241476,940
201300045517,13,7,16,1325,1,1,1,1,2,065,A86 INT,M,4875440,0234971,940
201300045518,13,7,16,1430,1,1,1,1,7,011,RN406.W,M,4875880,0248214,940
201300045519,13,7,16,1915,1,1,1,1,3,052,A86 INT,M,4884270,0249262,940
201300045520,13,7,17,1240,1,1,1,1,4,017,A4,M,4882700,0251136,940
201300045521,13,7,19,1725,1,1,1,1,5,169,RN104,,,,770
201300045522,13,7,20,1224,1,1,1,1,2,438,A104,,,,770
201300045523,13,7,20,1945,1,1,1,1,4,017,A4,M,4882640,0251811,940
201300045524,13,7,23,1845,1,1,1,1,7,373,RN104,,,,770
201300045525,13,7,25,700,1,1,1,1,3,022,A86 INT,M,4877650,0242023,940
201300045526,13,7,25,815,1,1,1,1,3,079,A4,M,4883300,0253379,940
201300045527,13,7,25,1300,1,1,1,1,2,017,A4,M,4882860,0250177,940
201300045528,13,7,25,1545,1,1,1,1,2,112,A4,,,,750
201300045529,13,7,25,1644,1,1,1,1,3,028,A86 EXT,M,4877880,0244114,940
201300045530,13,7,25,1845,1,1,1,1,3,169,RN104,,,,770
201300045531,13,7,26,855,1,1,1,1,2,018,A4,,,,770
201300045532,13,7,26,1615,1,1,1,1,7,017,A4,M,4882790,0250423,940
201300045533,13,8,1,2040,1,1,1,1,6,169,RN104,,,,770
201300045534,13,8,2,840,1,1,1,1,3,438,A104,,,,770
201300045535,13,8,2,1745,1,1,1,1,5,033,A86.INT,M,4885790,0248727,940
201300045536,13,8,2,1940,2,1,1,1,5,052,A86 INT,M,4884570,0249187,940
201300045537,13,8,3,800,1,1,1,1,5,018,A4,M,4881750,0241528,940
201300045538,13,8,5,1810,1,1,1,1,2,033,A86.INT,M,4885720,0248765,940
201300045539,13,8,7,1330,1,1,1,2,4,044,RN406.W,M,4875820,0247060,940
201300045540,13,8,8,820,1,1,1,1,7,074,RN406.W,M,4876920,0245008,940
201300045541,13,8,12,800,1,1,1,1,2,033,A86.INT,M,4884800,0249106,940
201300045542,13,8,12,1220,1,1,1,1,2,122,RN104,,,,770
201300045543,13,8,14,2220,5,1,1,1,4,028,A86 EXT,M,4877600,0242818,940
201300045544,13,8,20,1913,1,1,1,1,7,081,A86 EXT,M,4877390,0240371,940
201300045545,13,8,25,1600,1,1,1,2,7,450,RN104,,,,770
201300045546,13,8,26,1810,1,1,1,1,7,028,RN406.W,M,4877220,0244654,940
201300045547,13,8,27,1215,1,1,1,2,7,042,A4,M,4882850,0247644,940
201300045548,13,8,28,955,1,1,1,1,4,373,RN104,,,,770
201300045549,13,8,30,930,1,1,1,1,4,017,A4,M,4882670,0251471,940
201300045550,13,8,31,1730,1,1,1,1,3,373,RN104,,,,770
201300045551,13,9,1,1705,1,1,1,1,3,069,A86 EXT,M,4881580,0245117,940
201300045552,13,9,2,1000,1,1,1,1,7,373,RN104,,,,770
201300045553,13,9,3,800,1,1,1,1,3,065,A86 INT,M,4875380,0235499,940
201300045554,13,9,3,1815,1,1,1,1,7,169,A4.Y,,,,770
201300045555,13,9,5,1930,1,1,1,7,7,258,A4.W,,,,770
201300045556,13,9,6,1530,1,1,1,1,6,373,RN104,,,,770
201300045557,13,9,7,615,3,1,1,1,2,028,A86 EXT,M,4877600,0242823,940
201300045558,13,9,7,1345,1,1,1,1,5,081,A86 EXT,M,4877490,0241148,940
201300045559,13,9,8,15,3,1,1,1,5,042,A4,M,4882840,0247585,940
201300045560,13,9,9,1150,1,1,1,1,2,017,A4,M,4882700,0251036,940
201300045561,13,9,9,1745,1,1,1,2,2,373,RN104,,,,770
201300045562,13,9,11,1810,1,1,1,8,3,073,A86 EXT,M,4877260,0239790,940
201300045563,13,9,11,1850,1,1,1,1,3,046,A86 EXT,M,4881510,0244989,940
201300045564,13,9,12,1015,1,1,1,8,2,073,A86 INT,M,4877260,0239780,940
201300045565,13,9,12,947,1,1,1,1,3,373,RN104,,,,770
201300045566,13,9,13,410,4,1,1,1,6,121,A4,,,,770
201300045567,13,9,14,425,3,1,1,2,3,112,A4,,,,750
201300045568,13,9,14,1400,1,1,1,2,6,044,RN406.W,M,4875820,0247065,940
201300045569,13,9,15,715,1,1,1,1,5,121,A104,,,,770
201300045570,13,9,16,740,1,1,1,2,6,373,RN104,,,,770
201300045571,13,9,16,1503,1,1,1,1,7,028,A86 INT,M,4877940,0244092,940
201300045572,13,9,16,1800,1,1,1,2,2,081,A86 INT,M,4877420,0240830,940
201300045573,13,9,16,1855,1,1,1,3,7,073,A86 EXT,M,4875380,0236992,940
201300045574,13,9,16,2030,3,1,1,2,2,051,A4,M,4883570,0256309,930
201300045575,13,9,17,715,1,1,1,1,2,073,A86 INT,M,4875890,0238365,940
201300045576,13,9,18,1020,1,1,1,1,2,033,A86.INT,M,4886090,0248438,940
201300045577,13,9,18,1800,1,1,1,2,7,022,A86 EXT,M,4877630,0242293,940
201300045578,13,9,18,2020,2,1,1,1,4,042,A4,M,4882760,0247043,940
201300045579,13,9,20,1200,1,1,1,1,5,028,A86 INT,M,4877640,0243180,940
201300045580,13,9,21,700,2,1,1,1,2,146,A4.Y,,,,770
201300045581,13,9,21,1430,1,1,1,1,6,053,RN104,,,,770
201300045582,13,9,22,1147,1,1,1,1,2,069,A4,M,4881720,0244334,940
201300045583,13,9,23,5,3,1,1,1,7,121,A4,,,,770
201300045584,13,9,22,700,3,1,1,1,1,438,A104,,,,770
201300045585,13,9,23,1535,1,1,1,1,3,121,A104,,,,770
201300045586,13,9,23,2030,3,1,1,1,4,258,A4.Y,,,,770
201300045587,13,9,24,710,1,1,1,1,3,337,A4,,,,770
201300045588,13,9,24,2350,5,1,1,1,6,017,A4,M,4882680,0251242,940
201300045589,13,9,25,1300,1,1,1,1,5,069,A4,M,4881640,0244561,940
201300045590,13,9,25,2110,3,1,1,1,3,033,A86.EXT,M,4885780,0248833,940
201300045591,13,9,27,2100,5,1,1,2,5,112,A4,,,,750
201300045592,13,9,28,900,1,1,1,8,7,175,RN104,,,,770
201300045593,13,9,30,1905,1,1,1,1,5,028,A86 EXT,M,4880210,0244786,940
201300045594,13,10,2,730,3,1,1,1,4,046,A86 EXT,M,4880990,0244903,940
201300045595,13,10,2,730,1,1,1,1,2,073,A86 INT,M,4875960,0238339,940
201300045596,13,10,3,830,1,1,1,1,2,051,A4,,,,930
201300045597,13,10,3,1000,1,1,1,1,3,022,A86 INT,M,4877410,0240501,940
201300045598,13,10,3,1800,1,1,1,1,4,372,A104,,,,770
201300045599,13,10,4,830,1,1,1,1,5,017,A4,M,4882780,0250588,940
201300045600,13,10,4,915,1,1,1,2,3,294,A104,,,,770
201300045601,13,10,5,900,1,1,1,1,6,169,A4.Y,,,,770
201300045602,13,10,6,700,3,1,1,1,5,294,A104,,,,770
201300045603,13,10,7,730,1,1,1,1,3,017,A4,M,4882790,0250451,940
201300045604,13,10,7,2340,3,1,1,1,6,438,A104,,,,770
201300045605,13,10,8,1510,1,1,1,1,4,373,RN104,,,,770
201300045606,13,10,8,1745,1,1,1,1,6,028,A86 INT,M,4877650,0243609,940
201300045607,13,10,8,1930,5,1,1,1,2,046,A86 INT,M,4880540,0244854,940
201300045608,13,10,12,1516,1,1,1,1,3,146,A4.Y,,,,770
201300045609,13,10,12,1845,2,1,1,1,3,258,A4.W,,,,770
201300045610,13,10,13,600,3,1,1,1,3,121,A4,,,,770
201300045611,13,10,14,2100,3,1,1,2,5,258,A4.W,,,,770
201300045612,13,10,14,2230,5,1,1,2,6,069,A4,M,4881750,0242088,940
201300045613,13,10,16,15,3,1,1,1,3,052,A4,M,4882660,0246634,940
201300045614,13,10,16,1400,1,1,1,2,7,112,A4,,,,750
201300045615,13,10,11,1943,5,1,1,1,2,017,A4,M,4882780,0250588,940
201300045616,13,10,16,1640,1,1,1,2,2,055,A104,,,,770
201300045617,13,10,16,1800,1,1,1,2,6,438,A104,,,,770
201300045618,13,10,18,815,1,1,1,1,5,169,A4.Y,,,,770
201300045619,13,10,19,1215,1,1,1,1,2,046,A86 INT,M,4880450,0244834,940
201300045620,13,10,20,1245,2,1,1,1,4,017,A4,M,4882650,0251832,940
201300045621,13,10,20,1930,5,1,1,3,5,017,A4,M,4883030,0249097,940
201300045622,13,10,20,2320,5,1,1,1,3,069,A4,M,4881710,0244323,940
201300045623,13,10,21,200,5,1,1,1,6,028,A86 INT,M,4877990,0244089,940
201300045624,13,10,21,1635,1,1,1,1,4,373,RN104,,,,770
201300045625,13,10,23,1010,1,1,1,1,3,017,A4,M,4882740,0250861,940
201300045626,13,10,23,940,1,1,1,1,2,028,A86 INT,M,4877610,0242832,940
201300045627,13,10,23,1010,1,1,1,1,5,083,A4.W,,,,770
201300045628,13,10,23,1820,1,1,1,1,3,022,A86 EXT,M,4877310,0240016,940
201300045629,13,10,23,2135,3,1,1,2,7,337,RN104,,,,770
201300045630,13,10,24,1720,1,1,1,1,5,073,A86 EXT,M,4875380,0236940,940
201300045631,13,10,24,2040,3,1,1,1,2,028,A86 INT,M,4880200,0244728,940
201300045632,13,10,25,1315,1,1,1,1,3,022,A86 EXT,M,4877310,0239990,940
201300045633,13,10,26,820,2,1,1,1,2,258,A4.Y,,,,770
201300045634,13,10,26,1030,1,1,1,1,5,053,RN104,,,,770
201300045635,13,10,26,1430,1,1,1,1,5,373,RN104,,,,770
201300045636,13,10,27,200,4,1,1,2,2,017,A4,M,4882970,0249791,940
201300045637,13,10,27,845,1,1,1,3,6,438,A104,,,,770
201300045638,13,10,27,1315,1,1,1,1,4,052,A86 INT,M,4884360,0249257,940
201300045639,13,10,27,1900,5,1,1,3,2,018,A4,M,4882290,0239617,940
201300045640,13,10,28,915,1,1,1,2,3,018,A4,M,4882560,0239234,940
201300045641,13,10,29,830,2,1,1,1,3,046,A86 EXT,M,4880900,0244899,940
201300045642,13,10,29,830,1,1,1,1,2,517,A104.EXT,,,,770
201300045643,13,10,31,1540,1,1,1,1,3,073,A86 EXT,M,4875540,0238285,940
201300045644,13,10,31,1630,1,1,1,1,3,337,RN104,,,,770
201300045645,13,10,31,2040,3,1,1,1,2,051,A4,M,4883480,0257909,930
201300045646,13,11,1,510,3,1,1,2,2,514,A104,,,,770
201300045647,13,11,1,1455,1,1,1,2,5,121,A104,,,,770
201300045648,13,11,1,2200,5,1,1,3,2,018,A4,M,4882230,0239722,940
201300045649,13,11,2,615,5,1,1,2,4,112,A4,,,,750
201300045650,13,11,2,800,1,1,1,2,6,044,RN406.W,M,4875790,0247108,940
201300045651,13,11,4,740,2,1,1,1,6,073,A86 EXT,M,4876750,0237870,940
201300045652,13,11,4,1030,1,1,1,1,7,018,A4,M,4882180,0239837,940
201300045653,13,11,4,1230,1,1,9,8,3,373,RN104,,,,770