Num_Acc,an,mois,jour,hrmn,lum,agg,int,atm,col,com,adr,gps,lat,long,dep
201300047735,13,9,18,2045,1,1,1,1,2,021,AUTOROUTE A6B,M,4876110,0233902,940
201300047736,13,9,19,1727,1,1,1,1,3,076,AUTOROUTE A6B,M,4879120,0234455,940
201300047737,13,9,19,1759,1,1,1,1,3,161,AUTOROUTE A6,,,,910
201300047738,13,9,20,1047,1,1,1,1,7,038,AUTOROUTE A6B,M,4878740,0234482,940
201300047739,13,9,20,1253,1,1,1,1,4,038,AUTOROUTE A6B,M,4878730,0234487,940
201300047740,13,9,20,1855,1,1,1,1,3,064,RN 118,,,,910
201300047741,13,9,21,1530,1,1,1,1,2,034,AUTOROUTE A86,M,4876100,0231808,940
201300047742,13,9,21,1930,1,1,1,1,7,182,RN 104,,,,910
201300047743,13,9,22,930,1,1,1,1,7,434,AUTOROUTE A6,,,,910
201300047744,13,9,23,710,1,1,1,1,3,534,RN 118,,,,910
201300047745,13,9,23,1803,1,1,1,1,2,589,AUTOROUTE A6,,,,910
201300047746,13,9,23,1955,2,1,1,1,3,312,RD 444,,,,910
201300047747,13,9,24,1927,1,1,1,1,2,064,RN 118,,,,910
201300047748,13,9,25,1155,1,1,1,1,2,034,AUTOROUTE A6B,M,4875300,0233159,940
201300047749,13,9,26,1850,1,1,1,1,5,002,AUTOROUTE A86,,,,920
201300047750,13,9,26,1830,1,1,1,1,3,002,AUTOROUTE A86,,,,920
201300047751,13,9,26,1840,1,1,1,1,2,521,AUTOROUTE A6,,,,910
201300047752,13,9,26,2330,3,1,1,1,2,689,AUTOROUTE A6B,,,,910
201300047753,13,9,28,740,1,1,1,1,7,043,AUTOROUTE A6B,M,4881030,0234982,940
201300047754,13,9,29,230,3,1,1,2,3,340,AUTOROUTE A6,,,,910
201300047755,13,9,29,1803,1,1,1,2,4,034,AUTOROUTE A86,M,4876160,0231562,940
201300047756,13,9,29,2315,3,1,1,2,7,064,RN 118,,,,910
201300047757,13,9,30,730,1,1,1,1,5,038,AUTOROUTE A6A,M,4879070,0234425,940
201300047758,13,9,30,940,1,1,1,1,3,286,AUTOROUTE A6,,,,910
201300047759,13,9,30,1408,1,1,1,1,4,136,RD 188,,,,910
201300047760,13,10,1,757,1,1,1,1,7,161,AUTOROUTE A6,,,,910
201300047761,13,10,2,1730,1,1,1,1,6,549,RN 104,,,,910
201300047762,13,10,2,2315,3,1,1,1,7,434,AUTOROUTE A6,,,,910
201300047763,13,10,4,140,3,1,1,1,2,034,AUTOROUTE A6B,M,4875690,0233512,940
201300047764,13,10,4,845,1,1,1,1,3,363,RN 104,,,,910
201300047765,13,10,4,915,1,1,1,1,2,521,AUTOROUTE A6,,,,910
201300047766,13,10,4,1645,1,1,1,1,3,659,AUTOROUTE A6,,,,910
201300047767,13,10,4,2046,3,1,1,1,4,666,RD 118,,,,910
201300047768,13,10,5,1210,1,1,1,1,4,064,RN 118,,,,910
201300047769,13,10,5,1757,1,1,1,1,7,363,RN 104,,,,910
201300047770,13,10,7,805,1,1,1,1,2,228,AUTOROUTE A6,,,,910
201300047771,13,10,7,824,1,1,1,1,6,432,AUTOROUTE A6,,,,910
201300047772,13,10,7,1754,1,1,1,1,2,235,RN 104,,,,910
201300047773,13,10,8,810,1,1,1,1,3,521,AUTOROUTE A6,,,,910
201300047774,13,10,10,815,1,1,1,2,7,377,AUTOROUTE A10,,,,910
201300047775,13,10,10,830,1,1,1,2,4,521,AUTOROUTE A6,,,,910
201300047776,13,10,10,825,1,1,1,2,2,377,AUTOROUTE A10,,,,910
201300047777,13,10,10,840,1,1,1,2,4,174,RN 104,,,,910
201300047778,13,10,11,56,3,1,1,2,7,659,AUTOROUTE A6,,,,910
201300047779,13,10,11,750,1,1,1,2,5,689,AUTOROUTE A6A,,,,910
201300047780,13,10,11,830,2,1,1,2,5,065,AUTOROUTE A86,M,4875550,0234366,940
201300047781,13,10,11,900,1,1,1,2,5,661,AUTOROUTE A10,,,,910
201300047782,13,10,11,1315,1,1,1,2,7,689,AUTOROUTE A6A,,,,910
201300047783,13,10,12,725,2,1,1,2,2,589,AUTOROUTE A6,,,,910
201300047784,13,10,13,840,1,1,1,1,3,037,AUTOROUTE A6,,,,910
201300047785,13,10,14,739,2,1,1,1,3,161,AUTOROUTE A6,,,,910
201300047786,13,10,14,815,1,1,1,1,3,345,AUTOROUTE A6,,,,910
201300047787,13,10,15,651,2,1,1,1,3,286,AUTOROUTE A6,,,,910
201300047788,13,10,15,900,1,1,1,2,4,161,AUTOROUTE A6,,,,910
201300047789,13,10,15,1445,1,1,1,2,6,692,RN 118,,,,910
201300047790,13,10,17,1800,1,1,1,2,3,161,AUTOROUTE A126,,,,910
201300047791,13,10,15,1550,1,1,1,2,2,363,RN 104,,,,910
201300047792,13,10,16,540,1,1,1,2,3,034,AUTOROUTE A86,M,4875650,0233408,940
201300047793,13,10,16,850,1,1,1,2,4,339,RN 104,,,,910
201300047794,13,10,16,1630,1,1,1,2,5,064,RN 118,,,,910
201300047795,13,10,16,1700,1,1,1,2,6,179,AUTOROUTE A6,,,,910
201300047796,13,10,16,1840,2,1,1,2,4,589,AUTOROUTE A6,,,,910
201300047797,13,10,19,710,3,1,1,1,6,216,AUTOROUTE A6,,,,910
201300047798,13,10,20,634,4,1,1,8,2,377,RN20,,,,910
201300047799,13,10,20,1400,1,1,1,8,3,363,AUTOROUTE A10,,,,910
201300047800,13,10,21,858,1,1,1,1,3,363,RN 104,,,,910
201300047801,13,10,21,1018,1,1,1,1,3,377,AUTOROUTE A10,,,,910
201300047802,13,10,21,1730,1,1,1,1,2,286,RD 310,,,,910
201300047803,13,10,21,1800,1,1,1,1,5,345,AUTOROUTE A6,,,,910
201300047804,13,10,21,2258,3,1,1,9,2,182,RN 104,,,,910
201300047805,13,10,22,745,1,1,1,1,3,689,AUTOROUTE A6A,,,,910
201300047806,13,10,23,825,1,1,1,1,5,002,AUTOROUTE A86,,,,920
201300047807,13,10,23,1105,1,1,1,1,4,687,AUTOROUTE A6,,,,910
201300047808,13,10,24,1652,1,1,1,1,5,002,AUTOROUTE A86,,,,920
201300047809,13,10,23,1814,1,1,1,1,4,161,AUTOROUTE A6,,,,910
201300047810,13,10,23,1830,1,1,1,1,5,038,AUTOROUTE A6B,M,4878750,0234579,940
201300047811,13,10,23,2153,3,1,1,1,6,570,RN 104,,,,910
201300047812,13,10,24,1732,1,1,1,1,3,689,AUTOROUTE A10,,,,910
201300047813,13,10,24,1839,3,1,1,1,5,340,AUTOROUTE A6,,,,910
201300047814,13,10,24,2000,5,1,1,1,2,174,RN 104,,,,910
201300047815,13,10,24,2338,5,1,1,1,2,038,AUTOROUTE A6B,M,4877240,0234594,940
201300047816,13,10,25,750,1,1,1,2,7,521,RN 104,,,,910
201300047817,13,10,25,825,1,1,1,2,2,553,RN 104,,,,910
201300047818,13,10,25,1855,1,1,1,2,2,064,RN 118,,,,910
201300047819,13,10,26,947,1,1,1,2,7,617,RN 104 INT / A5A PROVINC,,,,910
201300047820,13,10,27,1138,1,1,1,2,7,521,RN 440,,,,910
201300047821,13,10,27,2055,5,1,1,2,2,103,RN 104,,,,910
201300047822,13,10,27,2200,5,1,1,3,6,471,RN 118,,,,910
201300047823,13,10,28,1015,1,1,1,2,2,251,AUTOROUTE A5A,,,,770
201300047824,13,10,27,1050,1,1,1,2,3,521,RN 104,,,,910
201300047825,13,10,28,1115,1,1,1,2,4,002,AUTOROUTE A10,,,,920
201300047826,13,10,29,855,1,1,1,1,3,034,AUTOROUTE A6A,M,4875670,0233490,940
201300047827,13,10,29,1528,1,1,1,1,7,043,AUTOROUTE A6B,M,4881510,0235595,940
201300047828,13,10,30,1537,1,1,1,1,3,363,RN 104,,,,910
201300047829,13,10,31,1942,3,1,1,1,2,521,AUTOROUTE A6,,,,910
201300047830,13,10,31,1113,1,1,1,1,4,003,AUTOROUTE A6A,M,4880640,0234154,940
201300047831,13,10,31,1908,3,1,1,1,5,038,AUTOROUTE A6B,M,4878740,0234482,940
201300047832,13,10,31,1953,3,1,1,2,4,136,AUTOROUTE A10,,,,910
201300047833,13,11,1,1515,1,1,1,2,6,064,RN 118,,,,910
201300047834,13,11,2,627,5,1,1,2,6,034,AUTOROUTE A86,M,4875580,0233785,940
201300047835,13,11,2,718,2,1,1,2,5,034,AUTOROUTE A86,M,4875570,0233722,940
201300047836,13,11,2,1003,1,1,1,1,6,034,AUTOROUTE A86,M,4876020,0232049,940
201300047837,13,11,2,1520,1,1,1,1,7,065,AUTOROUTE A86,M,4875530,0234453,940
201300047838,13,11,3,200,3,1,1,8,6,034,AUTOROUTE A86,M,4876010,0232074,940
201300047839,13,11,3,1200,1,1,1,1,4,003,AUTOROUTE A6B,M,4880080,0234372,940
201300047840,13,11,4,905,1,1,1,3,3,432,AUTOROUTE A6,,,,910
201300047841,13,11,4,900,1,1,1,1,4,661,AUTOROUTE A10,,,,910
201300047842,13,11,5,1120,1,1,1,1,3,136,AUTOROUTE A10,,,,910
201300047843,13,11,6,838,1,1,1,1,3,377,AUTOROUTE A10,,,,910
201300047844,13,11,6,850,1,1,1,1,2,182,AUTOROUTE A6,,,,910
201300047845,13,11,6,932,1,1,1,2,3,021,AUTOROUTE A6B,M,4876430,0234312,940
201300047846,13,11,7,754,2,1,1,1,6,521,RN 449,,,,910
201300047847,13,11,7,1222,1,1,1,1,6,471,RN 118,,,,910
201300047848,13,11,7,1700,1,1,1,1,5,617,RN 104,,,,910
201300047849,13,11,7,1920,2,1,1,1,2,034,AUTOROUTE A6A,M,4875670,0233490,940
201300047850,13,11,8,532,3,1,1,1,5,182,AUTOROUTE A6,,,,910
201300047851,13,11,8,555,2,1,1,2,2,038,AUTOROUTE A6B,M,4878880,0234508,940
201300047852,13,11,8,730,2,1,1,1,5,038,AUTOROUTE A6A,M,4878740,0234525,940
201300047853,13,11,8,749,2,1,1,2,7,521,AUTOROUTE A6,,,,910
201300047854,13,11,8,1610,1,1,1,2,4,034,AUTOROUTE A86,M,4875580,0234213,940
201300047855,13,11,8,1640,1,1,1,2,3,076,AUTOROUTE A6A,M,4879520,0234507,940
201300047856,13,11,8,1856,2,1,1,1,2,553,RN 104,,,,910
201300047857,13,11,10,630,3,1,1,2,2,065,AUTOROUTE A106,M,4874400,0236161,940
201300047858,13,11,11,1409,1,1,1,1,2,043,AUTOROUTE A6B,M,4881570,0235625,940
201300047859,13,11,11,2008,3,1,1,1,6,549,RN 104,,,,910
201300047860,13,11,12,1015,1,1,1,2,2,064,RN 118,,,,910
201300047861,13,11,12,1835,2,1,1,2,2,589,AUTOROUTE A6,,,,910
201300047862,13,11,14,1200,1,1,1,1,6,521,RN 104,,,,910
201300047863,13,11,14,1600,1,1,1,2,2,043,AUTOROUTE A6B,M,4881580,0235639,940
201300047864,13,11,15,806,1,1,1,8,2,521,AUTOROUTE A6,,,,910
201300047865,13,11,17,1704,1,1,1,1,7,002,AUTOROUTE A86,,,,920
201300047866,13,11,18,1848,2,1,1,2,2,617,RN 104,,,,910
201300047867,13,11,19,1045,1,1,1,1,6,019,RN 385,,,,920
201300047868,13,11,20,657,3,1,1,1,3,363,RN 104,,,,910
201300047869,13,11,21,710,2,1,1,2,3,689,AUTOROUTE A6A,,,,910
201300047870,13,11,21,740,3,1,1,2,4,689,AUTOROUTE A6B,,,,910
201300047871,13,11,22,627,3,1,1,1,3,161,AUTOROUTE A6,,,,910
201300047872,13,11,22,900,1,1,1,1,3,345,AUTOROUTE A6,,,,910
201300047873,13,11,22,1849,2,1,1,1,3,034,AUTOROUTE A6A,M,4875900,0233713,940
201300047874,13,11,24,623,3,1,1,1,7,002,AUTOROUTE A10,,,,920
201300047875,13,11,25,849,1,1,1,1,2,432,AUTOROUTE A6,,,,910
201300047876,13,11,26,641,3,1,1,1,6,174,RN 104,,,,910
201300047877,13,11,26,1911,4,1,1,1,3,174,RN 104,,,,910
201300047878,13,11,26,2100,3,1,1,1,3,363,RN 104,,,,910
201300047879,13,11,28,905,1,1,1,1,3,251,AUTOROUTE A5A,,,,770
201300047880,13,11,29,650,3,1,1,1,4,471,RN 118,,,,910
201300047881,13,11,30,345,3,1,1,1,2,689,AUTOROUTE A6,,,,910
201300047882,13,11,30,1820,2,1,1,1,4,434,AUTOROUTE A6,,,,910
201300047883,13,11,30,2042,3,1,1,1,6,174,RN 104,,,,910
201300047884,13,12,1,1630,1,1,1,1,2,003,AUTOROUTE A6A,M,4880890,0233976,940
201300047885,13,12,2,1900,3,1,1,1,3,377,AUTOROUTE A10,,,,910
201300047886,13,12,3,745,2,1,1,1,2,687,AUTOROUTE A6,,,,910
201300047887,13,12,4,610,3,1,1,1,2,689,AUTOROUTE A6,,,,910
201300047888,13,12,4,540,3,1,1,1,2,002,AUTOROUTE A6,,,,920
201300047889,13,12,4,850,1,1,1,1,5,038,AUTOROUTE A6A,M,4878730,0234529,940
201300047890,13,12,5,1000,1,1,1,1,5,034,AUTOROUTE A86,M,4876130,0231670,940
201300047891,13,12,5,1922,3,1,1,1,4,339,RN 104,,,,910
201300047892,13,12,6,1619,1,1,1,1,2,617,RN 104,,,,910
201300047893,13,12,6,1753,3,1,1,1,4,570,RN 104,,,,910
201300047894,13,12,7,1149,1,1,1,1,4,471,RN 118,,,,910
201300047895,13,12,8,455,3,1,1,1,5,002,AUTOROUTE A10,,,,920
201300047896,13,12,9,1830,3,1,1,1,3,161,AUTOROUTE A6,,,,910
201300047897,13,12,10,1110,1,1,1,1,2,363,RN 104,,,,910
201300047898,13,12,12,710,2,1,1,1,5,689,AUTOROUTE A6,,,,910
201300047899,13,12,12,1205,1,1,1,1,2,161,AUTOROUTE A6,,,,910
201300047900,13,12,12,1749,2,1,1,1,5,661,AUTOROUTE A10,,,,910
201300047901,13,12,12,1927,1,1,1,1,3,002,AUTOROUTE A10,,,,920
201300047902,13,12,12,2120,3,1,1,1,5,161,AUTOROUTE A6,,,,910
201300047903,13,12,14,113,3,1,1,1,4,471,RN 118,,,,910
201300047904,13,12,14,2100,3,1,1,1,6,340,RN 104,,,,910
201300047905,13,12,15,750,1,1,1,1,2,286,AUTOROUTE A6,,,,910
201300047906,13,12,16,1636,1,1,1,1,4,002,AUTOROUTE A10,,,,920
201300047907,13,12,16,2130,3,1,1,1,6,347,RN 104,,,,910
201300047908,13,12,18,503,3,1,1,1,2,076,AUTOROUTE A6B,M,4879240,0234422,940
201300047909,13,12,19,1211,1,1,1,1,5,076,AUTOROUTE A6B,M,4879250,0234482,940
201300047910,13,12,19,1340,1,1,1,2,3,034,AUTOROUTE A6A,M,4875370,0233211,940
201300047911,13,12,20,409,3,1,1,1,2,689,AUTOROUTE A6A,,,,910
201300047912,13,12,21,154,3,1,1,1,1,312,RD 444,,,,910
201300047913,13,12,22,1540,1,1,1,1,3,286,RD 310,,,,910
201300047914,13,12,22,2140,3,1,1,1,6,064,RN 118,,,,910
201300047915,13,12,22,2330,4,1,1,1,2,161,AUTOROUTE A6,,,,910
201300047916,13,12,23,934,1,1,1,2,5,521,RN 104,,,,910
201300047917,13,12,26,107,3,1,1,1,7,521,RN 449,,,,910
201300047918,13,12,26,902,1,1,1,1,3,021,AUTOROUTE A6B,M,4877080,0234568,940
201300047919,13,12,26,1400,1,1,1,1,2,038,AUTOROUTE A6B,M,4878830,0234536,940
201300047920,13,12,26,1400,1,1,1,1,2,034,AUTOROUTE A6B,M,4875000,0232901,940
201300047921,13,12,26,1535,1,1,1,1,4,589,AUTOROUTE A6,,,,910
201300047922,13,12,28,50,5,1,1,3,6,182,RN 104,,,,910
201300047923,13,12,28,140,3,1,1,2,7,043,AUTOROUTE A6B,M,4881350,0235448,940
201300047924,13,12,29,417,5,1,1,2,5,182,AUTOROUTE A6,,,,910
201300047925,13,12,30,652,3,1,1,1,6,076,AUTOROUTE A6B,M,4879600,0234414,940
201300047926,13,12,30,1546,1,1,1,2,7,161,AUTOROUTE A6,,,,910
201300047927,13,12,31,1850,3,1,1,2,2,003,AUTOROUTE A6A,M,4879930,0234236,940
201300047928,13,1,2,831,1,2,1,3,6,033,193 - RN,M,0000000,0000000,202
201300047929,13,1,2,1505,1,2,1,1,6,033,PAOLI DU NR 21 AU 45 -BL,M,0000000,0000000,202
201300047930,13,1,2,1250,1,2,1,2,6,033,CHANOINE LESCHI - RUE,M,0000000,0000000,202
201300047931,13,1,5,1700,2,2,1,1,4,033,193 - RN,M,0000000,0000000,202
201300047932,13,1,5,1820,5,2,1,1,2,033,193 - RN,M,0000000,0000000,202
201300047933,13,1,6,730,1,2,1,1,4,033,FRONT DE MER - ROUTE DU,M,0000000,0000000,202
201300047934,13,1,8,550,5,2,1,3,6,033,AV DE LA LIBERATION,M,0000000,0000000,202
201300047935,13,1,9,1225,1,2,1,1,4,037,TOUTES RUES,M,0000000,0000000,202
201300047936,13,1,15,747,1,2,1,1,2,037,TOUTES RUES,M,0000000,0000000,202
201300047937,13,1,18,1615,1,2,3,1,3,033,TOUTES RUES,M,0000000,0000000,202
201300047938,13,1,18,2346,5,2,1,1,6,033,193 - RN,M,0000000,0000000,202
201300047939,13,1,20,1837,5,2,1,2,6,033,MARTYRS - QUAI DES,M,0000000,0000000,202
201300047940,13,1,21,835,1,2,1,1,6,033,ROUTE ROYALE,M,0000000,0000000,202
201300047941,13,1,23,1230,1,2,1,1,3,033,193 - RN,M,0000000,0000000,202
201300047942,13,1,23,1900,3,1,1,1,4,120,TOUTES RUES,M,0000000,0000000,202
201300047943,13,1,24,1215,1,1,1,2,6,033,ST FLORENT-ANCIENNE RT D,M,0000000,0000000,202
201300047944,13,1,30,1042,1,2,3,1,3,033,VEZZANI - RUE CESAR,M,0000000,0000000,202
201300047945,13,2,1,706,2,1,1,1,2,037,TOUTES RUES,M,0000000,0000000,202
201300047946,13,2,1,1838,5,2,1,1,2,037,TOUTES RUES,M,0000000,0000000,202
201300047947,13,2,4,1843,5,1,1,1,2,120,TOUTES RUES,M,0000000,0000000,202
201300047948,13,2,5,1952,5,2,1,1,1,037,TOUTES RUES,M,0000000,0000000,202
201300047949,13,2,8,1949,5,1,1,1,6,120,TOUTES RUES,M,0000000,0000000,202
201300047950,13,2,12,1000,1,2,1,1,6,033,"sans, MIOT - RUE",M,0000000,0000000,202
201300047951,13,2,13,1417,1,2,1,1,2,037,"sans, TOUTES RUES",M,0000000,0000000,202
201300047952,13,2,13,1537,1,1,1,1,1,120,"sans, TOUTES RUES",M,0000000,0000000,202
201300047953,13,2,23,1300,1,2,1,3,2,120,TOUTES RUES,M,0000000,0000000,202
201300047954,13,2,27,2100,5,2,1,1,1,033,TOUTES RUES,M,0000000,0000000,202
201300047955,13,3,12,1900,2,2,3,1,3,033,"sans, VEZZANI - RUE CESA",M,0000000,0000000,202
201300047956,13,3,15,1927,5,1,1,1,2,037,"SANS, TOUTES RUES",M,0000000,0000000,202
201300047957,13,3,16,747,1,2,1,1,4,033,"SANS, FRONT DE MER - ROU",M,0000000,0000000,202
201300047958,13,3,16,1155,1,2,1,1,7,033,"SANS, GENERAL DE GAULLE",M,0000000,0000000,202
201300047959,13,3,18,910,1,2,1,3,4,033,"sans, TOUTES RUES",M,0000000,0000000,202
201300047960,13,3,24,1700,1,2,6,2,3,033,193 - RN,M,0000000,0000000,202
201300047961,13,3,27,1700,1,2,1,1,4,033,"SANS, TUNNEL - PASSERELL",M,0000000,0000000,202
201300047962,13,3,30,1920,2,2,6,1,3,033,"SANS, TOUTES RUES",M,0000000,0000000,202
201300047963,13,4,1,1635,1,2,1,1,1,033,VEZZANI - RUE CESAR,M,0000000,0000000,202
201300047964,13,4,1,2105,5,1,1,3,2,037,TOUTES RUES,M,0000000,0000000,202
201300047965,13,4,10,1117,1,1,1,1,3,037,"SANS, TOUTES RUES",M,0000000,0000000,202
201300047966,13,4,10,1710,1,2,1,1,2,120,"SANS, TOUTES RUES",M,0000000,0000000,202
201300047967,13,4,10,2000,5,2,1,1,6,033,"SANS, VEZZANI - RUE CESA",M,0000000,0000000,202
201300047968,13,4,15,1725,1,2,1,1,3,037,"SANS, TOUTES RUES",M,0000000,0000000,202
201300047969,13,4,12,1258,1,2,1,1,5,033,"SANS, FAVALE - COURS",M,0000000,0000000,202
201300047970,13,4,18,1200,1,2,1,1,2,120,TOUTES RUES,M,0000000,0000000,202
201300047971,13,4,23,1024,1,2,1,1,1,033,"SANS, TOUTES RUES",M,0000000,0000000,202
201300047972,13,4,25,100,5,2,1,1,6,033,"SANS, VINCETTI - PLACE",M,0000000,0000000,202
201300047973,13,4,30,740,1,2,1,1,3,033,GAUDIN - BLD AUGUSTE,M,0000000,0000000,202
201300047974,13,5,1,540,5,2,1,1,6,033,"10, VEZZANI - RUE CESAR",M,0000000,0000000,202
201300047975,13,5,2,210,5,2,1,1,6,033,FRONT DE MER - ROUTE DU,M,0000000,0000000,202
201300047976,13,5,4,2215,5,2,3,1,3,033,"SANS, AV DE LA LIBERATIO",M,0000000,0000000,202
201300047977,13,5,6,1515,1,2,1,1,6,033,"SANS, FAVALE - COURS",M,0000000,0000000,202
201300047978,13,5,8,1330,1,2,1,1,6,033,"SANS, 193 - RN",M,0000000,0000000,202
201300047979,13,5,11,1145,1,2,1,1,2,120,"SANS, TOUTES RUES",M,0000000,0000000,202
201300047980,13,5,12,608,2,2,1,1,6,033,"SANS, AV DE LA LIBERATIO",M,0000000,0000000,202
201300047981,13,5,13,1457,1,2,1,1,4,037,"SANS, TOUTES RUES",M,0000000,0000000,202
201300047982,13,5,17,1235,1,2,1,1,2,120,"sans, TOUTES RUES",M,0000000,0000000,202
201300047983,13,5,16,953,1,2,4,1,3,033,"SANS, FRANCOIS VITTORI",M,0000000,0000000,202
201300047984,13,5,18,820,1,2,6,1,3,033,"SANS, GIACCOBBI - AV PAU",M,0000000,0000000,202
201300047985,13,5,18,1150,1,2,1,1,2,033,"3, GIRAUD - BD GENERAL",M,0000000,0000000,202
201300047986,13,5,18,1409,1,1,1,1,5,037,"SANS, TOUTES RUES",M,0000000,0000000,202
201300047987,13,5,23,1725,1,2,1,1,6,033,"sans, 193 - RN",M,0000000,0000000,202
201300047988,13,5,28,1218,1,2,1,1,6,033,"9, GAUDIN - BLD AUGUSTE",M,0000000,0000000,202
201300047989,13,6,2,2003,5,2,1,1,6,033,"SANS, 193 - RN",M,0000000,0000000,202
201300047990,13,6,4,1531,1,2,1,1,2,033,"193, 193 - RN",M,0000000,0000000,202
201300047991,13,6,7,1125,1,1,1,1,6,037,"SANS, TOUTES RUES",M,0000000,0000000,202
201300047992,13,6,11,930,1,2,1,1,2,033,193 - RN,M,0000000,0000000,202
201300047993,13,6,10,1750,1,2,1,1,3,120,"sans, TOUTES RUES",M,0000000,0000000,202
201300047994,13,6,15,1915,1,1,3,1,3,037,"SANS, TOUTES RUES",M,0000000,0000000,202
201300047995,13,6,17,1305,1,1,2,1,3,037,"SANS, TOUTES RUES",M,0000000,0000000,202
201300047996,13,6,17,1320,1,2,1,2,6,033,"sans, GIRAUD - BD GENERA",M,0000000,0000000,202
201300047997,13,6,18,830,1,2,1,1,3,033,"SANS, TOUTES RUES",M,0000000,0000000,202
201300047998,13,6,25,935,1,2,1,1,4,033,"SANS, TOUTES RUES",M,0000000,0000000,202
201300047999,13,6,26,1405,1,2,3,1,3,037,"sans, TOUTES RUES",M,0000000,0000000,202
201300048000,13,6,26,1901,1,2,1,1,2,033,"SANS, FRONT DE MER - ROU",M,0000000,0000000,202
201300048001,13,6,27,747,1,2,1,1,6,033,"sans, 193 - RN",M,0000000,0000000,202
201300048002,13,6,27,1158,1,2,1,1,6,033,"SANS, FORCONE - CHEMIN D",M,0000000,0000000,202
201300048003,13,6,29,1310,1,2,1,1,3,033,"SANS, FRONT DE MER - ROU",M,0000000,0000000,202
201300048004,13,7,1,2003,1,1,1,1,3,120,"SANS, TOUTES RUES",M,0000000,0000000,202
201300048005,13,7,2,1208,1,1,1,1,6,033,"SANS, VEZZANI - RUE CESA",M,0000000,0000000,202
201300048006,13,7,3,1140,1,2,1,1,2,120,"SANS, TOUTES RUES",M,0000000,0000000,202
201300048007,13,7,3,1450,1,1,1,1,2,120,"sans, TOUTES RUES",M,0000000,0000000,202
201300048008,13,7,4,1835,1,1,1,2,3,120,"SANS, TOUTES RUES",M,0000000,0000000,202
201300048009,13,7,6,930,1,2,1,1,3,033,"sans, AV DE LA LIBERATIO",M,0000000,0000000,202
201300048010,13,7,8,1302,1,2,1,1,2,033,"sans, ERBAJOLO",M,0000000,0000000,202
201300048011,13,7,10,1745,1,2,1,1,2,033,"sans, VEZZANI - RUE CESA",M,0000000,0000000,202
201300048012,13,7,11,1150,1,2,1,1,3,033,"sans, TOUTES RUES",M,0000000,0000000,202
201300048013,13,7,11,1333,1,2,1,1,1,120,"sans, TOUTES RUES",M,0000000,0000000,202
201300048014,13,7,11,1932,1,2,1,1,2,033,"sans, VEZZANI - RUE CESA",M,0000000,0000000,202
201300048015,13,7,11,2204,5,2,1,1,6,033,TOUTES RUES,M,0000000,0000000,202
201300048016,13,7,17,1110,1,2,1,1,2,033,"sans, 193 - RN",M,0000000,0000000,202
201300048017,13,7,17,2348,5,2,1,1,5,033,"115, AV DE LA LIBERATION",M,0000000,0000000,202
201300048018,13,7,20,28,5,2,1,1,2,033,"sans, 193 - RN",M,0000000,0000000,202
201300048019,13,7,21,1144,1,1,1,1,6,120,"sans, TOUTES RUES",M,0000000,0000000,202
201300048020,13,7,22,750,1,2,1,1,2,120,"sans, TOUTES RUES",M,0000000,0000000,202
201300048021,13,7,24,1830,1,2,1,1,3,120,"sans, TOUTES RUES",M,0000000,0000000,202
201300048022,13,7,25,1826,1,2,1,1,2,033,"sans, FRONT DE MER - ROU",M,0000000,0000000,202
201300048023,13,7,30,1224,1,2,1,1,2,033,"sans, 193 - RN",M,0000000,0000000,202
201300048024,13,8,1,807,1,2,1,1,3,033,"sans, AV DE LA LIBERATIO",M,0000000,0000000,202
201300048025,13,8,1,840,1,2,1,1,2,033,"SANS, FRONT DE MER - ROU",M,0000000,0000000,202
201300048026,13,8,1,1710,1,2,1,1,6,033,"SANS, GIACCOBBI - AV PAU",M,0000000,0000000,202
201300048027,13,8,2,923,1,2,1,1,6,033,"SANS, MIOT - RUE",M,0000000,0000000,202
201300048028,13,8,2,1251,2,2,1,1,6,033,"SANS, CHANOINE LESCHI -",M,0000000,0000000,202
201300048029,13,8,6,1439,1,2,2,1,3,033,"sans, TOUTES RUES",M,0000000,0000000,202
201300048030,13,8,7,2200,5,2,1,1,6,120,"SANS, TOUTES RUES",M,0000000,0000000,202
201300048031,13,8,15,28,5,2,1,1,6,120,"SANS, TOUTES RUES",M,0000000,0000000,202
201300048032,13,8,13,1853,1,2,1,1,1,033,"SANS, CAPITAINE THEN",M,0000000,0000000,202
201300048033,13,8,13,1750,1,2,3,1,3,033,"SANS, GIACCOBBI - AV PAU",M,0000000,0000000,202
201300048034,13,8,18,650,1,2,1,1,6,037,"SANS, TOUTES RUES",M,0000000,0000000,202
201300048035,13,8,18,1029,1,2,1,1,1,033,"SANS, ROUTE ROYALE",M,0000000,0000000,202
201300048036,13,8,19,2144,5,2,1,1,6,033,"SANS, TOUTES RUES",M,0000000,0000000,202
201300048037,13,8,25,2300,3,1,1,1,6,037,"SANS, TOUTES RUES",M,0000000,0000000,202
201300048038,13,8,27,1611,1,2,1,1,6,033,"SANS, TOUTES RUES",M,0000000,0000000,202
201300048039,13,9,2,1130,1,2,1,1,6,033,"SANS, LUCE DE CASABIANCA",M,0000000,0000000,202
201300048040,13,9,2,2120,5,1,1,1,6,120,"SANS, TOUTES RUES",M,0000000,0000000,202
201300048041,13,9,2,1445,1,2,1,1,4,120,"SANS, TOUTES RUES",M,0000000,0000000,202