Num_Acc,an,mois,jour,hrmn,lum,agg,int,atm,col,com,adr,gps,lat,long,dep
201300049311,13,4,9,1130,1,1,1,2,7,244,A6   451.640 A 451.790,,,,690
201300049312,13,4,9,1500,1,1,1,1,4,385,A6   453.400 A 455.000,,,,690
201300049313,13,4,10,1650,1,1,1,1,4,277,RN346   36.215 A 38.000,,,,690
201300049314,13,4,12,1245,1,1,1,1,7,055,A6   435.100 A 437.840,,,,690
201300049315,13,4,13,710,1,1,1,1,2,087,A7   20.110 A 22.950,,,,380
201300049316,13,4,16,820,1,1,1,1,3,204,A450   1.740 A 5.100,,,,690
201300049317,13,4,16,1750,1,1,1,1,2,029,RD383   7.640 A 11.044,,,,690
201300049318,13,3,7,1830,2,1,1,1,3,382,A7   0.000 A 2.278,,,,690
201300049319,13,4,17,1740,1,1,1,1,3,297,A47   0.000  A 1.657,,,,690
201300049320,13,4,18,2045,5,1,1,1,3,149,A7   3.690 A 4.270,,,,690
201300049321,13,4,19,1109,1,1,9,1,6,199,RD383   14.250 A 18.000,,,,690
201300049322,13,4,19,1320,1,1,1,2,2,272,A46S   57.400 A 61.010,,,,690
201300049323,13,4,21,1830,1,1,1,1,7,193,A7   29.920 A 31.960,,,,690
201300049324,13,4,22,1330,1,1,1,1,5,199,A7   7.000 A 8.630,,,,690
201300049325,13,4,22,1350,1,1,1,1,2,199,A7   7.000 A 8.630,,,,690
201300049326,13,4,25,525,3,1,1,1,2,282,RD302   0.400 A 4.620,,,,690
201300049327,13,4,13,1520,1,1,1,1,4,199,RD383   14.250 A 18.000,,,,690
201300049328,13,4,25,1500,1,1,1,1,1,199,RD383   14.250 A 18.000,,,,690
201300049329,13,4,27,1125,1,1,1,2,6,199,RD383   14.250 A 18.000,,,,690
201300049330,13,4,27,2345,3,1,1,2,7,336,A7   32.870 A 35.680,,,,380
201300049331,13,4,28,530,5,1,1,2,7,029,RD383   7.640 A 11.044,,,,690
201300049332,13,4,28,945,1,1,1,1,6,297,A7   15.770 A 20.110,,,,690
201300049333,13,4,29,1945,1,1,1,2,3,297,A47   0 000  A 1.657,,,,690
201300049334,13,5,1,114,3,1,1,1,2,487,A7   23+841,M,4556000,0482207,380
201300049335,13,5,1,510,3,1,1,2,2,081,A6   448.490 A 449.450,,,,690
201300049336,13,5,3,1230,1,1,1,2,7,336,A7   32.870 A 35.680,,,,380
201300049337,13,4,27,2340,5,1,1,2,3,029,RD383   7.640 A 11.044,,,,690
201300049338,13,5,5,1515,1,1,1,1,4,382,A7   0.000 A 2.278,,,,690
201300049339,13,5,5,2200,5,1,1,1,7,259,RD383   11.750 A 14.250,,,,690
201300049340,13,5,8,510,3,1,1,1,6,081,A6   449.510 A 451.640,,,,690
201300049341,13,5,9,30,4,1,1,9,2,029,A43   0.550 A 3.353,,,,690
201300049342,13,5,9,1800,1,1,1,3,6,007,A7   31.960 A 32.870,,,,690
201300049343,13,5,10,855,1,1,9,1,3,259,RD383   11.750 A 14.250,,,,690
201300049344,13,5,12,514,3,1,1,1,5,275,A46 25.180 A 25.680,,,,010
201300049345,13,5,12,730,1,1,1,1,2,290,A43   3.865 A 9.894,,,,690
201300049346,13,5,13,705,1,1,1,1,3,385,A6   453.400 A 455.000,,,,690
201300049347,13,5,13,735,1,1,1,1,2,449,A43   18.875 A 21.100,,,,380
201300049348,13,5,15,2140,3,1,1,1,2,288,A43   13.029 A 15.971,,,,690
201300049349,13,5,14,1657,1,1,1,1,2,266,RD383   3.750 A 7.640,,,,690
201300049350,13,5,14,1745,1,1,1,1,3,029,RD383   7.640 A 11.044,,,,690
201300049351,13,5,15,5,4,1,5,1,7,199,A7   7.000 A 8.630,,,,690
201300049352,13,5,15,1305,1,1,1,2,7,027,A450   5.100 A 7.285,,,,690
201300049353,13,5,16,1125,1,1,1,2,7,142,A7   2.278 A 3.690,,,,690
201300049354,13,5,16,1735,1,1,1,1,2,081,A6   448.490 A 449.450,,,,690
201300049355,13,5,20,630,1,1,9,1,6,259,BUS (RD301)  2 800 A 4.4,,,,690
201300049356,13,5,21,1100,1,1,1,3,3,389,A6   451.790 A 453.400,,,,690
201300049357,13,5,21,1740,1,1,1,2,2,081,BPNL   34.000 A 34.614,,,,690
201300049358,13,5,22,637,1,1,1,1,7,290,A46S   40.883 A 43.680,,,,690
201300049359,13,5,24,645,2,1,1,1,3,389,BPNL   34.614 A 36.285,,,,690
201300049360,13,5,24,1210,1,1,1,1,2,487,A7   22.950 A 25.770,,,,380
201300049361,13,5,24,1905,1,1,1,1,3,027,A450   5.100 A 7.285,,,,690
201300049362,13,5,25,700,1,1,1,1,6,544,A7   25.770 A 27.460,,,,380
201300049363,13,5,27,1740,1,1,1,1,2,072,A6   445.323 A 447.390,,,,690
201300049364,13,5,27,2015,4,1,1,,5,199,69190,,,,690
201300049365,13,5,29,2015,2,1,1,1,4,199,RD383   14.250 A 18.000,,,,690
201300049366,13,5,28,1640,1,1,1,2,6,256,A42     0.560 A 4.020,,,,690
201300049367,13,5,28,1710,1,1,1,3,4,268,A450   7.285 A 7.347,,,,690
201300049368,13,5,29,1840,1,1,1,2,4,277,RN346   36.215 A 38.000,,,,690
201300049369,13,5,29,1050,1,1,1,1,2,275,RN346   29.300 A 34.350,,,,690
201300049370,13,5,29,2245,5,1,1,1,3,389,BPNL   36.318 A 37.781,,,,690
201300049371,13,5,30,940,1,1,1,1,2,266,RD383   3.750 A 7.640,,,,690
201300049372,13,5,30,1840,1,1,1,1,3,297,A47,,,,690
201300049373,13,5,31,540,2,1,1,8,6,544,A7   25.770 A 27.460,,,,380
201300049374,13,5,31,2050,2,1,1,2,7,029,A43   0.550 A 3.353,,,,690
201300049375,13,6,3,1733,5,1,1,1,2,389,BPNL   34.614 A 36.285,,,,690
201300049376,13,6,6,835,1,1,1,1,2,081,BPNL   34.000 A 34.614,,,,690
201300049377,13,6,6,1240,1,1,1,1,3,199,A7   7.000 A 8.630,,,,690
201300049378,13,6,6,1820,1,1,1,1,7,081,A6   449.510 A 451.640,,,,690
201300049379,13,6,8,1845,1,1,1,3,3,544,A7   25.770 A 27.460,,,,380
201300049380,13,6,9,320,5,1,1,1,7,544,A7   25.770 A 27.460,,,,380
201300049381,13,6,11,2150,5,1,1,1,7,034,RD383   0.000 A 1.165,,,,690
201300049382,13,6,13,1537,1,1,9,1,5,029,69500,,,,690
201300049383,13,6,14,115,4,1,1,2,2,029,A43   3.353 A 3.865,,,,690
201300049384,13,6,14,830,1,1,1,1,5,152,A7   4.270 A 7.000,,,,690
201300049385,13,6,16,500,3,1,1,1,7,295,A46S   53.980 A 57.400,,,,690
201300049386,13,6,17,5,5,1,1,1,7,382,A7   0.000 A 2.278,,,,690
201300049387,13,6,17,1830,1,1,1,1,6,256,A42     0.560 A 4.020,,,,690
201300049388,13,6,20,1705,1,1,1,1,2,029,RD383   7.640 A 11.044,,,,690
201300049389,13,6,21,610,1,1,1,1,5,277,RN346   36.215 A 38.000,,,,690
201300049390,13,6,21,900,1,1,1,1,5,297,A47,,,,690
201300049391,13,6,24,600,1,1,1,1,3,152,A7   4.270 A 7.000,,,,690
201300049392,13,6,24,908,4,1,1,1,3,081,BPNL   34.000 A 34.614,,,,690
201300049393,13,6,27,1320,1,1,1,1,2,087,A7   20.110 A 22.950,,,,380
201300049394,13,6,28,710,1,1,9,2,4,266,RD383   3.750 A 7.640,,,,690
201300049395,13,6,28,820,1,1,1,2,2,256,A42     0.560 A 4.020,,,,690
201300049396,13,6,29,1145,1,1,1,3,4,275,RN346   29.300 A 34.350,,,,690
201300049397,13,6,29,1515,1,1,1,2,7,199,RD383   14.250 A 18.000,,,,690
201300049398,13,6,29,1510,1,1,1,1,4,290,A43   3.865 A 9.894,,,,690
201300049399,13,6,29,1715,1,1,1,1,7,199,RD383   14.250 A 18.000,,,,690
201300049400,13,6,30,310,5,1,1,1,7,544,N407   0.000 A 2.331,,,,380
201300049401,13,7,1,1220,1,1,1,1,7,081,A6   449.510 A 451.640,,,,690
201300049402,13,7,2,1640,1,1,1,1,4,029,A43   0.550 A 3.353,,,,690
201300049403,13,7,3,820,1,1,1,2,7,029,RD383   7.640 A 11.044,,,,690
201300049404,13,7,3,840,1,1,1,1,7,544,A7   25.770 A 27.460,,,,380
201300049405,13,7,5,1845,1,1,1,1,4,256,A42     0.560 A 4.020,,,,690
201300049406,13,7,6,1743,1,1,1,1,6,382,A7   0.000 A 2.278,,,,690
201300049407,13,7,1,1050,1,1,1,1,2,290,RN346   38.960 A 40.883,,,,690
201300049408,13,7,9,1645,1,1,1,1,4,072,A6   445.323 A 447.390,,,,690
201300049409,13,7,11,238,3,1,1,1,4,275,RN346   29.300 A 34.350,,,,690
201300049410,13,7,5,1500,1,1,1,1,2,116,A6   442.500 A 445.030,,,,690
201300049411,13,7,11,1715,1,1,1,1,2,277,RN346   36.215 A 38.000,,,,690
201300049412,13,7,12,1230,1,1,1,1,7,256,BPNL  1.893 A 2.321,,,,690
201300049413,13,7,13,630,1,1,1,1,2,296,A7   10.992 A 13.970,,,,690
201300049414,13,7,14,1935,1,1,1,1,2,449,A43   18.875 A 21.100,,,,380
201300049415,13,7,7,1505,1,1,1,1,2,249,A42   6.290 A 8.310,M,4581640,0497492,010
201300049416,13,7,16,1025,1,1,1,1,4,272,A46S   57.400 A 61.010,,,,690
201300049417,13,7,17,1405,1,1,1,1,6,115,A6   427.300 A 428.640,,,,690
201300049418,13,7,19,945,1,1,1,1,2,248,A46N   14.305 A 17.210,M,4589140,0489138,010
201300049419,13,7,19,1005,1,1,9,1,6,199,RD383   14.250 A 18.000,,,,690
201300049420,13,7,20,450,4,1,1,1,2,204,A450   1.740 A 5.100,,,,690
201300049421,13,7,20,1200,1,1,1,1,6,295,A46S   53.980 A 57.400,,,,690
201300049422,13,6,27,1910,1,1,1,1,2,142,A7   2.278 A 3.690,,,,690
201300049423,13,7,21,2000,1,1,1,1,7,199,RD383   14.250 A 18.000,,,,690
201300049424,13,7,24,1805,1,1,1,7,3,270,A46S   47.880 A 49.160,,,,690
201300049425,13,7,25,1216,1,1,1,1,5,288,A43   13.029 A 15.971,,,,690
201300049426,13,7,25,1745,1,1,1,1,2,029,RD383   7.640 A 11.044,,,,690
201300049427,13,7,26,1650,1,1,1,1,7,081,A6   449.510 A 451.640,,,,690
201300049428,13,7,28,1615,1,1,1,3,7,189,A7   28.860 A 29.920,,,,690
201300049429,13,7,28,1730,1,1,1,2,6,199,RD383   14.250 A 18.000,,,,690
201300049430,13,7,30,1745,1,1,1,1,2,283,A46S   43.680 A 47.880,,,,690
201300049431,13,8,1,1501,1,1,1,1,1,027,A450   5.100 A 7.285,,,,690
201300049432,13,8,2,1700,1,1,1,1,5,382,A7   0.000 A 2.278,,,,690
201300049433,13,8,2,2040,1,1,3,1,7,544,N407   0.000 A 2.331,,,,380
201300049434,13,8,7,1200,1,1,1,1,6,277,RN346   36.215 A 38.000,,,,690
201300049435,13,8,8,1512,1,1,1,3,7,297,A47,,,,690
201300049436,13,8,9,830,1,1,1,1,3,297,A47,,,,690
201300049437,13,8,14,1010,1,1,1,1,4,389,BPNL   34.614 A 36.285,,,,690
201300049438,13,8,14,1940,1,1,1,1,7,389,BPNL   34.614 A 36.285,,,,690
201300049439,13,8,14,2310,3,1,1,1,2,184,A43   15.971 A 18.875,,,,380
201300049440,13,8,15,1430,1,1,1,1,6,544,A7   25.770 A 27.460,,,,380
201300049441,13,8,15,2245,5,1,1,1,2,266,BPNL   1.165 A 1.893,,,,690
201300049442,13,8,15,2015,1,1,1,1,2,149,A7   3.690 A 4.270,,,,690
201300049443,13,8,22,1800,1,1,1,1,3,272,A46S   57.400 A 61.010,,,,690
201300049444,13,8,24,2030,2,1,1,3,7,282,RD302   0.000 A 4.000,,,,690
201300049445,13,8,24,2120,3,1,1,3,6,290,A46S   40.883 A 43.680,,,,690
201300049446,13,8,26,1800,1,1,9,1,3,272,A46S   57.400 A 61.010,,,,690
201300049447,13,8,27,825,1,1,1,2,6,266,RD383   3.750 A 7.640,,,,690
201300049448,13,8,26,830,1,1,1,1,6,266,BPNL   1.165 A 1.893,,,,690
201300049449,13,8,27,1950,1,1,1,2,7,029,RD383   7.640 A 11.044,,,,690
201300049450,13,8,29,555,5,1,1,1,6,388,RD383   11.460 A 11.750,,,,690
201300049451,13,8,29,2300,3,1,1,1,2,297,A47,,,,690
201300049452,13,7,11,2320,3,1,1,1,2,273,BUS (RD301)   4.470 A 7.,,,,690
201300049453,13,8,31,140,3,1,1,1,2,081,A6   448.490 A 449.450,,,,690
201300049454,13,8,31,1900,1,1,1,1,7,295,A46S   53.980 A 57.400,,,,690
201300049455,13,9,2,1105,2,1,1,1,4,072,A6   445.030 A 445.323,,,,690
201300049456,13,9,6,4,3,1,1,1,2,290,A43   3.865 A 9.894,,,,690
201300049457,13,9,7,1030,1,1,1,2,7,259,RD383   11.750 A 14.250,,,,690
201300049458,13,9,8,535,3,1,1,2,4,275,RN346   29.300 A 34.350,,,,690
201300049459,13,9,8,1830,1,1,1,2,5,199,A7   7.000 A 8.630,,,,690
201300049460,13,9,8,1845,1,1,1,2,7,043,A42   9.500 A 9.720,,,,010
201300049461,13,9,8,2000,3,1,9,1,7,282,RD302   0.400 A 4.620,,,,690
201300049462,13,9,9,2130,5,1,1,1,2,029,A43   0.550 A 3.353,,,,690
201300049463,13,9,10,1610,1,1,1,1,6,290,A43   3.865 A 9.894,,,,690
201300049464,13,9,11,1820,1,1,1,8,7,376,A42   8.310 A 9.500,,,,010
201300049465,13,9,12,1815,1,1,1,1,2,256,A42     0.560 A 4.020,,,,690
201300049466,13,9,13,1620,1,1,1,1,7,288,A43   13.029 A 15.971,,,,690
201300049467,13,9,13,1800,1,1,1,1,4,029,RD383,,,,690
201300049468,13,9,14,1453,1,1,1,1,7,081,A6   449.510 A 451.640,,,,690
201300049469,13,9,14,1715,1,1,1,1,2,266,RD383   3.750 A 7.640,,,,690
201300049470,13,9,14,1817,1,1,1,1,2,266,RD383   1.165 A 1.893,,,,690
201300049471,13,9,15,200,4,1,1,2,5,336,A7   32.870 A 35.680,,,,380
201300049472,13,9,16,1945,2,1,1,1,7,256,A42     0.560 A 4.020,,,,690
201300049473,13,9,18,1740,1,1,1,1,4,297,A7   15.770 A 20.110,,,,690
201300049474,13,9,19,910,1,1,1,1,2,297,A47   0.000  A 1.657,,,,690
201300049475,13,9,19,1715,1,1,1,1,5,256,A42     0.560 A 4.020,,,,690
201300049476,13,9,20,1752,1,1,1,1,2,072,A6   445.323 A 447.390,,,,690
201300049477,13,9,24,840,1,1,1,1,4,290,A43   3.865 A 9.894,,,,690
201300049478,13,9,26,1420,1,1,1,1,2,544,RN7   5.180 A 10.000,,,,380
201300049479,13,9,27,630,5,1,1,1,2,199,RD383   14.250 A 18.000,,,,690
201300049480,13,9,27,450,3,1,1,1,6,072,A6   445.323 A 447.390,,,,690
201300049481,13,9,27,1020,1,1,1,1,5,278,A46N   12.680 A 13.378,,,,690
201300049482,13,9,27,1850,1,1,1,1,4,266,RD383   3.750 A 7.640,,,,690
201300049483,13,9,28,2330,3,1,1,1,1,295,A46S   53.980 A 57.400,,,,690
201300049484,13,9,29,530,4,1,1,3,3,256,RN346  S/N   25.686 A 29,,,,690
201300049485,13,9,29,1405,1,1,1,1,4,336,A7   32.870 A 35.680,,,,380
201300049486,13,9,29,1640,1,1,1,2,7,199,RD383   14.250 A 18.000,,,,690
201300049487,13,9,30,930,1,1,1,8,4,296,A7   10.992 A 13.970,,,,690
201300049488,13,9,30,1215,1,1,1,1,2,544,"17, RN7   5.180 A 10.000",,,,380
201300049489,13,10,2,1650,1,1,1,1,2,199,RD383   14.250 A 18.000,,,,690
201300049490,13,10,2,2105,5,1,1,1,2,266,RD383   3.750 A 7.640,,,,690
201300049491,13,10,3,1425,1,1,1,1,2,072,A6   445.323 A 447.390,,,,690
201300049492,13,10,4,2005,3,1,1,2,5,125,A6   437.840 A 439.400,,,,690
201300049493,13,10,5,140,3,1,1,2,2,256,A42     0.560 A 4.020,,,,690
201300049494,13,10,5,840,1,1,1,1,7,266,RD383   3.750 A 7.640,,,,690
201300049495,13,10,6,1550,1,1,1,1,2,029,RD383   7.640 A 11.044,,,,690
201300049496,13,10,9,1300,1,1,1,1,3,125,A6   437.840 A 439.400,,,,690
201300049497,13,10,10,1735,1,1,1,1,3,199,RD383   14.250 A 18.000,,,,690
201300049498,13,10,11,30,5,1,1,2,7,199,RD383   14.250 A 18.000,,,,690
201300049499,13,10,11,1534,1,1,1,1,6,389,A6   451.790 A 453.400,,,,690
201300049500,13,10,14,1745,1,1,1,1,4,266,RD383   3.750 A 7.640,,,,690
201300049501,13,10,11,1630,1,1,1,1,4,389,BPNL   34.614 A 36.285,,,,690
201300049502,13,10,15,725,2,1,1,1,3,272,A46S   57.400 A 61.010,,,,690
201300049503,13,10,15,2303,5,1,1,2,6,034,RD383   0.000 A 1.165,,,,690
201300049504,13,10,16,1630,1,1,1,1,6,009,", A6   428.880 A 431.800",,,,690
201300049505,13,10,17,2005,5,1,1,1,4,266,RD383   1.165 A 1.893,,,,690
201300049506,13,10,18,850,1,1,1,1,4,287,A43   9.894 A 13.029,,,,690
201300049507,13,10,18,1630,1,1,1,1,3,027,A450   5.100 A 7.285,,,,690
201300049508,13,10,18,1910,3,1,1,1,2,163,A46N   2.930 A 7.065,,,,690
201300049509,13,10,20,1605,1,1,1,1,6,256,A42     0.560 A 4.020,,,,690
201300049510,13,10,20,1715,1,1,1,1,7,336,A7   32.870 A 35.680,,,,380
201300049511,13,10,21,1155,1,1,1,1,2,286,A46N   S/N   25.680 A 25,,,,690
201300049512,13,10,21,1900,3,1,1,1,4,249,A42   6.290 A 8.310,,,,010
201300049513,13,10,22,1045,1,1,1,1,2,266,RD383   1.165 A 1.893,,,,690
201300049514,13,10,22,1100,1,1,1,1,7,199,RD383   14.250 A 18.000,,,,690
201300049515,13,10,24,1716,1,1,1,1,5,034,RD383   0.000 A 1.165,,,,690
201300049516,13,10,25,2140,5,1,1,1,3,029,RD383   7.640 A 11.044,,,,690
201300049517,13,10,28,630,3,1,1,1,5,286,A46N   19.955 A 25.180,,,,690
201300049518,13,10,29,855,1,1,1,1,4,290,A46S   40.883 A 43.680,,,,690
201300049519,13,10,29,1930,5,1,1,1,3,544,RN7   5.180 A 10.000,,,,380
201300049520,13,11,3,230,5,1,1,2,6,152,A7   4.270 A 7.000,,,,690
201300049521,13,10,23,1745,1,1,1,1,7,199,RD383   14.250 A 18.000,,,,690
201300049522,13,11,4,1530,1,1,1,2,2,276,BUS (RD301)   0 000 A 2,,,,690
201300049523,13,11,4,2015,5,1,1,1,7,199,69190,,,,690
201300049524,13,11,5,2100,5,1,1,2,6,029,RD383   7.640 A 11.044,,,,690
201300049525,13,11,6,725,1,1,1,2,5,184,A43   15.971 A 18.875,,,,380
201300049526,13,11,6,1215,1,1,1,1,6,115,A6   427.300 A 428.640,,,,690
201300049527,13,11,6,1730,3,1,1,1,4,544,RN7   5.180 A 10.000,,,,380
201300049528,13,11,6,900,1,1,1,1,6,081,A6   449.510 A 451.640,,,,690
201300049529,13,11,8,1645,1,1,1,2,6,081,A6   449.510 A 451.640,,,,690
201300049530,13,11,9,1225,1,1,1,1,2,072,A6   445.323 A 447.390,,,,690
201300049531,13,11,10,900,1,1,1,2,6,271,RN346   38.000 A 38.960,,,,690
201300049532,13,11,11,1830,5,1,1,1,4,382,A6   455.000 A 455.875,,,,690
201300049533,13,11,12,1708,1,1,1,1,3,034,RD383   0.000 A 1.165,,,,690
201300049534,13,11,13,330,3,1,1,1,2,544,A7   25.770 A 27.460,,,,380
201300049535,13,11,14,1300,1,1,1,1,7,055,A6   435.100 A 437.840,,,,690
201300049536,13,11,15,940,1,1,1,8,6,295,A46S   53.980 A 57.400,,,,690
201300049537,13,11,15,1515,1,1,1,1,4,382,A6   455.000 A 455.875,,,,690
201300049538,13,11,19,1245,1,1,1,2,3,029,RD383   7.640 A 11.044,,,,690
201300049539,13,11,21,1815,5,1,1,2,3,027,A450   5.100 A 7.285,,,,690
201300049540,13,11,22,915,1,1,1,2,2,256,A42     0.560 A 4.020,,,,690
201300049541,13,11,23,745,2,1,1,1,2,273,BUS (RD301)   4.470 A 7.,,,,690
201300049542,13,11,25,845,1,1,1,1,3,100,A450   1.090 A 1.740,,,,690
201300049543,13,11,25,1715,1,1,1,1,3,544,N407   0.000 A 2.331,,,,380
201300049544,13,11,25,2000,3,1,1,1,4,272,A46S   57.400 A 61.010,,,,690
201300049545,13,11,22,830,2,1,1,2,6,385,A6,,,,690
201300049546,13,11,29,2000,5,1,1,1,4,449,A43   18.875 A 21.100,,,,380
201300049547,13,11,30,945,1,1,1,1,7,029,RD383   7.640 A 11.044,,,,690
201300049548,13,12,1,205,4,1,1,1,6,259,BUS (RD301)  2 800 A 4.4,,,,690
201300049549,13,12,2,850,1,1,1,1,4,277,RN346   36.215 A 38.000,,,,690
201300049550,13,12,2,1220,1,1,1,1,3,297,A47   0.000  A 1.657,,,,690
201300049551,13,12,2,1750,3,1,1,1,5,297,A7   15.770 A 20.110,M,0000000,0000000,690
201300049552,13,12,3,820,1,1,1,1,4,029,A43   0.550 A 3.353,,,,690
201300049553,13,12,5,2215,3,1,1,1,2,156,A6   428.640 A 428.880,,,,690
201300049554,13,12,10,740,2,1,1,5,2,204,A450   1.740 A 5.100,,,,690
201300049555,13,12,12,630,5,1,1,5,7,290,A43   3.865 A 9.894,,,,690
201300049556,13,12,13,2210,5,1,6,2,7,272,A46S   57.400 A 61.010,,,,690
201300049557,13,12,14,130,3,1,1,1,7,275,,,,,690
201300049558,13,12,20,1125,1,1,1,2,3,199,A7   7.000 A 8.630,,,,690
201300049559,13,12,27,750,1,1,1,1,6,029,A43   0.550 A 3.353,,,,690
201300049560,13,12,23,600,5,1,1,1,6,266,RD383   3.750 A 7.640,,,,690
201300049561,13,12,23,1105,1,1,1,1,2,287,A43   9.894 A 13.029,,,,690
201300049562,13,12,25,1320,1,1,1,1,7,276,BUS (RD301)   0 000 A 2.,,,,690
201300049563,13,12,25,1730,2,1,1,3,7,029,A43   0 550 A 3.353,,,,690
201300049564,13,12,26,1525,1,1,1,1,7,266,RD383   3.750 A 7.640,,,,690
201300049565,13,12,28,1740,5,1,1,8,3,199,RD383   14.250 A 18.000,,,,690
201300049566,13,12,29,915,1,1,1,1,6,288,A43   13.029 A 15.971,,,,690
201300049567,13,12,29,2030,3,1,1,1,6,152,A7   4.270 A 7.000,,,,690
201300049568,13,1,2,1523,1,2,1,1,6,389,"2, PLACE DE PARIS",,,,690
201300049569,13,1,4,1655,2,2,1,1,5,389,"165, RUE DE SAINT CYR",,,,690
201300049570,13,1,5,1830,5,2,1,1,6,081,"80, CHEMIN DU TRONCHON",,,,690
201300049571,13,1,15,1700,1,2,1,1,3,081,"61, AVENUE DU PROFESSEUR",,,,690
201300049572,13,1,19,1815,5,2,1,2,6,389,"16, QUAI PAUL SEDALLIAN",,,,690
201300049573,13,1,19,2350,5,2,1,2,6,389,PONT GEORGES CLEMENCEAU,,,,690
201300049574,13,1,20,1508,1,2,1,8,6,081,CHEMIN JEAN MARIE VIANNE,,,,690
201300049575,13,2,1,905,1,2,1,2,3,389,"65, RUE PIERRE AUDRY",,,,690
201300049576,13,2,14,1040,1,2,1,1,6,081,"SANS N?, CHEMIN DES CERI",,,,690
201300049577,13,2,22,750,1,2,1,1,3,389,PONT GEORGES CLEMENCEAU,,,,690
201300049578,13,3,2,20,5,2,1,1,6,389,BOULEVARD PERIPHERIQUE N,,,,690
201300049579,13,3,4,1025,1,2,3,9,3,389,"240, BOULEVARD DE LA DUC",,,,690
201300049580,13,3,4,1730,1,2,3,1,6,389,"8, RUE SAINT DIDIER",,,,690
201300049581,13,3,9,1800,1,2,1,1,7,389,"8, RUE COTTIN",,,,690
201300049582,13,3,12,1830,2,2,3,1,3,389,"65, RUE DU SOUVENIR",,,,690
201300049583,13,3,19,1800,1,2,1,1,6,389,"316, AVENUE ANDREI SAKHA",,,,690
201300049584,13,3,21,830,1,2,1,1,6,389,"1, RUE DU 24 MARS 1852",,,,690
201300049585,13,3,22,2010,5,2,2,1,3,389,"135, AVENUE SIDOINE APOL",,,,690
201300049586,13,3,29,735,2,2,1,2,6,389,"74, RUE DE SAINT CYR",,,,690
201300049587,13,4,4,1520,1,2,3,1,3,389,"2, RUE DU 24 MARS 1852",,,,690
201300049588,13,4,4,2050,5,2,1,1,3,081,"128, RUE MARIETTON",,,,690
201300049589,13,4,12,1910,1,2,2,1,3,389,RUE PIERRE TERMIER,,,,690
201300049590,13,4,19,1940,2,2,1,2,6,081,"6, ROUTE DE CHAMPAGNE",,,,690
201300049591,13,4,21,450,5,2,1,1,7,389,"95, AVENUE DU 25E REGIME",,,,690
201300049592,13,4,21,700,2,2,1,8,6,389,"95, AVENUE DU 25E REGIME",,,,690
201300049593,13,4,26,1200,1,2,4,2,3,389,"51, RUE MARIETTON",,,,690
201300049594,13,4,27,1230,1,2,3,2,3,389,"1, RUE EMILE DUPORT",,,,690
201300049595,13,4,24,1,5,2,1,1,6,389,"PONT SNCF, QUAI RAOUL CA",,,,690
201300049596,13,5,2,855,1,2,1,1,3,389,"01, QUAI PAUL SEDALLIAN",,,,690
201300049597,13,5,2,1626,1,2,1,1,6,389,"59, QUAI PAUL SEDALLIAN",,,,690
201300049598,13,5,7,820,1,2,1,1,2,081,BRETELLE 1 PORTE DU VALV,,,,690
201300049599,13,5,8,450,5,2,1,1,2,389,"33, RUE DU BOURBONNAIS",,,,690
201300049600,13,5,13,1050,1,2,1,1,6,389,"45, RUE MARIETTON",,,,690
201300049601,13,5,14,1520,1,2,2,1,3,389,"48, RUE DE BOURGOGNE",,,,690
201300049602,13,5,22,1600,1,2,2,1,1,389,"37, RUE DE BOURGOGNE",,,,690
201300049603,13,5,26,940,1,2,1,1,3,389,"128, AVENUE SIDOINE APOL",,,,690
201300049604,13,5,31,1200,1,2,1,2,3,389,"36, QUAI ARLOING",,,,690
201300049605,13,6,1,1850,1,2,1,1,6,389,"14, RUE DU 24 MARS 1852",,,,690
201300049606,13,6,5,1735,1,2,6,1,3,081,"00, BRETELLE 1 PORTE DU",,,,690
201300049607,13,6,11,1700,1,2,1,1,2,389,"4, QUAI PAUL SEDALLIAN",,,,690
201300049608,13,6,11,2015,2,2,1,1,6,389,"84-88, AVENUE SIDOINE AP",,,,690
201300049609,13,6,12,1900,1,2,1,1,3,389,"00, BOULEVARD ANTOINE DE",,,,690
201300049610,13,6,13,855,1,2,2,1,3,081,"00, CHEMIN DU RANDIN",,,,690
201300049611,13,6,14,2120,2,2,1,1,6,389,"02, RUE PIERRE AUDRY",,,,690
201300049612,13,6,15,1000,1,2,1,1,6,389,"17, RUE LOUIS LOUCHEUR",,,,690
201300049613,13,6,21,830,1,2,1,1,6,389,"7, AVENUE DU PLATEAU",,,,690
201300049614,13,6,21,830,1,2,1,1,6,389,"26, AVENUE ROSA PARKS",,,,690
201300049615,13,6,24,855,1,2,3,1,6,389,"00, RUE DE SAINT CYR",,,,690
201300049616,13,6,24,820,1,2,1,1,3,389,RUE DE SAINT CYR,,,,690
201300049617,13,6,24,2040,2,2,1,1,6,389,"26, AVENUE ROSA PARKS",,,,690
201300049618,13,6,26,805,1,2,6,1,3,081,"00, CHEMIN DE LA SAUVEGA",,,,690
201300049619,13,6,28,1100,1,2,1,2,7,389,"face au 6, GRANDE RUE DE",,,,690
201300049620,13,7,1,1107,1,2,1,1,6,389,"35, AVENUE SIDOINE APOLL",,,,690