Num_Acc,an,mois,jour,hrmn,lum,agg,int,atm,col,com,adr,gps,lat,long,dep
201300050236,13,7,17,1040,1,2,1,1,6,101,QUAI FRANCOIS MITTERRAND,,,,750
201300050237,13,7,19,1525,1,2,3,1,3,101,QUAI FRANCOIS MITTERRAND,,,,750
201300050238,13,7,19,1810,1,2,2,1,6,101,"9, AVENUE DE L OPERA",,,,750
201300050239,13,7,22,1900,1,2,1,1,6,101,"10, BOULEVARD DU PALAIS",,,,750
201300050240,13,7,23,1755,1,2,1,1,2,101,"70, RUE JEAN JACQUES ROU",,,,750
201300050241,13,7,26,1057,1,2,7,1,2,101,"172, RUE DE RIVOLI",,,,750
201300050242,13,7,29,1015,1,2,5,1,3,101,"9, BOULEVARD DE SEBASTOP",,,,750
201300050243,13,7,30,945,1,2,3,1,4,101,"184, RUE DE RIVOLI",,,,750
201300050244,13,7,31,1450,1,2,2,1,3,101,"48, RUE CROIX DES PETITS",,,,750
201300050245,13,7,31,1455,1,2,1,1,6,101,"4, BOULEVARD DU PALAIS",,,,750
201300050246,13,7,31,1910,1,2,1,1,6,101,"112, RUE SAINT HONORE",,,,750
201300050247,13,8,3,230,5,2,5,1,3,101,"1, BOULEVARD DE SEBASTOP",,,,750
201300050248,13,8,3,1725,1,2,2,1,3,101,"5, RUE DE CASTIGLIONE",,,,750
201300050249,13,8,5,100,5,2,2,1,3,101,RUE DU PONT NEUF,,,,750
201300050250,13,8,11,40,5,2,3,1,2,101,"63, RUE DE RIVOLI",,,,750
201300050251,13,8,12,1235,1,2,3,1,7,101,"232, RUE DE RIVOLI",,,,750
201300050252,13,8,16,1515,1,2,3,1,4,101,"8, QUAI DE LA MEGISSERIE",,,,750
201300050253,13,8,20,2210,5,2,1,1,6,101,"5, RUE SAINT ROCH",,,,750
201300050254,13,8,22,1825,1,2,3,1,4,101,"12, QUAI DE LA MEGISSERI",,,,750
201300050255,13,8,23,1050,1,2,1,1,6,101,"1, PLACE DU CARROUSEL",,,,750
201300050256,13,8,26,1345,1,2,2,1,3,101,"99, RUE DE RIVOLI",,,,750
201300050257,13,8,27,1405,2,2,3,1,3,101,RUE SAINT HONORE,,,,750
201300050258,13,8,27,1445,1,2,5,1,6,101,"41, RUE ETIENNE MARCEL",,,,750
201300050259,13,8,27,2205,5,2,1,1,2,101,VOIE GEORGES POMPIDOU,,,,750
201300050260,13,8,28,1240,1,2,3,1,3,101,"2, RUE DE L AMIRAL DE CO",,,,750
201300050261,13,8,31,1905,1,2,5,1,6,101,"1, BOULEVARD DE LA MADEL",,,,750
201300050262,13,9,1,540,2,2,1,1,6,101,VOIE GEORGES POMPIDOU,,,,750
201300050263,13,9,1,1345,1,2,2,1,3,101,"40, RUE DU LOUVRE",,,,750
201300050264,13,9,2,1115,1,2,1,1,6,101,"00, SOUTERRAIN TUILERIES",,,,750
201300050265,13,9,2,1530,1,2,5,1,3,101,"194, RUE DE RIVOLI",,,,750
201300050266,13,9,4,1015,1,2,2,1,2,101,"192, RUE DE RIVOLI",,,,750
201300050267,13,9,4,1100,1,2,1,1,2,101,"0, QUAI FRANCOIS MITTERR",,,,750
201300050268,13,9,6,1535,1,2,2,1,6,101,"154, RUE DE RIVOLI",,,,750
201300050269,13,9,9,1845,1,2,7,8,2,101,"1, PLACE DU CHATELET",,,,750
201300050270,13,9,10,915,1,2,3,1,6,101,"10, RUE DU LOUVRE",,,,750
201300050271,13,9,10,1515,1,2,3,1,3,101,"162, RUE DE RIVOLI",,,,750
201300050272,13,9,18,1525,1,2,1,3,3,101,QUAI FRANCOIS MITTERRAND,,,,750
201300050273,13,9,24,1120,1,2,1,1,6,101,"194, RUE DE RIVOLI",,,,750
201300050274,13,9,25,1815,1,2,1,1,6,101,"19, RUE SAINT GERMAIN L",,,,750
201300050275,13,9,25,1710,5,2,1,1,6,101,SOUTERRAIN LEMONNIER,,,,750
201300050276,13,9,28,1000,1,2,1,2,7,101,"1, PLACE DU CARROUSEL",,,,750
201300050277,13,9,28,1830,2,2,1,1,1,101,"15, BOULEVARD DE LA MADE",,,,750
201300050278,13,9,29,450,5,2,1,1,2,101,"22, AVENUE DE L OPERA",,,,750
201300050279,13,10,4,755,2,2,3,1,2,101,"252, RUE DE RIVOLI",,,,750
201300050280,13,10,7,1150,1,2,3,1,7,101,"252, RUE DE RIVOLI",,,,750
201300050281,13,10,9,925,1,2,1,2,3,101,"251, RUE SAINT HONORE",,,,750
201300050282,13,10,11,1115,1,2,7,2,3,101,"04, AVENUE DE L OPERA",,,,750
201300050283,13,10,11,1800,1,2,4,1,6,101,"1, QUAI DES TUILERIES",,,,750
201300050284,13,10,12,1640,1,2,4,8,6,101,SOUTERRAIN TUILERIES,,,,750
201300050285,13,10,13,1615,1,2,2,1,2,101,"17, RUE ETIENNE MARCEL",,,,750
201300050286,13,10,15,1830,5,2,1,1,2,101,QUAI DES TUILERIES,,,,750
201300050287,13,10,15,1935,2,2,1,6,7,101,QUAI FRANCOIS MITTERRAND,,,,750
201300050288,13,10,15,2220,5,2,2,1,3,101,RUE DE CASTIGLIONE,,,,750
201300050289,13,10,16,1900,2,2,7,2,7,101,PLACE VENDOME,,,,750
201300050290,13,10,17,910,1,2,1,1,3,101,QUAI DES TUILERIES,,,,750
201300050291,13,10,21,1445,1,2,1,1,7,101,"253, RUE SAINT HONORE",,,,750
201300050292,13,10,22,2300,5,2,1,1,7,101,VOIE GEORGES POMPIDOU,,,,750
201300050293,13,10,24,1420,1,2,2,1,6,101,"146, RUE DE RIVOLI",,,,750
201300050294,13,10,25,815,1,2,2,2,7,101,"85, RUE DE RIVOLI",,,,750
201300050295,13,10,25,1550,1,2,7,1,6,101,"93, RUE DE RIVOLI",,,,750
201300050296,13,10,26,1440,1,2,3,1,3,101,"158, RUE DE RIVOLI",,,,750
201300050297,13,10,27,1130,1,2,3,1,7,101,"65, RUE DE RIVOLI",,,,750
201300050298,13,10,28,1810,5,2,2,1,6,101,"20, RUE DU LOUVRE",,,,750
201300050299,13,10,29,110,5,2,3,1,2,101,"29, BOULEVARD DE SEBASTO",,,,750
201300050300,13,10,29,2300,5,2,5,1,6,101,"22, AVENUE DE L OPERA",,,,750
201300050301,13,10,31,1215,1,2,7,1,2,101,RUE DE L AMIRAL DE COLIG,,,,750
201300050302,13,11,1,1745,5,2,3,2,6,101,"5, RUE DE VALOIS",,,,750
201300050303,13,11,2,1900,5,2,3,1,6,101,"04, QUAI FRANCOIS MITTER",,,,750
201300050304,13,11,3,1150,1,2,3,1,3,101,QUAI FRANCOIS MITTERRAND,,,,750
201300050305,13,11,6,823,1,2,3,2,6,101,"33, RUE SAINT HONORE",,,,750
201300050306,13,11,6,1800,5,2,7,1,2,101,"2, RUE DE L AMIRAL DE CO",,,,750
201300050307,13,11,6,2130,5,2,2,9,6,101,"158, RUE DE RIVOLI",,,,750
201300050308,13,11,9,120,5,2,4,1,6,101,RUE BERGER,,,,750
201300050309,13,11,9,1235,1,2,1,1,7,101,"1, PLACE DU CARROUSEL",,,,750
201300050310,13,11,11,1535,1,2,3,1,3,101,", QUAI DE LA MEGISSERIE",,,,750
201300050311,13,11,12,1145,1,2,2,2,3,101,"40, RUE DU LOUVRE",,,,750
201300050312,13,11,12,1615,1,2,3,2,6,101,AVENUE GENERAL LEMONNIER,,,,750
201300050313,13,11,14,1305,1,2,1,3,7,101,"06, BOULEVARD DU PALAIS",,,,750
201300050314,13,11,15,1055,1,2,1,1,3,101,"29, BOULEVARD DE SEBASTO",,,,750
201300050315,13,11,15,1745,5,2,7,1,6,101,"3, AVENUE DE L OPERA",,,,750
201300050316,13,11,20,1530,1,2,1,2,3,101,"21, BOULEVARD DE LA MADE",,,,750
201300050317,13,11,21,1950,5,2,2,2,2,104,"21, RUE DE RIVOLI",,,,750
201300050318,13,11,22,1935,5,2,1,1,2,101,"20, AVENUE VICTORIA",,,,750
201300050319,13,11,23,1555,2,2,1,1,4,101,"168, RUE DE RIVOLI",,,,750
201300050320,13,11,28,915,1,2,2,1,3,101,"25, RUE MOLIERE",,,,750
201300050321,13,11,29,720,2,2,3,1,4,101,"162, RUE DE RIVOLI",,,,750
201300050322,13,12,1,2025,5,2,2,1,6,101,"1, PONT DU CARROUSEL",,,,750
201300050323,13,12,2,1620,1,2,3,1,6,101,"57, RUE DE RIVOLI",,,,750
201300050324,13,12,3,1500,1,2,2,1,3,101,"47, RUE DES PETITS CHAMP",,,,750
201300050325,13,12,9,950,1,2,1,1,7,101,"11, RUE DE L ECHELLE",,,,750
201300050326,13,12,10,1240,1,2,7,1,6,101,"169, RUE SAINT HONORE",,,,750
201300050327,13,12,10,1500,1,2,7,1,2,101,"2, RUE DE RICHELIEU",,,,750
201300050328,13,12,13,1330,1,2,5,1,6,101,QUAI DE LA MEGISSERIE,,,,750
201300050329,13,12,13,1810,5,2,1,8,6,101,QUAI DES TUILERIES,,,,750
201300050330,13,12,15,1330,1,2,1,1,6,109,"86, RUE SAINT LAZARE",,,,750
201300050331,13,12,19,1430,1,2,2,1,6,101,"01, PLACE DU CARROUSEL",,,,750
201300050332,13,12,20,1550,1,2,1,1,3,101,"3, RUE DES PYRAMIDES",,,,750
201300050333,13,12,21,30,5,2,1,1,7,101,SOUTERRAIN PONT NEUF,,,,750
201300050334,13,12,21,45,5,2,1,1,2,101,"174, RUE DE RIVOLI",,,,750
201300050335,13,12,21,1730,5,2,3,1,4,101,"91, RUE DE RIVOLI",,,,750
201300050336,13,12,22,2030,5,2,2,2,7,109,"66, RUE LA FAYETTE",,,,750
201300050337,13,12,23,1150,1,2,1,1,7,101,QUAI DES TUILERIES,,,,750
201300050338,13,12,23,1330,1,2,2,8,3,101,"16, RUE SAINT GERMAIN L",,,,750
201300050339,13,12,24,1655,5,2,2,2,6,101,"33, RUE BERGER",,,,750
201300050340,13,1,1,200,5,2,5,3,6,102,"41, AVENUE DE L OPERA",,,,750
201300050341,13,1,5,120,5,2,2,1,3,102,"01, BOULEVARD SAINT DENI",,,,750
201300050342,13,1,11,2035,5,2,2,2,6,102,"134, RUE REAUMUR",,,,750
201300050343,13,1,14,1510,1,2,2,1,3,102,RUE DES FILLES SAINT THO,,,,750
201300050344,13,1,12,2210,5,2,7,1,3,101,"1, PLACE DU LOUVRE",,,,750
201300050345,13,1,15,2255,5,2,1,2,3,102,"8, RUE DE LA PAIX",,,,750
201300050346,13,1,17,905,1,2,2,1,6,102,"54, RUE DU LOUVRE",,,,750
201300050347,13,1,28,1135,1,2,2,1,6,102,"132, RUE MONTMARTRE",,,,750
201300050348,13,1,31,940,1,2,4,1,6,102,"151, RUE MONTMARTRE",,,,750
201300050349,13,1,31,1955,5,2,5,1,3,102,"59, RUE REAUMUR",,,,750
201300050350,13,2,2,1232,1,2,2,1,3,102,BOULEVARD DE SEBASTOPOL,,,,750
201300050351,13,2,6,1420,1,2,2,1,2,102,"38, AVENUE DE L OPERA",,,,750
201300050352,13,2,7,1540,1,2,2,1,3,102,"16, RUE DU SENTIER",,,,750
201300050353,13,2,7,1845,5,2,3,1,6,102,"127, RUE MONTMARTRE",,,,750
201300050354,13,2,10,1145,1,2,2,1,3,102,RUE DE HANOVRE,,,,750
201300050355,13,2,11,1445,1,2,2,1,6,102,"132, RUE REAUMUR",,,,750
201300050356,13,2,11,2320,5,2,7,1,3,102,"34, RUE DU QUATRE SEPTEM",,,,750
201300050357,13,2,18,1215,1,2,1,1,6,102,"3, RUE VIVIENNE",,,,750
201300050358,13,2,20,810,1,2,2,1,6,102,"62, RUE DE RICHELIEU",,,,750
201300050359,13,2,22,2020,5,2,1,4,2,102,"24, RUE DANIELLE CASANOV",,,,750
201300050360,13,2,23,230,5,2,2,1,2,102,BOULEVARD DE SEBASTOPOL,,,,750
201300050361,13,2,25,945,1,2,1,2,2,102,"39, AVENUE DE L OPERA",,,,750
201300050362,13,2,28,1945,5,2,2,2,2,102,"33, RUE DU QUATRE SEPTEM",,,,750
201300050363,13,3,4,2025,5,2,2,1,2,102,"80, RUE REAUMUR",,,,750
201300050364,13,3,8,1700,1,2,7,8,6,109,"03, PLACE DE L OPERA",,,,750
201300050365,13,3,11,2015,5,2,1,3,6,102,"1, BOULEVARD DE BONNE NO",,,,750
201300050366,13,3,24,1,5,2,7,1,3,102,PLACE DE L OPERA,,,,750
201300050367,13,3,26,1055,1,2,1,1,6,102,"17, RUE D ANTIN",,,,750
201300050368,13,3,27,1345,1,2,7,1,3,102,"11, BOULEVARD DES CAPUCI",,,,750
201300050369,13,3,27,1340,1,2,3,1,3,110,"14, BOULEVARD DE BONNE N",,,,750
201300050370,13,3,29,2310,5,2,2,1,3,102,RUE MONTMARTRE,,,,750
201300050371,13,4,1,940,1,2,7,7,7,102,"01, PLACE DE LA BOURSE",,,,750
201300050372,13,4,2,1755,1,2,1,1,6,102,RUE DAUNOU,,,,750
201300050373,13,4,6,635,5,2,7,1,2,102,"17, BOULEVARD DES CAPUCI",,,,750
201300050374,13,4,10,226,5,2,7,2,2,102,"19, BOULEVARD DES CAPUCI",,,,750
201300050375,13,4,11,1130,1,2,2,1,3,102,"37, RUE DU LOUVRE",,,,750
201300050376,13,4,12,350,5,2,1,1,7,102,RUE MONTMARTRE,,,,750
201300050377,13,4,16,1545,1,2,1,1,5,102,"11, BOULEVARD MONTMARTRE",,,,750
201300050378,13,4,23,1830,1,2,1,1,2,102,"15, RUE VIVIENNE",,,,750
201300050379,13,4,26,1512,1,2,1,1,3,102,"44, RUE NOTRE DAME DES V",,,,750
201300050380,13,4,29,940,1,2,1,1,6,102,"44, RUE NOTRE DAME DES V",,,,750
201300050381,13,5,3,1810,1,2,1,1,6,102,"21, RUE DE LA PAIX",,,,750
201300050382,13,5,6,1645,1,2,7,8,3,102,"04, PLACE DE L OPERA",,,,750
201300050383,13,5,7,900,1,2,5,1,6,102,"29, BOULEVARD DES ITALIE",,,,750
201300050384,13,5,12,2010,1,2,2,2,3,102,RUE ETIENNE MARCEL,,,,750
201300050385,13,5,14,1550,1,2,2,1,6,102,"110, RUE REAUMUR",,,,750
201300050386,13,5,16,1435,1,2,3,8,6,102,"41, RUE DE PALESTRO",,,,750
201300050387,13,5,23,1315,1,2,1,8,6,102,"19, BOULEVARD DES ITALIE",,,,750
201300050388,13,5,28,940,1,2,3,2,6,102,"29, RUE VIVIENNE",,,,750
201300050389,13,5,28,1330,1,2,7,2,3,102,"2, PLACE DE L OPERA",,,,750
201300050390,13,5,29,1000,1,2,3,1,6,102,"55, RUE MONTMARTRE",,,,750
201300050391,13,5,31,1030,1,2,2,8,2,102,"44, RUE ETIENNE MARCEL",,,,750
201300050392,13,6,3,630,1,2,3,1,6,102,"06, RUE DES PETITS CHAMP",,,,750
201300050393,13,6,5,1655,1,2,2,1,6,102,"202, RUE SAINT DENIS",,,,750
201300050394,13,6,6,1550,1,2,2,1,6,102,"71, BOULEVARD DE SEBASTO",,,,750
201300050395,13,6,8,1220,1,2,5,1,3,102,"31, BOULEVARD DES ITALIE",,,,750
201300050396,13,6,9,720,2,2,7,2,6,103,"21, PLACE DES VOSGES",,,,750
201300050397,13,6,16,1750,1,2,3,1,6,102,"38, RUE DES PETITS CHAMP",,,,750
201300050398,13,6,16,2025,1,2,2,1,2,102,"61-63, RUE REAUMUR",,,,750
201300050399,13,6,20,1000,1,2,1,1,6,102,"132, RUE MONTMARTRE",,,,750
201300050400,13,7,1,1810,1,2,3,1,3,102,"31, BOULEVARD DE BONNE N",,,,750
201300050401,13,7,3,1900,2,2,1,8,3,102,"176, RUE MONTMARTRE",,,,750
201300050402,13,7,4,1150,1,2,1,1,6,109,"30, BOULEVARD POISSONNIE",,,,750
201300050403,13,7,7,108,5,2,2,1,6,102,BOULEVARD DES ITALIENS,,,,750
201300050404,13,7,10,1025,1,2,3,1,3,104,"21, BOULEVARD BOURDON",,,,750
201300050405,13,7,10,1510,1,2,1,1,6,108,PLACE DE LA CONCORDE,,,,750
201300050406,13,7,14,315,4,2,7,1,3,102,"42, AVENUE DE L OPERA",,,,750
201300050407,13,7,22,430,5,2,1,1,6,102,"144, RUE MONTMARTRE",,,,750
201300050408,13,7,28,1200,1,2,1,1,3,102,"43, BD DES CAPUCINES",,,,750
201300050409,13,8,8,930,1,2,2,1,6,102,"75, RUE DE RICHELIEU",,,,750
201300050410,13,8,11,100,5,2,1,1,3,102,BOULEVARD SAINT DENIS,,,,750
201300050411,13,8,14,1355,1,2,2,1,7,102,"44, RUE ETIENNE MARCEL",,,,750
201300050412,13,8,19,835,1,2,2,1,3,102,"73, RUE DE RICHELIEU",,,,750
201300050413,13,8,21,1105,1,2,1,1,6,102,"27, RUE SAINT SAUVEUR",,,,750
201300050414,13,8,23,1025,1,2,2,1,3,102,"81, BOULEVARD DE SEBASTO",,,,750
201300050415,13,8,23,1630,1,2,1,1,4,110,"38, BOULEVARD DE BONNE N",,,,750
201300050416,13,8,29,855,1,2,2,1,7,102,"101, BOULEVARD DE SEBAST",,,,750
201300050417,13,8,29,1810,1,2,2,1,6,102,BOULEVARD POISSONNIERE,,,,750
201300050418,13,8,30,122,5,2,2,1,6,102,RUE ETIENNE MARCEL,,,,750
201300050419,13,8,30,1150,1,2,1,1,6,103,"114, RUE DE TURBIGO",,,,750
201300050420,13,8,30,1655,1,2,1,1,6,102,"101, RUE D ABOUKIR",,,,750
201300050421,13,9,1,750,1,2,2,1,7,102,"37, RUE DU MAIL",,,,750
201300050422,13,9,2,1310,1,2,2,6,6,102,"42, RUE DE TURBIGO",,,,750
201300050423,13,9,9,1355,1,2,2,3,2,102,"76, RUE REAUMUR",,,,750
201300050424,13,9,16,1625,1,2,1,2,3,102,"27, BOULEVARD POISSONNIE",,,,750
201300050425,13,9,17,1730,1,2,2,2,2,103,"207, RUE DU TEMPLE",,,,750
201300050426,13,9,18,1950,2,2,5,1,2,102,"160, RUE MONTMARTRE",,,,750
201300050427,13,9,19,1740,1,2,2,1,6,102,"95, BOULEVARD DE SEBASTO",,,,750
201300050428,13,9,20,1630,1,2,1,1,6,102,"139, BOULEVARD DE SEBAST",,,,750
201300050429,13,9,21,1725,1,2,2,1,6,102,RUE DE TURBIGO,,,,750
201300050430,13,9,23,1320,1,2,2,1,3,102,"13, RUE DE PALESTRO",,,,750
201300050431,13,9,23,1630,1,2,1,1,6,102,"75, BOULEVARD DE SEBASTO",,,,750
201300050432,13,9,24,945,1,2,2,1,3,102,BOULEVARD DE BONNE NOUVE,,,,750
201300050433,13,9,30,2110,5,2,1,1,2,102,"11, PLACE DE LA BOURSE",,,,750
201300050434,13,10,4,1620,1,2,1,1,6,102,"23, BOULEVARD POISSONNIE",,,,750
201300050435,13,10,4,1700,1,2,7,1,6,102,"1, RUE DE PORT MAHON",,,,750
201300050436,13,10,6,200,5,2,1,1,6,102,"9, BOULEVARD DE BONNE NO",,,,750
201300050437,13,10,8,1305,1,2,5,1,3,102,"114, RUE REAUMUR",,,,750
201300050438,13,10,8,1720,1,2,1,1,4,102,"124, RUE D ABOUKIR",,,,750
201300050439,13,10,10,1505,1,2,2,1,6,102,"107, RUE REAUMUR",,,,750
201300050440,13,10,10,1914,5,2,2,2,3,102,"5, RUE DU QUATRE SEPTEMB",,,,750
201300050441,13,10,11,1720,1,2,5,1,6,102,"37, RUE DU LOUVRE",,,,750
201300050442,13,10,11,1945,5,2,1,1,6,102,"23, RUE DE TURBIGO",,,,750
201300050443,13,10,13,1300,1,2,2,1,5,109,"43, RUE DE LA CHAUSSEE D",,,,750
201300050444,13,10,16,1725,1,2,2,2,6,102,"121, RUE REAUMUR",,,,750
201300050445,13,10,31,2125,5,2,1,1,6,101,"26, AVENUE DE L OPERA",,,,750
201300050446,13,11,7,1200,1,2,1,1,6,103,"2, RUE EUGENE SPULLER",,,,750
201300050447,13,11,8,2020,5,2,2,1,2,102,"29, BOULEVARD POISSONNIE",,,,750
201300050448,13,11,15,1530,1,2,1,1,6,102,"23, BOULEVARD POISSONNIE",,,,750
201300050449,13,11,21,2000,5,2,1,1,6,109,"03, BOULEVARD MONTMARTRE",,,,750
201300050450,13,11,26,1740,5,2,1,1,3,102,"06, RUE DE LA PAIX",,,,750
201300050451,13,11,27,855,1,2,3,1,6,102,"22, RUE DE TURBIGO",,,,750
201300050452,13,12,5,1230,1,2,1,1,6,109,"60, RUE RICHER",,,,750
201300050453,13,12,6,930,1,2,7,1,3,102,"2, PLACE DE L OPERA",,,,750
201300050454,13,12,12,1755,5,2,5,9,6,102,BOULEVARD DES ITALIENS,,,,750
201300050455,13,12,13,1457,1,2,2,1,6,102,"283, RUE SAINT DENIS",,,,750
201300050456,13,12,13,1647,1,2,1,1,6,102,"22, RUE DE LA PAIX",,,,750
201300050457,13,12,13,1920,3,2,1,2,6,102,"19, BOULEVARD SAINT DENI",,,,750
201300050458,13,12,14,1310,1,2,1,1,3,102,"63, RUE REAUMUR",,,,750
201300050459,13,12,23,2105,5,2,1,1,3,102,"23, BOULEVARD DES CAPUCI",,,,750
201300050460,13,12,26,1730,2,2,1,1,6,102,"15, BOULEVARD SAINT DENI",,,,750
201300050461,13,12,30,2030,5,2,1,1,7,109,"3, PLACE DE L OPERA",,,,750
201300050462,13,1,10,1900,5,2,2,2,7,103,"98, BOULEVARD DE SEBASTO",,,,750
201300050463,13,1,14,1925,5,2,5,4,3,104,QUAI DE L HOTEL DE VILLE,,,,750
201300050464,13,1,24,1550,1,2,1,1,2,103,"13, PLACE DE LA REPUBLIQ",,,,750
201300050465,13,1,29,1605,1,2,2,2,6,103,"86, RUE VIEILLE DU TEMPL",,,,750
201300050466,13,1,30,825,1,2,2,2,2,103,"43, RUE REAUMUR",,,,750
201300050467,13,1,30,1210,1,2,3,3,7,103,"185, RUE DU TEMPLE",,,,750
201300050468,13,2,4,1755,5,2,2,8,6,103,"90, BOULEVARD DE SEBASTO",,,,750
201300050469,13,2,7,850,1,2,2,2,2,103,"42, RUE REAUMUR",,,,750
201300050470,13,2,9,1820,2,2,5,1,6,103,"92, RUE DE TURENNE",,,,750
201300050471,13,2,19,630,5,2,1,1,3,103,BOULEVARD SAINT MARTIN,,,,750
201300050472,13,2,26,2338,5,2,7,2,7,103,"1, BOULEVARD SAINT MARTI",,,,750
201300050473,13,3,1,405,5,2,2,1,3,101,"192, RUE DE RIVOLI",,,,750
201300050474,13,3,5,1150,1,2,2,1,6,103,"67, BOULEVARD BEAUMARCHA",,,,750
201300050475,13,3,13,930,1,2,5,9,7,103,"45, RUE DE TURBIGO",,,,750
201300050476,13,3,14,1130,1,2,3,1,2,103,"93, BOULEVARD BEAUMARCHA",,,,750
201300050477,13,3,22,2000,5,2,3,1,2,109,"14, RUE DE MAUBEUGE",,,,750
201300050478,13,3,23,1240,1,2,2,1,6,101,BOULEVARD DE SEBASTOPOL,,,,750
201300050479,13,3,25,630,1,2,2,1,3,103,"141, BOULEVARD DE SEBAST",,,,750
201300050480,13,3,27,1345,1,2,2,1,2,101,"15, RUE DU LOUVRE",,,,750
201300050481,13,3,27,1703,1,2,3,1,2,103,"100, BOULEVARD DE SEBAST",,,,750
201300050482,13,4,1,1755,1,2,2,1,6,103,"2, RUE PAYENNE",,,,750
201300050483,13,4,4,1145,1,2,2,1,6,103,"67, RUE BEAUBOURG",,,,750
201300050484,13,4,5,1050,1,2,2,1,7,103,"4, RUE SAINT GILLES",,,,750
201300050485,13,4,9,1120,1,2,5,8,7,103,"45, RUE DE TURBIGO",,,,750
201300050486,13,4,10,135,5,2,5,2,2,101,"7, BOULEVARD DE SEBASTOP",,,,750
201300050487,13,4,13,1055,1,2,1,1,7,103,"25, RUE AUX OURS",,,,750
201300050488,13,4,15,1325,1,2,2,1,2,103,"91, RUE BEAUBOURG",,,,750
201300050489,13,4,17,1025,1,2,3,1,7,103,"67, BOULEVARD BEAUMARCHA",,,,750
201300050490,13,4,17,1445,1,2,1,1,6,103,"3, BOULEVARD SAINT DENIS",,,,750
201300050491,13,4,18,825,1,2,1,1,6,103,"19, BOULEVARD SAINT MART",,,,750
201300050492,13,4,19,855,1,2,2,1,3,103,"162, RUE DU TEMPLE",,,,750
201300050493,13,4,19,1110,1,2,5,1,6,101,"41, RUE DE RIVOLI",,,,750
201300050494,13,4,19,1515,1,2,2,1,3,103,"64, RUE REAUMUR",,,,750
201300050495,13,4,21,1300,1,2,5,1,6,103,"359, RUE SAINT MARTIN",,,,750
201300050496,13,4,24,1740,1,2,2,1,3,103,"43, RUE REAUMUR",,,,750
201300050497,13,4,27,2210,5,2,1,1,6,104,VOIE GEORGES POMPIDOU,,,,750
201300050498,13,4,29,1015,1,2,3,1,3,103,"05, BOULEVARD DES FILLES",,,,750
201300050499,13,4,29,1835,1,2,2,1,3,103,"19, RUE DE BRETAGNE",,,,750
201300050500,13,4,30,1800,1,2,1,2,6,103,"50, RUE RAMBUTEAU",,,,750
201300050501,13,5,5,2200,5,2,4,1,3,103,"70b, RUE DE TURBIGO",,,,750
201300050502,13,5,7,1000,1,2,1,1,3,103,"37, BOULEVARD DU TEMPLE",,,,750
201300050503,13,5,7,1340,1,2,2,1,3,103,"28, RUE DE TURBIGO",,,,750
201300050504,13,5,9,2025,1,2,1,1,3,103,"9, PLACE DE LA REPUBLIQU",,,,750
201300050505,13,5,20,1630,1,2,2,2,6,103,"41, RUE REAUMUR",,,,750
201300050506,13,5,20,1820,1,2,1,2,6,103,"5, BOULEVARD SAINT MARTI",,,,750
201300050507,13,5,21,1900,1,2,2,8,2,103,"254, RUE SAINT MARTIN",,,,750
201300050508,13,5,24,1050,1,2,2,3,3,103,"58, BOULEVARD DE SEBASTO",,,,750
201300050509,13,5,29,2306,5,2,2,2,3,103,"58, RUE DE TURBIGO",,,,750
201300050510,13,5,31,935,1,2,2,1,4,103,"205, RUE DU TEMPLE",,,,750
201300050511,13,6,3,1455,1,2,3,1,6,103,"04, RUE CHAPON",,,,750
201300050512,13,6,3,2205,5,2,5,1,6,103,BOULEVARD SAINT MARTIN,,,,750
201300050513,13,6,7,1350,1,2,2,1,2,103,"67, BOULEVARD BEAUMARCHA",,,,750
201300050514,13,6,8,905,1,2,2,1,3,103,"09, BOULEVARD SAINT DENI",,,,750
201300050515,13,6,9,1410,1,2,2,1,3,103,"56, RUE DES ARCHIVES",,,,750
201300050516,13,6,13,1450,1,2,2,2,6,103,"55, RUE DE BRETAGNE",,,,750
201300050517,13,6,14,1820,1,2,2,1,2,104,"22, RUE DU RENARD",,,,750
201300050518,13,6,15,50,5,2,2,1,6,101,"134, RUE DE RIVOLI",,,,750
201300050519,13,6,20,940,1,2,1,2,7,103,"36, RUE DE TURBIGO",,,,750
201300050520,13,6,21,945,1,2,1,1,7,103,"43, RUE MESLAY",,,,750
201300050521,13,6,26,820,1,2,7,1,2,103,"15, PLACE DE LA REPUBLIQ",,,,750
201300050522,13,6,28,1650,1,2,1,1,2,103,"25, RUE DE SAINTONGE",,,,750
201300050523,13,6,29,1300,1,2,2,1,2,103,"62, RUE DES ARCHIVES",,,,750
201300050524,13,6,30,1140,1,2,2,1,1,103,"94, RUE DE TURENNE",,,,750
201300050525,13,7,14,240,5,2,3,1,6,103,"83, BOULEVARD BEAUMARCHA",,,,750
201300050526,13,7,26,845,1,2,1,1,7,103,"35, BOULEVARD SAINT MART",,,,750
201300050527,13,7,30,2120,3,2,2,1,3,103,"247, RUE SAINT MARTIN",,,,750
201300050528,13,8,12,900,1,2,2,1,3,103,"70, BOULEVARD DE SEBASTO",,,,750
201300050529,13,8,16,1650,1,2,7,1,7,103,"23, PLACE DE LA REPUBLIQ",,,,750
201300050530,13,8,23,1740,1,2,2,1,2,103,"339, RUE SAINT MARTIN",,,,750
201300050531,13,8,24,1200,1,2,2,1,7,103,"324, RUE SAINT MARTIN",,,,750
201300050532,13,8,27,1900,1,2,7,1,6,103,"205, RUE DU TEMPLE",,,,750
201300050533,13,9,2,1405,1,2,2,1,6,103,"57, RUE DE TURBIGO",,,,750
201300050534,13,9,5,1055,1,2,1,1,2,103,"65, RUE DES ARCHIVES",,,,750
201300050535,13,9,7,1400,1,2,1,1,2,103,"37, BOULEVARD DU TEMPLE",,,,750
201300050536,13,9,8,445,5,2,2,1,2,103,"110, BOULEVARD DE SEBAST",,,,750
201300050537,13,9,8,935,1,2,2,1,6,103,"58, RUE RAMBUTEAU",,,,750
201300050538,13,9,9,2000,5,2,3,2,2,103,"83, RUE DE TURENNE",,,,750
201300050539,13,9,10,1640,1,2,3,2,6,103,"22, RUE SAINT GILLES",,,,750
201300050540,13,9,13,1410,1,2,5,2,7,103,"94, RUE DE TURENNE",,,,750