Num_Acc,an,mois,jour,hrmn,lum,agg,int,atm,col,com,adr,gps,lat,long,dep
201300051152,13,5,25,5,5,2,3,1,1,107,QUAI BRANLY,,,,750
201300051153,13,5,29,1640,1,2,1,1,3,107,"26, AVENUE BOSQUET",,,,750
201300051154,13,5,30,1,4,2,5,2,3,107,QUAI D ORSAY,,,,750
201300051155,13,5,31,2130,5,2,3,1,6,107,"67, QUAI BRANLY",,,,750
201300051156,13,6,3,300,5,2,3,1,4,107,"1, PLACE HENRY DE MONTHE",,,,750
201300051157,13,6,5,1915,1,2,5,1,3,107,"33, QUAI D ORSAY",,,,750
201300051158,13,6,7,820,1,2,2,1,3,107,AVENUE DU MARECHAL GALLI,,,,750
201300051159,13,6,8,1120,1,2,1,1,6,107,"29, QUAI ANATOLE FRANCE",,,,750
201300051160,13,6,10,2010,1,2,2,1,2,107,"3, RUE DU MARECHAL HARIS",,,,750
201300051161,13,6,17,930,1,2,3,3,2,107,QUAI BRANLY,,,,750
201300051162,13,6,17,900,1,2,2,3,2,107,"31, QUAI VOLTAIRE",,,,750
201300051163,13,6,17,1425,1,2,2,1,1,107,"21, AVENUE DUQUESNE",,,,750
201300051164,13,6,20,1323,1,2,1,8,6,107,"40, RUE DE VERNEUIL",,,,750
201300051165,13,6,25,1535,1,2,1,1,2,107,"3, PLACE HENRY DE MONTHE",,,,750
201300051166,13,6,26,830,1,2,2,1,2,107,"01, PLACE DE L ECOLE MIL",,,,750
201300051167,13,6,27,20,5,2,2,1,1,107,QUAI D ORSAY,,,,750
201300051168,13,6,27,1145,1,2,1,1,2,107,"41, RUE DE LILLE",,,,750
201300051169,13,6,28,920,1,2,2,2,2,107,"29, RUE DU BAC",,,,750
201300051170,13,6,30,715,1,2,4,1,7,107,"05, QUAI ANATOLE FRANCE",,,,750
201300051171,13,7,7,145,3,2,5,1,6,107,"33, QUAI D ORSAY",,,,750
201300051172,13,7,7,1340,1,2,7,7,3,107,"39, QUAI D ORSAY",,,,750
201300051173,13,7,7,1920,1,2,1,1,7,107,"128, RUE DE L UNIVERSITE",,,,750
201300051174,13,7,8,955,1,2,5,1,7,107,QUAI BRANLY,,,,750
201300051175,13,7,9,1230,1,2,3,1,3,107,"5, QUAI VOLTAIRE",,,,750
201300051176,13,7,10,925,1,2,3,1,6,107,"75, RUE DE VARENNE",,,,750
201300051177,13,7,10,1505,1,2,1,1,6,107,"40, RUE DE SEVRES",,,,750
201300051178,13,7,11,1630,1,2,3,1,6,107,"135, RUE DE GRENELLE",,,,750
201300051179,13,7,13,500,5,2,2,1,6,107,"35, RUE DU BAC",,,,750
201300051180,13,7,14,640,1,2,3,1,3,107,"57, QUAI D ORSAY",,,,750
201300051181,13,7,18,1645,1,2,2,1,2,107,"34, BOULEVARD DES INVALI",,,,750
201300051182,13,7,18,1950,1,2,2,1,3,107,AVENUE DU MARECHAL GALLI,,,,750
201300051183,13,7,25,445,5,2,3,1,7,107,"1, PLACE JOFFRE",,,,750
201300051184,13,7,26,1900,1,2,1,1,2,107,"37, QUAI D ORSAY",,,,750
201300051185,13,7,28,1415,1,2,2,1,3,107,RUE DE BOURGOGNE,,,,750
201300051186,13,7,30,1730,1,2,5,1,3,107,"13, BOULEVARD RASPAIL",,,,750
201300051187,13,8,1,1110,1,2,2,1,7,107,"131, AVENUE DE SUFFREN",,,,750
201300051188,13,8,13,1350,1,2,1,1,4,107,QUAI BRANLY,,,,750
201300051189,13,8,19,1540,1,2,2,1,3,107,RUE DE VARENNE,,,,750
201300051190,13,8,23,1630,1,2,2,1,2,107,QUAI D ORSAY,,,,750
201300051191,13,8,25,1515,1,2,3,2,3,107,"7, AVENUE DE LA BOURDONN",,,,750
201300051192,13,8,27,1715,1,2,2,1,6,107,BOULEVARD RASPAIL,,,,750
201300051193,13,8,31,1700,1,2,1,1,2,107,"241, BOULEVARD SAINT GER",,,,750
201300051194,13,9,4,1230,1,2,1,1,7,107,"79, QUAI D ORSAY",,,,750
201300051195,13,9,6,145,5,2,5,1,6,107,QUAI BRANLY,,,,750
201300051196,13,9,6,1230,1,2,5,2,3,107,"71, QUAI BRANLY",,,,750
201300051197,13,9,7,950,1,2,1,1,2,107,"70, RUE DU BAC",,,,750
201300051198,13,9,9,915,1,2,2,1,3,107,"256, BOULEVARD SAINT GER",,,,750
201300051199,13,9,10,1235,1,2,2,1,3,107,"32, RUE FABERT",,,,750
201300051200,13,9,11,1835,1,2,7,1,6,107,"01, PLACE DU PRESIDENT M",,,,750
201300051201,13,9,12,1110,1,2,1,1,2,107,"27, RUE DU CHAMP DE MARS",,,,750
201300051202,13,9,17,1745,1,2,2,2,1,107,"XVII7747, AVENUE DU MARE",,,,750
201300051203,13,9,19,840,1,2,2,1,3,107,"117, RUE DE L UNIVERSITE",,,,750
201300051204,13,9,19,1740,1,2,1,1,7,107,ROND POINT DU BLEUET DE,,,,750
201300051205,13,9,20,55,5,2,2,8,6,107,"46, BOULEVARD RASPAIL",,,,750
201300051206,13,9,22,455,5,2,2,1,6,107,"288, BOULEVARD SAINT GER",,,,750
201300051207,13,9,23,900,1,2,3,1,3,107,"78, RUE DE VARENNE",,,,750
201300051208,13,9,23,2350,5,2,5,1,2,107,QUAI D ORSAY,,,,750
201300051209,13,9,25,1950,5,2,1,1,2,107,"32, RUE DE VARENNE",,,,750
201300051210,13,9,28,900,1,2,3,8,6,107,AVENUE DE TOURVILLE,,,,750
201300051211,13,9,29,2020,5,2,5,2,6,107,"42, QUAI BRANLY",,,,750
201300051212,13,9,30,1015,1,2,3,1,7,107,"103 bis, RUE DE GRENELLE",,,,750
201300051213,13,9,30,1505,1,2,1,1,2,107,"45, AVENUE BOSQUET",,,,750
201300051214,13,9,30,2210,5,2,3,1,7,107,"01, QUAI VOLTAIRE",,,,750
201300051215,13,10,3,1550,1,2,2,2,1,107,AVENUE DU MARECHAL GALLI,,,,750
201300051216,13,10,6,435,3,2,7,1,6,107,PLACE HENRY DE MONTHERLA,,,,750
201300051217,13,10,8,1005,1,2,1,1,6,107,"55, AVENUE BOSQUET",,,,750
201300051218,13,10,11,730,5,2,2,2,6,107,QUAI BRANLY,,,,750
201300051219,13,10,11,900,1,2,2,8,2,108,PONT DE LA CONCORDE,,,,750
201300051220,13,10,13,1120,1,2,1,1,1,107,"27, AVENUE DE LA MOTTE P",,,,750
201300051221,13,10,14,930,1,2,2,1,2,107,"01, QUAI VOLTAIRE",,,,750
201300051222,13,10,20,252,5,2,5,1,6,107,"50, RUE FABERT",,,,750
201300051223,13,10,20,315,5,2,2,1,6,107,"280, BOULEVARD SAINT GER",,,,750
201300051224,13,10,20,910,1,2,7,2,6,107,"11, AVENUE DE LOWENDAL",,,,750
201300051225,13,10,22,1840,5,2,1,8,7,107,"13, PLACE JOFFRE",,,,750
201300051226,13,10,23,1840,5,2,1,1,6,107,"77, RUE DE VARENNE",,,,750
201300051227,13,10,24,1610,1,2,5,1,3,107,"33, QUAI D ORSAY",,,,750
201300051228,13,10,24,1900,2,2,7,1,6,107,"2, PLACE JOFFRE",,,,750
201300051229,13,10,27,2255,5,2,2,1,6,107,PLACE PIERRE LAROQUE,,,,750
201300051230,13,10,27,250,5,2,3,1,6,107,"14 bis, RUE OUDINOT",,,,750
201300051231,13,11,4,1710,5,2,7,1,3,107,"01, PLACE EL SALVADOR",,,,750
201300051232,13,11,6,930,1,2,1,8,7,107,"88 BIS, BOULEVARD DE LA",,,,750
201300051233,13,11,12,810,1,2,2,2,6,107,"18, AVENUE DE VILLARS",,,,750
201300051234,13,11,12,910,1,2,5,2,2,107,BOULEVARD DES INVALIDES,,,,750
201300051235,13,11,12,2020,5,2,1,2,6,107,QUAI BRANLY,,,,750
201300051236,13,11,13,1535,1,2,1,1,4,107,"47, QUAI BRANLY",,,,750
201300051237,13,11,13,2225,3,2,3,1,2,107,"1bis, AVENUE DE LOWENDAL",,,,750
201300051238,13,11,15,935,1,2,4,8,3,107,"5, QUAI ANATOLE FRANCE",,,,750
201300051239,13,11,15,2230,5,2,3,1,3,107,"47, AVENUE DE SUFFREN",,,,750
201300051240,13,11,18,1525,1,2,7,1,3,107,PLACE LE CORBUSIER,,,,750
201300051241,13,11,20,900,1,2,7,1,3,107,PLACE VAUBAN,,,,750
201300051242,13,11,20,1155,1,2,1,1,2,107,"36, RUE DU BAC",,,,750
201300051243,13,11,20,1235,1,2,1,1,6,107,"27, QUAI BRANLY",,,,750
201300051244,13,11,20,1455,1,2,7,2,6,107,ROND POINT DU BLEUET DE,,,,750
201300051245,13,11,20,1755,5,2,3,2,6,107,"1, AVENUE SULLY PRUDHOMM",,,,750
201300051246,13,11,21,1635,1,2,1,2,6,107,"142, RUE DU BAC",,,,750
201300051247,13,11,22,1725,3,2,1,1,7,107,"3, AVENUE DE LOWENDAL",,,,750
201300051248,13,11,25,935,1,2,3,1,7,107,RUE DE SEVRES,,,,750
201300051249,13,11,27,855,1,2,3,1,2,107,"53, QUAI D ORSAY",,,,750
201300051250,13,11,27,855,1,2,2,1,6,107,"9, BOULEVARD RASPAIL",,,,750
201300051251,13,11,28,1,5,2,3,1,3,107,QUAI D ORSAY,,,,750
201300051252,13,11,29,1910,5,2,2,2,3,107,QUAI D ORSAY,,,,750
201300051253,13,12,2,1225,1,2,2,1,3,107,"58, BOULEVARD DE LA TOUR",,,,750
201300051254,13,12,4,1000,1,2,4,1,3,107,"11, AVENUE DE SEGUR",,,,750
201300051255,13,12,14,1715,5,2,3,1,2,107,QUAI D ORSAY,,,,750
201300051256,13,12,15,139,5,2,1,1,7,107,QUAI D ORSAY,,,,750
201300051257,13,12,16,1240,1,2,7,1,2,107,RUE DE SEVRES,,,,750
201300051258,13,12,16,1530,1,2,1,1,2,107,"34, RUE VANEAU",,,,750
201300051259,13,12,16,1607,1,2,2,1,3,107,RUE DES SAINTS PERES,,,,750
201300051260,13,12,18,1320,1,2,2,1,6,107,"2, RUE SEDILLOT",,,,750
201300051261,13,12,18,1405,1,2,2,1,6,107,"152, RUE DE GRENELLE",,,,750
201300051262,13,12,20,1630,1,2,7,1,3,107,"01, PLACE DE L ECOLE MIL",,,,750
201300051263,13,12,20,1620,1,2,7,1,3,107,"129, RUE DE GRENELLE",,,,750
201300051264,13,12,24,150,5,2,5,2,3,107,"1, QUAI D ORSAY",,,,750
201300051265,13,12,24,1140,1,2,1,3,6,107,"95, RUE DU BAC",,,,750
201300051266,13,12,28,455,5,2,2,2,3,107,"12, AVENUE DE LOWENDAL",,,,750
201300051267,13,12,28,1655,2,2,3,1,3,107,RUE DE VARENNE,,,,750
201300051268,13,1,1,400,5,2,3,3,3,108,"142, BOULEVARD HAUSSMANN",,,,750
201300051269,13,1,1,305,5,2,7,2,6,108,PLACE DE LA CONCORDE,,,,750
201300051270,13,1,2,2300,5,2,1,2,7,108,AVENUE DES CHAMPS ELYSEE,,,,750
201300051271,13,1,3,1,5,2,1,2,3,108,"64, RUE DE COURCELLES",,,,750
201300051272,13,1,4,1920,5,2,1,1,2,108,"122, RUE DU FAUBOURG SAI",,,,750
201300051273,13,1,9,1910,5,2,1,2,7,108,"122, BOULEVARD HAUSSMANN",,,,750
201300051274,13,1,10,755,1,2,7,2,6,108,"34, AVENUE MARCEAU",,,,750
201300051275,13,1,10,1830,5,2,4,2,6,108,COURS LA REINE,,,,750
201300051276,13,1,11,20,5,2,7,2,7,108,"4, PLACE DE LA CONCORDE",,,,750
201300051277,13,1,11,1211,1,2,2,1,2,108,"101, AVENUE DES CHAMPS E",,,,750
201300051278,13,1,12,1825,5,2,5,1,6,108,"1, RUE DU HAVRE",,,,750
201300051279,13,1,13,1830,5,2,7,2,6,108,"133, AVENUE DES CHAMPS E",,,,750
201300051280,13,1,14,1130,1,2,3,1,7,108,"17, BOULEVARD DES BATIGN",,,,750
201300051281,13,1,15,2130,5,2,2,4,2,108,"166, BOULEVARD HAUSSMANN",,,,750
201300051282,13,1,19,2100,5,2,5,1,7,108,PLACE SAINT AUGUSTIN,,,,750
201300051283,13,1,20,235,5,2,1,4,1,108,AVENUE DES CHAMPS ELYSEE,,,,750
201300051284,13,1,19,2338,5,2,2,4,6,108,"51, AVENUE GEORGE V",,,,750
201300051285,13,1,23,720,5,2,2,2,2,108,"39, AVENUE DES CHAMPS EL",,,,750
201300051286,13,1,23,810,1,2,2,1,3,108,"33, BOULEVARD DE COURCEL",,,,750
201300051287,13,1,25,1510,1,2,7,1,3,108,PLACE CHARLES DE GAULLE,,,,750
201300051288,13,1,26,1820,5,2,1,1,3,116,"31, BOULEVARD SUCHET",,,,750
201300051289,13,1,26,1915,5,2,1,1,3,108,"5, BOULEVARD MALESHERBES",,,,750
201300051290,13,1,26,2112,5,2,3,1,4,108,AVENUE DES CHAMPS ELYSEE,,,,750
201300051291,13,1,29,1245,1,2,2,2,4,108,"11, RUE DE LA PEPINIERE",,,,750
201300051292,13,1,29,1900,5,2,2,1,6,108,RUE D ASTORG,,,,750
201300051293,13,1,30,1300,1,2,2,2,2,108,"47, AVENUE DE FRIEDLAND",,,,750
201300051294,13,2,3,2025,5,2,1,2,3,108,AVENUE MATIGNON,,,,750
201300051295,13,2,3,2110,5,2,2,2,2,108,"2, AVENUE DE MARIGNY",,,,750
201300051296,13,2,4,1425,1,2,1,1,2,108,VOIE GEORGES POMPIDOU,,,,750
201300051297,13,2,4,2110,5,2,7,1,6,108,"02, RUE LA BOETIE",,,,750
201300051298,13,2,5,2130,5,2,1,1,6,108,"6, AVENUE DELCASSE",,,,750
201300051299,13,2,6,930,1,2,2,1,7,108,"27, AVENUE DE FRIEDLAND",,,,750
201300051300,13,2,7,1000,1,2,1,1,6,108,"1, AVENUE CESAR CAIRE",,,,750
201300051301,13,2,7,1000,1,2,3,9,3,108,"6, RUE ARSENE HOUSSAYE",,,,750
201300051302,13,2,7,1315,1,2,2,8,3,108,PONT ALEXANDRE III,,,,750
201300051303,13,2,9,40,5,2,7,1,3,108,PLACE DE LA CONCORDE,,,,750
201300051304,13,2,9,1900,5,2,1,1,6,108,"418, RUE SAINT HONORE",,,,750
201300051305,13,2,11,534,5,2,5,2,3,108,"113, BOULEVARD HAUSSMANN",,,,750
201300051306,13,2,11,650,5,2,7,2,3,108,PLACE DE LA CONCORDE,,,,750
201300051307,13,2,11,1400,1,2,3,1,6,108,AVENUE DES CHAMPS ELYSEE,,,,750
201300051308,13,2,11,1710,1,2,5,1,3,108,RUE DE MIROMESNIL,,,,750
201300051309,13,2,12,140,5,2,2,1,3,108,"116, AVENUE DES CHAMPS E",,,,750
201300051310,13,2,14,1210,1,2,1,2,6,108,"08, AVENUE MONTAIGNE",,,,750
201300051311,13,2,14,1330,1,2,5,2,6,108,"20, AVENUE DES CHAMPS EL",,,,750
201300051312,13,2,14,1415,1,2,5,2,2,108,BOULEVARD DE COURCELLES,,,,750
201300051313,13,2,14,1610,1,2,1,2,3,108,"63, BOULEVARD MALESHERBE",,,,750
201300051314,13,2,17,200,5,2,1,1,6,108,"122, AVENUE DES CHAMPS E",,,,750
201300051315,13,2,19,1242,1,2,2,1,6,108,"102, AVENUE DES CHAMPS E",,,,750
201300051316,13,2,19,1320,1,2,1,1,3,108,COURS ALBERT 1ER,,,,750
201300051317,13,2,21,930,1,2,1,1,2,108,"26, AVENUE DES CHAMPS EL",,,,750
201300051318,13,2,21,1315,1,2,1,1,4,108,VOIE GEORGES POMPIDOU,,,,750
201300051319,13,2,21,1427,1,2,1,1,6,108,"4TER, AVENUE HOCHE",,,,750
201300051320,13,2,21,1600,1,2,1,1,2,108,"0, VOIE GEORGES POMPIDOU",,,,750
201300051321,13,2,22,2220,5,2,1,1,2,108,"20, AVENUE DE MESSINE",,,,750
201300051322,13,2,25,1910,5,2,1,2,7,108,COURS ALBERT 1ER,,,,750
201300051323,13,2,26,940,1,2,2,1,6,108,"39, RUE FRANCOIS 1ER",,,,750
201300051324,13,2,26,1045,1,2,1,1,6,108,"16, RUE MONTALIVET",,,,750
201300051325,13,2,27,1800,1,2,2,1,7,108,"133, AVENUE DES CHAMPS E",,,,750
201300051326,13,3,5,1950,5,2,1,1,3,108,"40, RUE DE COURCELLES",,,,750
201300051327,13,3,6,810,1,2,4,1,3,108,RUE DE COURCELLES,,,,750
201300051328,13,3,7,1230,1,2,2,1,2,108,"75, RUE DU FAUBOURG SAIN",,,,750
201300051329,13,3,7,1900,1,2,1,1,3,108,RUE DE LA PEPINIERE,,,,750
201300051330,13,3,8,1520,1,2,1,2,7,108,"27, AVENUE DES CHAMPS EL",,,,750
201300051331,13,3,9,130,5,2,7,1,6,108,PLACE CHARLES DE GAULLE,,,,750
201300051332,13,3,8,1400,1,2,7,2,6,108,AVENUE DE FRIEDLAND,,,,750
201300051333,13,3,9,2100,5,2,1,1,6,116,"21, RUE MICHEL ANGE",,,,750
201300051334,13,3,13,2110,5,2,3,1,3,108,"8, AVENUE MONTAIGNE",,,,750
201300051335,13,3,14,1120,1,2,2,1,6,108,"56, RUE DE MIROMESNIL",,,,750
201300051336,13,3,15,1455,1,2,2,1,1,108,"25, AVENUE HOCHE",,,,750
201300051337,13,3,15,2150,5,2,1,1,3,108,"29, RUE DE COURCELLES",,,,750
201300051338,13,3,16,1900,5,2,7,2,6,108,PLACE DE LA CONCORDE,,,,750
201300051339,13,3,17,1220,1,2,2,1,3,117,BOULEVARD MALESHERBES,,,,750
201300051340,13,3,18,1135,1,2,5,1,6,108,"59, RUE DE ROME",,,,750
201300051341,13,3,19,1115,1,2,2,1,2,108,"108, AVENUE DES CHAMPS E",,,,750
201300051342,13,3,20,1735,1,2,7,1,2,108,AVENUE DES CHAMPS ELYSEE,,,,750
201300051343,13,3,21,450,5,2,1,1,1,108,"126, BOULEVARD HAUSSMANN",,,,750
201300051344,13,3,21,1230,1,2,3,1,7,108,"19, AVENUE DE FRIEDLAND",,,,750
201300051345,13,3,21,2030,5,2,1,2,3,116,ALLEE DE LONGCHAMP,,,,750
201300051346,13,3,22,2315,5,2,2,1,2,108,AVENUE WINSTON CHURCHILL,,,,750
201300051347,13,3,23,1110,1,2,4,1,3,108,"132, BOULEVARD HAUSSMANN",,,,750
201300051348,13,3,25,1715,1,2,5,1,6,108,"01, RUE DE MOSCOU",,,,750
201300051349,13,3,27,1920,5,2,1,1,6,108,"2, PLACE DES TERNES",,,,750
201300051350,13,3,27,2000,5,2,7,1,3,108,PLACE CHARLES DE GAULLE,,,,750
201300051351,13,3,28,1625,1,2,5,1,6,108,"29, RUE DU ROCHER",,,,750
201300051352,13,3,28,2315,5,2,5,1,3,108,"77, RUE DE COURCELLES",,,,750
201300051353,13,3,30,1,5,2,1,1,7,108,"12, AVENUE GEORGE V",,,,750
201300051354,13,3,30,815,1,2,2,8,2,108,"41, AVENUE MONTAIGNE",,,,750
201300051355,13,3,30,1300,1,2,2,8,3,108,"29, RUE LA BOETIE",,,,750
201300051356,13,4,1,1815,1,2,2,1,3,108,"10, RUE VERNET",,,,750
201300051357,13,4,2,1850,1,2,1,1,3,108,AVENUE HOCHE,,,,750
201300051358,13,4,3,2325,5,2,5,1,6,108,"113, BOULEVARD HAUSSMANN",,,,750
201300051359,13,4,4,930,1,2,7,1,5,108,PLACE DE LA CONCORDE,,,,750
201300051360,13,4,3,2150,5,2,2,1,3,108,"1, RUE DE LISBONNE",,,,750
201300051361,13,4,4,1845,1,2,3,1,6,108,"4, RUE DE ROME",,,,750
201300051362,13,4,7,332,4,2,1,1,6,108,RUE DE LA PEPINIERE,,,,750
201300051363,13,4,7,825,1,2,7,1,2,108,"12, PLACE DE LA MADELEIN",,,,750
201300051364,13,4,7,1500,1,2,7,1,3,108,PLACE DE LA CONCORDE,,,,750
201300051365,13,4,8,910,1,2,1,1,2,108,AVENUE WINSTON CHURCHILL,,,,750
201300051366,13,4,9,1800,1,2,1,2,7,116,VOIE GEORGES POMPIDOU,,,,750
201300051367,13,4,9,1930,1,2,7,1,7,108,PLACE DE LA CONCORDE,,,,750
201300051368,13,4,9,1930,1,2,2,8,3,108,"0, RUE DE NAPLES",,,,750
201300051369,13,4,10,1412,1,2,7,8,3,108,PLACE DE LA CONCORDE,,,,750
201300051370,13,4,10,1812,1,2,5,2,6,108,"91, RUE DU FAUBOURG SAIN",,,,750
201300051371,13,4,10,2100,5,2,3,2,7,108,"12, AVENUE PERCIER",,,,750
201300051372,13,4,11,1645,1,2,7,2,2,108,RUE ROYALE,,,,750
201300051373,13,4,12,100,5,2,5,1,6,108,RUE DE ROME,,,,750
201300051374,13,4,12,1615,1,2,5,8,6,108,"55, BOULEVARD HAUSSMANN",,,,750
201300051375,13,4,13,230,5,2,1,1,6,108,VOIE GEORGES POMPIDOU,,,,750
201300051376,13,4,13,2133,5,2,4,3,7,108,"59, BOULEVARD HAUSSMANN",,,,750
201300051377,13,4,14,1025,1,2,1,1,6,108,"75, AVENUE DES CHAMPS EL",,,,750
201300051378,13,4,14,1650,1,2,4,1,2,108,VOIE GEORGES POMPIDOU,,,,750
201300051379,13,4,15,100,5,2,4,1,6,108,COURS LA REINE,,,,750
201300051380,13,4,15,615,5,2,2,1,6,108,"159, BOULEVARD HAUSSMANN",,,,750
201300051381,13,4,15,1505,1,2,2,1,3,108,"34, RUE PASQUIER",,,,750
201300051382,13,4,15,2115,5,2,5,1,3,108,"18, AVENUE HOCHE",,,,750
201300051383,13,4,16,2135,2,2,7,1,6,108,"1, PLACE CLEMENCEAU",,,,750
201300051384,13,4,18,1330,1,2,2,1,6,108,RUE DU FAUBOURG SAINT HO,,,,750
201300051385,13,4,19,1142,1,2,1,1,6,108,"82, RUE DE ROME",,,,750
201300051386,13,4,19,1730,1,2,1,1,4,108,VOIE GEORGES POMPIDOU,,,,750
201300051387,13,4,21,155,5,2,7,1,3,108,PLACE DE LA CONCORDE,,,,750
201300051388,13,4,21,1600,1,2,5,1,6,108,"18, AVENUE HOCHE",,,,750
201300051389,13,4,22,1015,1,2,7,1,2,108,AVENUE DES CHAMPS ELYSEE,,,,750
201300051390,13,4,22,1510,1,2,3,1,6,108,"19, RUE TRONCHET",,,,750
201300051391,13,4,22,1555,1,2,1,1,3,108,"158, BOULEVARD HAUSSMANN",,,,750
201300051392,13,4,22,1350,1,2,1,1,6,108,"36, AVENUE MARCEAU",,,,750
201300051393,13,4,25,1455,1,2,2,1,3,108,"11, RUE DE ROME",,,,750
201300051394,13,4,26,300,5,2,7,1,3,108,"4, PLACE DE LA CONCORDE",,,,750
201300051395,13,4,30,1150,1,2,3,1,2,108,"36, RUE DE COURCELLES",,,,750
201300051396,13,4,30,2010,1,2,1,2,3,108,VOIE GEORGES POMPIDOU,,,,750
201300051397,13,5,1,410,5,2,5,1,6,108,"130, RUE DU FAUBOURG SAI",,,,750
201300051398,13,5,2,830,1,2,7,8,3,108,PLACE DE LA CONCORDE,,,,750
201300051399,13,5,4,2010,1,2,5,1,6,108,"54, RUE DE ROME",,,,750
201300051400,13,5,6,1045,1,2,1,3,7,108,AVENUE DES CHAMPS ELYSEE,,,,750
201300051401,13,5,7,1400,1,2,7,1,6,108,"106, RUE D AMSTERDAM",,,,750
201300051402,13,5,10,30,5,2,3,1,3,108,"7, RUE DU HAVRE",,,,750
201300051403,13,5,11,315,5,2,1,1,6,108,AVENUE DES CHAMPS ELYSEE,,,,750
201300051404,13,5,11,2150,5,2,3,2,1,108,AVENUE DE MARIGNY,,,,750
201300051405,13,5,12,510,4,2,7,1,6,108,"43, AVENUE FRANKLIN D RO",,,,750
201300051406,13,5,12,1715,1,2,2,1,3,108,"52, AVENUE HOCHE",,,,750
201300051407,13,5,13,845,1,2,1,1,3,117,"17, PLACE DE LA PORTE DE",,,,750
201300051408,13,5,13,2000,1,2,1,1,6,108,"27, AVENUE DES CHAMPS EL",,,,750
201300051409,13,5,14,1000,1,2,2,1,3,108,AVENUE DE MARIGNY,,,,750
201300051410,13,5,14,1220,1,2,1,1,4,108,"71, RUE DE COURCELLES",,,,750
201300051411,13,5,14,1310,1,2,1,1,4,108,"41, AVENUE FRANKLIN D RO",,,,750
201300051412,13,5,15,1230,1,2,2,1,7,108,"93, AVENUE DES CHAMPS EL",,,,750
201300051413,13,5,15,1435,1,2,4,1,2,108,"28, AVENUE DE FRIEDLAND",,,,750
201300051414,13,5,15,1720,1,2,1,1,6,108,"38, AVENUE DE WAGRAM",,,,750
201300051415,13,5,16,1530,1,2,1,1,3,108,"33, BOULEVARD DE COURCEL",,,,750
201300051416,13,5,16,1615,1,2,1,3,3,108,"22, RUE FRANCOIS 1ER",,,,750
201300051417,13,5,16,1630,1,2,5,3,3,108,"15, RUE DE MADRID",,,,750
201300051418,13,5,16,1820,1,2,2,1,6,108,"37, AVENUE DES CHAMPS EL",,,,750
201300051419,13,5,16,1315,1,2,5,2,3,108,"01, RUE DE LA PEPINIERE",,,,750
201300051420,13,5,17,900,1,2,4,1,6,108,"9, AVENUE GEORGE V",,,,750
201300051421,13,5,18,1945,2,2,4,3,2,108,"21, RUE DE CONSTANTINOPL",,,,750
201300051422,13,5,20,10,5,2,4,3,3,117,"22, AVENUE DE WAGRAM",,,,750
201300051423,13,5,20,1645,2,2,7,3,3,108,AVENUE DES CHAMPS ELYSEE,,,,750
201300051424,13,5,21,930,1,2,7,3,7,108,PLACE CLEMENCEAU,,,,750
201300051425,13,5,21,932,1,2,1,2,6,108,"07, AVENUE DELCASSE",,,,750
201300051426,13,5,22,400,5,2,2,1,6,108,"41, AVENUE PIERRE 1ER DE",,,,750
201300051427,13,5,22,1145,1,2,4,1,3,108,"17, AVENUE GEORGE V",,,,750
201300051428,13,5,22,1746,1,2,2,1,6,108,"101, BOULEVARD MALESHERB",,,,750
201300051429,13,5,24,1215,1,2,1,2,6,108,RUE DE LONDRES,,,,750
201300051430,13,5,24,1530,1,2,2,2,6,108,"55, BOULEVARD MALESHERBE",,,,750
201300051431,13,5,25,1620,1,2,1,1,2,108,"42, AVENUE DE FRIEDLAND",,,,750
201300051432,13,5,27,910,1,2,1,1,2,108,"24, AVENUE DES CHAMPS EL",,,,750
201300051433,13,5,28,15,5,2,2,1,4,108,AVENUE DES CHAMPS ELYSEE,,,,750
201300051434,13,5,28,1130,1,2,1,2,6,108,"41, AVENUE HOCHE",,,,750
201300051435,13,5,28,1920,1,2,7,1,2,108,"3, PLACE DE LA MADELEINE",,,,750
201300051436,13,5,29,1810,1,2,2,1,3,108,"40, AVENUE DE FRIEDLAND",,,,750
201300051437,13,5,30,645,1,2,7,3,2,108,PLACE CHARLES DE GAULLE,,,,750
201300051438,13,5,30,1915,1,2,7,2,7,108,"1, PLACE DU GENERAL BROC",,,,750
201300051439,13,6,3,1355,1,2,1,1,2,108,RUE ROYALE,,,,750
201300051440,13,6,3,1730,1,2,5,1,6,108,"34, AVENUE MARCEAU",,,,750
201300051441,13,6,4,1030,1,2,1,1,3,108,"11, RUE CLAPEYRON",,,,750
201300051442,13,6,4,1750,1,2,4,1,3,108,"11, AVENUE GEORGE V",,,,750
201300051443,13,6,5,917,1,2,7,1,6,108,"1, PLACE CHARLES DE GAUL",,,,750
201300051444,13,6,5,1120,1,2,7,1,6,101,PLACE DE LA CONCORDE,,,,750
201300051445,13,6,7,1450,1,2,2,1,6,108,"5, RUE DE NAPLES",,,,750
201300051446,13,6,9,730,1,2,1,2,6,108,PLACE DE LA CONCORDE,,,,750
201300051447,13,6,10,1740,1,2,1,1,2,108,"184, BOULEVARD HAUSSMANN",,,,750
201300051448,13,6,11,1200,1,2,1,1,3,108,"35, RUE D AMSTERDAM",,,,750
201300051449,13,6,12,1515,1,2,2,1,6,108,"50, RUE DE ROME",,,,750
201300051450,13,6,12,2115,2,2,2,1,3,108,"29, AVENUE DE FRIEDLAND",,,,750
201300051451,13,6,14,1930,1,2,7,1,5,108,PLACE DE LA CONCORDE,,,,750
201300051452,13,6,17,1530,1,2,7,1,1,108,"2, PLACE DE RIO DE JANEI",,,,750
201300051453,13,6,15,2100,1,2,2,1,6,108,"45, RUE LA BOETIE",,,,750
201300051454,13,6,19,1610,1,2,3,1,2,108,AVENUE DES CHAMPS ELYSEE,,,,750
201300051455,13,6,20,830,1,2,2,8,7,108,"121, BOULEVARD MALESHERB",,,,750
201300051456,13,6,20,745,1,2,2,2,1,108,"62, BOULEVARD MALESHERBE",,,,750
201300051457,13,6,20,1115,1,2,2,8,3,108,AVENUE DES CHAMPS ELYSEE,,,,750
201300051458,13,6,20,1335,1,2,7,1,7,108,"29, RUE DE LA PEPINIERE",,,,750
201300051459,13,6,20,1505,1,2,3,1,6,108,"34, RUE DE ROME",,,,750
201300051460,13,6,21,825,1,2,1,1,6,108,"27, AVENUE DES CHAMPS EL",,,,750
201300051461,13,6,21,1820,1,2,7,1,2,108,AVENUE WINSTON CHURCHILL,,,,750