Num_Acc,an,mois,jour,hrmn,lum,agg,int,atm,col,com,adr,gps,lat,long,dep
201300051462,13,6,24,1135,1,2,2,1,2,108,RUE DE ROME,,,,750
201300051463,13,6,25,100,5,2,3,1,2,108,"71/73, AVENUE DES CHAMPS",,,,750
201300051464,13,6,25,1640,1,2,5,3,6,108,"9, RUE DE VIENNE",,,,750
201300051465,13,6,26,1442,1,2,7,1,3,108,"4, PLACE DE LA CONCORDE",,,,750
201300051466,13,6,27,825,1,2,4,2,1,108,"21, AVENUE DE FRIEDLAND",,,,750
201300051467,13,6,27,1640,1,2,7,1,2,108,PLACE DE LA CONCORDE,,,,750
201300051468,13,6,27,2045,1,2,7,1,7,108,AVENUE DES CHAMPS ELYSEE,,,,750
201300051469,13,6,28,720,1,2,3,2,2,108,"123, BOULEVARD HAUSSMANN",,,,750
201300051470,13,6,28,2300,5,2,7,2,6,108,"2, PLACE DE LA CONCORDE",,,,750
201300051471,13,6,29,835,1,2,1,2,6,108,AVENUE DES CHAMPS ELYSEE,,,,750
201300051472,13,6,29,1835,1,2,7,1,6,108,AVENUE DES CHAMPS ELYSEE,,,,750
201300051473,13,6,30,830,1,2,1,1,2,108,PLACE DE LA CONCORDE,,,,750
201300051474,13,6,30,2100,1,2,2,1,6,101,"1, RUE SAINT FLORENTIN",,,,750
201300051475,13,7,1,1045,1,2,5,1,3,108,"1, AVENUE HOCHE",,,,750
201300051476,13,7,2,1150,1,2,1,1,3,108,AVENUE WINSTON CHURCHILL,,,,750
201300051477,13,7,1,2150,2,2,2,1,3,108,"5, RUE CHAUVEAU LAGARDE",,,,750
201300051478,13,7,2,1950,1,2,5,1,3,108,"63, BOULEVARD DES BATIGN",,,,750
201300051479,13,7,3,1305,1,2,2,1,3,108,"16, AVENUE DE FRIEDLAND",,,,750
201300051480,13,7,3,1500,1,2,7,1,3,108,PONT DES INVALIDES,,,,750
201300051481,13,7,4,900,1,2,3,1,3,108,"92, BOULEVARD MALESHERBE",,,,750
201300051482,13,7,5,1020,1,2,2,1,2,108,"21, RUE ROYALE",,,,750
201300051483,13,7,5,1500,1,2,7,1,6,108,PLACE DE LA CONCORDE,,,,750
201300051484,13,7,6,1345,1,2,2,1,2,108,"24, RUE DE VIENNE",,,,750
201300051485,13,7,6,1630,1,2,7,1,6,108,"16, PLACE DE LA MADELEIN",,,,750
201300051486,13,7,8,940,1,2,2,1,3,108,"8, BOULEVARD MALESHERBES",,,,750
201300051487,13,7,8,1745,1,2,3,1,6,108,"68, RUE DE ROME",,,,750
201300051488,13,7,8,2030,1,2,7,1,6,108,RUE DE VIENNE,,,,750
201300051489,13,7,9,910,1,2,1,1,6,108,"51-57, RUE DE COURCELLES",,,,750
201300051490,13,7,9,1635,1,2,2,1,3,108,"6, RUE MARBEUF",,,,750
201300051491,13,7,9,2045,1,2,2,1,3,108,"64, AVENUE HOCHE",,,,750
201300051492,13,7,10,915,1,2,7,1,3,108,"3, ROND POINT CHAMPS ELY",,,,750
201300051493,13,7,10,1500,1,2,4,1,3,108,"9, AVENUE GEORGE V",,,,750
201300051494,13,7,10,1550,1,2,3,1,6,108,"29, RUE FRANCOIS 1ER",,,,750
201300051495,13,7,10,1520,1,2,3,1,2,108,"67, RUE DU ROCHER",,,,750
201300051496,13,7,11,845,1,2,3,1,3,108,"23, AVENUE DE MESSINE",,,,750
201300051497,13,7,11,1350,1,2,7,1,2,108,"3, PLACE DE LA CONCORDE",,,,750
201300051498,13,7,11,1730,1,2,1,1,2,108,"11, RUE ROYALE",,,,750
201300051499,13,7,12,835,1,2,4,1,6,108,"1, RUE DE ROME",,,,750
201300051500,13,7,12,1300,1,2,1,1,3,108,"46, RUE LA BOETIE",,,,750
201300051501,13,7,11,2010,1,2,1,1,2,108,"26, AVENUE DES CHAMPS EL",,,,750
201300051502,13,7,14,1330,1,2,7,1,6,108,ROND POINT CHAMPS ELYSEE,,,,750
201300051503,13,7,14,2325,5,2,1,1,6,108,"109, AVENUE DES CHAMPS E",,,,750
201300051504,13,7,15,1230,1,2,5,1,3,108,PLACE DE LA CONCORDE,,,,750
201300051505,13,7,15,1800,1,2,2,1,3,108,RUE DE ROME,,,,750
201300051506,13,7,16,935,1,2,3,1,6,108,"09, RUE DE LA TREMOILLE",,,,750
201300051507,13,7,16,1840,1,2,4,1,6,108,"10, RUE DE VIENNE",,,,750
201300051508,13,7,17,1700,1,2,7,1,2,108,AVENUE WINSTON CHURCHILL,,,,750
201300051509,13,7,19,1340,1,2,2,1,1,108,"48, BOULEVARD MALESHERBE",,,,750
201300051510,13,7,20,900,1,2,3,1,2,108,RUE ROYALE,,,,750
201300051511,13,7,21,1704,1,2,5,1,6,108,"37, RUE TRONCHET",,,,750
201300051512,13,7,22,1600,1,2,1,1,2,108,"34, AVENUE DE MESSINE",,,,750
201300051513,13,7,23,1400,1,2,1,3,6,108,"43 bis, BOULEVARD DES BA",,,,750
201300051514,13,7,25,1730,1,2,1,2,3,108,"153, BOULEVARD HAUSSMANN",,,,750
201300051515,13,7,26,235,5,2,2,1,3,108,"41, RUE DES MATHURINS",,,,750
201300051516,13,7,29,1220,1,2,2,1,4,108,"101, AVENUE DES CHAMPS E",,,,750
201300051517,13,7,29,1515,1,2,7,1,3,108,PLACE DE CLICHY,,,,750
201300051518,13,7,29,1300,1,2,7,1,2,108,ROND POINT CHAMPS ELYSEE,,,,750
201300051519,13,8,1,1415,1,2,1,1,7,108,AVENUE DES CHAMPS ELYSEE,,,,750
201300051520,13,8,1,2100,2,2,7,1,3,108,PLACE DU CANADA,,,,750
201300051521,13,8,2,1530,1,2,1,1,6,108,"140, RUE DU FAUBOURG SAI",,,,750
201300051522,13,8,2,1730,1,2,7,1,6,108,"60, AVENUE MONTAIGNE",,,,750
201300051523,13,8,6,1700,1,2,5,1,6,108,"15, RUE DE ROME",,,,750
201300051524,13,8,6,2300,5,2,1,1,2,108,AVENUE DES CHAMPS ELYSEE,,,,750
201300051525,13,8,7,230,5,2,1,1,6,108,AVENUE WINSTON CHURCHILL,,,,750
201300051526,13,8,8,904,1,2,7,1,3,108,"4, PLACE DE LA CONCORDE",,,,750
201300051527,13,8,10,100,5,2,3,1,3,108,"76, AVENUE DES CHAMPS EL",,,,750
201300051528,13,8,10,1425,1,2,2,1,6,108,"117, AVENUE DES CHAMPS E",,,,750
201300051529,13,8,12,940,1,2,7,1,2,108,"5, PLACE SAINT AUGUSTIN",,,,750
201300051530,13,8,12,1630,1,2,1,1,2,101,"02, PLACE DE LA CONCORDE",,,,750
201300051531,13,8,14,1505,1,2,5,1,3,108,COURS LA REINE,,,,750
201300051532,13,8,15,1910,1,2,1,1,4,108,"119, AVENUE DES CHAMPS E",,,,750
201300051533,13,8,16,1020,1,2,2,1,3,108,"32, AVENUE MONTAIGNE",,,,750
201300051534,13,8,18,1945,1,2,1,1,2,116,AVENUE DE NEW YORK,,,,750
201300051535,13,8,19,420,5,2,7,1,3,108,ROND POINT CHAMPS ELYSEE,,,,750
201300051536,13,8,20,1030,1,2,7,1,7,108,PLACE DE L EUROPE,,,,750
201300051537,13,8,20,1515,1,2,7,1,2,108,PLACE DES TERNES,,,,750
201300051538,13,8,21,1200,1,2,2,1,1,108,"113, RUE DU FAUBOURG SAI",,,,750
201300051539,13,8,23,1620,1,2,2,1,2,108,"116, AVENUE DES CHAMPS E",,,,750
201300051540,13,8,23,1725,1,2,2,1,2,108,"32, AVENUE DE FRIEDLAND",,,,750
201300051541,13,8,23,2020,1,2,7,1,2,108,PLACE CHARLES DE GAULLE,,,,750
201300051542,13,8,25,150,5,2,3,2,1,108,RUE DE ROME,,,,750
201300051543,13,8,25,201,5,2,5,3,5,108,BOULEVARD DE COURCELLES,,,,750
201300051544,13,8,25,1735,2,2,7,2,3,108,PLACE DE LA CONCORDE,,,,750
201300051545,13,8,27,20,5,2,1,1,7,108,"40, AVENUE DES CHAMPS EL",,,,750
201300051546,13,8,28,910,1,2,7,1,3,108,"11, PLACE SAINT AUGUSTIN",,,,750
201300051547,13,8,29,1500,1,2,1,1,6,108,"133, AVENUE DES CHAMPS E",,,,750
201300051548,13,8,30,2305,5,2,1,1,6,108,"41, AVENUE DES CHAMPS EL",,,,750
201300051549,13,8,31,150,5,2,7,1,3,108,PLACE DE LA CONCORDE,,,,750
201300051550,13,8,31,1345,1,2,7,1,3,108,PLACE DES TERNES,,,,750
201300051551,13,9,1,610,5,2,1,1,6,108,"44, AVENUE DES CHAMPS EL",,,,750
201300051552,13,9,2,2115,5,2,3,1,6,108,"84, AVENUE DES CHAMPS EL",,,,750
201300051553,13,9,3,2215,5,2,2,1,3,108,"28, RUE DE PONTHIEU",,,,750
201300051554,13,9,4,1800,1,2,2,7,4,108,"52, RUE FRANCOIS 1ER",,,,750
201300051555,13,9,4,1925,1,2,7,1,3,108,"5, PLACE DE L ALMA",,,,750
201300051556,13,9,5,1025,1,2,2,1,3,108,"81, RUE DE MIROMESNIL",,,,750
201300051557,13,9,5,2340,5,2,1,1,3,108,"22, RUE ROYALE",,,,750
201300051558,13,9,6,640,2,2,1,1,7,108,VOIE GEORGES POMPIDOU,,,,750
201300051559,13,9,6,1155,1,2,7,2,2,108,"11, PLACE DE LA MADELEIN",,,,750
201300051560,13,9,7,510,5,2,2,1,6,108,"94, BOULEVARD HAUSSMANN",,,,750
201300051561,13,9,8,2130,5,2,7,1,6,108,"125, RUE SAINT LAZARE",,,,750
201300051562,13,9,9,930,1,2,2,1,2,108,"31, AVENUE GEORGE V",,,,750
201300051563,13,9,10,900,1,2,7,1,2,108,", AVENUE DES CHAMPS ELYS",,,,750
201300051564,13,9,10,1925,1,2,1,1,6,108,"163, RUE DU FAUBOURG SAI",,,,750
201300051565,13,9,12,935,1,2,1,1,6,108,"20, RUE DE ROME",,,,750
201300051566,13,9,12,1755,1,2,1,1,2,108,"119, AVENUE DES CHAMPS E",,,,750
201300051567,13,9,13,1625,1,2,1,1,5,108,"8, AVENUE DE FRIEDLAND",,,,750
201300051568,13,9,14,1910,2,2,1,2,2,108,AVENUE DES CHAMPS ELYSEE,,,,750
201300051569,13,9,16,1100,1,2,1,1,6,108,"55, RUE DU FAUBOURG SAIN",,,,750
201300051570,13,9,16,2100,5,2,1,2,7,108,BOULEVARD DE COURCELLES,,,,750
201300051571,13,9,18,1000,1,2,2,1,2,108,COURS LA REINE,,,,750
201300051572,13,9,19,710,2,2,2,1,1,108,AVENUE DES CHAMPS ELYSEE,,,,750
201300051573,13,9,18,1530,1,2,3,2,7,108,"21, AVENUE DES CHAMPS EL",,,,750
201300051574,13,9,21,20,5,2,7,1,5,108,PLACE DE LA CONCORDE,,,,750
201300051575,13,9,24,2025,5,2,5,1,6,108,"38, RUE DE PENTHIEVRE",,,,750
201300051576,13,9,25,915,1,2,3,1,2,108,"113, BOULEVARD MALESHERB",,,,750
201300051577,13,9,25,1015,1,2,1,1,6,108,"128, RUE LA BOETIE",,,,750
201300051578,13,9,25,1035,1,2,1,1,2,108,"20, COURS LA REINE",,,,750
201300051579,13,9,26,845,1,2,2,1,3,108,"101, BOULEVARD MALESHERB",,,,750
201300051580,13,9,26,1045,1,2,7,1,2,108,PLACE DE LA CONCORDE,,,,750
201300051581,13,9,26,1450,1,2,2,1,2,108,"63, AVENUE DES CHAMPS EL",,,,750
201300051582,13,9,26,1700,1,2,2,1,2,108,AVENUE GABRIEL,,,,750
201300051583,13,9,27,2030,2,2,4,1,7,108,"156, AVENUE DES CHAMPS E",,,,750
201300051584,13,9,27,2000,2,2,1,1,3,108,AVENUE WINSTON CHURCHILL,,,,750
201300051585,13,9,29,10,5,2,3,3,6,108,"142, BOULEVARD HAUSSMANN",,,,750
201300051586,13,10,1,650,5,2,2,1,3,108,"2, RUE DE PENTHIEVRE",,,,750
201300051587,13,10,2,1445,1,2,3,1,3,108,"61, RUE D AMSTERDAM",,,,750
201300051588,13,10,2,1800,1,2,1,1,2,108,AVENUE DES CHAMPS ELYSEE,,,,750
201300051589,13,10,3,1835,1,2,2,8,6,108,"3, AVENUE GENERAL EISENH",,,,750
201300051590,13,10,3,2305,5,2,2,3,6,108,"24, RUE DE VIENNE",,,,750
201300051591,13,10,4,2215,5,2,7,1,3,108,AVENUE WINSTON CHURCHILL,,,,750
201300051592,13,10,5,1830,1,2,7,1,1,108,PLACE DE LA CONCORDE,,,,750
201300051593,13,10,6,40,5,2,7,1,3,108,PLACE DE LA CONCORDE,,,,750
201300051594,13,10,6,1940,5,2,1,1,6,108,"12, RUE CHRISTOPHE COLOM",,,,750
201300051595,13,10,7,2145,5,2,2,1,3,108,RUE DES MATHURINS,,,,750
201300051596,13,10,11,1145,1,2,7,2,3,108,PLACE SAINT AUGUSTIN,,,,750
201300051597,13,10,11,1815,2,2,1,8,3,108,"13, AVENUE HOCHE",,,,750
201300051598,13,10,12,2030,5,2,1,8,2,108,"33, RUE D AMSTERDAM",,,,750
201300051599,13,10,13,1345,1,2,7,1,6,108,"1, AVENUE DES CHAMPS ELY",,,,750
201300051600,13,10,14,1930,5,2,7,2,3,108,"2, BOULEVARD MALESHERBES",,,,750
201300051601,13,10,15,815,1,2,7,1,3,108,PLACE CHARLES DE GAULLE,,,,750
201300051602,13,10,16,800,1,2,2,1,6,108,"23, AVENUE FRANKLIN D RO",,,,750
201300051603,13,10,16,1915,5,2,7,2,3,108,"1, PLACE BEAUVAU",,,,750
201300051604,13,10,17,1950,5,2,7,1,6,108,"26, PLACE DE LA MADELEIN",,,,750
201300051605,13,10,17,2200,5,2,3,1,6,108,"81, RUE LA BOETIE",,,,750
201300051606,13,10,21,1800,1,2,2,1,3,108,"13, RUE DE LISBONNE",,,,750
201300051607,13,10,23,1525,1,2,1,1,2,108,"01, RUE DES SAUSSAIES",,,,750
201300051608,13,10,23,1930,5,2,1,8,2,108,COURS ALBERT 1ER,,,,750
201300051609,13,10,24,1720,1,2,5,1,1,108,"126, RUE DU FAUBOURG SAI",,,,750
201300051610,13,10,24,2320,5,2,2,1,3,108,"422, RUE SAINT HONORE",,,,750
201300051611,13,10,26,1455,1,2,1,1,2,108,AVENUE WINSTON CHURCHILL,,,,750
201300051612,13,10,29,1400,1,2,1,1,3,108,AVENUE WINSTON CHURCHILL,,,,750
201300051613,13,10,29,1705,1,2,1,2,6,108,"24, AVENUE DE WAGRAM",,,,750
201300051614,13,10,30,900,1,2,2,1,3,108,"39, AVENUE GEORGE V",,,,750
201300051615,13,10,31,1230,1,2,7,1,7,108,PLACE CLEMENCEAU,,,,750
201300051616,13,10,31,2030,5,2,7,2,3,108,"1, PLACE DE LA CONCORDE",,,,750
201300051617,13,11,1,2200,5,2,7,2,3,108,PLACE DE LA CONCORDE,,,,750
201300051618,13,11,2,1830,5,2,7,1,3,108,"21, ROND POINT CHAMPS EL",,,,750
201300051619,13,11,4,1005,1,2,4,1,3,108,COURS ALBERT 1ER,,,,750
201300051620,13,11,4,1220,1,2,1,1,3,108,"80, BOULEVARD HAUSSMANN",,,,750
201300051621,13,11,4,1800,5,2,2,1,6,108,"039, RUE FRANCOIS 1ER",,,,750
201300051622,13,11,5,810,1,2,4,2,2,108,COURS ALBERT 1ER,,,,750
201300051623,13,11,7,57,5,2,2,2,3,108,"102, AVENUE DES CHAMPS E",,,,750
201300051624,13,11,7,1045,1,2,7,8,4,108,"1, ROND POINT CHAMPS ELY",,,,750
201300051625,13,11,8,1824,5,2,1,2,7,116,BOULEVARD PERIPHERIQUE,,,,750
201300051626,13,11,11,1,5,2,7,1,3,108,PLACE DU CANADA,,,,750
201300051627,13,11,12,945,1,2,2,2,7,108,"14, AVENUE DE FRIEDLAND",,,,750
201300051628,13,11,12,2320,5,2,2,2,6,108,BOULEVARD DE COURCELLES,,,,750
201300051629,13,11,13,910,1,2,1,1,2,108,"04, AVENUE HOCHE",,,,750
201300051630,13,11,13,1210,1,2,4,1,6,108,"226, RUE DU FAUBOURG SAI",,,,750
201300051631,13,11,14,850,1,2,1,2,2,108,COURS LA REINE,,,,750
201300051632,13,11,15,2325,5,2,7,1,4,108,"10, AVENUE DE FRIEDLAND",,,,750
201300051633,13,11,15,1900,2,2,2,1,3,108,"52, AVENUE DES CHAMPS EL",,,,750
201300051634,13,11,16,1,5,2,1,1,2,108,AVENUE DES CHAMPS ELYSEE,,,,750
201300051635,13,11,16,308,5,2,2,1,3,108,"112, AVENUE DES CHAMPS E",,,,750
201300051636,13,11,17,305,5,2,1,1,6,108,BOULEVARD DE COURCELLES,,,,750
201300051637,13,11,18,1020,1,2,1,1,7,108,VOIE GEORGES POMPIDOU,,,,750
201300051638,13,11,21,1020,1,2,1,2,7,117,"17, BOULEVARD DE COURCEL",,,,750
201300051639,13,11,21,2025,5,2,7,2,2,108,PLACE DE LA CONCORDE,,,,750
201300051640,13,11,21,2228,5,2,7,2,6,108,"59, RUE DU FAUBOURG SAIN",,,,750
201300051641,13,11,22,2018,5,2,3,1,6,108,"35, RUE DE ROME",,,,750
201300051642,13,11,25,1840,5,2,1,1,2,108,VOIE GEORGES POMPIDOU,,,,750
201300051643,13,11,25,2115,5,2,3,1,6,108,"34, RUE FRANCOIS 1ER",,,,750
201300051644,13,11,26,1030,1,2,1,1,6,108,"72, AVENUE MARCEAU",,,,750
201300051645,13,11,26,1730,5,2,7,1,3,116,PLACE CLEMENT ADER,,,,750
201300051646,13,11,26,1930,3,2,1,1,2,108,"67, AVENUE DES CHAMPS EL",,,,750
201300051647,13,11,27,900,1,2,7,1,2,108,"4, PLACE DE LA CONCORDE",,,,750
201300051648,13,11,27,1220,1,2,1,1,6,108,"5, RUE DE BERRI",,,,750
201300051649,13,11,28,1215,1,2,1,1,6,108,"21, RUE DU FAUBOURG SAIN",,,,750
201300051650,13,11,28,1900,5,2,2,2,7,108,"131, AVENUE DES CHAMPS E",,,,750
201300051651,13,11,28,2340,5,2,7,1,3,108,PLACE DE LA CONCORDE,,,,750
201300051652,13,11,29,820,1,2,2,1,6,108,RUE D ARGENSON,,,,750
201300051653,13,11,29,1810,5,2,2,2,3,108,"38, AVENUE DE FRIEDLAND",,,,750
201300051654,13,11,30,2329,5,2,2,2,2,108,"52, BOULEVARD MALESHERBE",,,,750
201300051655,13,11,30,1740,5,2,1,1,7,108,"24, RUE FRANCOIS 1ER",,,,750
201300051656,13,12,1,730,5,2,2,1,3,108,"52, AVENUE DES CHAMPS EL",,,,750
201300051657,13,12,2,1155,1,2,1,1,2,108,AVENUE DES CHAMPS ELYSEE,,,,750
201300051658,13,12,2,1245,1,2,1,1,6,108,AVENUE WINSTON CHURCHILL,,,,750
201300051659,13,12,3,1330,1,2,1,1,6,108,"129, AVENUE DES CHAMPS E",,,,750
201300051660,13,12,3,1820,5,2,2,1,6,108,"29, AVENUE DE FRIEDLAND",,,,750
201300051661,13,12,5,1600,1,2,2,1,3,108,"127, AVENUE DES CHAMPS E",,,,750
201300051662,13,12,6,1010,1,2,5,1,6,108,"6, PLACE SAINT AUGUSTIN",,,,750
201300051663,13,12,6,1330,1,2,1,1,6,108,"4, RUE ROYALE",,,,750
201300051664,13,12,7,1235,1,2,1,1,3,108,"95, RUE D AMSTERDAM",,,,750
201300051665,13,12,7,1625,2,2,1,1,3,108,"12, BOULEVARD DE COURCEL",,,,750
201300051666,13,12,8,500,5,2,1,1,6,108,"146, AVENUE DES CHAMPS E",,,,750
201300051667,13,12,9,1300,1,2,7,1,6,108,"43, AVENUE FRANKLIN D RO",,,,750
201300051668,13,12,9,1920,5,2,1,1,6,108,"12, AVENUE DE WAGRAM",,,,750
201300051669,13,12,10,1115,1,2,2,1,3,108,"49, RUE DE ROME",,,,750
201300051670,13,12,12,1505,1,2,2,1,5,108,"12, RUE BEAUJON",,,,750
201300051671,13,12,13,1845,5,2,7,2,7,108,PLACE DE LA CONCORDE,,,,750
201300051672,13,12,14,310,5,2,7,1,3,108,AVENUE DES CHAMPS ELYSEE,,,,750
201300051673,13,12,14,945,1,2,1,1,7,108,"1, AVENUE DES CHAMPS ELY",,,,750
201300051674,13,12,14,1245,1,2,7,1,6,108,PLACE DE LA MADELEINE,,,,750
201300051675,13,12,17,1130,1,2,3,1,2,108,"38, RUE DES MATHURINS",,,,750
201300051676,13,12,17,1700,5,2,3,1,3,108,"08, BOULEVARD MALESHERBE",,,,750
201300051677,13,12,17,1945,5,2,7,1,2,108,PLACE DE LA CONCORDE,,,,750
201300051678,13,12,18,1740,5,2,2,1,3,108,AVENUE DES CHAMPS ELYSEE,,,,750
201300051679,13,12,20,955,1,2,4,1,3,108,"61, BOULEVARD HAUSSMANN",,,,750
201300051680,13,12,20,1200,1,2,1,1,5,108,AVENUE DES CHAMPS ELYSEE,,,,750
201300051681,13,12,21,1445,1,2,1,1,2,108,RUE DE LONDRES,,,,750
201300051682,13,12,22,140,5,2,7,9,3,108,"1, PLACE CHARLES DE GAUL",,,,750
201300051683,13,12,22,130,5,2,7,1,4,108,ROND POINT CHAMPS ELYSEE,,,,750
201300051684,13,12,22,1715,5,2,2,2,6,108,"33, AVENUE DES CHAMPS EL",,,,750
201300051685,13,12,24,950,1,2,2,6,7,116,"39, AVENUE MARCEAU",,,,750
201300051686,13,12,24,1610,2,2,1,3,6,108,"45, RUE DE LONDRES",,,,750
201300051687,13,12,26,1530,1,2,3,1,3,108,"134, BOULEVARD HAUSSMANN",,,,750
201300051688,13,12,28,120,5,2,5,3,3,108,COURS LA REINE,,,,750
201300051689,13,12,28,440,5,2,1,3,6,108,COURS ALBERT 1ER,,,,750
201300051690,13,12,28,1250,1,2,7,1,3,108,"3, PLACE DE LA CONCORDE",,,,750
201300051691,13,12,29,2010,5,2,1,1,7,108,"48, RUE DE LONDRES",,,,750
201300051692,13,12,30,1210,1,2,1,1,3,108,"11, RUE TRONCHET",,,,750
201300051693,13,12,30,1800,5,2,2,2,2,108,"121, BOULEVARD MALESHERB",,,,750
201300051694,13,12,31,1000,1,2,2,1,3,108,"07, RUE ROQUEPINE",,,,750
201300051695,13,12,31,1410,1,2,2,1,3,108,"24, RUE DU FAUBOURG SAIN",,,,750
201300051696,13,1,2,640,5,2,2,1,3,109,BOULEVARD POISSONNIERE,,,,750
201300051697,13,1,7,830,1,2,3,1,6,109,BOULEVARD DE CLICHY,,,,750
201300051698,13,1,8,920,1,2,2,1,6,109,"2, RUE DE MOGADOR",,,,750
201300051699,13,1,9,29,5,2,2,1,6,109,"76, RUE DE DUNKERQUE",,,,750
201300051700,13,1,9,1111,1,2,2,1,3,109,"43, RUE DE PROVENCE",,,,750
201300051701,13,1,10,1409,1,2,5,2,6,109,"76, RUE DE ROCHECHOUART",,,,750
201300051702,13,1,17,1648,1,2,1,1,6,109,"5, RUE ROUGEMONT",,,,750
201300051703,13,1,16,2345,5,2,1,1,7,109,"14, RUE CLAUZEL",,,,750
201300051704,13,1,18,100,5,2,5,1,7,109,"02, BOULEVARD HAUSSMANN",,,,750
201300051705,13,1,18,1405,1,2,7,1,6,109,PLACE PIGALLE,,,,750
201300051706,13,1,24,2010,5,2,1,1,6,109,"17, BOULEVARD DE ROCHECH",,,,750
201300051707,13,1,25,1520,1,2,2,1,6,109,"16, RUE DE MOGADOR",,,,750
201300051708,13,1,25,2130,5,2,7,1,5,102,BOULEVARD DES CAPUCINES,,,,750
201300051709,13,1,26,2055,5,2,1,1,6,109,"20, RUE D AMSTERDAM",,,,750
201300051710,13,1,29,2120,5,2,7,8,7,109,BOULEVARD DE ROCHECHOUAR,,,,750
201300051711,13,1,30,1820,2,2,2,1,6,109,"02, RUE BERGERE",,,,750
201300051712,13,1,31,1900,5,2,4,1,6,109,"40, RUE BALLU",,,,750
201300051713,13,2,1,1920,5,2,2,1,6,116,AVENUE HENRI MARTIN,,,,750
201300051714,13,2,7,740,2,2,2,2,3,109,"61, RUE LA FAYETTE",,,,750
201300051715,13,2,7,915,1,2,1,1,2,102,"05, BOULEVARD DES ITALIE",,,,750
201300051716,13,2,8,930,1,2,5,1,6,109,"40, BOULEVARD HAUSSMANN",,,,750
201300051717,13,2,9,1000,1,2,7,1,6,109,"1, RUE DE MAUBEUGE",,,,750
201300051718,13,2,12,1205,1,2,3,1,3,109,"92, RUE SAINT LAZARE",,,,750
201300051719,13,2,12,1935,5,2,1,1,6,109,"4, RUE DU FAUBOURG MONTM",,,,750
201300051720,13,2,13,1125,1,2,1,1,7,109,"28, RUE BLANCHE",,,,750
201300051721,13,2,21,1440,1,2,7,1,6,109,"2, RUE HALEVY",,,,750
201300051722,13,2,26,1405,1,2,1,1,2,109,"14, RUE BERGERE",,,,750
201300051723,13,2,26,2250,5,2,2,1,3,109,"41, RUE DE ROCHECHOUART",,,,750
201300051724,13,2,23,2000,2,2,3,8,3,109,"75 bis, BOULEVARD DE CLI",,,,750
201300051725,13,2,28,1955,5,2,4,1,2,109,"12, BOULEVARD DE LA MADE",,,,750
201300051726,13,3,1,615,5,2,3,1,2,109,"54 bis, RUE DE CLICHY",,,,750
201300051727,13,3,9,1750,1,2,1,1,6,109,"107, RUE SAINT LAZARE",,,,750
201300051728,13,3,9,2220,5,2,5,1,7,109,"38, RUE NOTRE DAME DE LO",,,,750
201300051729,13,3,11,1015,1,2,1,2,3,109,"16, BOULEVARD MONTMARTRE",,,,750
201300051730,13,3,13,1808,1,2,1,8,6,109,"13, RUE DE MONTYON",,,,750
201300051731,13,3,14,2025,5,2,7,1,4,109,"19, BOULEVARD DE CLICHY",,,,750
201300051732,13,3,15,855,1,2,2,1,7,109,"24, RUE SAINT LAZARE",,,,750
201300051733,13,3,15,1010,1,2,5,1,2,109,BOULEVARD HAUSSMANN,,,,750
201300051734,13,3,15,1325,1,2,7,1,6,109,"12, BOULEVARD DES CAPUCI",,,,750
201300051735,13,3,22,1615,1,2,5,1,2,109,"40, BOULEVARD HAUSSMANN",,,,750
201300051736,13,3,25,1435,1,2,2,1,6,109,"40, RUE DE CHATEAUDUN",,,,750
201300051737,13,3,26,1055,1,2,1,1,6,109,"52, RUE DE CHATEAUDUN",,,,750
201300051738,13,3,26,1750,1,2,1,8,6,109,"45, BOULEVARD DE ROCHECH",,,,750
201300051739,13,3,29,105,5,2,3,1,6,109,"57, BOULEVARD DE ROCHECH",,,,750
201300051740,13,3,30,2340,5,2,1,1,7,109,"18, RUE CLAUZEL",,,,750
201300051741,13,4,2,1730,1,2,5,1,3,109,"23, BOULEVARD HAUSSMANN",,,,750
201300051742,13,4,4,1815,1,2,5,2,3,109,"1, RUE DE PROVENCE",,,,750
201300051743,13,4,6,1015,1,2,2,1,3,109,"8, BOULEVARD HAUSSMANN",,,,750
201300051744,13,4,8,1750,1,2,1,1,6,109,"39, BOULEVARD DE CLICHY",,,,750
201300051745,13,4,10,1950,5,2,3,2,7,109,"16, BOULEVARD POISSONNIE",,,,750
201300051746,13,4,12,1740,1,2,7,3,2,109,"02, PLACE CHARLES GARNIE",,,,750
201300051747,13,4,15,850,1,2,5,2,6,109,"21, RUE DU FAUBOURG MONT",,,,750
201300051748,13,4,17,1257,1,2,7,1,6,109,"1, RUE AUBER",,,,750
201300051749,13,4,17,1510,1,2,2,1,6,109,"24, RUE DE TREVISE",,,,750
201300051750,13,4,17,1515,1,2,5,1,3,109,RUE AUBER,,,,750
201300051751,13,4,22,1915,1,2,1,1,4,109,"22, RUE DE LONDRES",,,,750
201300051752,13,4,24,1745,1,2,3,1,6,109,"17, RUE DE ROCHECHOUART",,,,750
201300051753,13,4,26,1703,1,2,7,2,6,109,"19, RUE SCRIBE",,,,750
201300051754,13,4,29,1515,1,2,3,1,6,109,"16, RUE HENRY MONNIER",,,,750
201300051755,13,5,1,1615,1,2,3,8,3,109,RUE LA FAYETTE,,,,750
201300051756,13,5,2,1035,1,2,2,1,3,109,"3, BOULEVARD HAUSSMANN",,,,750
201300051757,13,5,2,1815,1,2,1,1,6,109,RUE CHORON,,,,750
201300051758,13,5,6,1653,1,2,5,1,3,109,"63, BOULEVARD DE ROCHECH",,,,750
201300051759,13,5,12,15,5,2,4,1,3,109,"08, RUE DE LA CHAUSSEE D",,,,750
201300051760,13,5,13,1900,1,2,5,1,3,109,"27, RUE DE ROCHECHOUART",,,,750
201300051761,13,5,14,1540,1,2,7,1,6,109,"57, RUE DE LA CHAUSSEE D",,,,750
201300051762,13,5,15,55,5,2,2,8,7,102,"3, BOULEVARD MONTMARTRE",,,,750
201300051763,13,5,16,658,2,2,2,1,3,109,"32, RUE DE LA ROCHEFOUCA",,,,750
201300051764,13,5,16,1215,1,2,2,1,3,109,"43, RUE LE PELETIER",,,,750
201300051765,13,5,17,1835,1,2,5,1,6,109,"4, RUE TURGOT",,,,750
201300051766,13,5,20,2340,5,2,5,2,6,109,"01, RUE MAYRAN",,,,750