Num_Acc,an,mois,jour,hrmn,lum,agg,int,atm,col,com,adr,gps,lat,long,dep
201300052977,13,12,7,1440,1,2,5,1,7,112,"2, AVENUE COURTELINE",,,,750
201300052978,13,12,8,135,5,2,3,1,2,112,"50, RUE DE CHARENTON",,,,750
201300052979,13,12,11,1830,5,2,2,1,6,112,"2, RUE DE RAMBOUILLET",,,,750
201300052980,13,12,13,1450,1,2,1,1,6,112,"31, AVENUE DAUMESNIL",,,,750
201300052981,13,12,13,2000,5,2,2,2,3,112,"6, RUE DE LYON",,,,750
201300052982,13,12,14,1715,5,2,1,1,3,112,"42, AVENUE DE SAINT MAND",,,,750
201300052983,13,12,17,1520,1,2,2,1,3,112,"20, PLACE DE LA NATION",,,,750
201300052984,13,12,20,400,5,2,1,2,7,112,AVENUE DE GRAVELLE,,,,750
201300052985,13,12,20,1740,5,2,1,1,3,112,"88, RUE DE REUILLY",,,,750
201300052986,13,12,21,1800,5,2,1,1,6,112,"1, RUE DU RENDEZ VOUS",,,,750
201300052987,13,12,25,235,5,2,1,1,7,112,AVENUE DE NOGENT,,,,750
201300052988,13,12,27,2345,5,2,2,2,7,112,"1, RUE DE DIJON",,,,750
201300052989,13,12,28,125,5,2,7,2,3,112,PLACE DE LA NATION,,,,750
201300052990,13,12,30,1630,5,2,7,2,6,112,ROUTE DE LA PYRAMIDE,,,,750
201300052991,13,1,2,830,1,2,5,1,3,113,"2, BOULEVARD KELLERMANN",,,,750
201300052992,13,1,2,1430,1,2,7,1,2,113,"30, PLACE D ITALIE",,,,750
201300052993,13,1,2,1930,1,2,7,1,3,113,PORTE D ITALIE,,,,750
201300052994,13,1,3,1820,5,2,3,1,6,113,"104, AVENUE D ITALIE",,,,750
201300052995,13,1,5,805,1,2,2,1,3,113,"80, AVENUE D ITALIE",,,,750
201300052996,13,1,5,1557,1,2,3,1,6,113,"37-39, RUE DES PEUPLIERS",,,,750
201300052997,13,1,6,1805,5,2,5,1,7,113,BOULEVARD MASSENA,,,,750
201300052998,13,1,8,1730,5,2,7,1,6,113,"1, PLACE PORT AU PRINCE",,,,750
201300052999,13,1,9,1340,1,2,1,1,6,113,"72, AVENUE DES GOBELINS",,,,750
201300053000,13,1,10,1521,1,2,2,2,6,113,"63, BOULEVARD KELLERMANN",,,,750
201300053001,13,1,10,1850,5,2,1,2,2,113,"77, AVENUE D ITALIE",,,,750
201300053002,13,1,10,1930,5,2,5,2,3,113,"8, BOULEVARD AUGUSTE BLA",,,,750
201300053003,13,1,11,1135,1,2,2,1,6,113,"10, RUE DE TOLBIAC",,,,750
201300053004,13,1,13,1840,5,2,5,3,6,113,"47, RUE DE TOLBIAC",,,,750
201300053005,13,1,15,632,5,2,5,1,3,113,BOULEVARD SAINT MARCEL,,,,750
201300053006,13,1,15,2145,5,2,2,2,6,113,"36, RUE DU MOULIN DE LA",,,,750
201300053007,13,1,16,1450,1,2,2,1,6,113,QUAI FRANCOIS MAURIAC,,,,750
201300053008,13,1,16,1815,5,2,4,1,6,113,BOULEVARD MASSENA,,,,750
201300053009,13,1,17,1535,1,2,5,1,3,113,"100, BOULEVARD AUGUSTE B",,,,750
201300053010,13,1,17,1645,2,2,4,1,6,113,"42, RUE DES PEUPLIERS",,,,750
201300053011,13,1,23,1355,1,2,1,1,2,113,"24, RUE HENRI PAPE",,,,750
201300053012,13,1,23,1800,5,2,3,9,6,113,RUE JEANNE D ARC,,,,750
201300053013,13,1,25,900,1,2,1,1,3,113,"91, RUE BARRAULT",,,,750
201300053014,13,1,28,850,1,2,3,1,3,113,"61, BOULEVARD VINCENT AU",,,,750
201300053015,13,1,28,850,1,2,1,1,4,113,"135, AVENUE D ITALIE",,,,750
201300053016,13,1,29,1600,1,2,3,2,2,113,"61, BOULEVARD VINCENT AU",,,,750
201300053017,13,1,30,1650,1,2,2,1,6,113,"161, RUE DE TOLBIAC",,,,750
201300053018,13,1,31,745,2,2,2,1,6,113,"140, RUE DE TOLBIAC",,,,750
201300053019,13,1,31,1940,5,2,5,1,7,113,"65, RUE DE L AMIRAL MOUC",,,,750
201300053020,13,2,1,740,5,2,1,2,6,113,"68, BOULEVARD ARAGO",,,,750
201300053021,13,2,1,1045,1,2,1,2,6,113,"169, BOULEVARD DE L HOPI",,,,750
201300053022,13,2,2,1910,5,2,2,2,6,113,RUE REGNAULT,,,,750
201300053023,13,2,3,1310,1,2,1,1,3,113,"110, RUE JEANNE D ARC",,,,750
201300053024,13,2,4,1300,1,2,1,8,6,113,"26, RUE REGNAULT",,,,750
201300053025,13,2,4,1450,1,2,3,1,6,113,"7 bis, BOULEVARD DE L HO",,,,750
201300053026,13,2,5,820,1,2,1,1,3,113,"35, RUE LOUISE WEISS",,,,750
201300053027,13,2,5,1205,1,2,5,1,6,113,"28, RUE DU DESSOUS DES B",,,,750
201300053028,13,2,6,950,1,2,7,2,6,113,"01, BOULEVARD DE L HOPIT",,,,750
201300053029,13,2,7,840,1,2,1,1,6,113,"55, RUE BAUDRICOURT",,,,750
201300053030,13,2,7,1940,5,2,2,1,1,113,RUE DE LA POTERNE DES PE,,,,750
201300053031,13,2,8,1300,1,2,2,1,6,113,BOULEVARD DE L HOPITAL,,,,750
201300053032,13,2,9,710,5,2,1,2,6,113,"36, QUAI D AUSTERLITZ",,,,750
201300053033,13,2,10,1,5,2,1,1,7,113,"100, BOULEVARD MASSENA",,,,750
201300053034,13,2,11,1710,1,2,1,1,6,113,"117, RUE DU CHEVALERET",,,,750
201300053035,13,2,13,1700,1,2,4,1,6,113,"27, AVENUE DE LA PORTE D",,,,750
201300053036,13,2,13,1845,5,2,2,1,6,113,"6, RUE DE LA POTERNE DES",,,,750
201300053037,13,2,14,1025,1,2,1,2,2,113,"73, BOULEVARD MASSENA",,,,750
201300053038,13,2,15,1300,1,2,5,1,3,113,"163, AVENUE D ITALIE",,,,750
201300053039,13,2,16,205,5,2,1,1,5,113,"9, BOULEVARD DE L HOPITA",,,,750
201300053040,13,2,16,2125,5,2,1,1,6,113,"64, AVENUE DES GOBELINS",,,,750
201300053041,13,2,17,620,5,2,1,1,6,113,"50, AVENUE PIERRE MENDES",,,,750
201300053042,13,2,18,2155,5,2,3,1,6,113,BOULEVARD KELLERMANN,,,,750
201300053043,13,2,22,1010,1,2,1,1,2,113,"42, RUE PASCAL",,,,750
201300053044,13,2,23,1705,1,2,1,4,2,113,"137, AVENUE DE CHOISY",,,,750
201300053045,13,2,23,1655,1,2,1,4,1,113,"114, BOULEVARD DE L HOPI",,,,750
201300053046,13,2,23,2320,5,2,1,4,7,113,"185, BOULEVARD VINCENT A",,,,750
201300053047,13,2,24,2000,5,2,3,4,1,113,"100, AVENUE D ITALIE",,,,750
201300053048,13,2,26,1340,1,2,2,1,2,113,"7, BOULEVARD MASSENA",,,,750
201300053049,13,2,27,1120,1,2,3,1,3,113,"12, RUE NEUVE TOLBIAC",,,,750
201300053050,13,2,27,1625,1,2,1,1,6,113,"33, RUE VERGNIAUD",,,,750
201300053051,13,3,1,2155,5,2,1,1,3,113,BOULEVARD PERIPHERIQUE,,,,750
201300053052,13,3,3,1010,1,2,7,1,3,113,"3, PLACE D ITALIE",,,,750
201300053053,13,3,8,1355,1,2,1,2,6,113,"90, RUE DE TOLBIAC",,,,750
201300053054,13,3,15,1756,1,2,2,1,6,113,"81, BOULEVARD VINCENT AU",,,,750
201300053055,13,3,17,1220,1,2,4,1,6,113,"52, BOULEVARD AUGUSTE BL",,,,750
201300053056,13,3,19,1540,1,2,1,1,7,113,"120, BOULEVARD VINCENT A",,,,750
201300053057,13,3,23,1300,1,2,1,8,7,113,BOULEVARD PERIPHERIQUE,,,,750
201300053058,13,3,24,1510,1,2,1,1,2,113,"1, RUE DE LA FONTAINE A",,,,750
201300053059,13,3,25,920,1,2,3,1,2,113,QUAI FRANCOIS MAURIAC,,,,750
201300053060,13,3,25,1640,1,2,2,1,6,113,BOULEVARD SAINT MARCEL,,,,750
201300053061,13,3,28,1555,1,2,5,1,6,113,QUAI D AUSTERLITZ,,,,750
201300053062,13,3,29,1230,1,2,1,1,6,113,"3, BOULEVARD SAINT MARCE",,,,750
201300053063,13,3,30,1410,1,2,1,1,2,113,"88, RUE JEANNE D ARC",,,,750
201300053064,13,4,2,100,5,2,1,1,6,113,BOULEVARD PERIPHERIQUE,,,,750
201300053065,13,4,6,345,5,2,2,1,6,113,QUAI D IVRY,,,,750
201300053066,13,4,6,1150,1,2,2,1,6,113,"55, AVENUE D ITALIE",,,,750
201300053067,13,4,7,15,5,2,1,1,2,113,"38, BOULEVARD VINCENT AU",,,,750
201300053068,13,4,7,320,5,2,1,1,6,113,QUAI D AUSTERLITZ,,,,750
201300053069,13,4,9,1055,1,2,1,1,6,113,"207, AVENUE DE CHOISY",,,,750
201300053070,13,4,9,1150,1,2,1,2,6,113,"15, RUE RENE GOSCINNY",,,,750
201300053071,13,4,11,1635,1,2,5,2,6,113,PLACE COLUCHE,,,,750
201300053072,13,4,12,1530,1,2,4,3,3,113,"2, RUE JEAN BAPTISTE BER",,,,750
201300053073,13,4,12,1520,1,2,2,2,3,113,AVENUE DE LA PORTE D ITA,,,,750
201300053074,13,4,13,1930,1,2,1,3,6,113,"60, RUE JEANNE D ARC",,,,750
201300053075,13,4,16,940,1,2,5,1,6,113,AVENUE DE LA PORTE D ITA,,,,750
201300053076,13,4,16,1610,1,2,1,1,7,113,"24, RUE HENRI PAPE",,,,750
201300053077,13,4,17,2030,5,2,1,1,3,113,"., PORTE D IVRY",,,,750
201300053078,13,4,18,1145,1,2,1,1,2,113,"116, BOULEVARD DE L HOPI",,,,750
201300053079,13,4,18,1630,1,2,2,1,1,113,"01, QUAI FRANCOIS MAURIA",,,,750
201300053080,13,4,19,500,5,2,2,1,6,113,"66, AVENUE DES GOBELINS",,,,750
201300053081,13,4,19,725,1,2,2,1,6,113,"42, BOULEVARD MASSENA",,,,750
201300053082,13,4,19,1720,1,2,5,1,3,113,"87, QUAI DE LA GARE",,,,750
201300053083,13,4,21,2245,5,2,5,1,3,113,"90, BOULEVARD VINCENT AU",,,,750
201300053084,13,4,22,1730,1,2,1,1,3,113,"85, RUE BOBILLOT",,,,750
201300053085,13,4,25,2300,5,2,1,1,6,113,"14, RUE DU VAL DE MARNE",,,,750
201300053086,13,4,26,1505,1,2,4,8,3,113,"39, RUE BRUNESEAU",,,,750
201300053087,13,4,28,1010,1,2,3,1,6,113,"73, AVENUE D ITALIE",,,,750
201300053088,13,4,30,850,1,2,2,1,6,113,AVENUE DE LA PORTE D IVR,,,,750
201300053089,13,5,1,1650,1,2,4,3,6,113,"33, RUE DES PEUPLIERS",,,,750
201300053090,13,5,5,1340,1,2,3,1,3,113,RUE JACQUES DESTREE,,,,750
201300053091,13,5,7,1540,1,2,1,1,6,113,"43, BOULEVARD VINCENT AU",,,,750
201300053092,13,5,8,2250,5,2,2,1,3,113,RUE DE TOLBIAC,,,,750
201300053093,13,5,12,600,1,2,2,1,6,113,"1, AVENUE DE LA PORTE DE",,,,750
201300053094,13,5,14,1740,1,2,2,1,6,113,"41, RUE DU MOULIN DE LA",,,,750
201300053095,13,5,15,935,1,2,2,1,3,113,"46, BOULEVARD ARAGO",,,,750
201300053096,13,5,15,1250,1,2,1,1,3,113,"83, BOULEVARD DE L HOPIT",,,,750
201300053097,13,5,16,1000,1,2,5,1,3,113,"2, RUE JENNER",,,,750
201300053098,13,5,18,1140,1,2,2,1,3,113,"13, AVENUE DE LA PORTE D",,,,750
201300053099,13,5,19,2025,2,2,1,3,6,113,"25, RUE EMILE DURKHEIM",,,,750
201300053100,13,5,21,100,5,2,1,2,6,113,"164, RUE DU CHATEAU DES",,,,750
201300053101,13,5,21,1230,1,2,4,2,6,113,"20, AVENUE D IVRY",,,,750
201300053102,13,5,22,845,1,2,2,1,7,113,"32, RUE DE TOLBIAC",,,,750
201300053103,13,5,21,1645,1,2,4,8,2,113,"134, RUE DE TOLBIAC",,,,750
201300053104,13,5,23,1925,1,2,3,2,6,113,"33, AVENUE DE CHOISY",,,,750
201300053105,13,5,29,210,5,2,5,1,3,113,"5, RUE DU CHEVALERET",,,,750
201300053106,13,5,29,1810,1,2,2,1,3,113,"46, AVENUE DE LA PORTE D",,,,750
201300053107,13,5,30,1230,1,2,3,2,7,113,"154, RUE DE TOLBIAC",,,,750
201300053108,13,5,30,2000,1,2,2,2,6,113,"66, AVENUE DES GOBELINS",,,,750
201300053109,13,6,1,1915,1,2,2,1,3,113,"39, AVENUE DES GOBELINS",,,,750
201300053110,13,6,3,915,1,2,2,1,3,113,RUE PRIMO LEVI,,,,750
201300053111,13,6,4,1335,1,2,2,1,3,113,BOULEVARD VINCENT AURIOL,,,,750
201300053112,13,6,5,1815,1,2,1,1,2,113,"67, RUE PASCAL",,,,750
201300053113,13,6,7,230,5,2,3,1,2,106,"86, RUE DE RENNES",,,,750
201300053114,13,6,7,1435,1,2,7,1,6,113,"12 bis, PLACE D ITALIE",,,,750
201300053115,13,6,8,800,1,2,5,1,6,113,"80, BOULEVARD VINCENT AU",,,,750
201300053116,13,6,8,1615,1,2,2,1,6,113,"82, AVENUE D IVRY",,,,750
201300053117,13,6,8,2035,2,2,5,8,6,113,"98, RUE DE TOLBIAC",,,,750
201300053118,13,6,8,2115,2,2,3,3,7,113,"81, AVENUE D IVRY",,,,750
201300053119,13,6,11,840,1,2,1,1,3,113,"19, RUE VERGNIAUD",,,,750
201300053120,13,6,11,2145,2,2,7,1,3,113,"30, PLACE D ITALIE",,,,750
201300053121,13,6,12,1645,1,2,1,1,6,113,"107, BOULEVARD MASSENA",,,,750
201300053122,13,6,12,1800,1,2,3,1,3,113,"22, BOULEVARD VINCENT AU",,,,750
201300053123,13,6,16,1515,1,2,2,1,4,113,AVENUE D ITALIE,,,,750
201300053124,13,6,17,820,1,2,7,1,2,113,"1, AVENUE DE LA PORTE D",,,,750
201300053125,13,6,17,1420,1,2,1,1,1,113,"7bis, RUE ABEL HOVELACQU",,,,750
201300053126,13,6,18,2345,5,2,1,1,4,113,"42, AVENUE DES GOBELINS",,,,750
201300053127,13,6,19,1805,1,2,1,3,6,113,"33, AVENUE DE LA PORTE D",,,,750
201300053128,13,6,20,545,2,2,2,3,3,113,"1, RUE DE LA POTERNE DES",,,,750
201300053129,13,6,21,1300,1,2,2,1,2,113,QUAI D AUSTERLITZ,,,,750
201300053130,13,6,21,2155,3,2,3,1,1,113,QUAI PANHARD ET LEVASSOR,,,,750
201300053131,13,6,22,200,5,2,5,1,2,113,"98, RUE DE TOLBIAC",,,,750
201300053132,13,6,22,1805,1,2,3,1,3,113,"83, AVENUE D ITALIE",,,,750
201300053133,13,6,23,1220,1,2,2,1,6,113,"205, RUE DE TOLBIAC",,,,750
201300053134,13,6,25,1230,1,2,5,1,2,113,"2, AVENUE DE LA PORTE D",,,,750
201300053135,13,6,26,1325,1,2,3,1,1,113,"101, RUE DE TOLBIAC",,,,750
201300053136,13,6,27,1235,1,2,2,1,2,113,"30, RUE NEUVE TOLBIAC",,,,750
201300053137,13,6,28,1100,1,2,2,8,6,113,"185, BOULEVARD VINCENT A",,,,750
201300053138,13,6,29,1555,1,2,1,1,2,113,"32, PLACE JEANNE D ARC",,,,750
201300053139,13,6,30,1330,1,2,2,1,6,113,"78-80, RUE DE TOLBIAC",,,,750
201300053140,13,6,30,1745,1,2,3,1,2,113,AVENUE DE LA PORTE D IVR,,,,750
201300053141,13,7,2,1305,1,2,2,1,2,113,AVENUE PIERRE DE COUBERT,,,,750
201300053142,13,7,3,1425,1,2,2,1,6,113,"1-7, RUE OLIVIER MESSIAE",,,,750
201300053143,13,7,3,1440,1,2,1,1,3,113,"135, AVENUE DE CHOISY",,,,750
201300053144,13,7,4,825,1,2,3,1,3,113,"03, RUE MICHAL",,,,750
201300053145,13,7,4,1655,1,2,2,1,3,113,"18, BOULEVARD AUGUSTE BL",,,,750
201300053146,13,7,5,740,1,2,2,1,2,113,"213, RUE DE TOLBIAC",,,,750
201300053147,13,7,5,1300,1,2,3,1,3,113,"42, RUE DES PEUPLIERS",,,,750
201300053148,13,7,5,1900,1,2,3,1,3,113,"18, QUAI D AUSTERLITZ",,,,750
201300053149,13,7,6,1815,1,2,3,1,6,113,"52, AVENUE D ITALIE",,,,750
201300053150,13,7,8,2230,5,2,1,1,6,113,"14, RUE PHILIBERT LUCOT",,,,750
201300053151,13,7,8,1740,1,2,1,1,6,113,"18, QUAI D AUSTERLITZ",,,,750
201300053152,13,7,9,1000,1,2,1,1,6,113,"41, RUE JENNER",,,,750
201300053153,13,7,9,1625,1,2,2,1,3,113,"107, RUE REGNAULT",,,,750
201300053154,13,7,10,1745,1,2,4,1,6,113,"1, RUE EUGENE OUDINE",,,,750
201300053155,13,7,10,2310,5,2,4,1,6,113,QUAI D IVRY,,,,750
201300053156,13,7,11,755,1,2,2,1,6,113,AVENUE D ITALIE,,,,750
201300053157,13,7,13,740,1,2,2,1,7,113,"113, BOULEVARD MASSENA",,,,750
201300053158,13,7,14,1830,1,2,5,1,3,113,"12, BOULEVARD MASSENA",,,,750
201300053159,13,7,15,1015,1,2,2,1,6,113,PONT DE TOLBIAC,,,,750
201300053160,13,7,15,1615,1,2,3,1,3,113,QUAI PANHARD ET LEVASSOR,,,,750
201300053161,13,7,15,1700,1,2,1,1,3,113,"10, RUE JEAN BAPTISTE BE",,,,750
201300053162,13,7,15,1740,1,2,4,1,3,113,"134, RUE DE TOLBIAC",,,,750
201300053163,13,7,17,10,5,2,1,1,6,113,"21, QUAI D AUSTERLITZ",,,,750
201300053164,13,7,20,200,5,2,1,1,6,113,"24, QUAI D AUSTERLITZ",,,,750
201300053165,13,7,20,1100,1,2,3,1,6,113,"23, AVENUE D ITALIE",,,,750
201300053166,13,7,20,1340,1,2,1,1,6,113,"44, AVENUE DE LA PORTE D",,,,750
201300053167,13,7,21,350,5,2,1,1,6,113,"26, QUAI D AUSTERLITZ",,,,750
201300053168,13,7,23,1835,1,2,1,1,2,113,"108, RUE DE TOLBIAC",,,,750
201300053169,13,7,24,2000,1,2,2,1,6,113,"99, BOULEVARD AUGUSTE BL",,,,750
201300053170,13,7,27,1320,1,2,1,1,7,113,"30, AVENUE D ITALIE",,,,750
201300053171,13,7,29,1230,1,2,5,1,4,113,"1, ESPLANADE LEO HAMON",,,,750
201300053172,13,7,29,2240,5,2,5,1,3,113,AVENUE DE LA PORTE D ITA,,,,750
201300053173,13,7,30,1900,1,2,1,1,3,113,"11, RUE DE L ESPERANCE",,,,750
201300053174,13,7,31,1315,1,2,2,1,6,113,AVENUE DE LA PORTE D IVR,,,,750
201300053175,13,7,31,1600,1,2,5,1,2,113,QUAI D IVRY,,,,750
201300053176,13,8,2,830,1,2,5,1,3,113,QUAI D AUSTERLITZ,,,,750
201300053177,13,8,2,2010,1,2,5,1,2,113,RUE DE TOLBIAC,,,,750
201300053178,13,8,4,630,2,2,1,1,3,113,"40, BOULEVARD AUGUSTE BL",,,,750
201300053179,13,8,4,1805,1,2,1,1,6,113,"94, BOULEVARD AUGUSTE BL",,,,750
201300053180,13,8,6,930,1,2,1,1,3,113,"5, RUE DE TOLBIAC",,,,750
201300053181,13,8,7,745,1,2,7,3,3,113,"1, PLACE VALHUBERT",,,,750
201300053182,13,8,9,2100,5,2,3,1,3,113,"199, AVENUE DE CHOISY",,,,750
201300053183,13,8,11,1930,2,2,5,1,7,113,"63, BOULEVARD KELLERMANN",,,,750
201300053184,13,8,13,700,1,2,4,1,3,113,"83, BOULEVARD DE L HOPIT",,,,750
201300053185,13,8,14,2045,1,2,3,1,6,113,PONT CHARLES DE GAULLE,,,,750
201300053186,13,8,18,2015,2,2,1,2,6,113,"100, RUE DU CHATEAU DES",,,,750
201300053187,13,8,19,1545,1,2,2,1,3,113,BOULEVARD MASSENA,,,,750
201300053188,13,8,20,1345,1,2,2,1,7,113,"93, AVENUE D IVRY",,,,750
201300053189,13,8,20,1410,1,2,5,1,7,113,"135, RUE DE TOLBIAC",,,,750
201300053190,13,8,23,505,2,2,3,1,6,113,BOULEVARD AUGUSTE BLANQU,,,,750
201300053191,13,8,24,1730,1,2,1,1,6,113,"15, RUE VERGNIAUD",,,,750
201300053192,13,8,25,1555,1,2,3,2,2,113,QUAI FRANCOIS MAURIAC,,,,750
201300053193,13,8,25,2150,5,2,3,1,1,113,AVENUE DE LA SOEUR ROSAL,,,,750
201300053194,13,8,27,1620,1,2,1,1,6,113,"75, AVENUE D IVRY",,,,750
201300053195,13,8,29,1945,1,2,1,1,3,113,"40, BOULEVARD AUGUSTE BL",,,,750
201300053196,13,8,30,1300,1,2,5,1,3,113,"111, RUE DE TOLBIAC",,,,750
201300053197,13,9,3,1030,1,2,2,1,6,113,"69, AVENUE DES GOBELINS",,,,750
201300053198,13,9,6,850,1,2,2,2,3,105,"21, BOULEVARD SAINT MICH",,,,750
201300053199,13,9,6,1750,1,2,3,1,6,113,"29, BOULEVARD MASSENA",,,,750
201300053200,13,9,8,1915,1,2,2,1,1,113,RUE JEANNE D ARC,,,,750
201300053201,13,9,10,820,1,2,1,1,6,113,"134, BOULEVARD MASSENA",,,,750
201300053202,13,9,9,2000,2,2,5,2,6,113,"3, RUE NATIONALE",,,,750
201300053203,13,9,10,2310,5,2,2,1,7,113,"39, RUE DE L ESPERANCE",,,,750
201300053204,13,9,12,755,1,2,1,2,7,113,"208, RUE DE TOLBIAC",,,,750
201300053205,13,9,12,1307,1,2,2,1,7,113,"21, RUE NEUVE TOLBIAC",,,,750
201300053206,13,9,13,1140,1,2,1,2,3,113,"20, AVENUE D IVRY",,,,750
201300053207,13,9,13,1630,1,2,2,2,6,113,"132, BOULEVARD VINCENT A",,,,750
201300053208,13,9,13,1620,1,2,7,1,3,113,"S-8791, PLACE D ITALIE",,,,750
201300053209,13,9,13,1730,1,2,3,2,6,113,"21, QUAI D AUSTERLITZ",,,,750
201300053210,13,9,14,715,5,2,3,2,6,113,"33, BOULEVARD KELLERMANN",,,,750
201300053211,13,9,14,2305,5,2,1,3,3,113,"47, QUAI D AUSTERLITZ",,,,750
201300053212,13,9,15,1600,1,2,2,1,3,113,"25-27, BOULEVARD ARAGO",,,,750
201300053213,13,9,16,803,1,2,2,1,7,113,"34, RUE DE LA GLACIERE",,,,750
201300053214,13,9,16,1820,1,2,1,2,3,113,"63, BOULEVARD KELLERMANN",,,,750
201300053215,13,9,19,1420,1,2,2,1,1,113,"14, RUE MAX JACOB",,,,750
201300053216,13,9,20,625,5,2,2,1,3,113,"9, RUE DE TOLBIAC",,,,750
201300053217,13,9,20,1410,1,2,1,1,3,113,"83, BOULEVARD DE L HOPIT",,,,750
201300053218,13,9,20,1645,1,2,3,1,3,113,"59, RUE DE L AMIRAL MOUC",,,,750
201300053219,13,9,20,2257,5,2,1,1,7,113,"122, RUE DE TOLBIAC",,,,750
201300053220,13,9,22,1720,1,2,1,1,3,113,"134, AVENUE D ITALIE",,,,750
201300053221,13,9,23,955,1,2,3,1,6,113,"110, AVENUE D ITALIE",,,,750
201300053222,13,9,24,900,1,2,5,1,3,113,"1, AVENUE PIERRE MENDES",,,,750
201300053223,13,9,25,920,1,2,2,1,2,113,"55, AVENUE D ITALIE",,,,750
201300053224,13,9,25,1325,1,2,1,1,6,113,"100, RUE DE LA GLACIERE",,,,750
201300053225,13,9,25,1425,1,2,1,1,2,113,"93, RUE JEANNE D ARC",,,,750
201300053226,13,9,25,1335,1,2,3,1,6,113,RUE DE PATAY,,,,750
201300053227,13,9,25,1800,1,2,3,1,1,113,QUAI FRANCOIS MAURIAC,,,,750
201300053228,13,9,26,1440,1,2,3,1,2,113,RUE CHARLES LEROY,,,,750
201300053229,13,9,27,1230,1,2,5,1,6,113,"43, BOULEVARD SAINT MARC",,,,750
201300053230,13,9,27,1415,1,2,4,1,6,113,"14, RUE DE LA MAISON BLA",,,,750
201300053231,13,9,28,20,5,2,2,1,1,113,RUE DE TOLBIAC,,,,750
201300053232,13,9,28,435,5,2,2,2,6,113,"86, AVENUE D ITALIE",,,,750
201300053233,13,9,29,530,5,2,2,2,7,113,BOULEVARD MASSENA,,,,750
201300053234,13,9,30,1005,1,2,3,1,2,113,"1, AVENUE DE LA PORTE DE",,,,750
201300053235,13,10,1,1505,1,2,3,1,6,113,"22, BOULEVARD VINCENT AU",,,,750
201300053236,13,10,2,2025,5,2,2,1,2,113,"61, AVENUE D ITALIE",,,,750
201300053237,13,10,3,730,1,2,2,1,1,113,"64, RUE DE TOLBIAC",,,,750
201300053238,13,10,3,1340,1,2,7,1,3,113,PLACE D ITALIE,,,,750
201300053239,13,10,3,1430,1,2,1,1,2,113,"28, AVENUE DES GOBELINS",,,,750
201300053240,13,10,4,725,2,2,4,1,6,113,"61, RUE DE LA GLACIERE",,,,750
201300053241,13,10,4,1240,1,2,3,1,6,113,"55, RUE DE TOLBIAC",,,,750
201300053242,13,10,4,2250,5,2,1,1,7,113,BOULEVARD PERIPHERIQUE,,,,750
201300053243,13,10,6,2320,5,2,2,1,6,113,"0, AVENUE PIERRE DE COUB",,,,750
201300053244,13,10,7,800,1,2,2,1,1,113,"115, AVENUE DE FRANCE",,,,750
201300053245,13,10,7,2010,5,2,2,1,6,113,"1, BOULEVARD VINCENT AUR",,,,750
201300053246,13,10,7,2220,5,2,2,1,6,113,BOULEVARD MASSENA,,,,750
201300053247,13,10,9,2300,5,2,7,1,3,113,"1, PLACE VALHUBERT",,,,750
201300053248,13,10,10,1215,1,2,1,1,6,113,BOULEVARD MASSENA,,,,750
201300053249,13,10,10,1230,1,2,1,2,3,113,"5 bis, AVENUE D ITALIE",,,,750
201300053250,13,10,11,750,1,2,1,2,6,113,"25, QUAI PANHARD ET LEVA",,,,750
201300053251,13,10,11,1135,1,2,2,3,2,113,"115, BOULEVARD VINCENT A",,,,750
201300053252,13,10,11,1620,1,2,5,1,3,113,BOULEVARD MASSENA,,,,750
201300053253,13,10,12,130,5,2,1,2,6,113,BOULEVARD AUGUSTE BLANQU,,,,750
201300053254,13,10,12,1525,1,2,3,1,3,113,"178 bis, AVENUE D ITALIE",,,,750
201300053255,13,10,14,300,5,2,3,1,6,113,"56, BOULEVARD AUGUSTE BL",,,,750
201300053256,13,10,15,2030,5,2,1,1,6,113,"12, BOULEVARD ARAGO",,,,750
201300053257,13,10,15,2110,5,2,1,1,7,113,BOULEVARD PERIPHERIQUE I,,,,750
201300053258,13,10,18,915,1,2,1,1,7,113,"21, AVENUE DE LA PORTE D",,,,750
201300053259,13,10,19,1815,5,2,4,1,2,113,"1, RUE CHARLES LEROY",,,,750
201300053260,13,10,20,2320,5,2,3,1,7,113,"56, BOULEVARD AUGUSTE BL",,,,750
201300053261,13,10,21,1615,2,2,1,1,6,113,"77, AVENUE D ITALIE",,,,750
201300053262,13,10,22,830,1,2,2,1,3,113,"48, BOULEVARD ARAGO",,,,750
201300053263,13,10,22,1110,1,2,2,1,3,113,BOULEVARD MASSENA,,,,750
201300053264,13,10,22,1610,1,2,2,1,3,113,"77, RUE BOBILLOT",,,,750
201300053265,13,10,9,1135,1,2,1,1,3,113,"66, BOULEVARD DE L HOPIT",,,,750
201300053266,13,10,25,1320,1,2,2,1,3,113,"1, RUE NEUVE TOLBIAC",,,,750
201300053267,13,10,25,1915,5,2,1,2,6,113,BOULEVARD DE L HOPITAL,,,,750
201300053268,13,10,25,1940,5,2,3,2,6,113,"174, AVENUE DE FRANCE",,,,750
201300053269,13,10,26,1725,1,2,2,2,1,113,"160, RUE DE TOLBIAC",,,,750
201300053270,13,10,28,920,1,2,1,1,6,113,"166, RUE DE TOLBIAC",,,,750
201300053271,13,10,30,845,1,2,1,1,2,113,"32, AVENUE DES GOBELINS",,,,750
201300053272,13,10,30,1245,1,2,1,1,2,113,"99-101, AVENUE D IVRY",,,,750
201300053273,13,10,30,2015,5,2,7,1,3,113,"30, PLACE D ITALIE",,,,750
201300053274,13,10,31,825,1,2,1,1,7,113,"20, BOULEVARD MASSENA",,,,750
201300053275,13,10,31,1455,1,2,2,1,3,113,"34, AVENUE DES GOBELINS",,,,750
201300053276,13,10,31,1450,1,2,2,1,6,113,"55, RUE BARRAULT",,,,750
201300053277,13,11,1,215,5,2,2,2,6,113,"5, BOULEVARD DE L HOPITA",,,,750
201300053278,13,11,1,1345,1,2,2,2,3,113,"213, RUE DE TOLBIAC",,,,750
201300053279,13,11,1,1725,5,2,7,2,6,113,"1, RUE LACHELIER",,,,750
201300053280,13,11,2,800,1,2,3,2,3,113,"74, RUE JEANNE D ARC",,,,750
201300053281,13,11,4,635,5,2,1,2,7,113,"83, BOULEVARD DE L HOPIT",,,,750