Num_Acc,an,mois,jour,hrmn,lum,agg,int,atm,col,com,adr,gps,lat,long,dep
201300053889,13,10,16,1915,5,2,3,2,6,115,"120, AVENUE FELIX FAURE",,,,750
201300053890,13,10,18,1315,1,2,1,1,6,115,"72, AVENUE DE SUFFREN",,,,750
201300053891,13,10,18,1250,1,2,1,1,3,115,"128, AVENUE FELIX FAURE",,,,750
201300053892,13,10,20,125,5,2,2,8,3,115,"105, RUE DE JAVEL",,,,750
201300053893,13,10,20,1800,2,2,1,3,6,115,"340, RUE DE VAUGIRARD",,,,750
201300053894,13,10,21,2205,5,2,7,1,6,115,"57, RUE DE LA PROCESSION",,,,750
201300053895,13,10,22,950,1,2,2,1,6,115,"15, RUE DE LA CONVENTION",,,,750
201300053896,13,10,24,1505,1,2,1,1,3,115,RUE DE VAUGIRARD,,,,750
201300053897,13,10,24,2320,5,2,5,1,7,115,"244, RUE LECOURBE",,,,750
201300053898,13,10,25,1250,1,2,2,1,7,115,"24, RUE DE VOUILLE",,,,750
201300053899,13,10,26,1225,1,2,1,1,6,115,"81, RUE LECOURBE",,,,750
201300053900,13,10,26,1540,1,2,2,1,3,115,"108, RUE FALGUIERE",,,,750
201300053901,13,10,28,1905,5,2,1,1,2,115,"58, BOULEVARD DU MONTPAR",,,,750
201300053902,13,10,29,1000,1,2,5,1,3,115,"33, RUE DE VOUILLE",,,,750
201300053903,13,10,29,1000,1,2,2,1,6,115,RUE DE LA CONVENTION,,,,750
201300053904,13,10,29,1810,5,2,1,1,7,115,"91, QUAI BRANLY",,,,750
201300053905,13,10,31,1000,1,2,1,1,2,115,"29, RUE FREMICOURT",,,,750
201300053906,13,11,2,1258,1,2,5,2,7,115,"84, RUE CAMBRONNE",,,,750
201300053907,13,11,2,2050,5,2,2,2,6,115,"1, BOULEVARD VICTOR",,,,750
201300053908,13,11,2,2225,5,2,1,2,5,115,"33, AVENUE DE LA PORTE B",,,,750
201300053909,13,11,3,1825,5,2,5,1,6,115,"1, QUAI DE GRENELLE",,,,750
201300053910,13,11,5,125,5,2,7,1,7,115,"13, PLACE ETIENNE PERNET",,,,750
201300053911,13,11,5,2241,5,2,5,1,3,115,"1, QUAI DE GRENELLE",,,,750
201300053912,13,11,6,700,2,2,1,9,6,115,"31, RUE ALPHONSE BERTILL",,,,750
201300053913,13,11,6,1015,1,2,3,1,3,115,"12, RUE LINOIS",,,,750
201300053914,13,11,7,1600,1,2,3,2,6,115,"71, RUE DESNOUETTES",,,,750
201300053915,13,11,7,1750,5,2,2,2,6,115,"42, RUE DE LA CROIX NIVE",,,,750
201300053916,13,11,9,435,5,2,2,1,6,115,"49, BOULEVARD GENERAL MA",,,,750
201300053917,13,11,10,430,5,2,4,2,6,115,"20, AVENUE DU MAINE",,,,750
201300053918,13,11,10,1240,1,2,4,1,6,115,"395, RUE DE VAUGIRARD",,,,750
201300053919,13,11,13,2100,5,2,1,1,6,115,RUE DE LA ROSIERE,,,,750
201300053920,13,11,14,1900,5,2,1,2,3,115,"63, RUE CAMBRONNE",,,,750
201300053921,13,11,15,800,1,2,5,1,3,115,RUE CAMBRONNE,,,,750
201300053922,13,11,15,847,1,2,1,1,3,115,"53, BOULEVARD GENERAL MA",,,,750
201300053923,13,11,16,245,5,2,3,1,6,115,"1, RUE MIZON",,,,750
201300053924,13,11,16,1100,1,2,1,1,2,115,"20, BOULEVARD DU MONTPAR",,,,750
201300053925,13,11,16,1145,1,2,1,1,6,115,"15, RUE DU HAMEAU",,,,750
201300053926,13,11,17,800,1,2,1,1,2,115,"110, RUE DE SEVRES",,,,750
201300053927,13,11,19,930,1,2,2,2,3,115,RUE DE VAUGIRARD,,,,750
201300053928,13,11,19,1810,5,2,5,1,6,115,"4, RUE DU DEPART",,,,750
201300053929,13,11,19,1830,5,2,2,2,6,115,RUE DE LA CONVENTION,,,,750
201300053930,13,11,20,745,1,2,5,1,7,115,"103, QUAI BRANLY",,,,750
201300053931,13,11,22,1410,1,2,1,1,6,115,"20-22, RUE OLIVIER DE SE",,,,750
201300053932,13,11,22,1750,5,2,1,1,6,115,BOULEVARD DE GRENELLE,,,,750
201300053933,13,11,23,1345,1,2,5,1,7,115,"84, AVENUE DE SUFFREN",,,,750
201300053934,13,11,24,1335,1,2,2,1,6,115,"198, RUE DE LA CONVENTIO",,,,750
201300053935,13,11,25,1745,5,2,1,1,7,115,"203, RUE DE LOURMEL",,,,750
201300053936,13,11,26,1715,5,2,2,1,7,115,"72, RUE DUTOT",,,,750
201300053937,13,11,26,2355,5,2,3,1,6,115,"397, RUE DE VAUGIRARD",,,,750
201300053938,13,11,29,845,1,2,1,1,3,115,BOULEVARD PERIPHERIQUE I,,,,750
201300053939,13,11,29,1400,1,2,3,2,6,115,"393, RUE DE VAUGIRARD",,,,750
201300053940,13,12,2,2210,5,2,1,1,6,115,"45, RUE DES MORILLONS",,,,750
201300053941,13,12,3,1920,3,2,4,1,3,115,"35, AVENUE DE LA PORTE B",,,,750
201300053942,13,12,4,1040,1,2,5,1,6,115,"147, RUE DE LA CONVENTIO",,,,750
201300053943,13,12,6,920,1,2,1,1,3,115,"107, BOULEVARD DE GRENEL",,,,750
201300053944,13,12,6,1335,1,2,5,1,2,115,"72, BOULEVARD PASTEUR",,,,750
201300053945,13,12,6,1625,1,2,1,1,6,115,"21, RUE AUGUSTE VITU",,,,750
201300053946,13,12,6,1640,1,2,2,1,6,115,RUE LECOURBE,,,,750
201300053947,13,12,8,1945,5,2,3,1,1,107,"01, AVENUE DE SUFFREN",,,,750
201300053948,13,12,9,755,1,2,2,1,6,115,"2, BOULEVARD PASTEUR",,,,750
201300053949,13,12,9,1205,1,2,1,1,3,115,"34, BOULEVARD DE GRENELL",,,,750
201300053950,13,12,9,1500,1,2,2,1,6,115,"63, RUE DE LA CONVENTION",,,,750
201300053951,13,12,9,1740,5,2,2,1,6,115,"49, AVENUE EMILE ZOLA",,,,750
201300053952,13,12,10,1154,1,2,2,1,6,115,"87, RUE DE LOURMEL",,,,750
201300053953,13,12,13,135,5,2,3,1,6,115,"94, RUE DE LA CONVENTION",,,,750
201300053954,13,12,14,2300,5,2,1,2,6,114,BOULEVARD BRUNE,,,,750
201300053955,13,12,16,1630,1,2,3,1,7,115,"103, QUAI BRANLY",,,,750
201300053956,13,12,16,1710,5,2,1,1,6,115,"59, RUE FONDARY",,,,750
201300053957,13,12,17,1255,1,2,7,1,6,115,"35, QUAI ANDRE CITROEN",,,,750
201300053958,13,12,19,925,1,2,2,1,6,115,"12, RUE MARMONTEL",,,,750
201300053959,13,12,20,1340,1,2,1,1,7,115,"140, RUE SAINT CHARLES",,,,750
201300053960,13,12,20,1750,5,2,3,1,7,115,"58, RUE DE LA CROIX NIVE",,,,750
201300053961,13,12,20,1945,5,2,2,1,7,115,"26, AVENUE EMILE ZOLA",,,,750
201300053962,13,12,22,1820,5,2,5,2,6,115,"238, RUE DE LA CONVENTIO",,,,750
201300053963,13,12,23,930,1,2,7,2,3,115,PLACE DES INSURGES DE VA,,,,750
201300053964,13,12,23,1050,1,2,7,1,3,115,"56B, PLACE SAINT CHARLES",,,,750
201300053965,13,12,23,2040,5,2,1,2,6,115,"41, RUE DE VOUILLE",,,,750
201300053966,13,12,24,1230,1,2,2,2,6,115,"44, RUE DE LA CONVENTION",,,,750
201300053967,13,12,30,1702,5,2,2,2,6,115,PONT MIRABEAU,,,,750
201300053968,13,12,31,1630,2,2,1,2,3,115,"96, RUE FALGUIERE",,,,750
201300053969,13,12,31,1840,5,2,5,2,6,115,"225, RUE DE LA CONVENTIO",,,,750
201300053970,13,1,1,251,3,2,7,1,3,116,PLACE DE VARSOVIE,,,,750
201300053971,13,1,5,2337,5,2,1,2,6,116,AVENUE KLEBER,,,,750
201300053972,13,12,31,1100,1,2,7,1,3,116,PLACE DU MARECHAL DE LAT,,,,750
201300053973,13,1,6,1800,4,2,1,1,6,116,"36, QUAI LOUIS BLERIOT",,,,750
201300053974,13,1,8,1230,1,2,7,1,7,116,PLACE DE VARSOVIE,,,,750
201300053975,13,1,8,1445,1,2,1,1,6,116,"20, RUE LEONARD DE VINCI",,,,750
201300053976,13,1,9,750,2,2,1,8,3,116,AVENUE DU PRESIDENT WILS,,,,750
201300053977,13,1,9,1345,1,2,1,8,6,116,"7, AVENUE DE LA GRANDE A",,,,750
201300053978,13,1,10,1830,5,2,2,8,6,116,RUE D AUTEUIL,,,,750
201300053979,13,1,11,1755,5,2,4,1,6,116,"14, RUE DE BOULAINVILLIE",,,,750
201300053980,13,1,11,1940,5,2,3,8,3,116,"144, AVENUE DE VERSAILLE",,,,750
201300053981,13,1,11,2010,3,2,1,1,4,116,"21, AVENUE MARCEAU",,,,750
201300053982,13,1,13,1440,1,2,5,1,6,108,"04, AVENUE DU PRESIDENT",,,,750
201300053983,13,1,13,1730,5,2,7,2,7,116,BOULEVARD DE L AMIRAL BR,,,,750
201300053984,13,1,13,1935,5,2,7,2,6,116,AVENUE DE VERSAILLES,,,,750
201300053985,13,1,14,140,5,2,2,1,7,116,"45, AVENUE GEORGES MANDE",,,,750
201300053986,13,1,14,1945,5,2,1,4,6,116,"19, RUE BOISSIERE",,,,750
201300053987,13,1,16,850,1,2,7,9,6,116,"5118, AVENUE KLEBER",,,,750
201300053988,13,1,16,1900,5,2,1,1,7,116,AVENUE KLEBER,,,,750
201300053989,13,1,17,1520,1,2,1,1,2,116,"inconnue, BOULEVARD PERI",,,,750
201300053990,13,1,18,125,5,2,2,1,4,116,PORTE DE SAINT CLOUD,,,,750
201300053991,13,1,19,255,3,2,2,4,6,116,ECHANGEUR MUETTE,,,,750
201300053992,13,1,18,2000,5,2,1,4,2,116,ALLEE DE LONGCHAMP,,,,750
201300053993,13,1,16,1355,1,2,7,1,6,116,"01, PLACE DU TROCADERO",,,,750
201300053994,13,1,23,1045,1,2,5,1,6,116,"62, AVENUE THEOPHILE GAU",,,,750
201300053995,13,1,23,2315,5,2,4,2,6,117,RUE DU CAPORAL PEUGEOT,,,,750
201300053996,13,1,25,855,1,2,7,1,2,116,"1, AVENUE RAYMOND POINCA",,,,750
201300053997,13,1,25,1630,1,2,7,1,3,116,PLACE DU TROCADERO,,,,750
201300053998,13,1,27,1100,1,2,2,2,6,116,RUE LARGILLIERE,,,,750
201300053999,13,1,27,1155,1,2,7,8,6,116,PLACE TATTEGRAIN,,,,750
201300054000,13,1,28,1500,1,2,3,1,7,116,"44, AVENUE VICTOR HUGO",,,,750
201300054001,13,1,28,2210,5,2,7,2,6,116,"43, AVENUE DE LA GRANDE",,,,750
201300054002,13,1,29,945,1,2,1,2,3,116,QUAI SAINT EXUPERY,,,,750
201300054003,13,1,29,1801,5,2,1,2,7,116,"65, AVENUE DE LA GRANDE",,,,750
201300054004,13,1,29,2150,5,2,7,1,3,116,PLACE CHARLES DE GAULLE,,,,750
201300054005,13,2,1,930,1,2,1,1,2,116,AVENUE EDOUARD VAILLANT,,,,750
201300054006,13,2,1,1315,1,2,7,8,3,116,PLACE DU MARECHAL DE LAT,,,,750
201300054007,13,2,2,1715,1,2,1,2,3,116,ROUTE DE LA PTE DES SABL,,,,750
201300054008,13,2,2,510,5,2,4,1,6,116,AVENUE EDOUARD VAILLANT,,,,750
201300054009,13,2,3,2120,5,2,3,3,6,116,BOULEVARD DE BEAUSEJOUR,,,,750
201300054010,13,2,3,2145,5,2,1,3,3,116,ALLEE DE LA REINE MARGUE,,,,750
201300054011,13,2,5,1315,1,2,4,1,6,116,ROUTE DES MOULINS,,,,750
201300054012,13,2,6,1035,1,2,7,1,2,116,"2, AVENUE VICTOR HUGO",,,,750
201300054013,13,2,7,1915,3,2,1,1,6,116,"49, BOULEVARD DE BEAUSEJ",,,,750
201300054014,13,2,8,145,5,2,1,2,1,116,AVENUE KLEBER,,,,750
201300054015,13,2,8,1145,1,2,7,1,3,116,"6, PLACE D IENA",,,,750
201300054016,13,2,9,1200,1,2,7,2,6,116,"2, RUE BOIS LE VENT",,,,750
201300054017,13,2,9,1700,1,2,1,1,3,116,"119, AVENUE DE VERSAILLE",,,,750
201300054018,13,2,14,1845,5,2,1,2,6,116,"23, BOULEVARD SUCHET",,,,750
201300054019,13,2,14,1945,5,2,2,8,3,116,BOULEVARD MURAT,,,,750
201300054020,13,2,15,1440,1,2,7,1,6,116,ROUTE DE LA MUETTE A NEU,,,,750
201300054021,13,2,18,2230,5,2,2,1,2,116,AVENUE RAYMOND POINCARE,,,,750
201300054022,13,2,20,1030,1,2,1,1,2,116,"132, AVENUE VICTOR HUGO",,,,750
201300054023,13,2,20,1735,2,2,1,1,6,116,PLACE DE LA PORTE MAILLO,,,,750
201300054024,13,2,20,1850,5,2,1,1,2,116,PLACE D AUTEUIL,,,,750
201300054025,13,2,21,1230,1,2,1,1,2,116,"36, AVENUE RAYMOND POINC",,,,750
201300054026,13,2,18,2320,5,2,7,1,3,116,PLACE CHARLES DE GAULLE,,,,750
201300054027,13,2,22,910,1,2,1,4,7,116,ROUTE DE LA PTE DES SABL,,,,750
201300054028,13,2,22,1830,5,2,2,1,6,116,"25, AVENUE PAUL DOUMER",,,,750
201300054029,13,2,25,1815,5,2,4,4,6,116,"61, AVENUE GEORGES MANDE",,,,750
201300054030,13,2,27,845,1,2,2,1,6,116,AVENUE FOCH,,,,750
201300054031,13,2,27,1940,5,2,1,2,7,116,RUE HENRY DE LA VAULX,,,,750
201300054032,13,2,27,2045,5,2,2,2,6,116,ALLEE DE LONGCHAMP,,,,750
201300054033,13,2,28,1850,5,2,1,1,6,116,ALLEE DU BORD DE L EAU,,,,750
201300054034,13,3,1,1720,1,2,1,1,6,116,"13, RUE DES BELLES FEUIL",,,,750
201300054035,13,3,4,1540,1,2,3,1,2,116,RUE POUSSIN,,,,750
201300054036,13,3,6,250,5,2,1,1,6,116,ROUTE DE LA PTE DAUPHINE,,,,750
201300054037,13,3,6,1855,5,2,1,2,6,116,"38, AVENUE DE VERSAILLES",,,,750
201300054038,13,3,6,2150,5,2,2,1,2,116,"50, AVENUE FOCH",,,,750
201300054039,13,3,6,2220,5,2,2,1,6,116,"39, RUE MOLITOR",,,,750
201300054040,13,3,7,1730,1,2,1,1,6,116,"9 bis, BOULEVARD MURAT",,,,750
201300054041,13,3,8,900,1,2,4,1,3,116,"190, AVENUE DE VERSAILLE",,,,750
201300054042,13,3,9,1955,5,2,2,1,2,116,AVENUE FERDINAND BUISSON,,,,750
201300054043,13,3,9,2030,5,2,1,1,6,116,"50, QUAI LOUIS BLERIOT",,,,750
201300054044,13,3,10,1905,3,2,1,1,7,116,"32, RUE AMIRAL HAMELIN",,,,750
201300054045,13,3,11,1120,1,2,1,1,2,116,"173, AVENUE VICTOR HUGO",,,,750
201300054046,13,3,13,1815,2,2,4,1,6,116,"61, RUE D AUTEUIL",,,,750
201300054047,13,3,14,915,1,2,3,1,7,116,AVENUE DE LA PORTE D AUT,,,,750
201300054048,13,3,14,1430,1,2,2,1,3,116,"39, AVENUE MARCEAU",,,,750
201300054049,13,3,15,1305,1,2,1,1,6,116,"48, AVENUE RAYMOND POINC",,,,750
201300054050,13,3,15,1905,2,2,7,1,1,116,PLACE DE VARSOVIE,,,,750
201300054051,13,3,16,210,5,2,2,1,6,116,BOULEVARD SUCHET,,,,750
201300054052,13,3,18,1100,1,2,2,1,3,108,PLACE DE L ALMA,,,,750
201300054053,13,3,18,1730,1,2,1,1,6,116,AVENUE DE NEW YORK,,,,750
201300054054,13,3,18,1745,1,2,1,1,3,116,ALLEE DU BORD DE L EAU,,,,750
201300054055,13,3,18,2210,5,2,7,3,6,116,AVENUE RAYMOND POINCARE,,,,750
201300054056,13,3,19,1930,2,2,1,3,7,116,"43, AVENUE BUGEAUD",,,,750
201300054057,13,3,20,2040,5,2,7,1,3,116,PLACE DU MARECHAL DE LAT,,,,750
201300054058,13,3,21,2000,5,2,1,2,6,116,BOULEVARD PERIPHERIQUE,,,,750
201300054059,13,3,21,2100,5,2,7,2,5,116,"1, AVENUE DE LA GRANDE A",,,,750
201300054060,13,3,23,1035,1,2,1,1,1,116,"15, RUE BOISSIERE",,,,750
201300054061,13,3,24,1330,1,2,3,1,2,116,AVENUE GEORGES MANDEL,,,,750
201300054062,13,3,25,925,1,2,1,1,6,116,"15, AVENUE D IENA",,,,750
201300054063,13,3,26,1700,1,2,1,8,2,116,PLACE DE LA PORTE MAILLO,,,,750
201300054064,13,3,27,850,1,2,1,1,6,116,"4, RUE ALFRED BRUNEAU",,,,750
201300054065,13,3,27,1510,1,2,1,1,3,116,"110, AVENUE KLEBER",,,,750
201300054066,13,3,28,830,1,2,3,8,3,116,"35, RUE JEAN DE LA FONTA",,,,750
201300054067,13,3,29,2200,5,2,2,1,6,116,AVENUE EDOUARD VAILLANT,,,,750
201300054068,13,3,30,1345,1,2,1,1,6,116,"88, RUE DE LONGCHAMP",,,,750
201300054069,13,4,2,910,1,2,1,1,3,116,"71, AVENUE KLEBER",,,,750
201300054070,13,4,2,2010,1,2,1,1,7,116,ROUTE DE SEVRES A NEUILL,,,,750
201300054071,13,4,4,2240,5,2,4,1,3,116,ALLEE DE LONGCHAMP,,,,750
201300054072,13,4,5,1500,1,2,4,1,6,116,"61, BOULEVARD DE BEAUSEJ",,,,750
201300054073,13,4,7,1120,1,2,3,1,6,116,"25, RUE RAYNOUARD",,,,750
201300054074,13,4,5,2120,5,2,2,1,3,116,RUE DE BOULAINVILLIERS,,,,750
201300054075,13,4,9,945,1,2,3,2,1,116,ALLEE DE LA REINE MARGUE,,,,750
201300054076,13,4,10,1320,1,2,1,3,4,116,BOULEVARD PERIPHERIQUE I,,,,750
201300054077,13,4,10,2210,5,2,7,3,3,116,PLACE DE LA PORTE DE SAI,,,,750
201300054078,13,4,11,1015,1,2,7,1,2,116,"21, AVENUE DU PRESIDENT",,,,750
201300054079,13,4,14,1830,1,2,1,1,2,116,AVENUE DE L HIPPODROME,,,,750
201300054080,13,4,15,1150,1,2,2,1,4,116,AVENUE DU MAHATMA GANDHI,,,,750
201300054081,13,4,18,1815,1,2,7,1,6,116,"56, AVENUE D IENA",,,,750
201300054082,13,4,19,1855,1,2,4,2,3,116,"17, CHAUSSEE LA MUETTE",,,,750
201300054083,13,4,21,1725,1,2,1,1,6,116,ROUTE DE LA MUETTE A NEU,,,,750
201300054084,13,4,21,2035,2,2,4,1,6,116,ALLEE DU BORD DE L EAU,,,,750
201300054085,13,4,22,240,5,2,1,1,6,116,ALLEE DE LA REINE MARGUE,,,,750
201300054086,13,4,22,1950,1,2,1,1,3,116,ROUTE DE SURESNES,,,,750
201300054087,13,4,24,2344,5,2,1,1,6,116,"125, AVENUE DE VERSAILLE",,,,750
201300054088,13,4,25,1730,1,2,1,1,3,116,ALLEE DE LA REINE MARGUE,,,,750
201300054089,13,4,25,2000,1,2,1,1,3,116,ROUTE DES TRIBUNES,,,,750
201300054090,13,4,26,605,2,2,5,1,3,116,ROUTE DES LACS A PASSY,,,,750
201300054091,13,4,26,1137,1,2,1,1,3,116,"101, BOULEVARD MURAT",,,,750
201300054092,13,4,26,1210,1,2,4,1,6,116,"97, AVENUE RAYMOND POINC",,,,750
201300054093,13,4,27,1000,1,2,1,1,6,116,"88, AVENUE PAUL DOUMER",,,,750
201300054094,13,4,27,2005,2,2,1,1,6,116,"7bis, RUE DE BOULAINVILL",,,,750
201300054095,13,4,28,40,5,2,1,1,3,116,ALLEE DE LA REINE MARGUE,,,,750
201300054096,13,4,29,1505,1,2,2,1,6,116,"55, RUE MOLITOR",,,,750
201300054097,13,4,30,2330,5,2,5,2,7,116,CHAUSSEE LA MUETTE,,,,750
201300054098,13,5,2,745,1,2,1,1,6,116,"16, AVENUE DU PRESIDENT",,,,750
201300054099,13,5,4,1515,1,2,7,1,2,116,"09, PLACE VICTOR HUGO",,,,750
201300054100,13,5,4,1855,1,2,1,1,6,116,"13, RUE GROS",,,,750
201300054101,13,5,5,300,5,2,7,1,3,116,PLACE CLEMENT ADER,,,,750
201300054102,13,5,6,1305,1,2,5,2,6,116,"36, AVENUE DU PRESIDENT",,,,750
201300054103,13,5,6,1510,1,2,2,1,3,116,ROUTE DE LA PTE DES SABL,,,,750
201300054104,13,5,6,1710,1,2,2,1,3,116,RUE FELICIEN DAVID,,,,750
201300054105,13,5,8,1850,1,2,1,1,6,116,AVENUE DE L HIPPODROME,,,,750
201300054106,13,5,9,245,5,2,1,1,6,116,"131, RUE MICHEL ANGE",,,,750
201300054107,13,5,11,1200,1,2,1,1,3,116,"11/13, RUE DE BOULAINVIL",,,,750
201300054108,13,5,12,450,5,2,1,1,3,116,ALLEE DE LONGCHAMP,,,,750
201300054109,13,5,13,940,1,2,3,1,6,116,"25, RUE DE LONGCHAMP",,,,750
201300054110,13,5,14,1350,1,2,1,1,3,116,"60, BOULEVARD EMILE AUGI",,,,750
201300054111,13,5,15,1025,1,2,1,1,2,116,"2, ROUTE DES TRIBUNES",,,,750
201300054112,13,5,15,1833,1,2,1,1,4,116,"213, AVENUE DE VERSAILLE",,,,750
201300054113,13,5,16,830,1,2,3,8,2,116,"02, BOULEVARD DELESSERT",,,,750
201300054114,13,5,17,955,1,2,3,1,5,116,RUE LARGILLIERE,,,,750
201300054115,13,5,17,810,1,2,7,1,3,116,"4, AVENUE DE VERSAILLES",,,,750
201300054116,13,5,17,1300,1,2,1,1,4,116,BOULEVARD PERIPHERIQUE,,,,750
201300054117,13,5,17,1505,1,2,1,1,4,116,"76, RUE DE LA POMPE",,,,750
201300054118,13,5,17,1915,1,2,1,1,7,116,"74, AVENUE FOCH",,,,750
201300054119,13,5,18,1520,1,2,1,1,6,116,ALLEE DES FORTIFICATIONS,,,,750
201300054120,13,5,21,20,5,2,3,2,3,116,"9, BOULEVARD LANNES",,,,750
201300054121,13,5,21,943,1,2,3,2,2,116,"65, BOULEVARD LANNES",,,,750
201300054122,13,5,22,1145,1,2,4,1,3,116,"6, AVENUE GEORGES MANDEL",,,,750
201300054123,13,5,23,1845,1,2,2,8,6,116,"59, AVENUE KLEBER",,,,750
201300054124,13,5,23,1730,1,2,1,2,3,116,ALLEE DE LA REINE MARGUE,,,,750
201300054125,13,5,23,2000,1,2,7,2,2,116,PLACE DE LA PORTE DE SAI,,,,750
201300054126,13,5,24,1829,1,2,1,1,2,116,BOULEVARD DE L AMIRAL BR,,,,750
201300054127,13,5,27,1000,1,2,2,1,1,116,ALLEE DE LA REINE MARGUE,,,,750
201300054128,13,5,27,1240,1,2,1,1,2,116,"8, AVENUE DU PRESIDENT W",,,,750
201300054129,13,5,27,1410,1,2,1,1,6,116,"21, AVENUE DU PRESIDENT",,,,750
201300054130,13,5,28,830,1,2,4,8,7,116,"37, BOULEVARD MURAT",,,,750
201300054131,13,5,28,1300,1,2,7,2,2,116,"980, AVENUE D IENA",,,,750
201300054132,13,5,29,1300,1,2,1,1,6,116,AVENUE DES NATIONS UNIES,,,,750
201300054133,13,5,30,535,2,2,2,3,6,116,BOULEVARD MURAT,,,,750
201300054134,13,5,30,1215,1,2,1,2,6,116,"88, AVENUE KLEBER",,,,750
201300054135,13,5,31,915,1,2,2,1,1,116,"1, RUE LARGILLIERE",,,,750
201300054136,13,5,31,1010,1,2,2,8,6,116,RUE RAFFET,,,,750
201300054137,13,6,2,1500,1,2,4,1,2,116,"32, AVENUE RAYMOND POINC",,,,750
201300054138,13,6,3,920,1,2,1,1,2,116,"83, AVENUE MARCEAU",,,,750
201300054139,13,6,3,1430,1,2,7,1,3,116,PLACE DU MARECHAL DE LAT,,,,750
201300054140,13,6,4,1350,1,2,5,1,3,116,"32, BOULEVARD EMILE AUGI",,,,750
201300054141,13,6,5,1640,1,2,2,7,6,116,ALLEE DE LONGCHAMP,,,,750
201300054142,13,6,5,1735,1,2,7,1,3,116,PLACE CHARLES DE GAULLE,,,,750
201300054143,13,6,5,1350,1,2,3,1,3,116,"55, BOULEVARD SUCHET",,,,750
201300054144,13,6,6,1440,1,2,4,1,3,116,"4, AVENUE DU PRESIDENT K",,,,750
201300054145,13,6,6,1750,1,2,1,1,3,116,"100, AVENUE RAYMOND POIN",,,,750
201300054146,13,6,6,2230,5,2,3,1,3,116,ALLEE DU BORD DE L EAU,,,,750
201300054147,13,6,7,900,1,2,1,1,6,116,"XVI-9497, ROUTE DE SURES",,,,750
201300054148,13,6,7,1625,1,2,2,1,6,116,"44, BOULEVARD SUCHET",,,,750
201300054149,13,6,7,1910,1,2,5,1,3,116,"21, BOULEVARD EXELMANS",,,,750
201300054150,13,6,7,1930,1,2,1,1,2,116,"47, RUE D AUTEUIL",,,,750
201300054151,13,6,8,1540,1,2,1,1,3,116,"12, QUAI SAINT EXUPERY",,,,750
201300054152,13,6,8,1820,1,2,4,1,3,116,"XVI-9466, ROUTE DES TRIB",,,,750
201300054153,13,6,8,1915,1,2,2,1,6,116,"67, RUE LAURISTON",,,,750
201300054154,13,6,10,1520,1,2,7,1,6,117,"23, AVENUE DE NEUILLY",,,,750
201300054155,13,6,10,1850,1,2,1,1,3,116,"4, AVENUE RAYMOND POINCA",,,,750
201300054156,13,6,10,2040,1,2,5,1,3,116,"1, AVENUE MOZART",,,,750
201300054157,13,6,13,1225,1,2,7,2,7,116,RUE DE BOULAINVILLIERS,,,,750
201300054158,13,6,13,1750,1,2,7,1,6,116,"182, AVENUE DE VERSAILLE",,,,750
201300054159,13,6,14,5,5,2,1,1,3,107,PONT D IENA,,,,750
201300054160,13,6,13,1300,1,2,1,2,6,116,CHEMIN DE CEINTURE DU LA,,,,750
201300054161,13,6,14,1825,1,2,7,1,3,116,"89, AVENUE DE LA GRANDE",,,,750
201300054162,13,6,16,15,5,2,1,1,7,116,ALLEE DU BORD DE L EAU,,,,750
201300054163,13,6,16,550,1,2,2,1,6,116,AVENUE RAYMOND POINCARE,,,,750
201300054164,13,6,17,1200,1,2,1,1,6,116,"9, AVENUE DE LA GRANDE A",,,,750
201300054165,13,6,17,1400,1,2,2,1,6,116,"76, RUE D AUTEUIL",,,,750
201300054166,13,6,18,1600,1,2,5,1,6,116,"02, RUE POUSSIN",,,,750
201300054167,13,6,19,1840,1,2,1,8,6,116,"28, RUE MOLITOR",,,,750
201300054168,13,6,19,1750,1,2,7,3,7,116,PLACE DE VARSOVIE,,,,750
201300054169,13,6,19,1730,1,2,1,2,7,116,ALLEE DE LA REINE MARGUE,,,,750
201300054170,13,6,20,2100,2,2,1,8,2,116,"1, RUE PERGOLESE",,,,750
201300054171,13,6,21,300,5,2,1,2,7,116,"01, PLACE CLAUDE FRANCOI",,,,750
201300054172,13,6,20,1350,1,2,5,1,6,116,"21, AVENUE DU PRESIDENT",,,,750
201300054173,13,6,21,1705,1,2,7,1,2,116,"3, PLACE VICTOR HUGO",,,,750
201300054174,13,6,22,406,5,2,1,1,6,116,"4, AVENUE RAPHAEL",,,,750
201300054175,13,6,23,1340,1,2,7,8,6,116,"1, PLACE DE MEXICO",,,,750
201300054176,13,6,24,1550,1,2,1,1,2,116,AVENUE DU MAHATMA GANDHI,,,,750
201300054177,13,6,25,1045,1,2,7,1,2,116,"61, AVENUE DE LA GRANDE",,,,750
201300054178,13,6,26,1300,1,2,1,1,2,116,ROUTE D AUTEUIL AUX LACS,,,,750
201300054179,13,6,26,1950,1,2,1,1,7,116,"12, QUAI SAINT EXUPERY",,,,750
201300054180,13,6,27,925,1,2,1,2,7,116,BOULEVARD LANNES,,,,750
201300054181,13,6,27,1300,1,2,1,1,4,116,AVENUE DE NEW YORK,,,,750
201300054182,13,6,27,1715,1,2,1,1,2,116,ROUTE DE SEVRES A NEUILL,,,,750
201300054183,13,6,27,2020,2,2,3,1,2,116,"50, RUE D AUTEUIL",,,,750
201300054184,13,6,29,1816,1,2,1,1,5,116,ROUTE DE SEVRES A NEUILL,,,,750
201300054185,13,6,30,1050,1,2,4,1,6,116,ROUTE DE SEVRES A NEUILL,,,,750
201300054186,13,6,30,1640,1,2,1,1,6,116,"60, AVENUE DE NEW YORK",,,,750
201300054187,13,7,1,945,1,2,1,1,6,116,ROUTE DES TRIBUNES,,,,750
201300054188,13,7,2,1530,1,2,1,1,3,116,"9, AVENUE DE LA GRANDE A",,,,750
201300054189,13,7,2,1920,1,2,5,1,3,116,ALLEE DE LA REINE MARGUE,,,,750
201300054190,13,7,4,120,5,2,1,1,6,116,ALLEE DE LONGCHAMP,,,,750
201300054191,13,7,4,900,1,2,7,1,3,117,PLACE DE LA PORTE MAILLO,,,,750
201300054192,13,7,4,1915,1,2,4,1,3,116,ROUTE DE SURESNES,,,,750
201300054193,13,7,5,1740,1,2,1,1,2,116,"44, AVENUE DU PRESIDENT",,,,750
201300054194,13,7,6,1420,1,2,3,1,6,116,"52, RUE SAINT DIDIER",,,,750