Num_Acc,an,mois,jour,hrmn,lum,agg,int,atm,col,com,adr,gps,lat,long,dep
201300054195,13,7,8,1655,1,2,5,1,2,116,"54, AVENUE KLEBER",,,,750
201300054196,13,7,10,1400,1,2,5,1,6,116,ROUTE DE SURESNES,,,,750
201300054197,13,7,10,2340,5,2,4,1,3,116,"97, AVENUE RAYMOND POINC",,,,750
201300054198,13,7,11,640,1,2,1,1,3,116,ROUTE DE SURESNES,,,,750
201300054199,13,7,11,1300,1,2,3,1,2,116,"152, AVENUE DE MALAKOFF",,,,750
201300054200,13,7,11,1610,1,2,5,1,6,116,"23, RUE DE LUBECK",,,,750
201300054201,13,7,11,1735,1,2,1,1,6,116,BOULEVARD PERIPHERIQUE,,,,750
201300054202,13,7,12,1515,1,2,2,1,3,116,ROUTE DE SEVRES A NEUILL,,,,750
201300054203,13,7,13,2300,5,2,2,1,3,116,ALLEE DE LONGCHAMP,,,,750
201300054204,13,7,10,2045,1,2,1,1,6,116,ROUTE DE SEVRES A NEUILL,,,,750
201300054205,13,7,13,755,1,2,2,1,6,116,"5, AVENUE THEOPHILE GAUT",,,,750
201300054206,13,7,13,2030,2,2,1,1,4,117,"32, AVENUE DE LA GRANDE",,,,750
201300054207,13,7,14,105,5,2,1,1,4,116,PORTE MAILLOT,,,,750
201300054208,13,7,14,1210,1,2,1,1,3,116,ROUTE D AUTEUIL AUX LACS,,,,750
201300054209,13,7,15,130,5,2,1,1,3,116,ALLEE DE LA REINE MARGUE,,,,750
201300054210,13,7,15,245,5,2,2,1,6,116,ROUTE DE SEVRES A NEUILL,,,,750
201300054211,13,7,16,1820,1,2,7,1,3,116,PLACE DE LA PORTE DE SAI,,,,750
201300054212,13,7,18,24,5,2,7,1,3,116,PLACE CHOPIN,,,,750
201300054213,13,7,18,1145,1,2,2,1,3,116,ALLEE DE LONGCHAMP,,,,750
201300054214,13,7,18,1425,1,2,5,1,3,116,"46, AVENUE DU PRESIDENT",,,,750
201300054215,13,7,18,2310,5,2,5,1,3,116,ALLEE DES FORTIFICATIONS,,,,750
201300054216,13,7,19,1200,1,2,4,1,2,116,ROUTE DES TRIBUNES,,,,750
201300054217,13,7,20,250,5,2,1,1,6,116,ALLEE DE LA REINE MARGUE,,,,750
201300054218,13,7,20,1425,1,2,1,1,6,116,CHEMIN DE CEINTURE DU LA,,,,750
201300054219,13,7,20,1700,1,2,2,1,6,116,"31, RUE JEAN DE LA FONTA",,,,750
201300054220,13,7,20,1905,1,2,1,1,7,116,"2, AVENUE DE LA PORTE DE",,,,750
201300054221,13,7,21,1615,1,2,5,1,3,116,AVENUE DU PRESIDENT WILS,,,,750
201300054222,13,7,22,1235,1,2,7,1,2,116,"80, AVENUE VICTOR HUGO",,,,750
201300054223,13,7,22,2135,1,2,1,1,6,116,"23, AVENUE DU PARC DES P",,,,750
201300054224,13,7,24,735,1,2,1,1,2,116,AVENUE DE L HIPPODROME,,,,750
201300054225,13,7,24,2130,2,2,1,1,6,116,"17, RUE BOISSIERE",,,,750
201300054226,13,7,25,2205,5,2,1,1,6,116,"67, RUE NICOLO",,,,750
201300054227,13,7,26,1435,1,2,1,1,7,116,AVENUE DU PRESIDENT WILS,,,,750
201300054228,13,7,31,1855,1,2,3,1,3,116,BOULEVARD MURAT,,,,750
201300054229,13,7,31,2040,1,2,1,1,3,116,PORTE DE PASSY,,,,750
201300054230,13,8,2,505,5,2,5,1,6,116,"104, AVENUE DU PRESIDENT",,,,750
201300054231,13,7,30,2100,2,2,2,1,6,116,"36, METRO MICHEL ANGE MO",,,,750
201300054232,13,8,1,1700,1,2,1,1,6,116,"47, AVENUE GEORGES MANDE",,,,750
201300054233,13,8,4,1616,1,2,2,1,3,116,"3, AVENUE KLEBER",,,,750
201300054234,13,8,5,1005,1,2,1,1,2,116,"100, AVENUE DU PRESIDENT",,,,750
201300054235,13,8,5,2230,5,2,7,1,2,116,PLACE CHARLES DE GAULLE,,,,750
201300054236,13,8,7,1455,1,2,5,1,3,116,AVENUE MOZART,,,,750
201300054237,13,8,8,930,1,2,2,1,3,116,ALLEE DE LA REINE MARGUE,,,,750
201300054238,13,8,10,1150,1,2,3,1,2,116,AVENUE FOCH,,,,750
201300054239,13,8,10,1710,1,2,1,1,7,116,AVENUE DU PRESIDENT KENN,,,,750
201300054240,13,8,10,1930,1,2,3,1,3,116,"59, AVENUE DE VERSAILLES",,,,750
201300054241,13,8,12,1840,1,2,1,7,4,116,ROUTE DE SEVRES A NEUILL,,,,750
201300054242,13,8,13,1400,1,2,1,1,6,116,RUE HENRY DE LA VAULX,,,,750
201300054243,13,8,16,105,5,2,1,1,6,116,ALLEE DE LA REINE MARGUE,,,,750
201300054244,13,8,18,1730,1,2,1,1,6,116,ALLEE DU BORD DE L EAU,,,,750
201300054245,13,8,20,1715,1,2,4,1,2,116,ALLEE DE LONGCHAMP,,,,750
201300054246,13,8,22,1730,1,2,7,1,7,116,PLACE DU MARECHAL DE LAT,,,,750
201300054247,13,8,23,1210,1,2,1,1,7,116,ROUTE DES TRIBUNES,,,,750
201300054248,13,8,26,900,1,2,7,8,2,116,AVENUE FOCH,,,,750
201300054249,13,8,26,1800,1,2,3,1,6,116,"1, RUE DE L AMIRAL CLOUE",,,,750
201300054250,13,8,27,40,5,2,1,1,7,116,"18, RUE CORTAMBERT",,,,750
201300054251,13,8,27,1850,1,2,1,1,6,116,ROUTE DES TRIBUNES,,,,750
201300054252,13,8,29,1000,1,2,5,1,3,116,"39, AVENUE KLEBER",,,,750
201300054253,13,8,29,910,1,2,1,1,3,116,BOULEVARD PERIPHERIQUE,,,,750
201300054254,13,8,30,1715,1,2,5,1,6,116,"31, RUE DE L ASSOMPTION",,,,750
201300054255,13,8,31,1630,1,2,3,1,1,116,"142, AVENUE DE VERSAILLE",,,,750
201300054256,13,8,31,1230,1,2,3,1,2,116,AVENUE GEORGES MANDEL,,,,750
201300054257,13,9,2,920,1,2,7,1,7,116,"59, PLACE DE BARCELONE",,,,750
201300054258,13,9,2,645,2,2,1,1,6,116,ROUTE DE LA PTE DAUPHINE,,,,750
201300054259,13,9,2,1025,1,2,2,1,6,116,"56, AVENUE MOZART",,,,750
201300054260,13,9,2,1050,1,2,1,1,6,116,"110, AVENUE RAYMOND POIN",,,,750
201300054261,13,9,2,1420,1,2,1,1,3,116,"80, RUE DE LA TOUR",,,,750
201300054262,13,9,2,1610,1,2,7,1,6,116,PLACE DE LA PORTE DE SAI,,,,750
201300054263,13,9,2,1915,1,2,1,1,7,116,AVENUE DU PRESIDENT KENN,,,,750
201300054264,13,9,2,1845,1,2,1,1,6,116,"90, AVENUE D IENA",,,,750
201300054265,13,9,3,1510,1,2,1,1,6,116,"15, AVENUE PAUL DOUMER",,,,750
201300054266,13,9,4,1145,1,2,1,1,3,117,"98, AVENUE DE VILLIERS",,,,750
201300054267,13,9,4,1600,1,2,2,1,6,116,"24, AVENUE DE NEW YORK",,,,750
201300054268,13,9,5,1220,1,2,1,1,2,116,"32, AVENUE GEORGES MANDE",,,,750
201300054269,13,9,5,1945,1,2,5,1,3,116,AVENUE DE NEUILLY,,,,750
201300054270,13,9,6,950,1,2,1,8,7,116,"57, AVENUE DE LA GRANDE",,,,750
201300054271,13,9,6,1020,1,2,5,3,7,116,ALLEE DE LA REINE MARGUE,,,,750
201300054272,13,9,6,1120,1,2,2,3,6,116,"59, AVENUE THEOPHILE GAU",,,,750
201300054273,13,9,6,1200,1,2,3,1,3,116,"152, AVENUE DE MALAKOFF",,,,750
201300054274,13,9,6,1300,1,2,7,2,7,116,"89, AVENUE DE LA GRANDE",,,,750
201300054275,13,9,9,833,1,2,2,1,3,116,AVENUE DE VERSAILLES,,,,750
201300054276,13,9,9,1435,1,2,1,2,7,116,"32, RUE POUSSIN",,,,750
201300054277,13,9,9,1745,1,2,2,2,7,116,ALLEE DE LA REINE MARGUE,,,,750
201300054278,13,9,10,910,1,2,2,1,6,116,RUE DES VIGNES,,,,750
201300054279,13,9,10,1500,1,2,1,2,6,116,"420, AVENUE DE NEW YORK",,,,750
201300054280,13,9,11,2300,5,2,4,1,6,116,"55, AVENUE KLEBER",,,,750
201300054281,13,9,12,834,1,2,5,1,6,116,AVENUE FOCH,,,,750
201300054282,13,9,12,1850,1,2,5,8,2,116,"193, AVENUE DE VERSAILLE",,,,750
201300054283,13,9,13,1300,1,2,2,1,6,116,BOULEVARD EXELMANS,,,,750
201300054284,13,9,13,1710,1,2,3,2,7,116,ALLEE DU BORD DE L EAU,,,,750
201300054285,13,9,14,455,5,2,2,1,6,116,ALLEE DE LA REINE MARGUE,,,,750
201300054286,13,9,14,1135,1,2,1,2,6,116,"65, AVENUE FOCH",,,,750
201300054287,13,9,14,530,5,2,5,2,7,117,"223, RUE DE COURCELLES",,,,750
201300054288,13,9,15,1100,1,2,3,1,3,116,"23, RUE BENJAMIN FRANKLI",,,,750
201300054289,13,9,15,1145,1,2,1,1,6,116,ROUTE DES TRIBUNES,,,,750
201300054290,13,9,15,1155,1,2,1,1,6,116,ROUTE DE LA MUETTE A NEU,,,,750
201300054291,13,9,16,1815,1,2,1,2,4,116,BOULEVARD PERIPHERIQUE I,,,,750
201300054292,13,9,16,1300,1,2,3,8,6,116,"17, AVENUE KLEBER",,,,750
201300054293,13,9,17,745,1,2,1,2,2,116,"13, BOULEVARD LANNES",,,,750
201300054294,13,9,13,1330,1,2,2,2,7,116,RUE WILHEM,,,,750
201300054295,13,9,17,1500,1,2,1,1,6,116,AVENUE DE NEW YORK,,,,750
201300054296,13,9,17,2225,5,2,5,2,2,116,BOULEVARD DE L AMIRAL BR,,,,750
201300054297,13,9,19,930,1,2,1,1,4,116,AVENUE EDOUARD VAILLANT,,,,750
201300054298,13,9,19,1300,1,2,1,1,6,116,ALLEE JEAN SABLON,,,,750
201300054299,13,9,20,1040,1,2,5,1,3,116,"1, ROUTE DES TRIBUNES",,,,750
201300054300,13,9,20,1350,1,2,7,1,3,116,AVENUE D IENA,,,,750
201300054301,13,9,18,1610,1,2,2,1,7,116,AVENUE DU PRESIDENT KENN,,,,750
201300054302,13,9,22,1020,1,2,1,1,3,116,"50, RUE JEAN DE LA FONTA",,,,750
201300054303,13,9,22,2300,5,2,3,1,3,116,BOULEVARD SUCHET,,,,750
201300054304,13,9,20,2100,5,2,1,1,3,116,ALLEE DE LA REINE MARGUE,,,,750
201300054305,13,9,23,1000,1,2,1,1,4,116,"1, PORTE D AUTEUIL",,,,750
201300054306,13,9,23,1530,1,2,7,1,3,116,"1, AVENUE DE L HIPPODROM",,,,750
201300054307,13,9,23,1935,2,2,4,1,3,116,"42, RUE DE BOULAINVILLIE",,,,750
201300054308,13,9,23,845,1,2,2,1,3,116,BOULEVARD SUCHET,,,,750
201300054309,13,9,23,1325,1,2,1,1,6,116,"88, AVENUE KLEBER",,,,750
201300054310,13,9,23,1300,1,2,7,1,6,116,"3, AVENUE DU GENERAL SAR",,,,750
201300054311,13,9,24,1715,1,2,7,1,6,116,"4, PLACE DU TROCADERO",,,,750
201300054312,13,9,25,1530,1,2,1,1,7,116,"35, RUE MIRABEAU",,,,750
201300054313,13,9,25,2000,5,2,1,1,2,116,"58, AVENUE DE VERSAILLES",,,,750
201300054314,13,9,26,50,5,2,3,2,6,116,"18, AVENUE DU PRESIDENT",,,,750
201300054315,13,9,27,1035,1,2,1,1,2,116,ROUTE DE SURESNES,,,,750
201300054316,13,9,27,1555,1,2,3,1,6,116,BOULEVARD LANNES,,,,750
201300054317,13,9,27,1855,1,2,1,1,2,116,"110, AVENUE RAYMOND POIN",,,,750
201300054318,13,9,27,1650,1,2,4,1,3,116,AVENUE DE LA PORTE MOLIT,,,,750
201300054319,13,9,28,910,1,2,1,1,7,116,AVENUE DE SAINT CLOUD,,,,750
201300054320,13,9,29,10,5,2,3,2,3,116,"87, BOULEVARD EXELMANS",,,,750
201300054321,13,9,29,30,5,2,1,2,6,116,ALLEE DE LONGCHAMP,,,,750
201300054322,13,9,29,1735,1,2,7,1,3,116,PLACE DU TROCADERO,,,,750
201300054323,13,9,30,315,5,2,1,1,2,116,AVENUE DE SAINT CLOUD,,,,750
201300054324,13,9,30,1300,1,2,3,1,6,116,"11, RUE GERICAULT",,,,750
201300054325,13,10,1,15,5,2,4,1,7,116,ALLEE DE LONGCHAMP,,,,750
201300054326,13,10,1,1750,1,2,7,1,2,116,AVENUE MARCEAU,,,,750
201300054327,13,10,2,1420,1,2,1,1,2,116,"83, AVENUE VICTOR HUGO",,,,750
201300054328,13,10,2,1620,1,2,1,1,3,116,"69, AVENUE RAYMOND POINC",,,,750
201300054329,13,10,2,1730,1,2,1,1,2,116,"146, RUE DE LONGCHAMP",,,,750
201300054330,13,10,2,2320,5,2,1,1,2,116,ALLEE DES FORTIFICATIONS,,,,750
201300054331,13,10,2,2350,5,2,1,1,1,116,ALLEE DE LA REINE MARGUE,,,,750
201300054332,13,10,3,855,1,2,2,1,6,117,AVENUE DE VILLIERS,,,,750
201300054333,13,10,3,950,1,2,1,1,3,116,BOULEVARD PERIPHERIQUE I,,,,750
201300054334,13,10,4,1025,1,2,1,1,6,116,"228, AVENUE DE VERSAILLE",,,,750
201300054335,13,10,4,900,1,2,4,1,4,116,ROUTE DE LA MUETTE A NEU,,,,750
201300054336,13,10,4,1655,1,2,1,1,6,116,ROUTE DE SEVRES A NEUILL,,,,750
201300054337,13,10,4,1645,1,2,1,1,7,116,"55, AVENUE DE LA GRANDE",,,,750
201300054338,13,10,5,1630,1,2,1,1,2,116,"77, RUE DE L ASSOMPTION",,,,750
201300054339,13,10,5,1300,1,2,3,1,3,116,"0, RUE SPONTINI",,,,750
201300054340,13,10,9,1500,1,2,1,2,2,116,"7, AVENUE FOCH",,,,750
201300054341,13,10,9,1535,1,2,2,2,6,116,RUE PIERRE GUERIN,,,,750
201300054342,13,10,9,1720,1,2,5,2,6,116,"120, RUE JEAN DE LA FONT",,,,750
201300054343,13,10,9,2020,5,2,7,9,3,116,"3, PLACE D IENA",,,,750
201300054344,13,10,10,1120,1,2,1,8,7,116,ROUTE DES TRIBUNES,,,,750
201300054345,13,10,9,1900,2,2,7,1,6,116,"44, AVENUE BUGEAUD",,,,750
201300054346,13,10,10,1725,1,2,3,1,6,116,"25, BOULEVARD DE L AMIRA",,,,750
201300054347,13,10,11,25,5,2,5,1,3,116,"10, RUE DE LA POMPE",,,,750
201300054348,13,10,12,1625,1,2,2,1,5,116,AVENUE PAUL DOUMER,,,,750
201300054349,13,10,15,1425,1,2,7,1,3,116,"89, AVENUE DE LA GRANDE",,,,750
201300054350,13,10,15,2140,5,2,2,1,6,116,"36, RUE MICHEL ANGE",,,,750
201300054351,13,10,16,945,1,2,1,1,2,116,ROUTE DE SEVRES A NEUILL,,,,750
201300054352,13,10,16,2030,5,2,2,2,3,116,BOULEVARD EXELMANS,,,,750
201300054353,13,10,18,25,5,2,7,1,3,116,PLACE CHARLES DE GAULLE,,,,750
201300054354,13,10,18,1305,1,2,2,1,3,116,PLACE DE COLOMBIE,,,,750
201300054355,13,10,19,1030,1,2,1,1,4,116,"0, ROUTE DES TRIBUNES",,,,750
201300054356,13,10,20,1141,1,2,3,1,3,116,"116, AVENUE DU PRESIDENT",,,,750
201300054357,13,10,20,1740,1,2,5,3,6,116,"110, BOULEVARD EXELMANS",,,,750
201300054358,13,10,21,1330,1,2,3,1,2,116,"182, QUAI LOUIS BLERIOT",,,,750
201300054359,13,10,21,1830,1,2,1,1,6,116,AVENUE PRUDHON,,,,750
201300054360,13,10,23,1230,1,2,3,1,6,116,"65, AVENUE VICTOR HUGO",,,,750
201300054361,13,10,23,1035,1,2,2,1,2,116,"27, AVENUE PIERRE 1ER DE",,,,750
201300054362,13,10,23,1250,1,2,7,1,3,116,PLACE DE LA PORTE DE SAI,,,,750
201300054363,13,10,24,954,1,2,2,1,3,116,BOULEVARD SUCHET,,,,750
201300054364,13,10,24,1155,1,2,7,1,6,116,"4, PLACE DU TROCADERO ET",,,,750
201300054365,13,10,24,1700,1,2,1,1,4,116,ALLEE DU BORD DE L EAU,,,,750
201300054366,13,10,24,1653,1,2,3,1,3,116,"21, AVENUE DE VERSAILLES",,,,750
201300054367,13,10,24,2320,5,2,2,1,6,116,ALLEE DE LONGCHAMP,,,,750
201300054368,13,10,25,1745,1,2,2,2,6,116,"32, BOULEVARD DE L AMIRA",,,,750
201300054369,13,10,27,45,5,2,1,1,3,116,ROUTE DE LA PTE DES SABL,,,,750
201300054370,13,10,27,2255,5,2,2,3,6,116,"37, BOULEVARD SUCHET",,,,750
201300054371,13,10,28,700,2,2,7,2,3,116,"1, PLACE CHARLES DE GAUL",,,,750
201300054372,13,10,28,645,2,2,7,2,2,116,PLACE CHARLES DE GAULLE,,,,750
201300054373,13,10,28,820,1,2,1,2,7,116,"68, AVENUE D IENA",,,,750
201300054374,13,10,28,1140,1,2,1,1,6,116,"205, AVENUE DE VERSAILLE",,,,750
201300054375,13,10,29,1800,2,2,4,1,2,116,BOULEVARD PERIPHERIQUE I,,,,750
201300054376,13,10,31,615,5,2,3,1,6,116,AVENUE DE LA PORTE DE SA,,,,750
201300054377,13,10,31,1030,1,2,1,1,6,116,"49, AVENUE DE LA GRANDE",,,,750
201300054378,13,10,31,1930,5,2,1,2,6,116,"13, AVENUE D EYLAU",,,,750
201300054379,13,11,1,355,5,2,7,2,6,116,"2, PLACE VICTOR HUGO",,,,750
201300054380,13,11,1,1315,1,2,3,2,3,116,"57 bis, AVENUE THEOPHILE",,,,750
201300054381,13,11,2,614,1,2,2,2,6,116,PONT DE BIR HAKEIM,,,,750
201300054382,13,11,4,840,1,2,1,8,7,116,VOIE GEORGES POMPIDOU,,,,750
201300054383,13,11,4,1505,1,2,1,1,3,116,"81, BOULEVARD SUCHET",,,,750
201300054384,13,11,4,1710,2,2,3,1,3,116,"107, AVENUE VICTOR HUGO",,,,750
201300054385,13,11,5,1030,1,2,1,2,2,117,"26, AVENUE DE LA GRANDE",,,,750
201300054386,13,11,5,1100,1,2,7,2,7,116,AVENUE D IENA,,,,750
201300054387,13,11,5,1430,1,2,2,2,6,116,AVENUE DE NEW YORK,,,,750
201300054388,13,11,5,1605,1,2,1,2,4,116,VOIE GEORGES POMPIDOU,,,,750
201300054389,13,11,5,1415,1,2,1,2,3,116,"6, AVENUE KLEBER",,,,750
201300054390,13,11,6,1100,1,2,1,1,3,116,"32, AVENUE VICTOR HUGO",,,,750
201300054391,13,11,7,1650,1,2,2,2,2,116,"51, AVENUE MARCEAU",,,,750
201300054392,13,11,7,1820,5,2,1,2,4,116,BOULEVARD PERIPHERIQUE E,,,,750
201300054393,13,11,8,850,1,2,1,2,7,116,"45, BOULEVARD SUCHET",,,,750
201300054394,13,11,8,1240,1,2,2,2,7,116,RUE LECONTE DE LISLE,,,,750
201300054395,13,11,8,1520,1,2,2,2,2,116,"82, AVENUE KLEBER",,,,750
201300054396,13,11,8,1825,5,2,2,2,7,116,"33, BOULEVARD LANNES",,,,750
201300054397,13,11,8,2010,5,2,3,1,3,116,ALLEE DE LA REINE MARGUE,,,,750
201300054398,13,11,9,25,5,2,2,1,6,116,BOULEVARD SUCHET,,,,750
201300054399,13,11,9,1105,1,2,1,1,6,116,"102, AVENUE DU PRESIDENT",,,,750
201300054400,13,11,10,1410,1,2,2,1,1,116,AVENUE DU MAHATMA GANDHI,,,,750
201300054401,13,11,11,1145,1,2,2,1,3,116,"10, AVENUE DU PRESIDENT",,,,750
201300054402,13,11,11,1615,1,2,2,1,2,116,"46, AVENUE D IENA",,,,750
201300054403,13,11,11,1745,3,2,1,1,3,116,ROUTE DES TRIBUNES,,,,750
201300054404,13,11,12,955,1,2,1,2,3,116,"75 bis, AVENUE MARCEAU",,,,750
201300054405,13,11,12,1500,1,2,3,2,6,116,"191, BOULEVARD MURAT",,,,750
201300054406,13,11,14,950,1,2,1,2,6,117,"139, AVENUE DE VILLIERS",,,,750
201300054407,13,11,13,1940,5,2,7,1,6,116,AVENUE DE LA PORTE DE SA,,,,750
201300054408,13,11,14,1745,5,2,1,2,2,116,BOULEVARD PERIPHERIQUE,,,,750
201300054409,13,11,15,1820,5,2,5,1,6,108,AVENUE GABRIEL,,,,750
201300054410,13,11,16,1430,1,2,2,1,6,116,"48, AVENUE VICTOR HUGO",,,,750
201300054411,13,11,17,1350,1,2,2,8,7,116,"39 bis, BOULEVARD EXELMA",,,,750
201300054412,13,11,17,2000,5,2,1,1,7,116,"64, RUE DE LA FAISANDERI",,,,750
201300054413,13,11,18,1045,1,2,3,1,6,116,"26, RUE DE L ANNONCIATIO",,,,750
201300054414,13,11,18,840,1,2,1,1,1,116,"8, AVENUE GORDON BENNETT",,,,750
201300054415,13,11,19,1650,4,2,3,8,6,116,"35, BOULEVARD DE BEAUSEJ",,,,750
201300054416,13,11,19,2350,5,2,2,1,2,116,CHEMIN DE CEINTURE DU LA,,,,750
201300054417,13,11,20,1705,5,2,3,2,6,116,"21, AVENUE DE VERSAILLES",,,,750
201300054418,13,11,20,1840,5,2,2,3,6,116,"039, AVENUE MARCEAU",,,,750
201300054419,13,11,20,2110,5,2,1,8,7,116,"8, BOULEVARD ANDRE MAURO",,,,750
201300054420,13,11,22,840,1,2,1,1,3,116,AVENUE DE L HIPPODROME,,,,750
201300054421,13,11,22,1230,1,2,1,1,6,116,"195, AVENUE DE VERSAILLE",,,,750
201300054422,13,11,25,1740,5,2,1,1,3,116,BOULEVARD PERIPHERIQUE E,,,,750
201300054423,13,11,27,825,1,2,2,1,3,116,BOULEVARD DE MONTMORENCY,,,,750
201300054424,13,11,27,2240,5,2,3,1,1,116,"88, AVENUE KLEBER",,,,750
201300054425,13,11,29,730,2,2,1,1,3,116,"50, RUE MOLITOR",,,,750
201300054426,13,11,29,2200,5,2,1,2,2,116,"114, AVENUE DE VERSAILLE",,,,750
201300054427,13,11,30,1520,1,2,1,1,6,116,"41, BOULEVARD LANNES",,,,750
201300054428,13,11,30,1700,5,2,7,1,3,117,PLACE CHARLES DE GAULLE,,,,750
201300054429,13,12,1,355,5,2,1,1,7,116,CARREFOUR DE NORVEGE,,,,750
201300054430,13,12,2,805,1,2,1,1,6,116,"47, AVENUE D IENA",,,,750
201300054431,13,12,2,945,1,2,5,1,3,116,RUE JOSEPH ET MARIE HACK,,,,750
201300054432,13,12,2,1830,5,2,7,1,1,116,AVENUE DES NATIONS UNIES,,,,750
201300054433,13,12,3,930,1,2,7,1,3,116,PLACE DU MARECHAL DE LAT,,,,750
201300054434,13,12,3,1330,1,2,3,1,3,116,"191, BOULEVARD MURAT",,,,750
201300054435,13,12,4,950,1,2,2,1,2,116,RUE WILHEM,,,,750
201300054436,13,12,4,1935,5,2,5,1,3,116,"62, RUE MICHEL ANGE",,,,750
201300054437,13,12,4,2100,5,2,1,1,3,116,VOIE GEORGES POMPIDOU,,,,750
201300054438,13,12,4,2217,5,2,1,2,7,116,AVENUE FOCH,,,,750
201300054439,13,12,5,1650,2,2,7,1,2,116,AVENUE D EYLAU,,,,750
201300054440,13,12,5,2000,5,2,2,1,6,116,"22, AVENUE RAYMOND POINC",,,,750
201300054441,13,12,6,1500,1,2,5,1,3,116,ROUTE DE SURESNES,,,,750
201300054442,13,12,6,2045,5,2,1,1,3,116,"9, RUE DE BOULAINVILLIER",,,,750
201300054443,13,12,7,1615,1,2,1,1,6,116,"38, AVENUE VICTOR HUGO",,,,750
201300054444,13,12,7,2240,5,2,1,1,3,116,ALLEE DE LONGCHAMP,,,,750
201300054445,13,12,8,1320,1,2,5,1,6,116,ROUTE DE SEVRES A NEUILL,,,,750
201300054446,13,12,8,2207,5,2,2,1,6,116,"48, RUE RAFFET",,,,750
201300054447,13,12,9,2130,5,2,7,1,6,116,PLACE DE LA PORTE MAILLO,,,,750
201300054448,13,12,10,1240,1,2,2,1,3,116,"82, AVENUE D IENA",,,,750
201300054449,13,12,11,2315,5,2,4,1,3,116,"1, RUE DE BOULAINVILLIER",,,,750
201300054450,13,12,12,1045,1,2,5,1,3,116,"17, RUE DE LA POMPE",,,,750
201300054451,13,12,12,1250,1,2,3,1,6,116,"4, AVENUE ALBERT DE MUN",,,,750
201300054452,13,12,12,1500,1,2,3,1,2,116,"66, AVENUE KLEBER",,,,750
201300054453,13,12,12,1730,2,2,7,1,3,116,AVENUE DE LA GRANDE ARME,,,,750
201300054454,13,12,12,1915,5,2,1,1,3,116,"131, AVENUE DE VERSAILLE",,,,750
201300054455,13,12,13,1850,5,2,1,2,6,116,"116, RUE MICHEL ANGE",,,,750
201300054456,13,12,13,1900,2,2,3,2,3,116,"102, AVENUE RAYMOND POIN",,,,750
201300054457,13,12,13,2150,5,2,1,3,6,116,"16, AVENUE THEOPHILE GAU",,,,750
201300054458,13,12,13,2240,5,2,5,2,6,116,"79, AVENUE KLEBER",,,,750
201300054459,13,12,14,245,5,2,1,2,6,116,AVENUE DE L HIPPODROME,,,,750
201300054460,13,12,14,330,5,2,7,2,3,116,"0, PLACE CHARLES DE GAUL",,,,750
201300054461,13,12,14,1635,2,2,1,1,6,116,AVENUE DE NEW YORK,,,,750
201300054462,13,12,13,2035,5,2,3,2,6,116,"67, AVENUE KLEBER",,,,750
201300054463,13,12,16,1220,1,2,1,1,2,116,"09bis, RUE DE BOULAINVIL",,,,750
201300054464,13,12,16,1930,5,2,1,1,2,116,ALLEE DE LA REINE MARGUE,,,,750
201300054465,13,12,17,1600,1,2,7,1,6,116,PLACE DE MEXICO,,,,750
201300054466,13,12,17,1900,5,2,2,1,2,116,"XVI-10312, AVENUE DE LA",,,,750
201300054467,13,12,19,1130,1,2,5,1,1,116,"78, AVENUE HENRI MARTIN",,,,750
201300054468,13,12,19,1915,5,2,1,1,6,116,"27, AVENUE D EYLAU",,,,750
201300054469,13,12,20,1410,1,2,1,1,6,108,"02, AVENUE MARCEAU",,,,750
201300054470,13,12,22,2000,5,2,2,2,6,117,"192, RUE CARDINET",,,,750
201300054471,13,12,25,2220,5,2,2,1,7,116,"16, RUE CHARDON LAGACHE",,,,750
201300054472,13,12,26,1300,1,2,1,7,6,116,"15, RUE DE LA POMPE",,,,750
201300054473,13,12,26,1840,2,2,5,1,3,116,"10, AVENUE DU PRESIDENT",,,,750
201300054474,13,12,27,1910,5,2,2,2,7,116,PLACE DE LA PORTE D AUTE,,,,750
201300054475,13,12,27,1850,5,2,1,2,7,116,PLACE DE LA PORTE MAILLO,,,,750
201300054476,13,12,29,400,5,2,1,1,2,116,ALLEE DE LONGCHAMP,,,,750
201300054477,13,2,4,1300,1,2,1,2,7,116,BOULEVARD SUCHET,,,,750
201300054478,13,1,1,1800,5,2,2,2,3,117,"77, AVENUE DE VILLIERS",,,,750
201300054479,13,12,31,2250,5,2,7,1,3,117,", PLACE DU BRESIL",,,,750
201300054480,13,1,1,2130,5,2,7,1,6,116,"25, AVENUE DE NEUILLY",,,,750
201300054481,13,1,2,2045,5,2,7,1,3,117,"2, PLACE DE LA PORTE MAI",,,,750
201300054482,13,1,3,1105,1,2,5,2,6,117,"138, BOULEVARD PEREIRE",,,,750
201300054483,13,1,3,1645,2,2,2,2,7,117,"71, AVENUE DE VILLIERS",,,,750
201300054484,13,1,3,1810,5,2,1,2,3,117,"67, BOULEVARD BERTHIER",,,,750
201300054485,13,1,3,2000,5,2,1,1,6,117,"19, AVENUE DE LA PORTE D",,,,750
201300054486,13,1,6,35,5,2,1,2,3,117,"190, AVENUE DE CLICHY",,,,750
201300054487,13,1,7,1055,1,2,1,1,6,117,"14, RUE THEODULE RIBOT",,,,750
201300054488,13,1,3,1900,2,2,1,2,6,117,"2, AVENUE PAUL ADAM",,,,750
201300054489,13,1,8,1045,1,2,2,1,6,117,"32, RUE JACQUES KELLNER",,,,750
201300054490,13,1,9,740,2,2,4,1,6,117,"55, RUE DES ACACIAS",,,,750
201300054491,13,1,9,1410,1,2,1,8,3,117,"190, AVENUE DE CLICHY",,,,750
201300054492,13,1,9,1750,5,2,3,2,6,117,"148, BOULEVARD MALESHERB",,,,750
201300054493,13,1,10,825,1,2,3,2,6,117,"104, BOULEVARD BESSIERES",,,,750
201300054494,13,1,10,835,2,2,7,2,7,117,BOULEVARD DE COURCELLES,,,,750
201300054495,13,1,10,1315,1,2,3,2,3,117,"110, RUE DE COURCELLES",,,,750
201300054496,13,1,9,2150,5,2,4,2,3,117,AVENUE DE LA PORTE D ASN,,,,750
201300054497,13,1,11,1130,1,2,4,1,3,117,"76, AVENUE DES TERNES",,,,750
201300054498,13,1,11,1520,1,2,3,1,3,117,"43, RUE DES ACACIAS",,,,750
201300054499,13,1,11,1935,5,2,3,2,6,117,"141, AVENUE DE CLICHY",,,,750