Num_Acc,an,mois,jour,hrmn,lum,agg,int,atm,col,com,adr,gps,lat,long,dep
201300054802,13,11,7,930,1,2,3,8,3,117,"56, RUE DE TOCQUEVILLE",,,,750
201300054803,13,11,7,1325,1,2,1,1,4,117,"32, BOULEVARD BERTHIER",,,,750
201300054804,13,11,7,1745,5,2,1,2,6,117,"32, RUE BROCHANT",,,,750
201300054805,13,11,8,1700,5,2,4,2,3,117,"14, AVENUE DE VILLIERS",,,,750
201300054806,13,11,8,1750,5,2,1,2,6,117,"198, RUE LEGENDRE",,,,750
201300054807,13,11,8,1825,3,2,4,2,7,117,"143, RUE DE COURCELLES",,,,750
201300054808,13,11,10,1800,5,2,1,1,6,108,"11, BOULEVARD DE COURCEL",,,,750
201300054809,13,11,11,355,5,2,1,1,6,117,"149, AVENUE DE CLICHY",,,,750
201300054810,13,11,12,1835,5,2,2,2,3,117,"103, RUE DE ROME",,,,750
201300054811,13,11,12,1930,5,2,2,2,6,117,"66, AVENUE DE VILLIERS",,,,750
201300054812,13,11,13,315,5,2,2,1,3,117,"73, RUE NOLLET",,,,750
201300054813,13,11,13,800,1,2,1,1,6,117,BOULEVARD PERIPHERIQUE I,,,,750
201300054814,13,11,13,1130,1,2,1,1,6,117,"20, RUE GUERSANT",,,,750
201300054815,13,11,13,1745,5,2,5,2,6,117,"138, BOULEVARD MALESHERB",,,,750
201300054816,13,11,14,1900,5,2,2,2,6,117,"34, BOULEVARD DES BATIGN",,,,750
201300054817,13,11,15,840,1,2,1,2,3,117,"93, BOULEVARD GOUVION SA",,,,750
201300054818,13,11,15,1140,1,2,7,1,6,117,"2, PLACE DE LA PORTE MAI",,,,750
201300054819,13,11,15,1800,5,2,1,1,6,117,"07, AVENUE DE CLICHY",,,,750
201300054820,13,11,18,1245,1,2,2,1,6,117,"51, RUE GUY MOQUET",,,,750
201300054821,13,11,18,1715,5,2,1,1,6,117,"188, BOULEVARD MALESHERB",,,,750
201300054822,13,11,19,720,5,2,2,8,6,117,"09, RUE DU CAPORAL PEUGE",,,,750
201300054823,13,11,19,1510,1,2,3,1,6,117,"54, BOULEVARD DES BATIGN",,,,750
201300054824,13,11,19,1730,5,2,4,1,6,117,"14, AVENUE DE VILLIERS",,,,750
201300054825,13,11,19,2115,5,2,3,1,6,117,"78, RUE JOUFFROY D ABBAN",,,,750
201300054826,13,11,20,1050,1,2,2,1,6,117,"122, RUE NOLLET",,,,750
201300054827,13,11,20,1215,1,2,1,1,3,117,"123, BOULEVARD PEREIRE",,,,750
201300054828,13,11,20,2100,5,2,2,2,6,117,"160, AVENUE DE CLICHY",,,,750
201300054829,13,11,21,1945,5,2,7,2,2,117,"1, AVENUE DES TERNES",,,,750
201300054830,13,11,21,2015,5,2,1,2,7,117,"96, AVENUE DES TERNES",,,,750
201300054831,13,11,21,1700,5,2,7,2,6,108,"14, RUE FRANCOIS 1ER",,,,750
201300054832,13,11,21,2130,5,2,1,1,6,117,"72, AVENUE DE VILLIERS",,,,750
201300054833,13,11,24,2340,5,2,1,1,2,117,"78, AVENUE DE LA GRANDE",,,,750
201300054834,13,11,25,900,1,2,2,1,6,117,"138, BOULEVARD PEREIRE",,,,750
201300054835,13,11,27,1230,1,2,1,8,6,118,"48, AVENUE DE SAINT OUEN",,,,750
201300054836,13,11,28,920,1,2,1,1,6,117,"35, AVENUE DE SAINT OUEN",,,,750
201300054837,13,11,28,2016,5,2,1,1,1,117,"1, RUE FLOREAL",,,,750
201300054838,13,11,29,930,1,2,1,1,3,117,"168, AVENUE DE CLICHY",,,,750
201300054839,13,11,29,1330,1,2,1,1,3,116,"2, PORTE MAILLOT",,,,750
201300054840,13,11,29,1655,1,2,3,2,6,117,"26, RUE BROCHANT",,,,750
201300054841,13,11,30,630,5,2,2,1,2,117,PORTE DE CLICHY,,,,750
201300054842,13,12,1,1955,5,2,5,1,3,117,"33, BOULEVARD PERSHING",,,,750
201300054843,13,12,2,1815,5,2,3,1,6,117,"70, AVENUE DE LA GRANDE",,,,750
201300054844,13,12,2,1825,5,2,1,1,6,117,"8, AVENUE DE VILLIERS",,,,750
201300054845,13,12,3,10,5,2,1,1,4,117,AVENUE DE LA GRANDE ARME,,,,750
201300054846,13,12,3,1355,1,2,5,1,3,117,RUE LEGENDRE,,,,750
201300054847,13,12,3,1755,5,2,5,1,6,117,"1, AVENUE DE VILLIERS",,,,750
201300054848,13,12,4,920,1,2,3,1,3,117,"170, AVENUE DE CLICHY",,,,750
201300054849,13,12,4,1355,1,2,4,1,3,117,"133, AVENUE DE VILLIERS",,,,750
201300054850,13,12,5,2015,5,2,1,1,6,117,"41, RUE BROCHANT",,,,750
201300054851,13,12,6,20,5,2,1,1,3,117,"1, SOUTERRAIN CHAMPERRET",,,,750
201300054852,13,12,9,840,1,2,3,1,6,117,"68, BOULEVARD DE COURCEL",,,,750
201300054853,13,12,9,940,1,2,1,1,3,117,"11, AVENUE GOURGAUD",,,,750
201300054854,13,12,7,1345,5,2,1,1,6,117,BOULEVARD PERIPHERIQUE,,,,750
201300054855,13,12,12,855,1,2,3,1,2,117,"31, BOULEVARD BESSIERES",,,,750
201300054856,13,12,12,1005,1,2,2,1,2,117,BOULEVARD PERIPHERIQUE I,,,,750
201300054857,13,12,14,1930,5,2,2,1,6,117,RUE TOULOUSE LAUTREC,,,,750
201300054858,13,12,15,1830,5,2,4,1,6,117,"24, AVENUE CARNOT",,,,750
201300054859,13,12,15,1940,5,2,2,1,5,117,"103, RUE DE ROME",,,,750
201300054860,13,12,16,1040,1,2,7,1,3,117,PLACE PAUL LEAUTAUD,,,,750
201300054861,13,12,18,730,5,2,5,1,1,117,"60, BOULEVARD DE COURCEL",,,,750
201300054862,13,12,18,1130,1,2,3,1,6,117,BOULEVARD DE REIMS,,,,750
201300054863,13,12,18,2110,5,2,2,1,3,117,"154, BOULEVARD PEREIRE",,,,750
201300054864,13,12,20,1630,1,2,1,1,3,117,"118, BOULEVARD BESSIERES",,,,750
201300054865,13,12,20,1715,5,2,1,1,6,117,"89, AVENUE DE SAINT OUEN",,,,750
201300054866,13,12,21,1540,1,2,1,1,2,117,"210 ter, BOULEVARD PEREI",,,,750
201300054867,13,12,23,1150,1,2,3,8,2,117,"52, RUE GUY MOQUET",,,,750
201300054868,13,12,23,2045,5,2,2,6,6,117,"06, AVENUE DE LA GRANDE",,,,750
201300054869,13,12,23,2100,5,2,1,6,6,117,"12, AVENUE DE LA GRANDE",,,,750
201300054870,13,12,29,2030,5,2,7,1,6,117,"3, PLACE DES TERNES",,,,750
201300054871,13,12,31,753,2,2,2,1,6,108,"51, AVENUE GEORGE V",,,,750
201300054872,13,12,31,1410,1,2,5,1,3,117,"80, AVENUE DE LA GRANDE",,,,750
201300054873,13,12,31,1830,5,2,1,2,7,117,AVENUE DE LA PORTE D ASN,,,,750
201300054874,13,1,1,430,5,2,4,2,6,118,"80, BOULEVARD ORNANO",,,,750
201300054875,13,1,1,600,5,2,1,1,6,118,"62, RUE DE LA CHAPELLE",,,,750
201300054876,13,1,1,1915,5,2,4,2,6,118,"77, BOULEVARD ORNANO",,,,750
201300054877,13,1,2,945,1,2,5,1,3,118,"111, RUE CAULAINCOURT",,,,750
201300054878,13,1,2,1650,2,2,1,1,7,118,"21, RUE DE LA CHAPELLE",,,,750
201300054879,13,1,5,100,5,2,7,1,6,118,"66, BOULEVARD ORNANO",,,,750
201300054880,13,1,7,1550,1,2,4,8,4,118,"2, RUE DU PROFESSEUR GOS",,,,750
201300054881,13,1,9,750,2,2,5,1,3,118,"113, BOULEVARD NEY",,,,750
201300054882,13,1,10,1545,1,2,1,2,6,118,"62, RUE DE LA CHAPELLE",,,,750
201300054883,13,1,10,1745,2,2,5,1,6,118,RUE ETEX,,,,750
201300054884,13,1,11,1950,5,2,4,2,6,118,"221, RUE CHAMPIONNET",,,,750
201300054885,13,1,13,35,5,2,1,2,6,118,RUE DES POISSONNIERS,,,,750
201300054886,13,1,15,715,5,2,5,4,7,118,RUE CAULAINCOURT,,,,750
201300054887,13,1,18,945,1,2,5,1,3,118,"158, RUE DAMREMONT",,,,750
201300054888,13,1,18,1020,1,2,2,8,6,118,"42, BOULEVARD DE ROCHECH",,,,750
201300054889,13,1,18,1920,5,2,1,4,6,118,"108, BOULEVARD DE CLICHY",,,,750
201300054890,13,1,22,1910,5,2,5,8,5,118,RUE FERDINAND FLOCON,,,,750
201300054891,13,1,24,1228,1,2,5,1,3,118,"25, RUE CUSTINE",,,,750
201300054892,13,1,27,245,5,2,5,1,6,118,"09, BOULEVARD ORNANO",,,,750
201300054893,13,1,27,2005,5,2,2,2,6,118,"angle, RUE MARX DORMOY",,,,750
201300054894,13,1,28,850,1,2,1,1,6,118,"6, RUE DU PRE",,,,750
201300054895,13,1,29,1640,1,2,3,1,6,118,"13, RUE DE CLIGNANCOURT",,,,750
201300054896,13,1,29,1800,5,2,1,2,6,118,"5, RUE DE L EVANGILE",,,,750
201300054897,13,1,31,520,5,2,1,1,6,118,"68, BOULEVARD BARBES",,,,750
201300054898,13,2,1,1800,5,2,1,2,6,118,"39, BOULEVARD BARBES",,,,750
201300054899,13,2,2,700,5,2,1,1,6,118,AVENUE DE LA PORTE DE CL,,,,750
201300054900,13,2,2,1130,1,2,5,1,2,118,"27, RUE CUSTINE",,,,750
201300054901,13,2,2,1845,5,2,3,1,3,118,"3, BOULEVARD BARBES",,,,750
201300054902,13,2,4,1850,5,2,1,1,6,118,"117, RUE BELLIARD",,,,750
201300054903,13,2,6,2215,5,2,3,2,6,118,"46, AVENUE DE CLICHY",,,,750
201300054904,13,2,8,1220,1,2,3,1,6,118,"1, RUE DE LA MADONE",,,,750
201300054905,13,2,8,1630,1,2,1,1,2,118,"94, BOULEVARD BARBES",,,,750
201300054906,13,2,9,1350,1,2,5,1,3,118,"33, BOULEVARD BARBES",,,,750
201300054907,13,2,13,220,5,2,5,1,2,118,RUE VAUVENARGUES,,,,750
201300054908,13,2,13,1900,5,2,3,1,3,118,"30, AVENUE DE LA PORTE D",,,,750
201300054909,13,2,14,1845,5,2,7,1,6,118,"2, RUE MARX DORMOY",,,,750
201300054910,13,2,17,545,5,2,4,1,6,118,BOULEVARD DE CLICHY,,,,750
201300054911,13,2,19,830,1,2,2,1,6,118,RUE DES POISSONNIERS,,,,750
201300054912,13,2,19,1100,1,2,3,1,1,118,"124, AVENUE DE SAINT OUE",,,,750
201300054913,13,2,19,1430,1,2,3,1,6,118,AVENUE DE LA PORTE DE MO,,,,750
201300054914,13,2,19,1700,1,2,1,1,6,118,"face au 83, RUE DE LA CH",,,,750
201300054915,13,2,23,840,1,2,1,1,6,118,"100, RUE ORDENER",,,,750
201300054916,13,2,23,1315,1,2,1,1,6,118,"74, RUE ORDENER",,,,750
201300054917,13,2,23,2100,5,2,5,1,6,118,ECHANGEUR CLIGNANCOURT,,,,750
201300054918,13,2,23,2125,5,2,1,1,6,118,"10, RUE DE LA CHAPELLE",,,,750
201300054919,13,2,24,1400,1,2,1,2,6,118,"69, RUE ORDENER",,,,750
201300054920,13,2,24,1920,5,2,3,4,6,118,RUE DE L EVANGILE,,,,750
201300054921,13,2,26,2150,5,2,2,1,3,118,"57, RUE DES TROIS FRERES",,,,750
201300054922,13,2,27,1015,1,2,2,1,2,118,"77, RUE CAULAINCOURT",,,,750
201300054923,13,2,27,2240,5,2,2,2,2,110,"37, BOULEVARD DE LA CHAP",,,,750
201300054924,13,2,28,1515,1,2,5,1,6,118,"79, RUE DU MONT CENIS",,,,750
201300054925,13,2,28,1510,1,2,1,1,6,118,"14, RUE ORDENER",,,,750
201300054926,13,2,28,1800,5,2,1,1,7,118,"56, AVENUE DE CLICHY",,,,750
201300054927,13,3,2,1130,1,2,2,1,5,118,BOULEVARD NEY,,,,750
201300054928,13,3,6,1115,1,2,1,1,6,118,"51, BOULEVARD BARBES",,,,750
201300054929,13,3,8,1300,1,2,1,3,6,118,"70, BOULEVARD NEY",,,,750
201300054930,13,3,10,830,1,2,1,1,3,118,"26, AVENUE DE LA PORTE D",,,,750
201300054931,13,3,11,2020,5,2,3,4,6,118,"2, RUE LEIBNIZ",,,,750
201300054932,13,3,13,1550,1,2,5,8,7,118,"83, RUE DAMREMONT",,,,750
201300054933,13,3,16,1505,1,2,2,1,6,118,RUE ORDENER,,,,750
201300054934,13,3,17,1550,1,2,2,2,2,118,"129, RUE CHAMPIONNET",,,,750
201300054935,13,3,17,1650,1,2,1,2,3,118,"201, RUE CHAMPIONNET",,,,750
201300054936,13,3,19,1915,5,2,1,2,2,118,BOULEVARD PERIPHERIQUE E,,,,750
201300054937,13,3,20,1145,1,2,2,1,3,118,"46, RUE PAJOL",,,,750
201300054938,13,3,22,1655,1,2,1,1,2,118,"122, BOULEVARD DE LA CHA",,,,750
201300054939,13,3,23,1,5,2,7,1,3,118,RUE DE LA CHAPELLE,,,,750
201300054940,13,3,23,2040,5,2,1,1,3,117,BOULEVARD PERIPHERIQUE,,,,750
201300054941,13,3,26,1715,1,2,1,1,6,118,"17, RUE CHRISTIANI",,,,750
201300054942,13,3,26,2340,5,2,1,1,7,118,"16, BOULEVARD DE CLICHY",,,,750
201300054943,13,3,28,2305,5,2,1,1,6,118,"75, RUE DAMREMONT",,,,750
201300054944,13,3,30,1900,2,2,2,1,3,118,"58, RUE HERMEL",,,,750
201300054945,13,3,30,2310,5,2,3,1,6,118,"58, BOULEVARD DE LA CHAP",,,,750
201300054946,13,3,31,1445,1,2,2,1,3,118,AVENUE DE LA PORTE DE CL,,,,750
201300054947,13,4,1,1405,1,2,5,1,6,118,BOULEVARD ORNANO,,,,750
201300054948,13,4,1,1645,1,2,5,1,7,118,"49, RUE BOINOD",,,,750
201300054949,13,4,2,200,5,2,1,1,3,118,"67, BOULEVARD NEY",,,,750
201300054950,13,4,2,1120,1,2,7,1,6,118,"113, RUE ORDENER",,,,750
201300054951,13,4,4,909,1,2,5,8,3,118,"6, RUE TARDIEU",,,,750
201300054952,13,4,4,100,5,2,1,1,6,118,"51, BOULEVARD BARBES",,,,750
201300054953,13,4,5,1150,1,2,1,1,6,118,"58 bis, RUE RAMEY",,,,750
201300054954,13,4,5,1305,1,2,2,1,3,118,", RUE DE CLIGNANCOURT",,,,750
201300054955,13,4,6,850,1,2,5,1,3,118,"50, RUE ORDENER",,,,750
201300054956,13,4,6,1115,1,2,5,1,6,118,"84, RUE DUHESME",,,,750
201300054957,13,4,7,1740,1,2,1,1,3,118,"60, RUE DE LA CHAPELLE",,,,750
201300054958,13,4,11,1035,1,2,2,1,2,118,"2, RUE ORDENER",,,,750
201300054959,13,4,11,1135,1,2,1,1,6,118,"92, BOULEVARD NEY",,,,750
201300054960,13,4,12,1320,1,2,1,1,6,118,"83, RUE DE LA CHAPELLE",,,,750
201300054961,13,4,12,2230,5,2,1,1,6,118,BOULEVARD BARBES,,,,750
201300054962,13,4,13,900,1,2,2,1,6,118,"87, BOULEVARD NEY",,,,750
201300054963,13,4,16,2305,5,2,1,1,2,118,"29, AVENUE DE LA PORTE D",,,,750
201300054964,13,4,18,1855,1,2,2,1,6,118,"18, RUE BOUCRY",,,,750
201300054965,13,4,19,840,1,2,1,1,3,118,"6, RUE ESCLANGON",,,,750
201300054966,13,4,19,1605,1,2,5,2,6,118,RUE LETORT,,,,750
201300054967,13,4,19,445,5,2,5,1,3,118,RUE CUSTINE,,,,750
201300054968,13,4,20,1230,1,2,1,1,6,118,"148, RUE DES POISSONNIER",,,,750
201300054969,13,4,20,1950,1,2,1,1,3,118,"57, BOULEVARD ORNANO",,,,750
201300054970,13,4,21,200,5,2,5,1,6,118,"124, RUE DES POISSONNIER",,,,750
201300054971,13,4,22,1245,1,2,1,1,6,118,"17, RUE DE SOFIA",,,,750
201300054972,13,4,22,1500,1,2,5,1,3,118,"50, RUE ORDENER",,,,750
201300054973,13,4,24,1845,1,2,4,1,3,118,"2, AVENUE DE SAINT OUEN",,,,750
201300054974,13,4,25,820,1,2,5,1,3,118,"244, RUE MARCADET",,,,750
201300054975,13,4,25,450,2,2,1,1,4,118,AVENUE DE LA PORTE DE LA,,,,750
201300054976,13,4,27,1530,1,2,1,1,6,118,"16, RUE DE STEINKERQUE",,,,750
201300054977,13,4,28,1910,1,2,1,1,6,118,"169, RUE MARCADET",,,,750
201300054978,13,4,30,930,1,2,3,1,2,118,"9, RUE ORDENER",,,,750
201300054979,13,5,1,410,5,2,4,2,2,118,"5, RUE DE LA CHAPELLE",,,,750
201300054980,13,5,1,1450,1,2,2,1,3,118,"43, BOULEVARD BARBES",,,,750
201300054981,13,5,1,1800,1,2,1,3,6,118,BOULEVARD DE LA CHAPELLE,,,,750
201300054982,13,5,1,1815,1,2,2,3,3,118,"1, RUE HERMEL",,,,750
201300054983,13,5,3,2045,2,2,4,1,7,118,"105, BOULEVARD NEY",,,,750
201300054984,13,5,6,135,5,2,5,1,3,118,AVENUE DE LA PORTE DE CL,,,,750
201300054985,13,5,6,1035,1,2,3,2,6,118,"12, RUE DE CLIGNANCOURT",,,,750
201300054986,13,5,6,1815,1,2,5,2,3,118,"36, BOULEVARD DE ROCHECH",,,,750
201300054987,13,5,7,1135,1,2,1,1,6,118,"16, RUE MARX DORMOY",,,,750
201300054988,13,5,8,1835,1,2,5,1,7,118,"61, RUE ORDENER",,,,750
201300054989,13,5,9,1700,1,2,1,1,6,118,"27, BOULEVARD ORNANO",,,,750
201300054990,13,5,11,745,1,2,2,1,2,118,"72, BOULEVARD DE ROCHECH",,,,750
201300054991,13,5,11,1800,1,2,3,1,6,118,RUE DU DOCTEUR BABINSKI,,,,750
201300054992,13,5,11,2100,2,2,1,1,6,118,"4, RUE CAULAINCOURT",,,,750
201300054993,13,5,11,1300,1,2,2,1,3,118,"3, RUE DUC",,,,750
201300054994,13,5,15,745,2,2,4,1,6,118,"55, RUE RAMEY",,,,750
201300054995,13,5,15,915,1,2,2,1,6,118,"02, BOULEVARD NEY",,,,750
201300054996,13,5,19,2240,5,2,4,2,1,118,"34, RUE DE CLIGNANCOURT",,,,750
201300054997,13,5,22,1205,1,2,2,1,6,118,"103 bis, RUE LAMARCK",,,,750
201300054998,13,5,24,2040,2,2,1,2,6,118,"88, RUE DAMREMONT",,,,750
201300054999,13,5,25,1610,1,2,3,2,6,118,"34, RUE DU CHEVALIER DE",,,,750
201300055000,13,5,26,1155,1,2,5,1,3,118,RUE ORDENER,,,,750
201300055001,13,5,26,2040,1,2,1,1,6,118,"47, BOULEVARD ORNANO",,,,750
201300055002,13,5,28,820,1,2,5,1,6,118,"71, RUE ORDENER",,,,750
201300055003,13,5,28,1740,1,2,2,1,3,118,"148, RUE DAMREMONT",,,,750
201300055004,13,5,30,220,5,2,5,2,6,118,"6, BOULEVARD ORNANO",,,,750
201300055005,13,5,30,200,5,2,1,3,6,118,"114, BOULEVARD NEY",,,,750
201300055006,13,6,1,220,5,2,4,1,2,118,"80, BOULEVARD ORNANO",,,,750
201300055007,13,6,2,1005,1,2,7,1,6,118,"24, BOULEVARD DE LA CHAP",,,,750
201300055008,13,6,2,1600,1,2,2,1,2,118,"81, RUE DE LA CHAPELLE",,,,750
201300055009,13,6,2,1805,1,2,4,1,3,118,"41, BOULEVARD ORNANO",,,,750
201300055010,13,6,2,2015,1,2,5,1,6,118,"2, AVENUE DE LA PORTE DE",,,,750
201300055011,13,6,4,1855,1,2,5,1,3,118,RUE LOUIS PASTEUR VALERY,,,,750
201300055012,13,6,6,1600,1,2,1,1,6,118,"5, RUE DE L EVANGILE",,,,750
201300055013,13,6,7,1135,1,2,3,1,6,118,"156, RUE DES POISSONNIER",,,,750
201300055014,13,6,8,2010,1,2,3,1,6,118,RUE CHARLES HERMITE,,,,750
201300055015,13,6,9,640,1,2,2,2,3,118,"9, BOULEVARD ORNANO",,,,750
201300055016,13,6,10,1130,1,2,3,1,3,118,"67, RUE RIQUET",,,,750
201300055017,13,6,12,1320,1,2,7,1,6,118,"22, PLACE DE LA CHAPELLE",,,,750
201300055018,13,6,12,1745,1,2,7,1,2,118,"5, RUE MARX DORMOY",,,,750
201300055019,13,6,13,920,1,2,4,2,3,118,"NC, BOULEVARD PERIPHERIQ",,,,750
201300055020,13,6,13,1830,1,2,5,1,6,118,"28, RUE RAMEY",,,,750
201300055021,13,6,15,1915,1,2,3,1,6,118,"22, RUE HOUDON",,,,750
201300055022,13,6,17,400,5,2,1,1,6,118,"50, BOULEVARD NEY",,,,750
201300055023,13,6,17,915,1,2,3,3,6,118,"37, RUE MARX DORMOY",,,,750
201300055024,13,6,19,715,2,2,5,3,2,118,"33, BOULEVARD BARBES",,,,750
201300055025,13,6,21,2000,1,2,3,1,2,118,"119, BOULEVARD NEY",,,,750
201300055026,13,6,25,1835,1,2,2,1,6,118,AVENUE DE LA PORTE DE CL,,,,750
201300055027,13,6,27,815,1,2,2,2,1,118,"43, BOULEVARD BARBES",,,,750
201300055028,13,6,27,1650,1,2,2,1,6,118,RUE MULLER,,,,750
201300055029,13,6,28,1012,1,2,2,2,3,118,BOULEVARD DE LA CHAPELLE,,,,750
201300055030,13,6,28,2030,2,2,4,1,6,118,RUE DU DEPARTEMENT,,,,750
201300055031,13,6,29,2025,1,2,3,1,1,118,"86, AVENUE DE SAINT OUEN",,,,750
201300055032,13,7,1,945,1,2,1,1,3,118,"56 bis, BOULEVARD NEY",,,,750
201300055033,13,7,2,2000,1,2,3,1,6,118,"22, RUE BERNARD DIMEY",,,,750
201300055034,13,7,2,1830,1,2,1,1,6,118,"5, RUE SEVESTE",,,,750
201300055035,13,7,3,845,1,2,2,2,3,118,"103, RUE DU POTEAU",,,,750
201300055036,13,7,3,1725,1,2,3,8,3,118,"86, RUE RIQUET",,,,750
201300055037,13,7,4,1745,1,2,5,1,7,118,"124, BOULEVARD DE LA CHA",,,,750
201300055038,13,7,6,1710,1,2,1,1,6,118,"74, BOULEVARD DE CLICHY",,,,750
201300055039,13,7,8,1450,1,2,3,1,3,118,"24, RUE D ORSEL",,,,750
201300055040,13,7,9,1345,1,2,4,1,6,118,"17, RUE VAUVENARGUES",,,,750
201300055041,13,7,9,2050,2,2,1,1,6,118,"84, BOULEVARD DE ROCHECH",,,,750
201300055042,13,7,12,1005,1,2,5,1,6,118,"79, RUE DU MONT CENIS",,,,750
201300055043,13,7,12,1210,1,2,2,1,3,118,", RUE DES ROSES",,,,750
201300055044,13,7,12,1907,1,2,5,1,3,118,"1, AVENUE DE LA PORTE DE",,,,750
201300055045,13,7,13,1835,1,2,5,1,6,118,"02, BOULEVARD DE ROCHECH",,,,750
201300055046,13,7,14,1605,1,2,1,1,2,118,BOULEVARD ORNANO,,,,750
201300055047,13,7,16,1700,1,2,2,1,6,118,RUE DE STEINKERQUE,,,,750
201300055048,13,7,16,1830,1,2,4,1,2,118,BOULEVARD PERIPHERIQUE I,,,,750
201300055049,13,7,17,2225,5,2,5,1,3,118,RUE ORDENER,,,,750
201300055050,13,7,18,1730,1,2,2,1,6,118,"1, RUE DE LA CHAPELLE",,,,750
201300055051,13,7,19,815,1,2,2,1,2,118,"36, BOULEVARD DE ROCHECH",,,,750
201300055052,13,7,20,1855,1,2,5,1,6,118,"99, RUE CHAMPIONNET",,,,750
201300055053,13,7,21,1940,1,2,1,1,6,118,"79, RUE MARCADET",,,,750
201300055054,13,7,22,1640,1,2,1,1,3,118,"30, AVENUE DE LA PORTE D",,,,750
201300055055,13,7,22,1805,1,2,1,1,6,118,"11/13, RUE DE LA CHAPELL",,,,750
201300055056,13,7,23,1000,1,2,3,1,3,118,"85, RUE VAUVENARGUES",,,,750
201300055057,13,7,24,800,1,2,1,1,6,118,"33, RUE ORDENER",,,,750
201300055058,13,7,24,930,1,2,7,1,6,118,"01, PLACE JACQUES FROMEN",,,,750
201300055059,13,7,25,157,5,2,4,1,3,118,"30, AVENUE DE LA PORTE D",,,,750
201300055060,13,7,25,1525,1,2,2,1,3,118,"43, BOULEVARD BARBES",,,,750
201300055061,13,7,26,1020,1,2,1,1,7,118,"43, BOULEVARD BARBES",,,,750
201300055062,13,7,25,2035,1,2,4,1,2,118,"160, RUE CHAMPIONNET",,,,750
201300055063,13,7,26,1630,1,2,1,1,6,118,"50, RUE MARX DORMOY",,,,750
201300055064,13,7,29,645,1,2,1,1,3,118,"215, RUE D AUBERVILLIERS",,,,750
201300055065,13,7,29,915,1,2,7,1,3,118,RUE DE LA CHAPELLE,,,,750
201300055066,13,7,29,1805,1,2,3,1,6,118,"09, RUE ORDENER",,,,750
201300055067,13,8,1,1610,1,2,3,1,3,118,"136, BOULEVARD NEY",,,,750
201300055068,13,8,1,2100,2,2,1,1,6,118,"71, RUE RIQUET",,,,750
201300055069,13,8,3,1805,1,2,3,1,6,118,"12, AVENUE DE SAINT OUEN",,,,750
201300055070,13,8,3,2110,2,2,1,1,5,118,"84, RUE DE LA CHAPELLE",,,,750
201300055071,13,8,6,1845,2,2,5,1,3,118,"02, RUE EUGENE CARRIERE",,,,750
201300055072,13,8,6,2110,5,2,1,1,6,118,"60, BOULEVARD DE CLICHY",,,,750
201300055073,13,8,9,140,5,2,7,1,3,118,PLACE PAUL ELUARD,,,,750
201300055074,13,8,9,1035,1,2,1,1,3,118,"10, RUE CAULAINCOURT",,,,750
201300055075,13,8,10,1230,1,2,2,1,3,118,"130, RUE ORDENER",,,,750
201300055076,13,8,12,240,5,2,1,1,6,118,"24, RUE SAINT VINCENT",,,,750
201300055077,13,8,12,1550,1,2,3,1,2,118,"37, RUE MARX DORMOY",,,,750
201300055078,13,8,13,1235,1,2,2,1,3,118,"43, BOULEVARD BARBES",,,,750
201300055079,13,8,13,2145,5,2,1,2,3,118,"45, RUE MARX DORMOY",,,,750
201300055080,13,8,15,1815,1,2,1,1,4,118,"21 bis, BOULEVARD BARBES",,,,750
201300055081,13,8,16,820,1,2,1,1,3,118,"4, RUE PAJOL",,,,750
201300055082,13,8,16,1750,1,2,2,1,3,118,"21, RUE JOSEPH DIJON",,,,750
201300055083,13,8,17,1640,1,2,1,1,6,118,"32, AVENUE DE LA PORTE D",,,,750
201300055084,13,8,19,2150,5,2,2,1,6,118,"79, RUE DE LA CHAPELLE",,,,750
201300055085,13,8,20,105,5,2,2,1,6,118,"39, RUE LEON",,,,750
201300055086,13,8,21,2317,5,2,2,1,3,118,AVENUE DE LA PORTE DE CL,,,,750
201300055087,13,8,22,1605,1,2,7,1,6,118,"1, RUE MARX DORMOY",,,,750
201300055088,13,8,24,1748,1,2,1,1,3,118,"21 Bis, BOULEVARD BARBES",,,,750
201300055089,13,8,28,1405,1,2,1,1,6,118,"05, RUE DE TOMBOUCTOU",,,,750
201300055090,13,8,28,1930,1,2,2,1,7,118,"40, RUE DU PROFESSEUR GO",,,,750
201300055091,13,9,2,240,5,2,2,1,3,118,RUE DU MONT CENIS,,,,750
201300055092,13,9,2,2330,5,2,1,1,3,118,AVENUE DE LA PORTE DE LA,,,,750
201300055093,13,9,3,115,5,2,4,1,2,118,"32, BOULEVARD ORNANO",,,,750
201300055094,13,9,4,2200,5,2,1,1,6,118,"222, RUE CHAMPIONNET",,,,750
201300055095,13,9,6,930,1,2,5,2,6,118,"3, BOULEVARD ORNANO",,,,750
201300055096,13,9,6,2035,5,2,1,1,6,118,"18, BOULEVARD DE LA CHAP",,,,750
201300055097,13,9,8,1445,1,2,1,1,6,118,"15, RUE CUSTINE",,,,750
201300055098,13,9,11,225,5,2,4,2,3,118,"1, AVENUE DE LA PORTE DE",,,,750
201300055099,13,9,12,925,1,2,5,1,6,118,RUE CHAMPIONNET,,,,750
201300055100,13,9,13,1238,1,2,2,2,3,118,"1, RUE DE LA CHAPELLE",,,,750
201300055101,13,9,13,1355,1,2,2,2,6,118,"71, RUE MARX DORMOY",,,,750
201300055102,13,9,13,2145,5,2,2,2,6,118,"149, RUE BELLIARD",,,,750
201300055103,13,9,14,110,5,2,1,2,6,118,"73, BOULEVARD BARBES",,,,750
201300055104,13,9,14,1300,1,2,1,2,6,118,"50, METRO MARX DORMOY",,,,750
201300055105,13,9,18,1610,1,2,1,2,6,118,"106, RUE DU POTEAU",,,,750
201300055106,13,9,20,400,5,2,1,1,6,118,RUE DE LA CHAPELLE,,,,750
201300055107,13,9,22,1920,2,2,1,1,6,118,"152, RUE ORDENER",,,,750
201300055108,13,9,23,1630,1,2,3,1,1,118,"50, AVENUE DE CLICHY",,,,750
201300055109,13,9,23,1720,1,2,3,1,2,118,"12, PORTE DES POISSONNIE",,,,750