Num_Acc,an,mois,jour,hrmn,lum,agg,int,atm,col,com,adr,gps,lat,long,dep
201300055724,13,9,15,1005,1,2,1,1,6,120,"337, RUE DES PYRENEES",,,,750
201300055725,13,9,15,1315,1,2,1,1,6,120,"41, COURS DE VINCENNES",,,,750
201300055726,13,9,17,925,1,2,1,1,2,120,"20, AVENUE BENOIT FRACHO",,,,750
201300055727,13,9,17,2335,5,2,2,2,1,120,"49, RUE DES PYRENEES",,,,750
201300055728,13,9,18,2330,5,2,2,1,2,120,"0, RUE DES PYRENEES",,,,750
201300055729,13,9,19,1045,1,2,1,1,6,120,"145, BOULEVARD DAVOUT",,,,750
201300055730,13,9,20,1620,1,2,4,1,7,120,"0, BOULEVARD PERIPHERIQU",,,,750
201300055731,13,9,21,1615,1,2,1,1,6,120,"4789, RUE SORBIER",,,,750
201300055732,13,9,24,1600,1,2,5,1,6,112,COURS DE VINCENNES,,,,750
201300055733,13,9,25,815,2,2,2,1,6,120,"0, RUE DES GATINES",,,,750
201300055734,13,9,25,1327,1,2,7,1,6,120,"1, PLACE OCTAVE CHANUTE",,,,750
201300055735,13,9,25,1600,1,2,2,1,6,120,"75, AVENUE GAMBETTA",,,,750
201300055736,13,9,26,1645,1,2,1,1,6,120,"6, RUE EUGENE REISZ",,,,750
201300055737,13,9,26,2344,5,2,1,1,6,120,"47, RUE OLIVIER METRA",,,,750
201300055738,13,9,27,2210,1,2,2,1,3,120,"0, RUE DES GRANDS CHAMPS",,,,750
201300055739,13,10,1,30,5,2,5,1,6,120,"168, BOULEVARD MORTIER",,,,750
201300055740,13,10,3,820,1,2,1,1,2,120,BOULEVARD PERIPHERIQUE,,,,750
201300055741,13,10,4,1328,1,2,7,1,6,120,"0, AVENUE GAMBETTA",,,,750
201300055742,13,10,4,1530,1,2,7,1,3,111,"11 bis, PLACE DE LA NATI",,,,750
201300055743,13,10,5,305,5,2,2,1,6,120,"95, RUE DE LA CHINE",,,,750
201300055744,13,10,5,2110,5,2,1,1,6,120,"6, RUE DE BELLEVILLE",,,,750
201300055745,13,10,5,2135,5,2,2,1,1,120,"280, RUE DE BELLEVILLE",,,,750
201300055746,13,10,6,315,5,2,2,1,6,120,"97, RUE DE BAGNOLET",,,,750
201300055747,13,10,8,1725,1,2,1,1,6,120,"50, AVENUE DU PROFESSEUR",,,,750
201300055748,13,10,8,1350,1,2,5,1,6,120,"117, RUE DES AMANDIERS",,,,750
201300055749,13,10,11,1541,1,2,7,1,3,120,"1, PLACE GAMBETTA",,,,750
201300055750,13,10,12,1140,1,2,1,1,6,120,"156, BOULEVARD DE CHARON",,,,750
201300055751,13,10,13,1750,1,2,1,1,2,120,"17, AVENUE GAMBETTA",,,,750
201300055752,13,10,14,830,1,2,1,1,3,120,"47, AVENUE GAMBETTA",,,,750
201300055753,13,10,15,1703,1,2,1,1,6,120,"395, RUE DES PYRENEES",,,,750
201300055754,13,10,15,1900,3,2,2,1,3,120,RUE DE LA BIDASSOA,,,,750
201300055755,13,10,15,1950,5,2,2,6,4,120,"11, RUE DES AMANDIERS",,,,750
201300055756,13,10,15,2055,5,2,1,1,6,120,"112, RUE DE BELLEVILLE",,,,750
201300055757,13,10,16,655,1,2,1,8,2,120,"0, BOULEVARD PERIPHERIQU",,,,750
201300055758,13,10,16,1335,1,2,2,2,3,120,"60, RUE DE BAGNOLET",,,,750
201300055759,13,10,17,1545,1,2,3,1,6,120,"8, RUE DE BELLEVILLE",,,,750
201300055760,13,10,17,1740,1,2,2,1,6,120,"54, RUE BELGRAND",,,,750
201300055761,13,10,20,250,5,2,5,1,6,120,"15, COURS DE VINCENNES",,,,750
201300055762,13,10,21,1720,1,2,1,2,6,120,"29, RUE HELENE JAKUBOWIC",,,,750
201300055763,13,10,25,1405,1,2,3,1,3,120,"203, AVENUE GAMBETTA",,,,750
201300055764,13,10,26,900,1,2,1,8,6,120,"64, RUE DES ORTEAUX",,,,750
201300055765,13,10,27,1500,1,2,5,1,3,120,"240, RUE DES PYRENEES",,,,750
201300055766,13,10,27,2120,5,2,5,3,6,120,"360, RUE DES PYRENEES",,,,750
201300055767,13,10,28,920,1,2,7,3,7,120,"0, PLACE DE LA PORTE DE",,,,750
201300055768,13,10,28,1155,1,2,2,1,2,120,"S8540, AVENUE DE LA PORT",,,,750
201300055769,13,10,29,1925,3,2,4,1,2,120,BOULEVARD PERIPHERIQUE,,,,750
201300055770,13,10,30,850,1,2,3,1,6,120,"19, RUE D AVRON",,,,750
201300055771,13,10,30,2055,5,2,1,1,7,120,BOULEVARD PERIPHERIQUE E,,,,750
201300055772,13,10,31,1635,1,2,2,1,3,120,"72, BOULEVARD DAVOUT",,,,750
201300055773,13,11,1,1835,5,2,4,2,6,120,PLACE DE LA PORTE DE MON,,,,750
201300055774,13,11,2,1720,1,2,3,2,6,119,"51, RUE DE BELLEVILLE",,,,750
201300055775,13,11,3,1330,1,2,1,1,6,120,"22, AVENUE DU PROFESSEUR",,,,750
201300055776,13,11,3,2355,5,2,3,3,6,120,"0, RUE TOLAIN",,,,750
201300055777,13,11,4,22,5,2,5,3,3,120,"261, BOULEVARD MORTIER",,,,750
201300055778,13,11,4,1630,1,1,1,1,3,120,"0, BOULEVARD PERIPHERIQU",,,,750
201300055779,13,11,7,550,5,2,7,1,2,120,"49, RUE BELGRAND",,,,750
201300055780,13,11,8,1500,1,2,7,2,6,120,"79, AVENUE GAMBETTA",,,,750
201300055781,13,11,8,1615,2,2,1,2,6,120,"88, RUE PELLEPORT",,,,750
201300055782,13,11,10,210,5,2,2,3,1,120,"360, RUE DES PYRENEES",,,,750
201300055783,13,11,10,920,1,2,2,1,6,120,BOULEVARD DAVOUT,,,,750
201300055784,13,11,10,2237,5,2,7,1,3,120,"0, PORTE DE MONTREUIL",,,,750
201300055785,13,11,13,1630,1,2,3,1,6,120,"106, RUE DE BAGNOLET",,,,750
201300055786,13,11,14,840,1,2,3,2,3,120,"104, BOULEVARD DE MENILM",,,,750
201300055787,13,11,15,2325,5,2,2,1,3,120,"0, AVENUE IBSEN",,,,750
201300055788,13,11,19,2130,5,2,1,1,5,120,"64, RUE BELGRAND",,,,750
201300055789,13,11,20,950,1,2,2,1,3,120,"0, RUE BELGRAND",,,,750
201300055790,13,11,20,925,1,2,1,1,6,120,"22, AVENUE DU PROFESSEUR",,,,750
201300055791,13,11,20,1450,1,2,7,3,4,120,"109, COURS DE VINCENNES",,,,750
201300055792,13,11,20,2010,5,2,2,3,6,120,"16, RUE DES PYRENEES",,,,750
201300055793,13,11,21,920,1,2,1,8,6,120,"17, AVENUE GAMBETTA",,,,750
201300055794,13,11,22,820,1,2,2,8,6,120,"8, RUE DE NOISY LE SEC",,,,750
201300055795,13,11,22,1540,1,2,1,1,6,120,"167, AVENUE GAMBETTA",,,,750
201300055796,13,11,22,2315,5,2,2,1,3,120,"0, AVENUE DE LA PORTE DE",,,,750
201300055797,13,11,19,2150,5,2,1,1,7,120,"48, RUE DE LA BIDASSOA",,,,750
201300055798,13,11,28,1910,5,2,2,2,1,120,"351, RUE DES PYRENEES",,,,750
201300055799,13,11,29,2245,5,2,2,2,6,120,"60, RUE DES PYRENEES",,,,750
201300055800,13,12,1,1330,1,2,1,1,4,120,"0, BOULEVARD PERIPHERIQU",,,,750
201300055801,13,12,3,1150,1,2,1,8,6,120,"66, AVENUE GAMBETTA",,,,750
201300055802,13,12,3,2005,5,2,5,1,3,120,"240, RUE DES PYRENEES",,,,750
201300055803,13,12,4,2301,4,2,5,1,3,120,"168, BOULEVARD MORTIER",,,,750
201300055804,13,12,7,1300,1,2,3,1,6,120,"249bis, RUE DES PYRENEES",,,,750
201300055805,13,12,8,455,5,2,2,1,3,120,RUE LOUIS LUMIERE,,,,750
201300055806,13,12,8,1350,1,2,1,1,3,120,PORTE DE BAGNOLET,,,,750
201300055807,13,12,9,1220,1,2,1,1,6,120,"6, AVENUE GAMBETTA",,,,750
201300055808,13,12,9,1850,5,2,1,1,6,120,"4, RUE BELGRAND",,,,750
201300055809,13,12,12,1745,5,2,1,1,6,120,"37, RUE DE LA CHINE",,,,750
201300055810,13,12,13,950,1,2,3,1,7,120,"84, RUE HAXO",,,,750
201300055811,13,12,12,1830,5,2,1,1,6,120,"137, BOULEVARD DAVOUT",,,,750
201300055812,13,12,14,1445,1,2,2,2,7,120,"0, RUE DE MENILMONTANT",,,,750
201300055813,13,12,15,1250,1,2,1,1,2,120,"59, RUE SAINT BLAISE",,,,750
201300055814,13,12,16,1755,3,2,1,1,2,120,"20, AVENUE BENOIT FRACHO",,,,750
201300055815,13,12,16,2000,5,2,2,1,6,120,"13, RUE DES GATINES",,,,750
201300055816,13,12,17,1600,1,2,2,1,7,120,"42, RUE BELGRAND",,,,750
201300055817,13,12,18,755,2,2,2,1,6,120,"06, RUE PAGANINI",,,,750
201300055818,13,12,17,1650,5,2,2,1,6,120,"195, RUE DES PYRENEES",,,,750
201300055819,13,12,19,1710,5,2,3,1,6,120,"ANGLE, BOULEVARD DE BELL",,,,750
201300055820,13,12,19,2015,5,2,2,1,5,120,"ANGLE, RUE DES PYRENEES",,,,750
201300055821,13,12,20,300,5,2,1,2,6,120,"47, RUE BELGRAND",,,,750
201300055822,13,12,20,1805,3,2,2,1,6,120,"ANGLE, RUE JULIEN LACROI",,,,750
201300055823,13,12,20,2200,5,2,2,1,6,120,"95, RUE D AVRON",,,,750
201300055824,13,12,20,2318,5,2,2,1,3,120,"2, RUE DU CAPITAINE FERB",,,,750
201300055825,13,12,22,224,5,2,7,1,2,120,"0, AVENUE DU DOCTEUR GLE",,,,750
201300055826,13,12,22,1350,1,2,1,8,3,120,"74, RUE DES ORTEAUX",,,,750
201300055827,13,12,28,850,1,2,1,2,6,120,"0, BOULEVARD PERIPHERIQU",,,,750
201300055828,13,12,31,2150,5,2,1,2,2,120,"4, AVENUE DE LA PORTE DE",,,,750
201300055829,13,1,3,1125,1,2,3,2,6,112,"78, RUE DE REUILLY",,,,750
201300055830,13,1,6,1145,1,2,5,1,6,119,"244, BOULEVARD DE LA VIL",,,,750
201300055831,13,1,8,1345,1,2,3,2,7,114,"32, RUE REMY DUMONCEL",,,,750
201300055832,13,1,8,1740,5,2,1,1,4,119,BOULEVARD PERIPHERIQUE I,,,,750
201300055833,13,1,9,2124,5,2,2,2,6,112,"256, AVENUE DAUMESNIL",,,,750
201300055834,13,1,10,1209,1,2,5,2,3,104,"96, RUE DE RIVOLI",,,,750
201300055835,13,1,11,1740,5,2,1,1,2,117,BOULEVARD DU FORT DE VAU,,,,750
201300055836,13,1,12,2000,5,2,2,1,6,107,"25, BOULEVARD DE LA TOUR",,,,750
201300055837,13,1,14,1900,5,2,1,4,6,110,"23, AVENUE CLAUDE VELLEF",,,,750
201300055838,13,1,17,1300,1,2,1,1,3,106,"27, QUAI DES GRANDS AUGU",,,,750
201300055839,13,1,18,1910,5,2,1,4,2,101,PONT AU CHANGE,,,,750
201300055840,13,1,22,1540,1,2,7,1,2,114,PLACE DENFERT ROCHEREAU,,,,750
201300055841,13,1,24,910,1,2,1,1,2,110,"123, RUE DU FAUBOURG SAI",,,,750
201300055842,13,1,26,743,2,2,5,1,3,108,COURS ALBERT 1ER,,,,750
201300055843,13,1,26,1855,5,2,1,1,6,103,"33, BOULEVARD BEAUMARCHA",,,,750
201300055844,13,1,27,2205,5,2,1,1,3,116,ALLEE DE LA REINE MARGUE,,,,750
201300055845,13,1,29,1155,1,2,5,2,3,110,BOULEVARD DE STRASBOURG,,,,750
201300055846,13,1,30,1145,1,2,1,3,2,107,"71, QUAI BRANLY",,,,750
201300055847,13,1,30,1215,1,2,7,2,6,108,"04, PLACE DE LA CONCORDE",,,,750
201300055848,13,1,31,830,1,2,5,1,3,111,RUE DU CHEMIN VERT,,,,750
201300055849,13,2,1,1150,1,2,1,2,4,108,"63, RUE DE COURCELLES",,,,750
201300055850,13,2,1,1630,1,2,7,1,2,116,PLACE DE LA PORTE MAILLO,,,,750
201300055851,13,2,1,1838,5,2,2,2,3,116,ROUTE DE SURESNES,,,,750
201300055852,13,2,3,1025,1,2,4,1,6,116,AVENUE DU PRESIDENT KENN,,,,750
201300055853,13,2,5,725,5,2,2,3,7,106,"17, BOULEVARD DU MONTPAR",,,,750
201300055854,13,2,5,1115,1,2,3,1,6,116,"90, AVENUE KLEBER",,,,750
201300055855,13,2,6,135,5,2,5,3,7,117,BOULEVARD BERTHIER,,,,750
201300055856,13,2,6,2005,5,2,2,1,6,118,"02, AVENUE DE LA PORTE D",,,,750
201300055857,13,2,7,1820,5,2,3,1,2,113,"108, AVENUE D IVRY",,,,750
201300055858,13,2,9,1000,1,2,3,8,6,116,"77, AVENUE DE VERSAILLES",,,,750
201300055859,13,2,10,440,5,2,7,5,6,113,PLACE D ITALIE,,,,750
201300055860,13,2,10,449,5,2,7,1,2,107,PLACE VAUBAN,,,,750
201300055861,13,2,11,1345,1,2,3,1,3,112,BOULEVARD DIDEROT,,,,750
201300055862,13,2,15,1615,1,2,1,1,6,105,QUAI SAINT BERNARD,,,,750
201300055863,13,2,15,1650,1,2,2,1,1,102,"29, BOULEVARD POISSONNIE",,,,750
201300055864,13,2,15,2130,5,2,5,1,7,117,"85, AVENUE DE WAGRAM",,,,750
201300055865,13,2,16,1315,1,2,2,1,1,117,BOULEVARD GOUVION SAINT,,,,750
201300055866,13,2,19,30,3,2,1,1,7,116,ROUTE DE L ETOILE,,,,750
201300055867,13,2,20,1645,1,2,7,1,3,119,PLACE DE LA PORTE DE PAN,,,,750
201300055868,13,2,22,915,1,2,1,1,2,104,"1, RUE DES NONNAINS D HY",,,,750
201300055869,13,2,22,1450,1,2,1,1,2,116,ALLEE DU BORD DE L EAU,,,,750
201300055870,13,2,22,1730,1,2,7,1,3,117,PLACE DE LA PORTE MAILLO,,,,750
201300055871,13,2,25,1845,5,2,2,2,2,104,"16, PONT AU CHANGE",,,,750
201300055872,13,2,26,2338,5,2,2,2,1,115,RUE LECOURBE,,,,750
201300055873,13,2,27,1709,2,2,5,1,2,106,BOULEVARD RASPAIL,,,,750
201300055874,13,2,28,500,5,2,4,1,6,116,BOULEVARD LANNES,,,,750
201300055875,13,2,28,1350,1,2,2,1,3,102,RUE DU QUATRE SEPTEMBRE,,,,750
201300055876,13,3,1,1715,2,2,1,1,3,112,QUAI DE BERCY,,,,750
201300055877,13,3,5,1155,1,2,1,1,6,116,"58, AVENUE DE VERSAILLES",,,,750
201300055878,13,3,5,1227,1,2,2,1,3,112,"02, AVENUE LEDRU ROLLIN",,,,750
201300055879,13,3,5,1330,1,2,4,1,5,114,BOULEVARD PERIPHERIQUE E,,,,750
201300055880,13,3,6,1720,1,2,4,1,6,119,"96, BOULEVARD SERURIER",,,,750
201300055881,13,3,7,1245,1,2,3,1,6,106,"7 BIS, RUE DES SAINTS PE",,,,750
201300055882,13,3,9,638,2,2,7,1,3,117,PLACE DU BRESIL,,,,750
201300055883,13,3,9,1035,1,2,2,1,1,110,"141, RUE LA FAYETTE",,,,750
201300055884,13,3,10,625,2,2,7,1,6,118,"20, BOULEVARD DE CLICHY",,,,750
201300055885,13,3,10,1540,1,2,1,1,6,113,"53, AVENUE D ITALIE",,,,750
201300055886,13,3,14,1230,1,2,1,1,4,116,BOULEVARD PERIPHERIQUE E,,,,750
201300055887,13,3,15,5,5,2,1,1,5,113,AVENUE PIERRE DE COUBERT,,,,750
201300055888,13,3,16,1535,1,2,3,1,2,110,"145, AVENUE PARMENTIER",,,,750
201300055889,13,3,17,505,5,2,2,1,6,118,"43, BOULEVARD BARBES",,,,750
201300055890,13,3,19,1745,1,2,1,1,6,115,"173, RUE DE VAUGIRARD",,,,750
201300055891,13,3,19,1945,5,2,1,2,3,116,ALLEE DE LA REINE MARGUE,,,,750
201300055892,13,3,20,440,5,2,1,1,6,116,VOIE GEORGES POMPIDOU,,,,750
201300055893,13,3,21,740,1,2,2,1,3,105,"0, BOULEVARD SAINT MICHE",,,,750
201300055894,13,3,21,1530,1,2,1,1,6,115,QUAI D ISSY LES MOULINEA,,,,750
201300055895,13,3,23,1520,1,2,1,1,3,101,"350, RUE SAINT HONORE",,,,750
201300055896,13,3,27,40,5,2,1,1,2,103,RUE DES ARCHIVES,,,,750
201300055897,13,3,27,1450,1,2,1,1,2,118,PORTE D AUBERVILLIERS,,,,750
201300055898,13,3,27,2030,5,2,2,1,7,108,"37, AVENUE DES CHAMPS EL",,,,750
201300055899,13,3,28,830,1,2,4,1,3,112,RUE DU GENERAL DE LANGLE,,,,750
201300055900,13,3,28,1330,1,2,3,1,6,113,"48, RUE DE TOLBIAC",,,,750
201300055901,13,3,28,1735,1,2,4,1,6,107,"89, AVENUE DE LA BOURDON",,,,750
201300055902,13,3,29,810,1,2,1,1,3,119,"119, AVENUE DE FLANDRE",,,,750
201300055903,13,3,29,1025,1,2,1,1,7,104,"9, RUE DU RENARD",,,,750
201300055904,13,3,29,1800,1,2,1,1,2,116,BOULEVARD PERIPHERIQUE I,,,,750
201300055905,13,3,31,640,1,2,2,1,3,104,RUE DE LA CITE,,,,750
201300055906,13,3,31,700,1,2,3,1,6,116,"0, BOULEVARD FLANDRIN",,,,750
201300055907,13,4,1,2115,5,2,3,1,6,117,"168 bis, RUE CARDINET",,,,750
201300055908,13,4,2,1430,1,2,7,1,4,101,"12, QUAI FRANCOIS MITTER",,,,750
201300055909,13,4,3,1100,1,2,5,1,6,118,RUE ORDENER,,,,750
201300055910,13,4,6,215,5,2,1,1,6,114,"49, AVENUE DE L OBSERVAT",,,,750
201300055911,13,4,6,1330,1,2,1,1,3,107,"07, RUE DE CONSTANTINE",,,,750
201300055912,13,4,7,124,5,2,3,1,3,114,"67, RUE D ALESIA",,,,750
201300055913,13,4,7,215,5,2,1,1,3,116,ALLEE DE LONGCHAMP,,,,750
201300055914,13,4,8,627,1,2,2,1,3,104,"50, RUE DE RIVOLI",,,,750
201300055915,13,4,10,1000,1,2,2,1,6,120,RUE HAXO,,,,750
201300055916,13,4,10,1532,1,2,1,1,6,119,BOULEVARD PERIPHERIQUE I,,,,750
201300055917,13,4,12,900,1,2,3,2,6,106,"8, BOULEVARD SAINT MICHE",,,,750
201300055918,13,4,12,1215,1,2,1,1,6,105,"5, BOULEVARD SAINT GERMA",,,,750
201300055919,13,4,12,1500,1,2,1,8,6,116,"4, RUE POUSSIN",,,,750
201300055920,13,4,12,2010,2,2,3,2,1,113,"54, RUE DE TOLBIAC",,,,750
201300055921,13,4,13,1410,1,2,3,1,2,115,"03, AVENUE DE LA PORTE B",,,,750
201300055922,13,3,8,2250,2,2,1,1,6,120,ECHANGEUR BAGNOLET,,,,750
201300055923,13,4,17,1620,1,2,3,1,6,118,"121, RUE DES POISSONNIER",,,,750
201300055924,13,4,19,1,5,2,3,1,6,110,"23, RUE DE LA GRANGE AUX",,,,750
201300055925,13,4,19,15,5,2,4,1,3,116,VOIE GEORGES POMPIDOU,,,,750
201300055926,13,4,19,2015,5,2,4,1,5,119,"18, RUE GASTON TESSIER",,,,750
201300055927,13,4,20,1459,1,2,5,1,4,106,"112, RUE DE RENNES",,,,750
201300055928,13,4,20,1644,1,2,1,1,6,117,"20, BOULEVARD GOUVION SA",,,,750
201300055929,13,4,21,1354,1,2,2,1,3,118,RUE MARCADET,,,,750
201300055930,13,4,21,1935,1,2,5,1,6,120,"82, BOULEVARD DE MENILMO",,,,750
201300055931,13,4,22,1010,1,2,1,1,6,111,"177 bis, BOULEVARD VOLTA",,,,750
201300055932,13,4,23,940,1,2,1,1,6,114,"29, RUE DELAMBRE",,,,750
201300055933,13,4,23,1620,1,2,1,1,6,119,"28, RUE DU MAROC",,,,750
201300055934,13,4,23,1949,1,2,1,1,3,106,"6, QUAI MALAQUAIS",,,,750
201300055935,13,4,24,1040,1,2,2,1,3,105,"11, BOULEVARD SAINT GERM",,,,750
201300055936,13,4,24,1420,1,2,3,1,6,119,"138, RUE DE BELLEVILLE",,,,750
201300055937,13,4,25,1120,1,2,3,1,6,110,"187, RUE DU FAUBOURG SAI",,,,750
201300055938,13,4,25,2005,2,2,1,1,6,112,AVENUE DE SAINT MAURICE,,,,750
201300055939,13,4,27,2025,5,2,3,1,3,117,"87, AVENUE DE CLICHY",,,,750
201300055940,13,4,28,1351,1,2,1,1,7,108,VOIE GEORGES POMPIDOU,,,,750
201300055941,13,4,29,1515,1,2,1,1,6,111,"157, RUE SAINT MAUR",,,,750
201300055942,13,4,29,2035,2,2,1,1,3,119,"132, BOULEVARD DE LA VIL",,,,750
201300055943,13,4,29,2320,5,2,1,1,3,117,"75, AVENUE DE SAINT OUEN",,,,750
201300055944,13,4,30,2225,5,2,1,8,6,116,"36, AVENUE RAYMOND POINC",,,,750
201300055945,13,5,1,1700,1,2,2,3,6,104,RUE DES FRANCS BOURGEOIS,,,,750
201300055946,13,5,3,1115,1,2,2,1,6,119,RUE DES CHAUFOURNIERS,,,,750
201300055947,13,5,3,1410,1,2,7,1,6,114,"01, PLACE DU VINGT CINQ",,,,750
201300055948,13,5,4,340,5,2,4,1,1,117,"23, RUE FRAGONARD",,,,750
201300055949,13,5,4,750,1,2,1,1,6,114,BOULEVARD PERIPHERIQUE,,,,750
201300055950,13,5,5,1545,1,2,7,1,2,101,"168, RUE DE RIVOLI",,,,750
201300055951,13,5,6,1540,1,2,2,1,6,115,"0, RUE DE VOUILLE",,,,750
201300055952,13,5,8,1215,1,2,1,1,6,108,"128, RUE LA BOETIE",,,,750
201300055953,13,5,11,1806,1,2,1,1,6,120,"42, BOULEVARD MORTIER",,,,750
201300055954,13,5,13,1620,1,2,5,1,6,115,"12, RUE PECLET",,,,750
201300055955,13,5,14,400,5,2,5,1,3,106,"87, BOULEVARD RASPAIL",,,,750
201300055956,13,5,16,2315,5,2,3,1,3,117,"16, AVENUE DE LA GRANDE",,,,750
201300055957,13,5,17,240,5,2,1,1,6,114,BOULEVARD PERIPHERIQUE E,,,,750
201300055958,13,5,17,1850,1,2,1,1,6,106,"141, RUE DE RENNES",,,,750
201300055959,13,5,18,753,1,2,2,1,3,109,"85, RUE DE DUNKERQUE",,,,750
201300055960,13,5,18,1545,1,2,1,1,6,118,"25, RUE CHAMPIONNET",,,,750
201300055961,13,5,18,1645,1,2,2,2,2,117,"87, AVENUE DES TERNES",,,,750
201300055962,13,5,19,240,5,2,2,2,6,117,"25, RUE LEMERCIER",,,,750
201300055963,13,5,19,1650,1,2,2,2,3,107,RUE DUROC,,,,750
201300055964,13,5,19,1751,1,2,1,3,7,117,AVENUE PAUL ADAM,,,,750
201300055965,13,5,21,1355,1,2,2,2,3,115,RUE LINOIS,,,,750
201300055966,13,5,21,1902,1,2,5,2,2,102,"28, AVENUE DE L OPERA",,,,750
201300055967,13,5,21,2155,2,2,1,2,1,115,"19, RUE LINOIS",,,,750
201300055968,13,5,22,1502,1,2,4,1,6,116,BOULEVARD PERIPHERIQUE E,,,,750
201300055969,13,5,23,1010,1,2,1,1,2,104,VOIE GEORGES POMPIDOU,,,,750
201300055970,13,5,23,1042,1,2,1,1,2,103,"22, RUE BEAUBOURG",,,,750
201300055971,13,5,23,2230,5,2,7,2,3,107,PLACE DE LA RESISTANCE,,,,750
201300055972,13,5,24,1715,1,2,1,2,6,116,"05/07, RUE ABEL FERRY",,,,750
201300055973,13,5,25,225,5,2,1,1,6,113,"66, RUE DE PATAY",,,,750
201300055974,13,5,25,945,1,2,5,1,3,106,"113, BOULEVARD DU MONTPA",,,,750
201300055975,13,5,25,2050,2,2,7,1,3,114,PLACE DENFERT ROCHEREAU,,,,750
201300055976,13,5,26,1115,1,2,7,1,6,116,AVENUE DE LA PORTE DE SA,,,,750
201300055977,13,5,27,1630,1,2,1,1,2,113,BOULEVARD PERIPHERIQUE I,,,,750
201300055978,13,5,27,1645,1,2,1,1,2,116,ALLEE DE LA REINE MARGUE,,,,750
201300055979,13,5,30,1445,1,2,1,2,2,118,"50, BOULEVARD ORNANO",,,,750
201300055980,13,6,1,935,1,2,5,1,3,116,AVENUE DE MALAKOFF,,,,750
201300055981,13,6,2,1230,1,2,2,1,6,113,"64, RUE DE TOLBIAC",,,,750
201300055982,13,6,4,1430,1,2,5,1,6,103,"38, RUE DE TURBIGO",,,,750
201300055983,13,6,5,40,5,2,1,1,2,112,BOULEVARD PERIPHERIQUE,,,,750
201300055984,13,6,5,1845,1,2,1,1,6,119,PORTE DE PANTIN,,,,750
201300055985,13,6,6,835,1,2,1,1,3,115,BOULEVARD PERIPHERIQUE I,,,,750
201300055986,13,6,6,1130,1,2,5,1,3,112,BOULEVARD SOULT,,,,750
201300055987,13,6,6,1730,1,2,4,1,6,112,"75, RUE CROZATIER",,,,750
201300055988,13,6,7,1205,1,2,1,1,6,113,"15, RUE DU DESSOUS DES B",,,,750
201300055989,13,6,10,1222,1,2,2,1,6,117,RUE JOUFFROY D ABBANS,,,,750
201300055990,13,6,11,915,1,2,1,1,4,112,PORTE DOREE,,,,750
201300055991,13,6,11,1710,1,2,1,1,6,114,"150, AVENUE DU MAINE",,,,750
201300055992,13,6,12,120,5,2,1,1,6,111,"122, BOULEVARD RICHARD L",,,,750
201300055993,13,6,13,840,1,2,1,1,6,115,"149, PORTE DE SEVRES",,,,750
201300055994,13,6,13,900,1,2,2,1,3,115,"1, QUAI DE GRENELLE",,,,750
201300055995,13,6,16,2240,5,2,7,1,2,104,PLACE DU CHATELET,,,,750
201300055996,13,6,17,1915,1,2,1,1,2,119,BOULEVARD PERIPHERIQUE E,,,,750
201300055997,13,6,18,1519,1,2,5,1,2,102,"84, BOULEVARD MONTMARTRE",,,,750
201300055998,13,6,18,1500,1,2,5,1,3,109,"0, RUE DU FAUBOURG MONTM",,,,750
201300055999,13,6,20,300,5,2,1,1,6,114,BOULEVARD PERIPHERIQUE,,,,750
201300056000,13,6,20,1353,1,2,1,1,7,110,"22, PASSAGE HEBRARD",,,,750
201300056001,13,6,20,2300,5,2,1,1,4,112,BOULEVARD PERIPHERIQUE,,,,750
201300056002,13,6,21,1153,1,2,5,1,1,114,BOULEVARD ROMAIN ROLLAND,,,,750
201300056003,13,6,21,1145,1,2,3,1,6,119,"12, RUE DE TANGER",,,,750
201300056004,13,6,21,2230,5,2,2,1,6,115,"13, BOULEVARD GENERAL MA",,,,750
201300056005,13,6,23,834,1,2,3,1,2,113,"51-55, BOULEVARD MASSENA",,,,750
201300056006,13,6,23,1235,1,2,1,1,6,111,"54, RUE DE LA ROQUETTE",,,,750
201300056007,13,6,23,1954,1,2,2,2,6,105,RUE DES ECOLES,,,,750
201300056008,13,6,23,2210,5,2,2,2,6,114,"170, RUE D ALESIA",,,,750
201300056009,13,6,24,1445,1,2,1,1,6,116,"13, BOULEVARD EXELMANS",,,,750
201300056010,13,6,24,2035,1,2,5,1,3,117,"112, BOULEVARD BERTHIER",,,,750
201300056011,13,6,25,1205,1,2,2,1,5,107,BOULEVARD DE LA TOUR MAU,,,,750
201300056012,13,6,25,1650,1,2,1,1,6,119,"92, RUE DE CRIMEE",,,,750
201300056013,13,6,25,1940,1,2,1,1,2,116,BOULEVARD PERIPHERIQUE,,,,750
201300056014,13,6,29,418,5,2,1,2,7,110,"16, BOULEVARD DE MAGENTA",,,,750
201300056015,13,6,29,524,2,2,1,1,6,106,"44, BOULEVARD SAINT MICH",,,,750
201300056016,13,6,29,2109,2,2,1,1,2,114,BOULEVARD PERIPHERIQUE E,,,,750
201300056017,13,7,1,2115,2,2,3,1,2,110,"209, RUE DU FAUBOURG SAI",,,,750
201300056018,13,7,2,1140,1,2,2,1,3,118,"25, RUE FRANCOEUR",,,,750
201300056019,13,7,4,1730,1,2,7,1,6,118,BOULEVARD DE LA CHAPELLE,,,,750
201300056020,13,7,5,1708,1,2,4,1,6,113,"74, RUE NATIONALE",,,,750
201300056021,13,7,6,554,5,2,1,1,6,116,AVENUE DU MAHATMA GANDHI,,,,750
201300056022,13,7,6,1640,1,2,1,1,2,114,BOULEVARD PERIPHERIQUE E,,,,750
201300056023,13,7,7,1720,1,2,3,1,3,107,"5, PLACE HENRY DE MONTHE",,,,750
201300056024,13,7,8,1340,1,2,5,1,6,118,"2, AVENUE DE LA PORTE DE",,,,750
201300056025,13,7,9,1840,1,2,3,1,6,120,"28, RUE HELENE JAKUBOWIC",,,,750
201300056026,13,7,10,1900,1,2,2,1,3,118,RUE HERMEL,,,,750
201300056027,13,7,11,30,5,2,4,1,6,116,ALLEE DE LONGCHAMP,,,,750
201300056028,13,7,12,1120,1,2,3,1,6,110,"50, RUE DU CHATEAU D EAU",,,,750
201300056029,13,7,12,1425,1,2,1,1,6,119,"3, RUE DE LA PREVOYANCE",,,,750