Num_Acc,an,mois,jour,hrmn,lum,agg,int,atm,col,com,adr,gps,lat,long,dep
201300056347,13,4,7,700,1,2,1,1,6,120,PORTE DE VINCENNES,,,,750
201300056348,13,4,7,1700,1,2,1,1,4,114,PORTE D ORLEANS,,,,750
201300056349,13,4,9,840,1,2,1,3,4,112,PORTE DE CHARENTON,,,,750
201300056350,13,4,9,1130,1,2,1,1,2,120,PORTE DE BAGNOLET,,,,750
201300056351,13,4,9,2005,5,2,1,1,2,113,PORTE D IVRY,,,,750
201300056352,13,4,10,920,1,2,1,1,3,119,PORTE DE PANTIN,,,,750
201300056353,13,4,10,1625,1,2,1,1,3,116,ECHANGEUR MUETTE,,,,750
201300056354,13,4,11,1005,1,2,1,1,3,114,PORTE DE GENTILLY,,,,750
201300056355,13,4,11,1800,1,2,1,1,4,116,PORTE DAUPHINE,,,,750
201300056356,13,4,12,900,1,2,1,2,4,117,PORTE MAILLOT,,,,750
201300056357,13,4,12,1405,1,2,1,1,3,112,PORTE DE CHARENTON,,,,750
201300056358,13,4,12,1615,1,2,1,1,4,116,PORTE D AUTEUIL,,,,750
201300056359,13,4,12,1720,1,2,1,1,4,113,PORTE D IVRY,,,,750
201300056360,13,4,12,1645,1,2,1,2,3,113,QUAI D IVRY,,,,750
201300056361,13,4,13,1530,1,2,1,1,2,113,QUAI D IVRY,,,,750
201300056362,13,4,14,1125,1,2,1,1,2,118,PORTE DE CLIGNANCOURT,,,,750
201300056363,13,4,14,1245,1,2,1,1,2,118,PORTE DE CLIGNANCOURT,,,,750
201300056364,13,4,14,2225,5,2,1,1,2,120,PORTE DE BAGNOLET,,,,750
201300056365,13,4,15,950,1,2,1,2,2,120,PORTE DE BAGNOLET,,,,750
201300056366,13,4,17,1500,1,2,1,1,4,116,PORTE DE SAINT CLOUD,,,,750
201300056367,13,4,17,1630,1,2,1,1,6,115,PORTE D ISSY,,,,750
201300056368,13,4,18,415,5,2,1,1,6,120,BOULEVARD PERIPHERIQUE I,,,,750
201300056369,13,4,18,1630,1,2,4,1,4,118,ECHANGEUR CHAPELLE,,,,750
201300056370,13,4,18,1905,1,2,1,1,4,117,PORTE DE CHAMPERRET,,,,750
201300056371,13,4,18,2300,5,2,1,1,7,112,BOULEVARD PERIPHERIQUE I,,,,750
201300056372,13,4,18,2306,5,2,1,1,2,115,BOULEVARD PERIPHERIQUE E,,,,750
201300056373,13,4,19,1000,1,2,1,1,6,118,PORTE DE LA CHAPELLE,,,,750
201300056374,13,4,19,1215,1,2,1,1,2,116,PORTE DE PASSY,,,,750
201300056375,13,4,20,2235,5,2,1,1,6,119,PORTE DE LA VILLETTE,,,,750
201300056376,13,4,20,2245,5,2,4,1,7,114,BOULEVARD PERIPHERIQUE E,,,,750
201300056377,13,4,22,1940,1,2,1,1,6,119,PORTE D AUBERVILLIERS,,,,750
201300056378,13,4,23,900,1,2,1,1,3,117,PORTE DE CHAMPERRET,,,,750
201300056379,13,4,23,1209,1,2,4,1,2,112,ECHANGEUR BERCY,,,,750
201300056380,13,4,24,1030,1,2,1,1,2,116,PORTE D AUTEUIL,,,,750
201300056381,13,4,25,1920,1,2,1,1,3,118,PORTE DE CLIGNANCOURT,,,,750
201300056382,13,4,25,1930,1,2,1,1,2,112,ECHANGEUR BERCY,,,,750
201300056383,13,4,26,830,1,2,1,1,2,115,PORTE DE SEVRES,,,,750
201300056384,13,4,27,545,5,2,1,1,3,112,ECHANGEUR PORTE DOREE,,,,750
201300056385,13,4,27,1600,1,2,1,1,6,113,PORTE D ITALIE,,,,750
201300056386,13,4,30,1225,1,2,1,1,6,118,PORTE DE LA CHAPELLE,,,,750
201300056387,13,4,30,1320,1,2,4,1,4,120,ECHANGEUR LILAS,,,,750
201300056388,13,5,2,900,1,2,1,1,6,117,PORTE DE CLICHY,,,,750
201300056389,13,5,2,1955,1,2,1,1,4,114,PORTE D ORLEANS,,,,750
201300056390,13,5,2,1910,5,2,1,1,4,116,PORT D AUTEUIL,,,,750
201300056391,13,5,4,1750,1,2,4,1,5,112,ECHANGEUR BERCY,,,,750
201300056392,13,5,5,1030,1,2,1,1,4,114,PORTE DE CHATILLON,,,,750
201300056393,13,5,5,1635,1,2,1,1,4,113,PORTE DE GENTILLY,,,,750
201300056394,13,5,6,1115,1,2,1,2,6,116,ECHANGEUR MUETTE,,,,750
201300056395,13,5,6,1615,1,2,1,1,2,112,PORTE DE CHARENTON,,,,750
201300056396,13,5,7,1325,1,2,1,1,4,120,PORTE DE VINCENNES,,,,750
201300056397,13,5,7,1630,1,2,1,1,3,120,PORTE DE BAGNOLET,,,,750
201300056398,13,5,8,930,1,2,1,2,6,118,ECHANGEUR CHAPELLE,,,,750
201300056399,13,5,8,1150,1,2,1,3,6,117,ECHANGEUR MAILLOT,,,,750
201300056400,13,5,9,655,1,2,1,1,4,113,QUAI D IVRY,,,,750
201300056401,13,5,10,1405,1,2,1,1,3,120,PORTE DE MONTREUIL,,,,750
201300056402,13,5,12,100,5,2,4,1,4,112,ECHANGEUR BERCY,,,,750
201300056403,13,5,12,1605,1,2,1,1,2,112,PORTE DE CHARENTON,,,,750
201300056404,13,5,13,1115,1,2,1,1,4,112,PORTE DE CHARENTON,,,,750
201300056405,13,5,13,1540,1,2,1,1,2,117,PORTE D ASNIERES,,,,750
201300056406,13,5,14,2015,1,2,1,1,3,112,PORTE DE VINCENNES,,,,750
201300056407,13,5,15,945,1,2,1,1,2,117,PORTE DE CHAMPERRET,,,,750
201300056408,13,5,16,1850,1,2,1,1,4,119,PORTE DU PRE SAINT GERVA,,,,750
201300056409,13,5,17,910,1,2,1,1,2,116,PORTE DAUPHINE,,,,750
201300056410,13,5,17,1230,1,2,1,1,2,116,ECHANGEUR MAILLOT,,,,750
201300056411,13,5,17,1715,1,2,4,1,3,114,PORTE D ORLEANS,,,,750
201300056412,13,5,18,750,1,2,4,1,2,118,PORTE DE CLIGNANCOURT,,,,750
201300056413,13,5,19,600,1,2,1,1,6,112,PORTE DOREE,,,,750
201300056414,13,5,19,1810,1,2,1,3,2,113,PORTE D ITALIE,,,,750
201300056415,13,5,20,700,1,2,1,1,6,120,ECHANGEUR BAGNOLET,,,,750
201300056416,13,5,20,1730,1,2,1,2,6,118,ECHANGEUR CHAPELLE,,,,750
201300056417,13,5,21,1730,1,2,1,1,3,115,PORTE DE SEVRES,,,,750
201300056418,13,5,21,1840,1,2,1,1,3,116,ECHANGEUR MAILLOT,,,,750
201300056419,13,5,23,1345,1,2,1,1,4,116,ECHANGEUR MUETTE,,,,750
201300056420,13,5,23,1335,1,2,1,1,4,118,PORTE DE LA CHAPELLE,,,,750
201300056421,13,5,24,930,1,2,1,1,6,116,PORTE DAUPHINE,,,,750
201300056422,13,5,25,2114,1,2,1,1,5,118,PORTE DE LA CHAPELLE,,,,750
201300056423,13,5,27,605,2,2,1,1,7,118,PORTE DE LA CHAPELLE,,,,750
201300056424,13,5,27,910,1,2,1,1,4,112,PORTE DE CHARENTON,,,,750
201300056425,13,5,27,1850,1,2,1,1,2,120,PORTE DE BAGNOLET,,,,750
201300056426,13,5,28,923,1,2,1,1,4,120,PORTE DES LILAS,,,,750
201300056427,13,5,28,1330,1,2,1,2,7,120,PORTE DE VINCENNES,,,,750
201300056428,13,5,28,1650,1,2,1,1,2,119,PORTE DE LA VILLETTE,,,,750
201300056429,13,5,29,1300,1,2,1,1,3,120,PORTE DE MONTREUIL,,,,750
201300056430,13,5,29,1700,1,2,1,1,2,116,PORTE DAUPHINE,,,,750
201300056431,13,5,29,1435,1,2,1,1,2,116,ECHANGEUR MUETTE,,,,750
201300056432,13,5,30,845,1,2,1,2,2,113,PORTE D ITALIE,,,,750
201300056433,13,5,30,845,1,2,1,2,4,114,PORTE DE CHATILLON,,,,750
201300056434,13,5,30,1030,1,2,1,2,2,119,PORTE DES LILAS,,,,750
201300056435,13,5,30,1540,1,2,1,2,2,117,PORTE D ASNIERES,,,,750
201300056436,13,5,31,1515,1,2,1,1,3,114,PORTE DE MONTROUGE,,,,750
201300056437,13,5,31,1930,1,1,1,1,6,117,PORTE D ASNIERES,,,,750
201300056438,13,6,2,45,5,2,1,1,6,119,BOULEVARD PERIPHERIQUE I,,,,750
201300056439,13,6,2,1315,1,2,1,1,2,113,QUAI D IVRY,,,,750
201300056440,13,6,4,1510,1,2,1,1,2,116,PORTE DAUPHINE,,,,750
201300056441,13,6,4,1850,1,2,1,1,3,113,QUAI D IVRY,,,,750
201300056442,13,6,5,1230,1,2,1,1,6,119,PORTE DES LILAS,,,,750
201300056443,13,6,5,1300,1,2,1,1,2,116,PORTE DE PASSY,,,,750
201300056444,13,6,5,1245,1,2,1,1,3,116,PORTE MAILLOT,,,,750
201300056445,13,6,5,2240,5,2,4,1,3,117,BOULEVARD PERIPHERIQUE I,,,,750
201300056446,13,6,6,1245,1,2,1,1,4,118,PORTE DE CLIGNANCOURT,,,,750
201300056447,13,6,6,2030,1,2,1,1,6,116,PORTE DE SAINT CLOUD,,,,750
201300056448,13,6,7,1950,1,2,1,1,6,115,PORTE DE SEVRES,,,,750
201300056449,13,6,8,900,1,2,4,1,2,118,ECHANGEUR AUBERVILLIERS,,,,750
201300056450,13,6,8,1555,1,2,1,1,4,116,ECHANGEUR MUETTE,,,,750
201300056451,13,6,10,800,1,2,1,1,3,119,PORTE DE PANTIN,,,,750
201300056452,13,6,10,1700,1,2,1,1,2,112,PORTE DE CHARENTON,,,,750
201300056453,13,6,11,1755,1,2,1,1,4,117,PORTE DE CHAMPERRET,,,,750
201300056454,13,6,12,1530,1,2,1,1,6,119,PORTE DE PANTIN,,,,750
201300056455,13,6,12,1700,1,2,1,1,3,116,ECHANGEUR MUETTE,,,,750
201300056456,13,6,13,1000,1,2,1,1,3,119,PORTE DE PANTIN,,,,750
201300056457,13,6,13,1410,1,2,1,2,6,120,PORTE DE VINCENNES,,,,750
201300056458,13,6,13,1500,1,2,1,2,4,114,PORTE DE CHATILLON,,,,750
201300056459,13,6,13,1845,1,2,1,1,4,116,ECHANGEUR MUETTE,,,,750
201300056460,13,6,14,1110,1,2,1,1,2,120,PORTE DE BAGNOLET,,,,750
201300056461,13,6,14,1505,1,2,1,1,6,115,PORTE DE SEVRES,,,,750
201300056462,13,6,14,2030,2,2,1,1,3,112,PORTE DOREE,,,,750
201300056463,13,6,15,550,2,2,1,1,2,120,PORTE DES LILAS,,,,750
201300056464,13,6,15,1720,1,2,1,1,4,112,PORTE DE CHARENTON,,,,750
201300056465,13,6,17,845,1,2,1,2,4,113,PORTE DE GENTILLY,,,,750
201300056466,13,6,18,850,1,2,1,1,4,115,PORTE D ISSY,,,,750
201300056467,13,6,18,1015,1,2,1,1,2,119,PORTE D AUBERVILLIERS,,,,750
201300056468,13,6,19,745,1,2,1,3,3,116,PORTE DE PASSY,,,,750
201300056469,13,6,19,1530,1,2,1,8,2,115,PORTE D ISSY,,,,750
201300056470,13,6,21,945,1,2,1,1,2,118,PORTE DE LA CHAPELLE,,,,750
201300056471,13,6,22,1440,1,2,1,1,3,120,PORTE DE MONTREUIL,,,,750
201300056472,13,6,22,1700,1,2,1,1,2,119,PORTE DE LA VILLETTE,,,,750
201300056473,13,6,22,1645,1,2,1,1,4,118,PORTE DE LA CHAPELLE,,,,750
201300056474,13,6,24,930,1,2,1,1,2,114,PORTE DE VANVES,,,,750
201300056475,13,6,25,1045,1,2,1,1,2,114,PORTE D ORLEANS,,,,750
201300056476,13,6,25,1815,1,2,1,1,2,119,PORTE D AUBERVILLIERS,,,,750
201300056477,13,6,26,830,1,2,1,1,2,119,PORTE D AUBERVILLIERS,,,,750
201300056478,13,6,26,1230,1,2,1,1,2,118,PORTE DE LA CHAPELLE,,,,750
201300056479,13,6,26,1020,1,2,1,1,2,113,PORTE D ITALIE,,,,750
201300056480,13,6,27,1840,1,2,1,1,4,118,PORTE D AUBERVILLIERS,,,,750
201300056481,13,6,28,20,5,2,1,1,4,120,BOULEVARD PERIPHERIQUE I,,,,750
201300056482,13,6,28,750,1,2,1,2,4,113,QUAI D IVRY,,,,750
201300056483,13,6,28,1700,1,2,1,1,2,116,PORTE DAUPHINE,,,,750
201300056484,13,6,28,1845,1,2,1,1,4,117,PORTE D ASNIERES,,,,750
201300056485,13,6,29,1215,1,2,4,1,5,117,PORTE MAILLOT,,,,750
201300056486,13,6,29,1425,1,2,1,1,6,114,PORTE DE VANVES,,,,750
201300056487,13,6,29,1900,1,2,1,1,2,114,ECHANGEUR BRANCION,,,,750
201300056488,13,6,29,2045,2,2,1,1,7,114,ECHANGEUR GENTILLY,,,,750
201300056489,13,6,29,2330,5,2,1,1,7,118,BOULEVARD PERIPHERIQUE E,,,,750
201300056490,13,6,30,1400,1,2,1,1,7,114,PORTE DE GENTILLY,,,,750
201300056491,13,7,1,820,1,2,1,1,2,115,PORTE BRANCION,,,,750
201300056492,13,7,1,730,1,2,1,1,2,117,ECHANGEUR CHAMPERRET,,,,750
201300056493,13,7,1,1840,1,2,1,1,4,115,ECHANGEUR SEVRES,,,,750
201300056494,13,7,1,1820,1,2,1,1,4,119,PORTE DE PANTIN,,,,750
201300056495,13,7,3,850,1,2,1,1,6,115,PORTE DE VERSAILLES,,,,750
201300056496,13,7,4,105,5,2,4,1,2,112,PORTE DE VINCENNES,,,,750
201300056497,13,7,4,635,1,2,1,1,6,117,PORTE MAILLOT,,,,750
201300056498,13,7,4,900,1,2,1,1,3,113,PORTE DE GENTILLY,,,,750
201300056499,13,7,4,1740,1,2,1,1,3,116,PORTE D AUTEUIL,,,,750
201300056500,13,7,4,2330,3,2,4,1,6,119,BOULEVARD PERIPHERIQUE I,,,,750
201300056501,13,7,5,845,1,2,1,1,3,117,PORTE DE CLICHY,,,,750
201300056502,13,7,7,2000,1,2,1,1,3,112,ECHANGEUR BERCY,,,,750
201300056503,13,7,8,845,1,2,1,1,6,114,PORTE D ORLEANS,,,,750
201300056504,13,7,8,1920,1,2,1,1,6,117,PORTE DE CHAMPERRET,,,,750
201300056505,13,7,9,740,1,2,1,1,4,119,PORTE DE LA VILLETTE,,,,750
201300056506,13,7,9,1210,1,2,1,1,4,113,PORTE D IVRY,,,,750
201300056507,13,7,9,1720,1,2,1,1,3,118,PORTE DE CLIGNANCOURT,,,,750
201300056508,13,7,9,1900,1,2,1,1,3,120,PORTE DES LILAS,,,,750
201300056509,13,7,10,1810,1,2,1,1,2,112,ECHANGEUR BERCY,,,,750
201300056510,13,7,11,800,1,2,1,1,2,116,PORTE DAUPHINE,,,,750
201300056511,13,7,11,1715,1,2,1,1,3,114,PORTE DE GENTILLY,,,,750
201300056512,13,7,11,1720,1,2,1,1,2,116,PORTE DE PASSY,,,,750
201300056513,13,7,12,805,1,2,1,1,3,116,PORTE DE SAINT CLOUD,,,,750
201300056514,13,7,12,1700,1,2,1,1,4,113,PORTE D ITALIE,,,,750
201300056515,13,7,12,2300,5,2,1,1,6,113,BOULEVARD PERIPHERIQUE E,,,,750
201300056516,13,7,13,850,1,2,1,1,6,116,ECHANGEUR MAILLOT,,,,750
201300056517,13,7,14,220,4,2,1,1,6,120,ECHANGEUR BAGNOLET,,,,750
201300056518,13,7,14,1855,1,2,4,1,4,116,PORTE D AUTEUIL,,,,750
201300056519,13,7,14,2215,5,2,1,1,3,116,PORTE D AUTEUIL,,,,750
201300056520,13,7,15,835,1,2,1,1,3,114,PORTE D ORLEANS,,,,750
201300056521,13,7,15,1000,1,2,1,1,3,119,PORTE DE LA VILLETTE,,,,750
201300056522,13,7,15,1020,1,2,1,1,6,113,QUAI D IVRY,,,,750
201300056523,13,7,15,1820,1,2,1,1,7,112,ECHANGEUR BERCY,,,,750
201300056524,13,7,15,1930,1,2,1,1,2,116,PORTE DAUPHINE,,,,750
201300056525,13,7,16,840,1,2,1,1,4,112,ECHANGEUR BERCY,,,,750
201300056526,13,7,16,1610,1,2,1,1,2,120,PORTE DE BAGNOLET,,,,750
201300056527,13,7,16,1910,1,2,1,1,4,117,PORTE DE CLICHY,,,,750
201300056528,13,7,17,1510,1,2,1,1,3,112,PORTE DOREE,,,,750
201300056529,13,7,18,1430,1,2,1,1,2,118,PORTE DE CLIGNANCOURT,,,,750
201300056530,13,7,18,1900,1,2,1,1,2,113,PONT DE BERCY,,,,750
201300056531,13,7,19,120,5,2,1,1,2,120,PORTE DE BAGNOLET,,,,750
201300056532,13,7,19,810,1,2,1,2,6,117,ECHANGEUR SAINT OUEN,,,,750
201300056533,13,7,20,1900,1,2,1,1,4,116,PORTE DAUPHINE,,,,750
201300056534,13,7,22,945,1,2,1,1,2,118,PORTE DE SAINT OUEN,,,,750
201300056535,13,7,22,1700,1,2,1,1,3,116,PORTE DE PASSY,,,,750
201300056536,13,7,22,1845,1,2,1,1,2,119,PORTE DE LA VILLETTE,,,,750
201300056537,13,7,24,745,1,2,1,1,4,116,PORT D AUTEUIL,,,,750
201300056538,13,7,24,1230,1,2,1,1,2,118,PORTE DE LA CHAPELLE,,,,750
201300056539,13,7,25,815,1,2,1,1,4,112,ECHANGEUR BERCY,,,,750
201300056540,13,7,26,820,1,2,1,2,2,120,ECHANGEUR BAGNOLET,,,,750
201300056541,13,7,28,1830,1,2,1,1,2,119,PORTE D AUBERVILLIERS,,,,750
201300056542,13,7,29,1120,1,2,1,1,7,116,ECHANGEUR DAUPHINE,,,,750
201300056543,13,7,30,1355,1,2,1,1,7,116,PORTE DE PASSY,,,,750
201300056544,13,7,31,900,1,2,1,1,2,118,ECHANGEUR CHAPELLE,,,,750
201300056545,13,7,31,1050,1,2,1,1,2,113,QUAI D IVRY,,,,750
201300056546,13,8,1,850,1,2,1,1,3,116,PORTE D AUTEUIL,,,,750
201300056547,13,8,1,1525,1,2,1,1,4,118,PORTE DE LA CHAPELLE,,,,750
201300056548,13,8,1,1840,1,2,1,1,6,120,PORTE DE BAGNOLET,,,,750
201300056549,13,8,1,1840,1,2,1,1,4,116,ECHANGEUR MAILLOT,,,,750
201300056550,13,8,2,845,1,2,1,1,4,119,PORTE D AUBERVILLIERS,,,,750
201300056551,13,8,3,2000,1,2,4,1,7,118,PORTE DE LA CHAPELLE,,,,750
201300056552,13,8,4,1250,1,2,4,1,2,119,PORTE DE PANTIN,,,,750
201300056553,13,8,5,1335,1,2,1,1,4,119,PORTE D AUBERVILLIERS,,,,750
201300056554,13,8,6,1740,1,2,1,1,3,115,PORTE DE SEVRES,,,,750
201300056555,13,8,6,1635,1,2,1,1,4,118,PORTE DE CLIGNANCOURT,,,,750
201300056556,13,8,7,1525,1,2,4,1,3,120,PORTE DE MONTREUIL,,,,750
201300056557,13,8,8,645,2,2,1,1,3,116,ECHANGEUR MUETTE,,,,750
201300056558,13,8,8,1320,1,2,1,1,7,118,PORTE DE LA CHAPELLE,,,,750
201300056559,13,8,8,1855,1,2,1,1,3,117,PORTE DE SAINT OUEN,,,,750
201300056560,13,8,8,1655,1,2,1,1,6,116,ECHANGEUR MUETTE,,,,750
201300056561,13,8,9,1815,1,2,1,1,2,115,PORTE DE SEVRES,,,,750
201300056562,13,8,12,1800,1,2,1,1,4,117,PORTE DE SAINT OUEN,,,,750
201300056563,13,8,13,1525,1,2,1,1,4,120,PORTE DE MONTREUIL,,,,750
201300056564,13,8,15,1315,1,2,1,1,6,118,PORTE DE LA CHAPELLE,,,,750
201300056565,13,8,15,2150,2,2,1,1,4,120,PORTE DE BAGNOLET,,,,750
201300056566,13,8,16,2100,5,1,4,1,6,114,PORTE DE CHATILLON,,,,750
201300056567,13,8,16,2100,5,2,1,1,7,119,PORTE DE PANTIN,,,,750
201300056568,13,8,17,1015,1,2,4,1,6,118,PORTE D AUBERVILLIERS,,,,750
201300056569,13,8,20,1150,1,2,1,1,3,119,PORTE DE LA VILLETTE,,,,750
201300056570,13,8,20,1855,2,2,1,1,2,118,PORTE DE LA CHAPELLE,,,,750
201300056571,13,8,21,1800,1,2,1,1,2,117,PORTE DE CHAMPERRET,,,,750
201300056572,13,8,22,620,1,2,1,1,4,118,PORTE DE SAINT OUEN,,,,750
201300056573,13,8,23,915,1,2,1,1,4,117,ECHANGEUR MAILLOT,,,,750
201300056574,13,8,23,1600,1,2,1,1,4,112,PORTE DE SAINT MANDE,,,,750
201300056575,13,8,23,2225,5,2,4,1,4,114,PORTE D ORLEANS,,,,750
201300056576,13,8,26,630,5,2,1,1,7,119,PORTE DE LA VILLETTE,,,,750
201300056577,13,8,26,950,1,2,1,1,7,119,PORTE DE PANTIN,,,,750
201300056578,13,8,26,1040,1,2,1,1,5,120,PORTE DE MONTREUIL,,,,750
201300056579,13,8,28,1715,1,2,1,1,3,114,PORTE DE GENTILLY,,,,750
201300056580,13,8,29,902,1,2,1,1,4,116,PORTE DAUPHINE,,,,750
201300056581,13,8,30,1945,1,2,1,1,4,113,QUAI D IVRY,,,,750
201300056582,13,8,31,1145,1,2,1,1,3,114,PORTE DE CHATILLON,,,,750
201300056583,13,8,31,1140,1,2,1,1,4,115,PORTE DE LA PLAINE,,,,750
201300056584,13,8,31,1245,1,2,1,1,2,117,PORTE DE SAINT OUEN,,,,750
201300056585,13,8,31,1740,1,2,1,1,2,120,PORTE DES LILAS,,,,750
201300056586,13,9,1,110,5,2,1,1,6,117,PORTE MAILLOT,,,,750
201300056587,13,9,1,630,5,2,1,1,7,114,PORTE D ORLEANS,,,,750
201300056588,13,9,1,1655,1,2,1,1,4,116,PORTE DE PASSY,,,,750
201300056589,13,9,1,1945,1,2,1,1,2,118,PORTE DE CLIGNANCOURT,,,,750
201300056590,13,9,2,845,1,2,1,1,7,116,PORTE DE SAINT CLOUD,,,,750
201300056591,13,9,2,900,1,2,1,1,6,119,PORTE DE PANTIN,,,,750
201300056592,13,9,2,1405,1,2,1,1,3,113,PORTE D ITALIE,,,,750
201300056593,13,9,2,1450,1,2,4,1,2,116,PORTE D AUTEUIL,,,,750
201300056594,13,9,3,1230,1,2,1,1,3,117,PORTE DE CLICHY,,,,750
201300056595,13,9,4,845,1,2,1,1,4,119,PORTE D AUBERVILLIERS,,,,750
201300056596,13,9,4,845,1,2,1,1,2,114,PORTE D ORLEANS,,,,750
201300056597,13,9,4,1440,1,2,1,1,6,119,PORTE DU PRE SAINT GERVA,,,,750
201300056598,13,9,4,1440,1,2,1,1,3,113,PORTE D ITALIE,,,,750
201300056599,13,9,4,2020,1,2,1,1,2,113,PORTE D ITALIE,,,,750
201300056600,13,9,4,2145,4,2,1,1,4,114,ECHANGEUR CHATILLON,,,,750
201300056601,13,9,5,1600,1,2,1,1,7,112,ECHANGEUR BERCY,,,,750
201300056602,13,9,5,1815,1,2,1,1,2,113,PORTE D IVRY,,,,750
201300056603,13,9,6,950,1,2,1,3,7,113,PORTE D ITALIE,,,,750
201300056604,13,9,8,615,2,2,1,1,6,119,PORTE DE PANTIN,,,,750
201300056605,13,9,9,1105,1,2,1,1,2,117,PORTE DE SAINT OUEN,,,,750
201300056606,13,9,10,850,1,2,1,1,2,113,QUAI D IVRY,,,,750
201300056607,13,9,10,900,1,2,1,1,3,116,PORTE DE SAINT CLOUD,,,,750
201300056608,13,9,10,1710,1,1,1,1,4,116,PORTE DAUPHINE,,,,750
201300056609,13,9,12,1730,1,2,1,1,3,114,PORTE DE GENTILLY,,,,750
201300056610,13,9,13,25,5,2,1,1,4,120,BOULEVARD PERIPHERIQUE E,,,,750
201300056611,13,9,13,1355,1,2,1,1,3,116,PORTE DAUPHINE,,,,750
201300056612,13,9,13,1720,1,2,1,1,3,113,QUAI D IVRY,,,,750
201300056613,13,9,13,1720,1,2,1,1,3,116,ECHANGEUR SAINT CLOUD,,,,750
201300056614,13,9,14,2110,5,2,1,2,6,117,PORTE DE CLICHY,,,,750
201300056615,13,9,14,2210,5,2,1,3,2,120,PORTE DE BAGNOLET,,,,750
201300056616,13,9,16,1510,1,2,1,1,3,117,PORTE DE CHAMPERRET,,,,750
201300056617,13,9,16,1515,1,2,1,1,4,115,PORTE BRANCION,,,,750
201300056618,13,9,16,1645,1,2,1,1,2,118,PORTE DE CLIGNANCOURT,,,,750
201300056619,13,9,17,1045,1,2,4,1,5,116,PORTE DE PASSY,,,,750
201300056620,13,9,17,1400,1,2,1,1,4,113,QUAI D IVRY,,,,750
201300056621,13,9,18,745,1,2,1,1,2,112,PORTE DE CHARENTON,,,,750
201300056622,13,9,18,930,1,2,1,1,2,116,ECHANGEUR MUETTE,,,,750
201300056623,13,9,19,1315,1,2,1,1,3,120,PORTE DE MONTREUIL,,,,750
201300056624,13,9,19,1615,1,2,1,1,2,114,PORTE DE VANVES,,,,750
201300056625,13,9,20,815,1,2,1,1,6,120,PORTE DE MONTREUIL,,,,750
201300056626,13,9,20,1540,1,2,1,1,2,117,PORTE MAILLOT,,,,750
201300056627,13,9,20,1400,1,2,1,1,3,115,PORTE DE SEVRES,,,,750
201300056628,13,9,21,1530,1,2,1,1,2,116,ECHANGEUR MUETTE,,,,750
201300056629,13,9,21,1450,1,2,1,1,2,117,ECHANGEUR SAINT OUEN,,,,750
201300056630,13,9,23,810,1,2,4,1,4,115,PORTE DE SEVRES,,,,750
201300056631,13,9,23,2010,5,2,1,1,2,120,PORTE DE BAGNOLET,,,,750
201300056632,13,9,24,20,5,2,1,1,6,112,BOULEVARD PERIPHERIQUE I,,,,750
201300056633,13,9,24,850,1,2,1,1,7,117,PORTE DE CHAMPERRET,,,,750
201300056634,13,9,25,745,1,2,1,1,3,120,PORTE DE VINCENNES,,,,750
201300056635,13,9,25,1230,1,2,1,1,2,120,PORTE DE BAGNOLET,,,,750
201300056636,13,9,25,1410,1,2,1,1,2,114,PORTE DE GENTILLY,,,,750
201300056637,13,9,25,1420,1,2,2,1,2,118,ECHANGEUR AUBERVILLIERS,,,,750
201300056638,13,9,25,1505,1,2,1,1,4,118,PORTE DE CLIGNANCOURT,,,,750
201300056639,13,9,25,1825,1,2,1,1,2,112,ECHANGEUR BERCY,,,,750
201300056640,13,9,26,2110,5,2,4,1,2,120,PORTE DES LILAS,,,,750
201300056641,13,9,27,1740,1,2,1,1,3,114,PORTE DE CHATILLON,,,,750
201300056642,13,9,28,155,3,2,1,1,2,120,PORTE DE BAGNOLET,,,,750
201300056643,13,9,29,1315,1,2,4,1,2,112,ECHANGEUR BERCY,,,,750
201300056644,13,9,29,1835,4,2,1,2,4,112,PORTE DE CHARENTON,,,,750
201300056645,13,9,30,815,1,2,1,1,3,115,PORTE DE SEVRES,,,,750
201300056646,13,9,30,930,1,2,1,1,2,114,PORTE DE VANVES,,,,750
201300056647,13,9,30,720,1,2,1,1,2,116,PORTE DE SAINT CLOUD,,,,750
201300056648,13,9,30,1800,1,2,4,1,4,120,PORTE DE VINCENNES,,,,750
201300056649,13,10,1,1800,1,2,1,1,2,116,PORTE DAUPHINE,,,,750
201300056650,13,10,2,1725,1,2,1,1,3,113,QUAI D IVRY,,,,750
201300056651,13,10,3,805,1,2,1,1,5,116,PORTE D AUTEUIL,,,,750
201300056652,13,10,3,1345,1,2,1,1,2,112,ECHANGEUR BERCY,,,,750
201300056653,13,10,4,1010,1,2,1,1,4,114,PORTE DE VANVES,,,,750
201300056654,13,10,4,1345,1,2,1,1,4,117,PORTE DE CHAMPERRET,,,,750
201300056655,13,10,6,1255,1,2,4,1,3,113,PORTE D ITALIE,,,,750
201300056656,13,10,6,1600,1,2,1,1,2,116,PORTE DE PASSY,,,,750
201300056657,13,10,7,1930,5,2,1,1,4,120,ECHANGEUR BAGNOLET,,,,750
201300056658,13,10,8,855,1,2,1,1,3,117,PORTE DE CHAMPERRET,,,,750
201300056659,13,10,8,1930,5,2,1,1,3,114,PORTE DE GENTILLY,,,,750
201300056660,13,10,8,1300,1,2,1,1,7,117,ECHANGEUR MAILLOT,,,,750
201300056661,13,10,9,1820,2,2,1,2,4,115,PORTE DE SEVRES,,,,750
201300056662,13,10,9,2332,5,2,1,1,2,116,BOULEVARD PERIPHERIQUE E,,,,750
201300056663,13,10,10,800,1,2,4,1,3,116,ECHANGEUR MAILLOT,,,,750
201300056664,13,10,11,1836,2,2,1,2,6,116,ECHANGEUR MAILLOT,,,,750
201300056665,13,10,13,615,5,2,4,1,6,112,ECHANGEUR BERCY,,,,750
201300056666,13,10,14,1350,1,2,1,1,3,115,QUAI D ISSY LES MOULINEA,,,,750
201300056667,13,10,14,1550,1,2,1,1,2,118,PORTE DE LA CHAPELLE,,,,750
201300056668,13,10,14,2100,4,2,4,1,6,115,PORTE DE LA PLAINE,,,,750
201300056669,13,10,16,1650,1,2,1,2,6,119,PORTE DE PANTIN,,,,750
201300056670,13,10,16,1830,1,2,1,2,7,116,ECHANGEUR MUETTE,,,,750
201300056671,13,10,16,1940,5,2,1,2,2,114,PORTE DE GENTILLY,,,,750
201300056672,13,10,17,215,5,2,1,1,2,116,PORTE DAUPHINE,,,,750
201300056673,13,10,17,1610,1,2,1,1,6,115,PORTE DE LA PLAINE,,,,750
201300056674,13,10,18,850,1,2,1,5,2,120,PORTE DE MONTREUIL,,,,750
201300056675,13,10,18,1810,5,2,1,1,4,117,PORTE DE CHAMPERRET,,,,750
201300056676,13,10,19,1855,2,2,1,1,4,116,ECHANGEUR MUETTE,,,,750