Num_Acc,an,mois,jour,hrmn,lum,agg,int,atm,col,com,adr,gps,lat,long,dep
201300056998,13,11,17,130,5,1,1,1,6,025,,A,0000000,0000000,971
201300056999,13,12,1,430,2,1,1,3,4,025,,A,0000000,0000000,971
201300057000,13,1,5,530,2,1,1,1,6,028,,A,0000000,0000000,971
201300057001,13,1,14,1445,1,1,1,1,1,028,,A,0000000,0000000,971
201300057002,13,2,2,530,3,1,1,1,6,028,,A,0000000,0000000,971
201300057003,13,2,4,1515,1,1,1,1,6,028,,A,0000000,0000000,971
201300057004,13,3,22,1230,1,2,1,1,6,028,section calvaire,A,0000000,0000000,971
201300057005,13,4,14,1500,3,1,1,1,3,028,,A,0000000,0000000,971
201300057006,13,4,17,2045,5,2,1,1,7,025,Section BOIS DE VIPART,A,0000000,0000000,971
201300057007,13,5,29,1345,1,1,1,1,2,028,,A,0000000,0000000,971
201300057008,13,6,21,230,3,1,1,1,6,028,,A,0000000,0000000,971
201300057009,13,8,2,2330,5,2,1,1,6,028,RN4 - PORT DE GALBAS,A,0000000,0000000,971
201300057010,13,8,9,600,2,1,1,1,1,028,,A,0000000,0000000,971
201300057011,13,8,16,945,1,2,1,1,6,028,rue Bastaraud,A,0000000,0000000,971
201300057012,13,8,21,1515,1,2,1,1,2,028,Section Ffrench,A,0000000,0000000,971
201300057013,13,10,3,745,1,1,1,1,6,028,,A,0000000,0000000,971
201300057014,13,10,4,2200,3,1,1,1,6,028,,A,0000000,0000000,971
201300057015,13,10,17,1600,1,2,1,1,3,028,Rue de l'habitation,A,0000000,0000000,971
201300057016,13,10,29,1500,1,1,1,1,6,028,,A,0000000,0000000,971
201300057017,13,11,24,2000,3,1,1,1,6,028,,A,0000000,0000000,971
201300057018,13,12,16,1345,1,1,1,1,6,028,,A,0000000,0000000,971
201300057019,13,3,12,1900,3,1,1,1,6,016,,A,0000000,0000000,971
201300057020,13,3,16,30,3,1,1,1,4,016,,A,0000000,0000000,971
201300057021,13,4,29,630,1,1,1,1,1,016,,A,0000000,0000000,971
201300057022,13,5,24,1900,1,2,1,1,1,016,,A,0000000,0000000,971
201300057023,13,5,9,645,1,2,1,1,6,016,,A,0000000,0000000,971
201300057024,13,6,15,1,5,2,1,1,6,016,section marieulle,A,0000000,0000000,971
201300057025,13,6,24,1145,1,2,1,1,3,016,RN5 rue du cimeti?re,A,0000000,0000000,971
201300057026,13,7,14,2100,5,2,1,1,1,016,Section RICHEVAL,A,0000000,0000000,971
201300057027,13,7,30,1815,1,1,1,1,2,016,,A,0000000,0000000,971
201300057028,13,8,13,1800,1,1,1,1,2,016,,A,0000000,0000000,971
201300057029,13,9,7,1330,1,2,1,1,3,016,richeval,A,0000000,0000000,971
201300057030,13,10,24,815,1,1,1,2,1,016,,A,0000000,0000000,971
201300057031,13,1,27,500,3,1,1,1,7,005,,G,0000000,0000000,973
201300057032,13,2,13,1945,3,1,1,3,7,013,,G,0000000,0000000,973
201300057033,13,3,27,1045,1,1,1,1,5,005,,G,0000000,0000000,973
201300057034,13,6,5,1315,1,1,1,1,6,005,,G,0000000,0000000,973
201300057035,13,7,6,1145,1,1,1,1,3,005,,G,0000000,0000000,973
201300057036,13,7,9,1115,1,1,1,1,6,005,,G,0000000,0000000,973
201300057037,13,8,25,545,2,1,1,1,2,005,,G,0000000,0000000,973
201300057038,13,9,4,2045,5,1,1,1,3,005,,G,0000000,0000000,973
201300057039,13,10,10,930,1,1,1,1,1,005,,G,0000000,0000000,973
201300057040,13,10,5,730,1,1,1,1,1,005,,G,0000000,0000000,973
201300057041,13,10,9,2100,3,1,1,1,1,005,,G,0000000,0000000,973
201300057042,13,11,16,1015,1,1,1,1,6,005,,G,0000000,0000000,973
201300057043,13,11,17,1145,1,1,1,1,2,005,,G,0000000,0000000,973
201300057044,13,12,20,1015,3,1,1,3,5,005,,G,0000000,0000000,973
201300057045,13,1,9,1015,1,1,1,8,3,004,,G,0000000,0000000,973
201300057046,13,3,27,1115,1,1,1,1,1,004,,G,0000000,0000000,973
201300057047,13,6,21,630,2,1,1,2,6,004,,G,0000000,0000000,973
201300057048,13,7,20,415,3,1,1,1,1,004,,G,0000000,0000000,973
201300057049,13,8,10,900,1,1,1,1,3,004,,G,0000000,0000000,973
201300057050,13,10,20,930,1,2,1,1,3,004,,G,0000000,0000000,973
201300057051,13,3,18,915,1,2,1,1,3,012,Rue du calvaire,G,0000000,0000000,973
201300057052,13,9,11,1845,5,2,1,1,3,012,"42, rue du Calvaire",G,0000000,0000000,973
201300057053,13,11,4,1500,1,1,1,1,7,012,,G,0000000,0000000,973
201300057054,13,7,5,145,3,1,1,1,1,003,,G,0000000,0000000,973
201300057055,13,7,19,1645,1,1,1,1,7,003,,G,0000000,0000000,973
201300057056,13,12,19,1600,2,1,1,1,6,003,,G,0000000,0000000,973
201300057057,13,8,30,1030,1,1,1,1,6,001,,G,0000000,0000000,973
201300057058,13,8,16,2100,3,1,1,1,1,008,,G,0000000,0000000,973
201300057059,13,5,10,945,1,1,1,8,7,010,,G,0000000,0000000,973
201300057060,13,5,16,1300,1,1,1,2,1,010,,G,0000000,0000000,973
201300057061,13,8,17,1145,1,2,1,1,7,010,"rte des champs, Cacao",G,0000000,0000000,973
201300057062,13,1,1,1800,1,2,1,1,6,011,all?e du lac bleu,G,0000000,0000000,973
201300057063,13,1,4,2230,5,2,1,1,1,011,rue Joseph Symphorien,G,0000000,0000000,973
201300057064,13,1,17,1615,1,2,1,1,3,011,Avenue Christophe Colomb,G,0000000,0000000,973
201300057065,13,2,13,215,5,2,1,1,3,011,rue Hector Rivierez,G,0000000,0000000,973
201300057066,13,3,15,1330,1,2,1,1,2,011,Route de St Maurice,G,0000000,0000000,973
201300057067,13,3,30,845,1,2,1,1,6,011,AVENUE GASTON MONNERVILL,G,0000000,0000000,973
201300057068,13,4,25,1215,1,2,1,1,1,011,18 rue Emmanuel TOLINGA,G,0000000,0000000,973
201300057069,13,8,10,900,5,1,1,1,1,011,,G,0000000,0000000,973
201300057070,13,8,25,1445,1,1,1,1,1,011,,G,0000000,0000000,973
201300057071,13,8,29,715,1,2,1,1,3,011,avenue Christophe Colomb,G,0000000,0000000,973
201300057072,13,9,18,2300,1,2,1,1,1,011,route de SAINT MAURICE,G,0000000,0000000,973
201300057073,13,9,20,1315,1,2,1,1,6,011,Rue Joseph Symphorien,G,0000000,0000000,973
201300057074,13,10,13,630,2,1,1,7,6,011,,G,0000000,0000000,973
201300057075,13,11,23,1115,1,1,1,1,1,011,,G,0000000,0000000,973
201300057076,13,12,1,400,3,2,1,1,7,011,Crique Balate -RD11,G,0000000,0000000,973
201300057077,13,12,17,715,1,2,1,1,1,011,avenue paul castaing,G,0000000,0000000,973
201300057078,13,2,23,900,1,2,1,2,6,006,rue de l'?glise,G,0000000,0000000,973
201300057079,13,3,3,1445,1,1,1,1,6,006,,G,0000000,0000000,973
201300057080,13,5,7,2045,4,2,1,1,6,006,Avenue Jean ELIE,G,0000000,0000000,973
201300057081,13,6,6,1630,2,1,1,1,6,006,,G,0000000,0000000,973
201300057082,13,7,17,745,1,1,1,1,1,006,,G,0000000,0000000,973
201300057083,13,10,3,1630,1,1,1,1,7,006,,G,0000000,0000000,973
201300057084,13,10,13,2145,3,1,1,1,7,006,,G,0000000,0000000,973
201300057085,13,11,8,1830,3,1,1,1,1,006,,G,0000000,0000000,973
201300057086,13,1,15,1015,1,2,1,1,7,053,32 avenue L?onard Domerg,G,0000000,0000000,973
201300057087,13,1,15,1800,1,2,1,1,6,053,rue difou passi,G,0000000,0000000,973
201300057088,13,4,15,1100,1,2,1,1,6,053,rue difou passi,G,0000000,0000000,973
201300057089,13,4,3,1245,1,2,1,1,6,008,rue sarda Garriga,R,,,974
201300057090,13,10,1,1400,1,2,1,1,2,008,RUE DES ORANGERS,R,,,974
201300057091,13,1,16,2000,5,1,1,1,6,018,,R,,,974
201300057092,13,1,14,1845,1,1,1,1,3,018,,R,,,974
201300057093,13,1,19,615,1,1,1,1,2,018,,R,0000000,0000000,974
201300057094,13,3,31,630,2,1,1,1,6,018,,R,0000000,0000000,974
201300057095,13,4,16,2245,3,1,1,1,6,020,,R,0000000,0000000,974
201300057096,13,4,21,1715,1,2,1,7,6,018,Bd de la Fraternit?,R,,,974
201300057097,13,6,6,2045,3,2,1,1,6,018,rue luc donnat,R,,,974
201300057098,13,6,9,1115,1,2,1,1,3,020,13 chemin mont rose,R,,,974
201300057099,13,7,13,45,5,1,1,1,3,018,,R,0000000,0000000,974
201300057100,13,8,16,2230,5,1,1,1,7,018,,R,0000000,0000000,974
201300057101,13,8,31,1830,2,2,1,2,6,020,,R,,,974
201300057102,13,10,12,2145,3,1,1,1,6,020,,R,0000000,0000000,974
201300057103,13,10,23,1000,1,1,1,1,6,018,,R,,,974
201300057104,13,10,27,1500,1,2,1,1,1,020,rue jacques bel air,R,,,974
201300057105,13,10,29,2345,3,1,1,1,1,018,,R,0000000,0000000,974
201300057106,13,11,15,2000,3,1,1,1,6,020,,R,,,974
201300057107,13,12,16,1045,1,1,1,1,7,018,,R,0000000,0000000,974
201300057108,13,7,7,2130,5,2,1,1,6,010,RUE DES POINSETIAS,R,0000000,0000000,974
201300057109,13,8,15,2000,5,2,1,1,6,010,,R,,,974
201300057110,13,12,11,1800,1,2,1,1,1,010,RUE DES DAHLIAS,R,0000000,0000000,974
201300057111,13,12,26,700,2,2,1,2,6,010,rn 2002 la cabane,R,0000000,0000000,974
201300057112,13,2,22,2345,3,1,1,2,6,002,,R,0000000,0000000,974
201300057113,13,4,10,515,3,1,1,1,6,002,,R,0000000,0000000,974
201300057114,13,5,1,2315,3,1,1,1,1,002,,R,0000000,0000000,974
201300057115,13,9,20,1845,3,1,1,1,1,002,,R,0000000,0000000,974
201300057116,13,11,20,745,1,2,1,1,6,002,chemin Bras Panon,R,0000000,0000000,974
201300057117,13,3,11,1045,1,1,1,8,4,019,,R,0000000,0000000,974
201300057118,13,4,6,2045,5,2,1,2,1,019,route nationale 2,R,0000000,0000000,974
201300057119,13,5,30,1445,1,2,1,1,1,019,chemin Isnard - Piton,R,,,974
201300057120,13,6,6,1000,1,1,1,1,2,019,,R,0000000,0000000,974
201300057121,13,12,23,815,1,1,1,1,3,019,,R,0000000,0000000,974
201300057122,13,8,18,1830,3,2,1,1,7,021,RUE DES EPICES,R,,,974
201300057123,13,9,14,1830,5,2,1,1,6,021,Rue du p?re Castagnan,R,0000000,0000000,974
201300057124,13,1,7,1800,1,2,1,1,2,006,327 RUE DE LA REPUBLIQUE,R,0000000,0000000,974
201300057125,13,6,2,1000,1,1,1,1,1,006,,R,0000000,0000000,974
201300057126,13,12,7,1730,1,2,1,2,2,006,rue des eucalyptus,R,0000000,0000000,974
201300057127,13,1,12,2300,3,1,1,1,6,015,ROUTE DIGUE,R,0000000,0000000,974
201300057128,13,1,31,1130,1,2,1,8,6,015,RN 1A CIMETIERE MARIN,R,,,974
201300057129,13,2,22,930,1,1,1,3,3,015,,R,0000000,0000000,974
201300057130,13,5,4,1530,1,1,1,1,6,015,,R,0000000,0000000,974
201300057131,13,6,3,900,1,1,1,1,2,015,,R,0000000,0000000,974
201300057132,13,6,15,1330,1,2,3,1,1,015,Route de la Poudri?re,R,0000000,0000000,974
201300057133,13,6,25,830,1,1,1,1,6,015,,R,0000000,0000000,974
201300057134,13,8,3,2030,5,2,1,1,3,015,rue saint louis,R,,,974
201300057135,13,10,11,1845,5,1,1,1,2,015,,R,0000000,0000000,974
201300057136,13,11,24,345,5,2,1,1,2,015,RN1 A,R,0000000,0000000,974
201300057137,13,2,3,15,3,1,1,1,1,015,,R,0000000,0000000,974
201300057138,13,4,13,530,3,1,1,1,1,055,,R,0000000,0000000,974
201300057139,13,7,1,230,3,1,1,1,7,055,,R,0000000,0000000,974
201300057140,13,8,25,730,1,1,1,1,2,015,,R,,,974
201300057141,13,11,6,215,3,1,1,2,1,055,,R,0000000,0000000,974
201300057142,13,11,24,500,2,2,1,1,1,055,rue du g?n?ral de gaulle,R,0000000,0000000,974
201300057143,13,12,11,1900,2,1,1,2,3,015,,R,0000000,0000000,974
201300057144,13,2,12,1145,1,1,3,1,3,023,,R,0000000,0000000,974
201300057145,13,8,18,1330,1,1,1,1,2,015,,R,0000000,0000000,974
201300057146,13,12,3,2045,3,1,2,1,1,015,,R,0000000,0000000,974
201300057147,13,1,5,2215,4,2,1,1,6,014,RUE DES OLIVIERS,R,,,974
201300057148,13,1,17,1700,1,2,1,1,1,014,RUE PENTE NICOLE,R,,,974
201300057149,13,1,28,1630,1,2,1,1,3,014,,R,,,974
201300057150,13,3,5,1845,2,1,1,1,1,014,,R,,,974
201300057151,13,7,6,230,3,1,1,1,2,014,,R,0000000,0000000,974
201300057152,13,7,28,1930,3,1,1,1,1,014,,R,,,974
201300057153,13,8,12,1800,2,2,1,1,1,014,96 rue de la p?pini?re,R,,,974
201300057154,13,9,30,1930,4,2,1,1,3,014,33 rue des ecoliers,R,,,974
201300057155,13,10,14,1400,1,2,1,1,1,014,Rue Julia Sin?dia,R,,,974
201300057156,13,11,3,1545,1,1,1,1,6,014,,R,0000000,0000000,974
201300057157,13,12,23,1845,2,2,1,1,3,014,Avenue de Toulouse,R,0000000,0000000,974
201300057158,13,12,26,845,1,2,1,1,3,014,,R,0000000,0000000,974
201300057159,13,7,2,1600,1,1,1,1,3,003,,R,0000000,0000000,974
201300057160,13,12,21,1515,1,1,1,1,1,003,,R,0000000,0000000,974
201300057161,13,3,10,1530,1,2,1,1,1,006,RN 3 PK 23,R,0000000,0000000,974
201300057162,13,3,17,1100,1,2,1,1,6,049,IMPASSE DE MEXICO,R,,,974
201300057163,13,8,19,1730,1,2,1,1,1,022,CHEMIN DE L'ECOLE,R,,,974
201300057164,13,11,26,1700,1,2,1,2,1,049,RN3 - PK 19,R,0000000,0000000,974
201300057165,13,1,1,945,1,2,1,1,1,005,55 MAHE LABOURDONNAIS,R,0000000,0000000,974
201300057166,13,1,16,1530,1,1,1,1,4,005,,R,0000000,0000000,974
201300057167,13,1,23,1545,1,1,1,1,3,005,,R,,,974
201300057168,13,1,25,1700,1,1,1,1,5,012,,R,,,974
201300057169,13,2,16,245,3,1,1,2,6,012,,R,0000000,0000000,974
201300057170,13,4,20,1130,1,2,1,1,1,005,rue Mah? de Labourdonnai,R,0000000,0000000,974
201300057171,13,4,22,1700,2,2,1,7,6,012,RN 2 rue Marcel Pagnol,R,,,974
201300057172,13,4,22,1115,2,1,1,1,6,012,,R,0000000,0000000,974
201300057173,13,5,5,1900,3,1,1,1,1,005,,R,0000000,0000000,974
201300057174,13,5,23,2045,5,1,1,1,6,005,,R,,,974
201300057175,13,6,7,1815,3,1,1,1,1,012,manapany les bains,R,0000000,0000000,974
201300057176,13,6,17,815,1,1,1,1,6,005,,R,0000000,0000000,974
201300057177,13,8,1,1630,1,1,1,2,3,012,,R,0000000,0000000,974
201300057178,13,10,2,745,1,2,1,2,6,012,rue hippolyte foucque,R,,,974
201300057179,13,10,15,2000,3,1,1,1,5,012,,R,,,974
201300057180,13,11,25,2015,3,1,1,8,1,005,,R,0000000,0000000,974
201300057181,13,12,5,1730,1,2,1,1,6,012,173 rue Albert Lougnon,R,0000000,0000000,974
201300057182,13,12,13,2315,3,2,1,1,7,012,route de la passerelle,R,0000000,0000000,974
201300057183,13,8,25,1915,3,1,1,1,6,017,,R,0000000,0000000,974
201300057184,13,9,8,645,1,2,1,1,2,017,RN2 - Le Baril,R,0000000,0000000,974
201300057185,13,2,10,1315,1,2,1,1,6,022,314 rue emile Zola,R,,,974
201300057186,13,4,11,45,5,2,1,1,7,022,rue du G?n?ral Ailleret,R,,,974
201300057187,13,4,20,1045,1,1,3,1,3,022,,R,,,974
201300057188,13,6,24,1700,1,1,1,1,5,022,,R,,,974
201300057189,13,6,27,2000,3,1,1,1,1,022,,R,,,974
201300057190,13,7,28,1215,1,2,1,1,6,022,Rue Edgar AVRIL,R,0000000,0000000,974
201300057191,13,8,3,2315,5,2,1,1,6,022,RN3 PK53+430,R,0000000,0000000,974
201300057192,13,8,19,2215,3,1,1,1,6,022,,R,,,974
201300057193,13,9,8,600,1,2,1,1,1,022,RN 3 - 128 Rue LEBLOND,R,0000000,0000000,974
201300057194,13,10,19,2115,5,2,1,1,1,022,Rue Georges POMPIDOU,R,,,974
201300057195,13,12,17,1730,1,2,1,1,1,022,,R,0000000,0000000,974
201300057196,13,1,25,1145,1,1,1,1,3,011,,Y,0000000,0000000,976
201300057197,13,2,18,1815,3,1,1,1,1,011,,Y,0000000,0000000,976
201300057198,13,5,23,1845,3,1,1,1,3,011,,Y,0000000,0000000,976
201300057199,13,6,12,1545,1,2,1,1,2,011,Route nationale 1,Y,0000000,0000000,976
201300057200,13,6,22,2000,5,2,1,1,6,011,RN1 Longoni,Y,0000000,0000000,976
201300057201,13,7,25,615,1,1,1,1,1,011,,Y,0000000,0000000,976
201300057202,13,9,1,1815,3,1,1,1,6,011,,Y,0000000,0000000,976
201300057203,13,10,5,500,3,1,1,1,3,011,,Y,0000000,0000000,976
201300057204,13,11,23,1045,1,1,1,1,1,011,,Y,0000000,0000000,976
201300057205,13,1,7,2230,3,2,1,1,6,015,ruelle Batsana quartier,Y,0000000,0000000,976
201300057206,13,8,14,1145,1,2,1,1,6,015,8 RUE DU SMIAM,Y,0000000,0000000,976
201300057207,13,9,13,2000,3,2,1,1,3,015,20 route nationale 4,Y,0000000,0000000,976
201300057208,13,10,14,2145,5,2,1,1,6,015,rue du commerce,Y,0000000,0000000,976
201300057209,13,11,9,1100,1,2,1,1,6,015,"9, rue mosquee",Y,0000000,0000000,976
201300057210,13,11,16,115,5,2,1,1,1,015,rue de la mairie,Y,0000000,0000000,976
201300057211,13,12,16,1045,1,2,1,1,1,015,CARREFOUR DU SMIAM,M,0000000,0000000,976
201300057212,13,12,16,1700,1,2,1,1,6,015,rue de la ferme,M,0000000,0000000,976
201300057213,13,1,3,845,1,2,1,1,6,016,CCD3 quartier Badjoni,Y,0000000,0000000,976
201300057214,13,1,5,2345,3,2,1,1,7,017,CCT 1 - M'roal�,Y,,,976
201300057215,13,11,9,1930,3,2,1,1,6,016,Rue du commerce,Y,0000000,0000000,976
201300057216,13,11,23,1630,1,2,1,1,6,016,rue du stade,Y,0000000,0000000,976
201300057217,13,12,31,1745,5,1,1,1,7,003,,A,0000000,0000000,971
201300057218,13,1,15,615,3,1,1,1,6,003,,A,0000000,0000000,971
201300057219,13,1,29,530,3,1,1,1,5,003,,A,0000000,0000000,971
201300057220,13,1,29,1945,3,1,1,1,6,003,,A,0000000,0000000,971
201300057221,13,2,2,1230,1,2,1,1,1,003,route du camp dugommier,A,0000000,0000000,971
201300057222,13,2,10,615,2,1,1,1,6,003,,A,0000000,0000000,971
201300057223,13,2,24,615,2,2,1,1,6,003,ZI JARRY  VOIE PRINCIPAL,A,0000000,0000000,971
201300057224,13,5,5,800,1,2,1,1,1,003,Boulevard du Lamentin,A,0000000,0000000,971
201300057225,13,5,30,2100,5,1,1,1,3,003,,A,0000000,0000000,971
201300057226,13,7,3,1330,1,1,1,1,7,003,,A,0000000,0000000,971
201300057227,13,7,15,515,5,1,1,1,1,003,,A,0000000,0000000,971
201300057228,13,7,23,715,1,1,1,1,1,003,,A,0000000,0000000,971
201300057229,13,8,20,900,1,2,1,1,1,003,Rue de la r?publique,A,0000000,0000000,971
201300057230,13,10,26,345,5,1,1,1,6,003,,A,0000000,0000000,971
201300057231,13,11,2,1930,4,1,1,1,6,003,,A,0000000,0000000,971
201300057232,13,11,9,515,2,2,1,1,5,003,Route de Bellecourt,A,0000000,0000000,971
201300057233,13,11,18,430,5,1,1,1,3,003,,A,0000000,0000000,971
201300057234,13,12,2,1745,2,2,1,1,3,003,belcourt,A,0000000,0000000,971
201300057235,13,3,15,500,3,2,1,1,6,060,,G,0000000,0000000,973
201300057236,13,4,24,2000,3,1,1,3,6,060,,G,0000000,0000000,973
201300057237,13,4,8,1115,1,1,1,1,1,062,,G,0000000,0000000,973
201300057238,13,7,4,615,1,2,1,1,3,012,RN1 - Dzoumogn? -,Y,0000000,0000000,976
201300057239,13,7,15,700,1,1,1,1,6,012,,Y,0000000,0000000,976
201300057240,13,11,5,1645,1,1,1,1,6,012,,Y,0000000,0000000,976
201300057241,13,5,29,1900,3,1,1,1,1,004,,Y,0000000,0000000,976
201300057242,13,9,5,2245,3,1,1,1,7,004,,Y,0000000,0000000,976
201300057243,13,12,2,1500,1,2,1,1,3,004,Tsimkoura,M,0000000,0000000,976
201300057244,13,12,29,530,2,1,1,1,1,004,,M,0000000,0000000,976
201300057245,13,1,6,1915,5,2,1,1,3,009,,G,0000000,0000000,973
201300057246,13,1,16,1930,4,2,1,1,3,009,169 rue des Flamboyant,G,0000000,0000000,973
201300057247,13,1,30,1745,1,2,1,1,1,009,chemin morne coco,G,0000000,0000000,973
201300057248,13,2,4,1815,1,1,1,2,1,009,,G,0000000,0000000,973
201300057249,13,2,8,1830,1,1,1,2,1,009,,G,0000000,0000000,973
201300057250,13,2,9,1400,1,2,1,1,1,009,Route de R?mire,G,0000000,0000000,973
201300057251,13,2,22,830,1,1,1,1,2,009,,G,0000000,0000000,973
201300057252,13,3,12,1500,1,1,1,1,3,009,,G,0000000,0000000,973
201300057253,13,3,22,1745,1,2,1,1,3,009,,G,0000000,0000000,973
201300057254,13,3,25,1945,5,2,1,1,6,009,route de r?mire,G,0000000,0000000,973
201300057255,13,4,19,1715,1,1,1,1,1,009,,G,0000000,0000000,973
201300057256,13,5,5,815,1,2,1,1,6,009,RUE ROBERT SAMPSON,G,0000000,0000000,973
201300057257,13,5,12,1745,2,2,1,2,3,009,avenue gaston monnervill,G,0000000,0000000,973
201300057258,13,5,18,2230,5,2,1,1,1,009,710 ROUTE DE rEMIRE,G,0000000,0000000,973
201300057259,13,7,12,1900,3,1,1,1,6,009,,G,0000000,0000000,973
201300057260,13,7,14,1845,2,1,1,1,2,009,,G,0000000,0000000,973
201300057261,13,7,27,1915,3,2,1,1,1,009,Av Gaston MONNERVILLE,G,0000000,0000000,973
201300057262,13,7,30,1700,2,2,1,1,4,009,RD 2,G,0000000,0000000,973
201300057263,13,8,1,1730,1,2,1,1,1,009,rue gaston monnerville,G,0000000,0000000,973
201300057264,13,8,14,1700,1,1,1,1,7,009,,G,0000000,0000000,973
201300057265,13,9,15,1915,5,1,1,1,3,009,,G,0000000,0000000,973
201300057266,13,10,16,1545,1,1,1,1,5,009,,G,0000000,0000000,973
201300057267,13,10,16,2145,5,2,1,1,2,009,Route de Montjoly,G,0000000,0000000,973
201300057268,13,10,20,1145,1,2,1,1,3,009,341 rte de r?mire,G,0000000,0000000,973
201300057269,13,10,20,115,5,2,1,2,6,009,route des palges,G,0000000,0000000,973
201300057270,13,11,14,1930,5,2,1,1,3,009,rte remire/av just augus,G,0000000,0000000,973
201300057271,13,11,30,815,5,2,1,1,5,009,Route de Montjoly,G,0000000,0000000,973
201300057272,13,12,9,545,3,2,1,1,6,009,RN2 / carrefour BP 134,G,0000000,0000000,973
201300057273,13,5,1,1830,3,2,1,1,1,015,rue louis desjardins,R,,,974
201300057274,13,11,16,2100,3,2,1,1,5,040,Rue Etienne REGNAULT,R,0000000,0000000,974
201300057275,13,7,30,745,1,1,1,1,3,013,,R,0000000,0000000,974
201300057276,13,8,30,1315,1,2,1,1,3,013,CD11 - STELLA,R,,,974
201300057277,13,9,7,1515,1,2,1,1,3,013,CD 11  - STELLA,R,,,974
201300057278,13,9,30,800,1,2,1,1,3,013,6 RUE DU GENERAL LAMBERT,R,,,974
201300057279,13,12,23,1315,1,2,1,1,1,048,rue Canne Bambous,R,0000000,0000000,974
201300057280,13,2,18,1200,1,1,1,2,3,004,,G,0000000,0000000,973
201300057281,13,5,24,500,2,1,1,1,6,004,,G,0000000,0000000,973
201300057282,13,12,7,2315,5,2,1,1,1,004,RUE BEAUDELAIRE,G,0000000,0000000,973
201300057283,13,1,12,2100,5,1,1,1,3,007,,G,0000000,0000000,973
201300057284,13,2,1,1530,1,1,1,1,3,007,,G,0000000,0000000,973
201300057285,13,2,25,500,4,2,1,1,1,007,RN 2 PK 2+400,G,0000000,0000000,973
201300057286,13,3,25,1900,5,2,1,1,6,007,RN2  PK 0+700,G,0000000,0000000,973
201300057287,13,4,7,2000,5,2,1,1,6,007,Chemin Morthium,G,0000000,0000000,973
201300057288,13,5,12,815,1,2,1,2,1,007,RN1 PK6+630,G,0000000,0000000,973
201300057289,13,5,21,2130,5,2,1,1,3,007,rue du champs de canne,G,0000000,0000000,973
201300057290,13,5,31,1900,5,1,1,1,3,007,,G,0000000,0000000,973
201300057291,13,6,25,1930,3,1,1,1,6,007,,G,0000000,0000000,973
201300057292,13,6,29,1915,2,1,1,1,1,007,,G,0000000,0000000,973
201300057293,13,6,29,2300,5,1,1,1,3,007,,G,0000000,0000000,973
201300057294,13,8,2,800,1,2,2,1,3,007,rue Kalina,G,0000000,0000000,973
201300057295,13,8,6,1030,1,1,1,1,1,007,,G,0000000,0000000,973
201300057296,13,10,6,130,3,2,1,1,6,007,RN 04 La Matourienne,G,0000000,0000000,973
201300057297,13,10,13,1900,5,1,1,1,1,007,,G,0000000,0000000,973
201300057298,13,10,26,45,5,1,1,1,2,007,,G,0000000,0000000,973
201300057299,13,11,18,830,2,2,1,1,7,007,PK 6 RN 2,G,0000000,0000000,973
201300057300,13,11,21,645,1,1,1,1,3,007,,G,0000000,0000000,973
201300057301,13,11,23,1230,1,1,1,1,3,007,,G,0000000,0000000,973
201300057302,13,12,16,1145,1,1,1,3,1,007,,G,0000000,0000000,973
201300057303,13,12,21,2145,3,2,1,2,3,007,RN2,G,0000000,0000000,973
201300057304,13,11,12,900,1,1,1,1,3,022,,A,0000000,0000000,972
201300057305,13,2,23,2145,3,1,1,1,6,015,,R,0000000,0000000,974
201300057306,13,2,28,745,1,2,1,1,1,036,Avenue Auguste VINSON,R,,,974
201300057307,13,3,29,2245,5,2,1,1,7,057,Rue de l'Eglise,R,,,974
201300057308,13,6,8,1830,5,2,1,1,6,015,EPERON,R,0000000,0000000,974
201300057309,13,9,20,1630,2,2,1,7,6,056,Chemin Lacaille,R,,,974
201300057310,13,1,11,2000,3,2,1,1,1,013,,R,,,974