Num_Acc,an,mois,jour,hrmn,lum,agg,int,atm,col,com,adr,gps,lat,long,dep
201300057311,13,3,20,1615,1,1,3,1,3,013,,R,,,974
201300057312,13,11,11,830,1,2,1,1,3,013,CD 11 rue du mus?e,R,0000000,0000000,974
201300057313,13,12,22,800,1,2,1,1,2,013,,R,0000000,0000000,974
201300057314,13,1,5,515,5,1,1,8,6,032,,A,0000000,0000000,971
201300057315,13,1,25,400,3,1,1,2,3,032,,A,0000000,0000000,971
201300057316,13,10,28,1615,1,1,1,1,6,009,,A,0000000,0000000,971
201300057317,13,11,27,1545,1,1,1,1,3,009,,A,0000000,0000000,971
201300057318,13,1,15,830,1,2,1,1,3,014,Avenue principale,R,0000000,0000000,974
201300057319,13,1,17,800,1,2,1,1,2,014,RN5-Route de CILAOS,R,0000000,0000000,974
201300057320,13,1,25,1700,1,1,1,1,6,014,,R,0000000,0000000,974
201300057321,13,3,9,2130,3,2,1,1,3,014,,R,,,974
201300057322,13,3,10,1345,1,2,1,1,1,014,route de Cilaos - RN 5 -,R,,,974
201300057323,13,6,9,915,1,1,1,7,2,014,,R,0000000,0000000,974
201300057324,13,12,16,645,1,2,1,1,6,014,rue Hubert Delisle,R,0000000,0000000,974
201300057325,13,12,20,1130,1,2,2,1,1,014,rue de Paris et Pr?toria,R,0000000,0000000,974
201300057326,13,2,13,815,1,1,1,3,1,010,,R,0000000,0000000,974
201300057327,13,5,2,1630,1,1,1,1,1,010,,R,0000000,0000000,974
201300057328,13,5,7,730,1,1,1,8,3,010,,R,0000000,0000000,974
201300057329,13,6,4,745,1,1,1,7,6,010,,R,0000000,0000000,974
201300057330,13,7,28,615,1,1,1,2,7,010,,R,0000000,0000000,974
201300057331,13,1,18,1930,5,2,1,1,5,029,,A,0000000,0000000,972
201300057332,13,5,9,1515,1,1,1,1,1,005,,A,0000000,0000000,972
201300057333,13,6,15,1700,1,1,1,1,1,034,,A,0000000,0000000,972
201300057334,13,2,15,1230,1,1,1,1,1,025,,A,0000000,0000000,972
201300057335,13,4,13,2100,3,1,1,1,1,004,,A,0000000,0000000,972
201300057336,13,6,16,1045,1,2,1,1,3,018,,A,0000000,0000000,972
201300057337,13,11,1,2045,5,1,1,1,7,025,,A,0000000,0000000,972
201300057338,13,1,21,345,3,1,1,1,6,017,,A,0000000,0000000,972
201300057339,13,2,12,1230,1,2,1,1,1,017,avenue Aim? C?zaire,A,0000000,0000000,972
201300057340,13,3,9,1945,3,1,1,1,5,027,,A,0000000,0000000,972
201300057341,13,3,13,1800,1,2,1,1,1,020,rue frantz fanon,A,0000000,0000000,972
201300057342,13,4,7,1600,1,1,1,1,6,027,,A,0000000,0000000,972
201300057343,13,4,24,1145,1,2,1,1,6,027,,A,0000000,0000000,972
201300057344,13,5,6,945,1,1,1,1,6,017,,A,0000000,0000000,972
201300057345,13,5,14,1515,1,1,1,1,1,026,,A,0000000,0000000,972
201300057346,13,6,2,1615,1,1,1,8,1,017,,A,0000000,0000000,972
201300057347,13,7,17,1215,1,1,1,1,1,027,,A,0000000,0000000,972
201300057348,13,7,17,1515,1,1,1,1,3,017,,A,0000000,0000000,972
201300057349,13,7,28,2130,3,1,1,1,4,027,,A,0000000,0000000,972
201300057350,13,9,11,615,1,1,1,1,1,027,,A,0000000,0000000,972
201300057351,13,12,17,2315,3,1,1,1,6,020,,A,0000000,0000000,972
201300057352,13,12,23,1930,3,2,1,1,1,017,RN5 quartier La duprey,A,0000000,0000000,972
201300057353,13,1,27,945,2,1,1,3,5,010,,A,0000000,0000000,972
201300057354,13,9,22,1845,5,2,1,1,3,010,RUE DE TRIANON,A,0000000,0000000,972
201300057355,13,1,14,1615,1,2,1,1,6,006,Rue de la Cannelle,A,0000000,0000000,972
201300057356,13,1,20,800,1,2,1,1,6,021,RUE SCHOELCHER,A,0000000,0000000,972
201300057357,13,2,13,2130,5,2,1,1,1,002,Rue des Aliz?s,A,0000000,0000000,972
201300057358,13,2,26,1500,1,1,1,1,3,097,,A,0000000,0000000,972
201300057359,13,3,20,2000,5,2,1,2,6,021,D8a,A,0000000,0000000,972
201300057360,13,3,22,1715,1,1,1,1,1,021,,A,0000000,0000000,972
201300057361,13,5,26,2050,3,1,1,1,1,031,,A,0000000,0000000,972
201300057362,13,6,23,45,3,1,1,1,6,031,,A,0000000,0000000,972
201300057363,13,8,17,545,2,1,1,1,1,021,,A,0000000,0000000,972
201300057364,13,8,19,115,3,1,1,3,2,021,,A,0000000,0000000,972
201300057365,13,10,17,1245,1,1,1,1,3,021,,A,0000000,0000000,972
201300057366,13,10,26,500,2,1,1,1,6,021,,A,0000000,0000000,972
201300057367,13,10,31,1000,1,2,1,1,6,031,Rue Imp?ratice Jos?phine,A,0000000,0000000,972
201300057368,13,11,17,1330,1,1,1,1,5,021,,A,0000000,0000000,972
201300057369,13,12,29,2215,3,1,1,2,6,021,,A,0000000,0000000,972
201300057370,13,1,9,645,1,1,1,1,3,007,,A,0000000,0000000,972
201300057371,13,3,9,1845,5,2,1,1,1,023,RD6 inter J. FERRY,A,0000000,0000000,972
201300057372,13,3,11,1745,1,1,1,1,7,007,,A,0000000,0000000,972
201300057373,13,3,26,1230,1,2,1,1,6,007,AVENUE FRANTZ FANON,A,0000000,0000000,972
201300057374,13,4,12,1515,1,2,1,1,6,007,Rue Edgar DUMAUZE,A,0000000,0000000,972
201300057375,13,5,5,800,1,2,1,1,1,007,D4 quartier Morne Vert,A,0000000,0000000,972
201300057376,13,5,11,500,2,2,1,1,6,007,RN5,A,0000000,0000000,972
201300057377,13,11,23,2245,3,1,1,1,5,007,,A,0000000,0000000,972
201300057378,13,3,15,1900,5,2,1,1,3,014,14 RUE DES RAMIERS,A,0000000,0000000,972
201300057379,13,3,17,1900,5,2,1,1,6,016,RN1 bourg,A,0000000,0000000,972
201300057380,13,2,14,1345,1,1,1,1,7,022,,A,0000000,0000000,972
201300057381,13,2,21,630,1,1,1,1,3,012,,A,0000000,0000000,972
201300057382,13,2,25,630,2,2,1,1,6,012,RD 15 - Flamboyant,A,0000000,0000000,972
201300057383,13,2,28,1900,5,2,6,1,6,022,boulevard Edouard Pid?ry,A,0000000,0000000,972
201300057384,13,3,9,1530,1,1,1,1,1,012,,A,0000000,0000000,972
201300057385,13,3,17,2145,5,1,1,1,3,022,,A,0000000,0000000,972
201300057386,13,5,2,1900,5,1,1,1,3,012,xx,A,0000000,0000000,972
201300057387,13,6,23,330,3,1,1,1,7,022,,A,0000000,0000000,972
201300057388,13,9,15,530,2,1,1,2,7,022,,A,0000000,0000000,972
201300057389,13,10,18,2015,5,2,1,1,3,022,Route de Pointe Fort,A,0000000,0000000,972
201300057390,13,11,7,1730,3,2,1,1,6,022,RN 1,A,0000000,0000000,972
201300057391,13,11,11,2100,5,1,1,1,1,012,,A,0000000,0000000,972
201300057392,13,1,1,330,3,2,1,1,3,004,CD Rue raymond Barre,R,0000000,0000000,974
201300057393,13,3,16,1645,1,2,1,1,6,001,chemin Kerbel,R,,,974
201300057394,13,3,19,1045,1,2,1,1,3,004,re du casier rd 11,R,,,974
201300057395,13,5,14,1200,1,1,3,1,1,004,,R,0000000,0000000,974
201300057396,13,5,16,1715,1,2,1,1,3,001,rue de l'?glise,R,,,974
201300057397,13,9,29,1600,1,2,1,1,6,004,avenue Raymond barre,R,,,974
201300057398,13,10,8,1515,1,1,1,1,2,004,,R,,,974
201300057399,13,12,10,1430,1,1,1,1,2,001,,R,0000000,0000000,974
201300057400,13,5,3,1645,1,1,1,3,7,005,RUE MEZINO,R,0000000,0000000,974
201300057401,13,2,10,330,3,1,1,2,1,022,,R,0000000,0000000,974
201300057402,13,2,17,115,3,1,1,1,6,022,,R,,,974
201300057403,13,5,17,900,1,2,1,1,3,022,54 rue du G?n?ral De Gau,R,,,974
201300057404,13,2,5,945,1,2,1,1,6,005,Z.A.  CALBASSIER,A,0000000,0000000,971
201300057405,13,2,7,1540,1,2,2,1,3,005,FELIX EBOUE (BOULVARD G.,A,0000000,0000000,971
201300057406,13,3,1,1745,1,2,6,1,1,005,"00, CHARLES DE GAULLE (B",A,0000000,0000000,971
201300057407,13,3,5,1235,1,2,1,1,3,005,PERES DOMINICAINS(AVENUE,A,0000000,0000000,971
201300057408,13,3,9,2200,5,2,1,1,3,005,RN2,A,0000000,0000000,971
201300057409,13,3,23,2345,5,2,1,1,1,005,CHARLES DE GAULLE (BD DU,A,0000000,0000000,971
201300057410,13,4,3,2015,5,2,1,1,7,005,R.N.3,A,0000000,0000000,971
201300057411,13,4,10,1010,1,1,1,1,3,005,R.N.3,A,0000000,0000000,971
201300057412,13,4,17,1731,1,2,1,1,1,005,CHARLES DE GAULLE (BOULE,A,0000000,0000000,971
201300057413,13,4,28,735,1,2,1,1,6,005,CHARLES DE GAULLE (BD DU,A,0000000,0000000,971
201300057414,13,5,17,1455,1,2,1,1,1,005,ABBE GREGOIRE (AV),A,0000000,0000000,971
201300057415,13,6,1,800,1,2,6,1,3,005,GOUVERNEUR DU LYON (AVE),A,0000000,0000000,971
201300057416,13,7,26,1315,1,2,1,,3,021,ARLES DE GAULLE (BD DU,,,,971
201300057417,13,8,13,1355,1,1,1,,3,021,LOGNE (ROUTE DE),,,,971
201300057418,13,9,6,1355,1,2,1,,3,020,LOGNE (ROUTE DE),,,,971
201300057419,13,9,27,1830,5,1,3,1,3,022,LOGNE (ROUTE DE),,,,971
201300057420,13,9,29,900,1,2,1,1,6,005,MAUCHANAL (RUE),,,,971
201300057421,13,10,29,1200,1,2,1,1,6,005,"05, VICTOR HUGUES (RUE)",,,,971
201300057422,13,11,8,1550,1,2,1,1,2,005,"55, FELIX EBOUE (BOULVAR",,,,971
201300057423,13,11,12,1700,1,2,1,1,6,005,LARDENOY (RUE DE ),,,,971
201300057424,13,11,17,1000,1,2,2,1,3,005,CABRE (RUE DU DOCTEUR),,,,971
201300057425,13,11,22,1915,5,1,1,,3,029,UL LACAVE (AVENUE ),,,,971
201300057426,13,12,7,2220,5,1,1,3,6,005,SIDAMBAROM(AVENUE),,,,971
201300057427,13,12,10,1615,1,2,1,1,6,005,GASTON FEUILLARD(AVENUE),,,,971
201300057428,13,1,14,1100,1,2,1,1,3,007,DUMANOIR ( ALLEE ),A,0000000,0000000,971
201300057429,13,12,22,2340,5,2,1,1,6,007,6SAINT RUFF (AVENUE),,,,971
201300057430,13,1,13,1120,1,2,1,3,3,007,GERMAIN ST RUF (AVENUE ),A,0000000,0000000,971
201300057431,13,1,17,1830,5,2,3,1,6,007,DELGRES ( BOULEVARD ),A,0000000,0000000,971
201300057432,13,3,15,2030,5,2,1,1,3,007,FLAMBOYANTS ( ALLEE DES),A,0000000,0000000,971
201300057433,13,5,3,1900,5,2,9,1,3,007,DELGRES ( BOULEVARD ),A,0000000,0000000,971
201300057434,13,5,16,1900,5,2,3,1,6,007,FLAMBOYANTS ( ALLEE DES,A,0000000,0000000,971
201300057435,13,5,17,1510,1,2,2,1,1,007,GERARD MARIANNE,A,0000000,0000000,971
201300057436,13,5,17,1855,4,2,1,1,3,007,PAUL LACAVE ( AVENUE ),A,0000000,0000000,971
201300057437,13,5,21,1940,5,2,1,1,1,007,"2, MARQUISAT ( ROUTE DE",A,0000000,0000000,971
201300057438,13,7,6,1500,1,1,1,1,2,007,MARQUISAT ( ROUTE DE ),A,0000000,0000000,971
201300057439,13,8,8,1555,1,2,1,1,3,007,PAUL LACAVE ( AVENUE ),A,0000000,0000000,971
201300057440,13,8,17,2350,5,2,1,1,6,007,7MARQUISAT ( ROUTE DE ),,,,971
201300057441,13,8,18,2350,5,2,1,1,6,007,MARQUISAT ( ROUTE DE ),A,0000000,0000000,971
201300057442,13,8,17,1700,2,2,1,1,6,007,DELGRES ( BOULEVARD ),A,0000000,0000000,971
201300057443,13,8,8,1115,1,2,1,1,3,007,MARQUISAT ( ROUTE DE ),A,0000000,0000000,971
201300057444,13,11,17,1300,1,2,2,1,1,007,3GERMAIN ST RUF (AVENUE,,,,971
201300057445,13,7,25,2125,5,2,1,1,6,007,7SAINT RUFF (AVENUE),,,,971
201300057446,13,12,10,1605,1,2,2,3,5,007,1SAINT RUFF (AVENUE),,,,971
201300057447,13,1,2,1605,1,1,3,1,3,013,"RN4, Morne Salines",A,0000000,0000000,971
201300057448,13,1,3,1330,1,2,2,1,3,013,"RD 119, GENERAL DE GAULL",A,0000000,0000000,971
201300057449,13,2,21,800,1,2,1,1,1,007,3ELIE CHAUFFREIN ( RUE ),A,0000000,0000000,971
201300057450,13,1,6,348,5,1,1,1,6,013,"RN 4, RN4-ROND POINT SAI",A,0000000,0000000,971
201300057451,13,1,6,1920,5,2,1,8,3,020,"RD 103, HOPITAL (BOULEVA",A,0000000,0000000,971
201300057452,13,1,9,1010,1,1,1,1,2,001,"RN 4, CHAUVEL",A,0000000,0000000,971
201300057453,13,3,25,1800,1,2,1,,1,007,3GALBAS (CHEMIN DES ),A,0000000,0000000,971
201300057454,13,1,13,1800,2,2,6,1,6,001,"RD129, DUGAZON",A,0000000,0000000,971
201300057455,13,1,13,2120,5,2,2,1,3,001,"00, MARECHAL LECLERC",A,0000000,0000000,971
201300057456,13,1,20,530,2,1,1,1,1,001,"00, ROUTE DE BOULIQUI",A,0000000,0000000,971
201300057457,13,1,20,1620,1,2,1,1,3,013,"RD 119, ROUTE DE PERINET",A,0000000,0000000,971
201300057458,13,1,20,2221,5,2,8,1,6,020,"00, BD LEGITIMUS",A,0000000,0000000,971
201300057459,13,1,27,1600,1,2,2,2,6,001,"00, MAIRIE",A,0000000,0000000,971
201300057460,13,2,1,1750,1,1,3,1,3,001,"00, DUGAZON DE BOURGOGNE",A,0000000,0000000,971
201300057461,13,2,6,1845,2,1,1,1,4,013,"RN 4, BAS DU FORT",A,0000000,0000000,971
201300057462,13,2,4,835,1,2,1,1,5,013,"RN 4, RN4 - SECTION RIVI",A,0000000,0000000,971
201300057463,13,2,8,1205,1,2,1,1,6,001,"RD 125, GRAND CAMP(SECTI",A,0000000,0000000,971
201300057464,13,2,10,225,5,1,1,1,7,013,"RD 103, SECTION COCOYER",A,0000000,0000000,971
201300057465,13,2,13,520,5,2,1,1,6,013,"RD 103, SECTION COCOYER",A,0000000,0000000,971
201300057466,13,2,14,2050,3,1,1,1,6,001,"RN 11, RN11",A,0000000,0000000,971
201300057467,13,2,23,945,1,2,1,1,6,013,"RN 4, SECTION MARE-GAILL",A,0000000,0000000,971
201300057468,13,2,28,1305,1,2,1,1,2,001,"RD 103, BESSON",A,0000000,0000000,971
201300057469,13,10,29,1200,1,1,6,1,6,020,", VICTOR HUGUES (RUE)",,,,971
201300057470,13,2,16,1930,3,2,1,1,6,001,"RN 5, RN05",A,0000000,0000000,971
201300057471,13,11,8,1550,1,1,1,5,6,005,", FELIX EBOUE (BOULVAR",,,,971
201300057472,13,11,12,1700,1,1,6,,6,005,RDENOY (RUE DE ),,,,971
201300057473,13,3,7,55,3,1,1,1,2,001,"RD 126, PALAIS ROYAL",A,0000000,0000000,971
201300057474,13,3,5,1655,1,2,1,1,3,013,"8, GENERAL DE GAULLE (A",A,0000000,0000000,971
201300057475,13,11,17,1000,1,1,3,,3,005,CABRE (RUE DU DOCTEUR),,,,971
201300057476,13,3,10,1950,5,1,1,1,3,001,"RD 101, CHAZEAU",A,0000000,0000000,971
201300057477,13,3,15,1355,1,1,3,1,6,001,"00, PETIT PEROU",A,0000000,0000000,971
201300057478,13,3,15,1722,5,2,1,1,6,001,"00, POINTE D'OR",A,0000000,0000000,971
201300057479,13,3,15,2005,5,2,3,1,3,020,"RD 103, HOPITAL (BOULEVA",A,0000000,0000000,971
201300057480,13,3,21,630,1,2,1,1,2,013,"RN 4, SECTION PLIANE",A,0000000,0000000,971
201300057481,13,3,23,2254,5,2,1,1,6,020,"00, RAPHAEL CIPOLIN",A,0000000,0000000,971
201300057482,13,4,1,1802,1,2,1,1,6,001,"RD 129, LACROIX",A,0000000,0000000,971
201300057483,13,4,6,1210,1,1,1,1,6,001,"RN 5, HIBISCUS",A,0000000,0000000,971
201300057484,13,4,7,1800,1,2,1,1,6,001,"00, POINTE D'OR",A,0000000,0000000,971
201300057485,13,4,8,820,1,1,1,1,1,013,"00, Section Port Blanc",A,0000000,0000000,971
201300057486,13,4,8,2000,4,1,1,1,6,001,"RN 5, DOTHEMARE",A,0000000,0000000,971
201300057487,13,4,9,1300,1,2,1,1,2,013,"RD 127, MONTAUBAN (SECTE",A,0000000,0000000,971
201300057488,13,4,10,1845,5,2,1,1,6,013,"12, MONTAUBAN (SECTEUR)",A,0000000,0000000,971
201300057489,13,4,12,805,1,1,3,1,3,001,"RD 129, LOTISSEMENT FARR",A,0000000,0000000,971
201300057490,13,4,14,1245,1,2,2,1,3,001,"RD 125, LE RAIZET(SECTEU",A,0000000,0000000,971
201300057491,13,4,13,2045,3,2,1,1,1,020,"RD 126, GERTY ARCHIMEDE",A,0000000,0000000,971
201300057492,13,4,14,1800,2,2,3,1,3,001,"RD 126, Fr?d?ric JALTON",A,0000000,0000000,971
201300057493,13,3,28,1930,4,1,1,1,1,001,"00, BOZON",A,0000000,0000000,971
201300057494,13,4,17,1603,1,2,3,1,3,001,"RD 126, Fr?d?ric JALTON",A,0000000,0000000,971
201300057495,13,4,20,128,5,1,1,3,2,001,"RN4, RN1 ROCADE DE CHAUV",A,0000000,0000000,971
201300057496,13,4,21,2100,5,1,1,1,1,001,"RN 1, RN1-  HAUTEUR DE S",A,0000000,0000000,971
201300057497,13,4,26,2225,4,1,1,8,2,013,"RN 4, RN4 - SECTION RIVI",A,0000000,0000000,971
201300057498,13,4,27,1625,1,1,1,1,1,013,"RD 103, Section Port Bla",A,0000000,0000000,971
201300057499,13,5,3,1700,1,2,1,1,3,013,"RN 4, RN4 - SECTION RIVI",A,0000000,0000000,971
201300057500,13,5,4,2115,5,2,2,1,3,020,"00, FREBAULT",A,0000000,0000000,971
201300057501,13,5,6,1545,1,2,1,1,1,013,"187, SECTION PLIANE",A,0000000,0000000,971
201300057502,13,5,7,1030,1,2,1,1,3,020,"00, RASPAIL",A,0000000,0000000,971
201300057503,13,5,7,2245,5,2,1,1,3,001,"RD 103, CHAUVEL",A,0000000,0000000,971
201300057504,13,5,8,445,2,1,1,1,7,001,"RN1, BAIMBRIDGE",A,0000000,0000000,971
201300057505,13,5,18,610,2,2,1,1,6,013,"RN 4, SECTION MARE-GAILL",A,0000000,0000000,971
201300057506,13,5,18,1615,1,2,2,1,3,001,"00, MARECHAL LECLERC",A,0000000,0000000,971
201300057507,13,5,25,805,1,1,1,1,3,013,"RD 103, SECTION LEROUX",A,0000000,0000000,971
201300057508,13,5,25,2119,5,1,1,1,6,001,"RD, PERRIN",A,0000000,0000000,971
201300057509,13,5,30,820,1,1,1,1,6,001,"RD 126, VIEUX BOURG",A,0000000,0000000,971
201300057510,13,6,8,650,1,1,1,1,1,001,"00, Fr?d?ric JALTON",A,0000000,0000000,971
201300057511,13,6,9,206,5,1,1,1,6,020,"RN 4, BLANCHARD",A,0000000,0000000,971
201300057512,13,6,14,1030,1,2,1,1,6,020,"00, RUE EUVREMONT GENE",A,0000000,0000000,971
201300057513,13,6,15,1700,1,2,1,1,2,001,"RN 5, ROUTE DES ABYMES",A,0000000,0000000,971
201300057514,13,6,18,1720,1,2,1,1,4,001,"RN 5, MORNE VERGAIN",A,0000000,0000000,971
201300057515,13,6,22,1650,1,2,6,1,3,001,"RN 5, HIBISCUS",A,0000000,0000000,971
201300057516,13,7,1,1915,3,1,3,1,6,001,"RD 102, ROUTE DE BOISVIN",A,0000000,0000000,971
201300057517,13,7,7,29,5,1,1,1,6,013,"RN 4, GRAND BAIE ( RN4)",A,0000000,0000000,971
201300057518,13,7,13,505,1,1,1,1,6,013,"1404, RN4 - SECTION RIVI",A,0000000,0000000,971
201300057519,13,7,16,735,1,1,1,2,5,013,"RN 4, Morne Salines",A,0000000,0000000,971
201300057520,13,7,17,1300,1,1,1,2,2,001,"00, RUE JEAN  IGNACE",A,0000000,0000000,971
201300057521,13,7,20,151,4,1,1,1,5,001,"RN 11, AEROPORT POLE CAR",A,0000000,0000000,971
201300057522,13,7,24,139,5,1,1,1,6,013,"RN 4, RN4 - SECTION RIVI",A,0000000,0000000,971
201300057523,13,7,24,1305,1,1,1,1,6,013,"RN 4, RN4 - SECTION RIVI",A,0000000,0000000,971
201300057524,13,7,24,1724,1,2,1,1,3,020,"00, ANACAONA (RESIDENCE)",A,0000000,0000000,971
201300057525,13,7,31,1255,1,2,1,1,5,020,"RD 103, HOPITAL (BOULEVA",A,0000000,0000000,971
201300057526,13,8,5,1530,1,1,4,1,5,001,"2142, COCOYER",A,0000000,0000000,971
201300057527,13,8,6,1240,1,2,1,1,5,001,"RN 5, RN5-BOISRIPEAUX",A,0000000,0000000,971
201300057528,13,8,11,330,4,2,1,1,6,001,"RN 5, MORNE VERGAIN",A,0000000,0000000,971
201300057529,13,8,24,650,1,1,1,1,6,001,"RN 4, BLANCHARD",A,0000000,0000000,971
201300057530,13,8,31,515,2,1,4,1,6,013,"00, BAS DU FORT",A,0000000,0000000,971
201300057531,13,8,31,805,1,1,1,2,5,013,"RN 4, RN4 - SECTION RIVI",A,0000000,0000000,971
201300057532,13,9,8,2110,5,1,1,1,1,013,"RD 103, SECTION BESSON",A,0000000,0000000,971
201300057533,13,9,16,815,1,2,8,1,6,001,"RD 125, GRAND CAMP(SECTI",A,0000000,0000000,971
201300057534,13,9,16,1053,1,1,1,1,5,001,"RN 1, RN1-  HAUTEUR DE S",A,0000000,0000000,971
201300057535,13,9,20,1700,1,2,2,1,5,001,"RD 125, GRAND CAMP(SECTI",A,0000000,0000000,971
201300057536,13,9,21,455,5,1,1,1,2,001,"RN 1, RN1 ROCADE DE CHAU",A,0000000,0000000,971
201300057537,13,9,24,1450,1,2,3,1,3,001,"00, CHAUVEL",A,0000000,0000000,971
201300057538,13,10,7,2315,5,1,1,2,1,013,"RN 4, RN4 - SECTION RIVI",A,0000000,0000000,971
201300057539,13,10,7,715,1,1,1,2,3,001,"RN 5, RN05",A,0000000,0000000,971
201300057540,13,10,10,1435,1,1,3,1,3,013,"RN 4, SECTION GRANDE RAV",A,0000000,0000000,971
201300057541,13,10,10,1030,1,2,1,1,3,001,"RN 5, PETIT PEROU",A,0000000,0000000,971
201300057542,13,10,20,1630,1,1,1,8,6,013,"00, SECTION PLIANE",A,0000000,0000000,971
201300057543,13,10,20,955,1,2,2,2,3,001,"00, Fr?d?ric JALTON",A,0000000,0000000,971
201300057544,13,10,19,600,1,2,1,1,6,001,"RN 05, RN05",A,0000000,0000000,971
201300057545,13,10,24,925,1,1,1,2,1,013,"00, SECTION LEROUX",A,0000000,0000000,971
201300057546,13,10,26,1840,4,2,1,1,6,020,"00, RUE EUVREMONT GENE",A,0000000,0000000,971
201300057547,13,10,30,655,1,1,3,1,2,001,"RD 103, BESSON",A,0000000,0000000,971
201300057548,13,11,4,825,1,1,2,1,3,001,"RD 126, Fr?d?ric JALTON",A,0000000,0000000,971
201300057549,13,10,18,1955,5,2,3,1,3,001,"RD 101, CHAZEAU",A,0000000,0000000,971
201300057550,13,11,6,1350,1,1,1,1,3,013,"RN 4, SECTEUR DAMPIERRE",A,0000000,0000000,971
201300057551,13,11,10,2245,3,1,1,1,3,013,"RN 4, SECTION MARE-GAILL",A,0000000,0000000,971
201300057552,13,11,11,1020,1,1,6,1,3,001,"RN 5, PERRIN",A,0000000,0000000,971
201300057553,13,10,25,2145,3,1,1,2,6,001,"00, BORICAUD  (SECTION)",A,0000000,0000000,971
201300057554,13,11,13,835,1,1,1,1,1,013,"RD 103, SECTION COCOYER",A,0000000,0000000,971
201300057555,13,11,14,715,1,2,1,1,6,001,"2, MORNE CARUEL",A,0000000,0000000,971
201300057556,13,11,14,1056,1,2,1,1,3,001,"RD 101, ROUTE DE CHAZEAU",,,,971
201300057557,13,11,25,625,1,2,3,3,3,032,"D 127, MONTAUBAN (SECTE",,,,971
201300057558,13,11,25,2319,3,2,3,1,3,001,"RD 129, BAIMBRIDGE",,,,971
201300057559,13,11,26,750,1,2,3,3,3,031,"D 103, SECTION COCOYER",,,,971
201300057560,13,11,26,1933,3,1,1,1,3,001,"RN 11, AEROPORT POLE CAR",,,,971
201300057561,13,11,28,1230,1,1,1,1,3,001,"RD 126, AUTO GUADELOUPE",,,,971
201300057562,13,12,2,725,1,1,1,1,1,013,"RD 103, SECTION COCOYER",,,,971
201300057563,13,10,11,2130,3,1,1,1,6,001,"00, POINTE D'OR",A,0000000,0000000,971
201300057564,13,12,3,825,1,1,1,2,3,013,"RN 4, RN4 - SECTION RIVI",,,,971
201300057565,13,12,8,618,2,1,1,9,7,001,"RD 126, PERRIN",,,,971
201300057566,13,12,7,850,1,2,1,2,1,013,"00, BAS DU FORT",,,,971
201300057567,13,12,9,2000,5,2,1,1,1,001,"00, BLD DES FRITES- LE R",,,,971
201300057568,13,1,5,1305,1,2,1,1,7,009,"Comm, MONTESQUIEU (RUE)",A,0000000,0000000,972
201300057569,13,1,6,1447,1,1,1,1,3,009,"RD13A, JAMBETTE (ROUTE D",A,0000000,0000000,972
201300057570,13,1,7,123,5,2,1,1,6,009,"Comm, LIBERTE (RUE DE LA",A,0000000,0000000,972
201300057571,13,1,7,340,5,2,1,8,7,009,"RD41, RD 41",A,0000000,0000000,972
201300057572,13,1,7,1315,1,2,1,1,6,009,"Comm, DILLON (AVENUE DE)",A,0000000,0000000,972
201300057573,13,1,11,1840,2,2,2,1,6,009,"Comm, ISAMBERT (RUE)",A,0000000,0000000,972
201300057574,13,1,12,1158,1,1,1,1,6,009,"Comm, GODISSARD (BOULEVA",A,0000000,0000000,972
201300057575,13,1,18,2055,5,1,3,1,3,009,"0, RAVINE VILAINE (CHEMI",A,0000000,0000000,972
201300057576,13,1,20,1925,5,2,1,1,6,009,"RD40, SOLEIL LEVANT (BOU",A,0000000,0000000,972
201300057577,13,1,20,2145,5,2,1,1,6,009,"RN1, GENERAL DE GAULLE (",A,0000000,0000000,972
201300057578,13,1,20,2345,5,2,1,1,6,009,"Comm, RAVINE MOREAU (RUE",A,0000000,0000000,972
201300057579,13,1,24,1511,1,2,3,1,3,009,"RD, Bretelle sortie A1",A,0000000,0000000,972
201300057580,13,1,25,1305,1,2,1,1,6,009,"RN01, GENERAL DE GAULLE",A,0000000,0000000,972
201300057581,13,1,26,655,5,2,1,8,7,009,"Rn01, AUTOROUTE (A1)",A,0000000,0000000,972
201300057582,13,1,26,2230,5,2,1,1,7,009,"RN01, GENERAL DE GAULLE",A,0000000,0000000,972
201300057583,13,2,2,2000,5,2,1,1,1,009,"Comm, ERNEST DEPROGE (RU",A,0000000,0000000,972
201300057584,13,2,4,1835,5,2,1,1,6,009,"RN01, GENERAL DE GAULLE",A,0000000,0000000,972
201300057585,13,2,6,605,2,1,2,1,3,009,"A1, Bretelle sortie A1",A,0000000,0000000,972
201300057586,13,2,8,320,5,1,1,1,7,009,"RN3, REDOUTE (ROUTE DE L",A,0000000,0000000,972
201300057587,13,2,9,930,1,2,1,1,2,009,"RN 03, MAURICE BISHOP (A",A,0000000,0000000,972